record,src,start_ms,n_intervals,n_flagged,flagged_fraction,usable,reason,mean_rr_ms,hr_bpm,rr_cv,rmssd_ms,sdnn_ms,n_rmssd_pairs,n_segments
100,ref,213.88888888888889,63,0,0.0,True,ok,812.9188712522044,73.80810327059719,0.048219551756096,58.40795704726972,39.19858358585281,62,1
100,ref,52208.333333333336,63,0,0.0,True,ok,812.1693121693121,73.87622149837134,0.03038339829001703,25.034822422612706,24.676463690569385,62,1
100,ref,104163.88888888889,63,0,0.0,True,ok,799.2063492063489,75.07447864945385,0.03189434105760824,27.49633406650317,25.490159876993243,62,1
100,ref,155300.0,63,0,0.0,True,ok,806.3492063492064,74.40944881889763,0.059062327580420806,71.23323406951009,47.62486096960916,62,1
100,ref,206897.22222222222,63,0,0.0,True,ok,813.9770723104062,73.71214993770646,0.049801359222739934,58.073538227782066,40.5371645772047,62,1
100,ref,259016.66666666666,63,0,0.0,True,ok,805.9082892416225,74.45015866068499,0.056681783681015674,72.64317630252582,45.68031931753106,62,1
100,ref,310583.3333333333,63,0,0.0,True,ok,793.1216931216934,75.65043362241492,0.0626764778893994,70.83465105245433,49.71007426254483,62,1
100,ref,361269.44444444444,63,0,0.0,True,ok,747.6190476190485,80.2547770700636,0.04847109248451064,23.913569812694863,36.23791200032466,62,1
100,ref,409138.88888888893,63,0,0.0,True,ok,744.7971781305109,80.55884442339575,0.04688239980663864,24.855215956720457,34.917879079970874,62,1
100,ref,456836.1111111111,63,0,0.0,True,ok,764.9911816578482,78.43227665706053,0.06113207831362024,61.28802999338991,46.76550082633646,62,1
100,ref,505788.8888888889,63,0,0.0,True,ok,797.0458553791885,75.27797754052112,0.03925439665697843,24.845199749992265,31.28755416085533,62,1
100,ref,556761.111111111,63,0,0.0,True,ok,779.8941798941805,76.93351424694703,0.03177813535929316,24.68438770586956,24.783582814602195,62,1
100,ref,606711.1111111111,63,0,0.0,True,ok,780.0705467372143,76.91612028035262,0.03092823551149725,25.6802125653931,24.126205585070984,62,1
100,ref,656638.8888888889,63,0,0.0,True,ok,765.0352733686071,78.4277563252838,0.04693822766135312,25.993309343460023,35.9093998303412,62,1
100,ref,705583.3333333334,63,0,0.0,True,ok,778.0423280423274,77.11662699761992,0.045317793145765804,29.401469957874067,35.259161280872256,62,1
100,ref,755422.2222222222,63,0,0.0,True,ok,794.4885361552024,75.52028414451416,0.059455476050304,68.87761498684132,47.236694133616716,62,1
100,ref,806269.4444444444,63,0,0.0,True,ok,797.7072310405654,75.21556489055926,0.05786603106628075,67.14286319523102,46.16015141319015,62,1
100,ref,857291.6666666666,63,0,0.0,True,ok,809.5679012345694,74.11361036980543,0.08564844295013804,106.91389267084831,69.33823020315201,62,1
100,ref,909100.0,63,0,0.0,True,ok,813.3156966490297,73.77209151035457,0.03084931616595983,26.580374868625935,25.090233068663796,62,1
100,ref,961158.3333333333,63,0,0.0,True,ok,799.8677248677261,75.01240284438553,0.0680881503134468,82.1533846782943,54.461513881668445,62,1
100,ref,1012350.0,63,0,0.0,True,ok,800.7495590828928,74.92979461483395,0.0525992571245395,58.16561483816582,42.118831950562715,62,1
100,ref,1063597.2222222222,63,0,0.0,True,ok,805.4673721340396,74.49091307203847,0.05979010455126215,74.60068929629482,48.1589783925246,62,1
100,ref,1115147.222222222,63,0,0.0,True,ok,806.525573192242,74.39317734528737,0.030115302210865016,24.785017506410682,24.2887613774755,62,1
100,ref,1166727.777777778,63,0,0.0,True,ok,804.4973544973495,74.5807300230192,0.09666366376256987,126.77797646519372,77.76566177300877,62,1
100,ref,1218250.0,63,0,0.0,True,ok,814.59435626102,73.65629228687442,0.07961456020941063,104.53608330165714,64.85357142278907,62,1
100,ref,1270369.4444444445,63,0,0.0,True,ok,816.4902998236348,73.48525758721229,0.04922477303836884,61.79460557024652,40.19154969684815,62,1
100,ref,1322600.0,63,0,0.0,True,ok,809.3033509700197,74.137837101607,0.03278364240900139,24.52505850398837,26.531911658607672,62,1
100,ref,1374413.8888888888,63,0,0.0,True,ok,808.9065255731942,74.17420691158817,0.05596647198254067,69.66809862876339,45.27164439998649,62,1
100,ref,1426177.7777777778,63,0,0.0,True,ok,817.5925925925951,73.38618346545844,0.05591340224016531,72.99012769911587,45.71438349820937,62,1
100,ref,1478491.6666666665,63,0,0.0,True,ok,810.4938271604959,74.02894135567384,0.07294897986878904,97.29899682403357,59.1246978813088,62,1
100,ref,1530422.2222222222,63,0,0.0,True,ok,804.7619047619048,74.55621301775147,0.0789307975054676,103.40070837020708,63.52049894487631,62,1
100,ref,1581894.4444444445,63,0,0.0,True,ok,797.6190476190476,75.22388059701493,0.07199904460721622,76.96629284925409,57.42780938908913,62,1
100,ref,1632897.222222222,63,0,0.0,True,ok,763.0070546737259,78.6362323028022,0.06544801857421723,54.39422378381966,49.93729988654479,62,1
100,ref,1681830.5555555555,63,0,0.0,True,ok,789.5943562610238,75.98838507929409,0.03247703805740977,24.724688773947666,25.64368595820524,62,1
100,ref,1732327.7777777778,63,0,0.0,True,ok,773.3686067019404,77.5826681870011,0.06284601536970064,66.14660503178183,48.603135343234115,62,1
100,det,1025.6410256410256,63,0,0.0,True,ok,812.4082037125514,73.85449793073406,0.05035893323345067,62.08709703826863,40.91201048906797,62,1
100,det,52998.88517279822,63,0,0.0,True,ok,812.2312470138558,73.87058823529411,0.0308744455404725,24.928294063542562,25.077189402199355,62,1
100,det,104949.83277591973,63,0,0.0,True,ok,799.1364513103645,75.08104517271921,0.032938934806201095,29.290959390508444,26.322703470970993,62,1
100,det,156131.54960981046,63,0,0.0,True,ok,805.8608058608061,74.45454545454544,0.06108564570141758,74.87863957953111,49.226527671472056,62,1
100,det,207681.15942028986,63,0,0.0,True,ok,814.8855974942927,73.62996742671014,0.05027926926331168,54.02470445056778,40.97185237521016,62,1
100,det,259821.6276477146,63,0,0.0,True,ok,805.6838491621094,74.47089830880743,0.056682614827905896,72.73298428077655,45.66826729512048,62,1
100,det,311404.68227424746,63,0,0.0,True,ok,791.5273132664438,75.80281690140845,0.06404567675911255,72.24906018291189,50.69390245147147,62,1
100,det,361995.54069119284,63,0,0.0,True,ok,748.3498787846609,80.17640104043515,0.049080551048218846,25.048624420378186,36.72942442761893,62,1
100,det,409899.66555183945,63,0,0.0,True,ok,744.9877015094407,80.53824228028502,0.04781803085709201,28.03204267977621,35.62384489893249,62,1
100,det,457591.97324414714,63,0,0.0,True,ok,764.9838084620692,78.43303261623873,0.06333028231354464,65.09748402446712,48.4466405551934,62,1
100,det,506532.88740245264,63,0,0.0,True,ok,797.3668843234043,75.24766977363532,0.03880946283656466,25.79768609986891,30.94538046425651,62,1
100,det,557536.231884058,63,0,0.0,True,ok,780.5559979473012,76.86828383586499,0.03219229815670757,25.602689456013533,25.12789141392594,62,1
100,det,607513.9353400223,63,0,0.0,True,ok,779.8481711525181,76.93805309734522,0.03149066396469635,25.952628550601776,24.55793670124696,62,1
100,det,657402.4526198439,63,0,0.0,True,ok,764.8068517633743,78.4511800092549,0.047741568028528705,27.599645922759656,36.513078342146,62,1
100,det,706343.3667781494,63,0,0.0,True,ok,779.1403443577352,77.00794912559623,0.04576323812209929,28.703352409674228,35.655985109377475,62,1
100,det,756231.884057971,63,0,0.0,True,ok,794.1816637468809,75.54946524064174,0.05980683564607449,69.89393259160416,47.4974922368357,62,1
100,det,807045.707915273,63,0,0.0,True,ok,797.5438410221019,75.23097404038162,0.05897568400884572,69.50566990688202,47.03569355132057,62,1
100,det,858082.4972129319,63,0,0.0,True,ok,809.7538532321156,74.09659090909078,0.08570372773031959,106.85545613272728,69.3989237659824,62,1
100,det,909899.6655518395,63,0,0.0,True,ok,813.6469006034201,73.74206176598541,0.031175793494642307,28.281221292821893,25.36608775076798,62,1
100,det,961962.0958751393,63,0,0.0,True,ok,799.8442781051466,75.01460176991161,0.06873814340571387,84.09612803931591,54.979810690631254,62,1
100,det,1013143.81270903,63,0,0.0,True,ok,800.906018297321,74.91515687140979,0.05275040854854322,59.12687859765719,42.24811967417072,62,1
100,det,1064392.4191750276,63,0,0.0,True,ok,805.6838491621154,74.47089830880688,0.05897878523231459,73.50063598701867,47.518254704876945,62,1
100,det,1115997.7703455964,63,0,0.0,True,ok,805.1529790660226,74.52,0.030094335360758184,25.797686099840913,24.230543768726395,62,1
100,det,1167502.7870680045,63,0,0.0,True,ok,805.506892463414,74.48725834797892,0.09595021600255985,125.3551106092437,77.28856032341533,62,1
100,det,1219074.6934225194,63,0,0.0,True,ok,814.1777706995111,73.69397956965865,0.07900246424306882,103.55918006248734,64.32205021718961,62,1
100,det,1271204.0133779265,63,0,0.0,True,ok,815.770380987771,73.55010845986996,0.05086984602124364,64.43202216355881,41.49811366953917,62,1
100,det,1323377.9264214048,63,0,0.0,True,ok,810.1077666295034,74.06422018348646,0.03343562602719331,26.63871940042318,27.086460326748874,62,1
100,det,1375239.6878483836,63,0,0.0,True,ok,808.5151563412398,74.2101116217994,0.0561383628666179,69.23114274982257,45.38871722984482,62,1
100,det,1427001.1148272017,63,0,0.0,True,ok,817.3629912760346,73.4067980082269,0.05702186520866357,74.3412904076999,46.6075623150921,62,1
100,det,1479286.5105908583,63,0,0.0,True,ok,824.972129319957,72.72972972972958,0.13572235100945249,159.81977414039685,111.96715690857863,62,1
100,det,1532028.9855072463,63,0,0.0,True,ok,803.9142821751542,74.6348228043141,0.07821317063990309,101.96939350402049,62.87668493162054,62,1
100,det,1583489.4091415831,63,0,0.0,True,ok,796.1281874325341,75.36474772171604,0.07204746524606405,75.42544962551102,57.35901791545747,62,1
100,det,1634381.2709030102,63,0,0.0,True,ok,765.3377218594597,78.39676300578047,0.06660614189347308,54.44973860632448,50.97619289859861,62,1
100,det,1683355.629877369,63,0,0.0,True,ok,789.5807895807897,75.98969072164948,0.03321333130292226,25.008578632267838,26.224608354769718,62,1
100,det,1733868.4503901894,63,0,0.0,True,ok,775.2472969864251,77.39465875370944,0.06502363855801255,68.45953826004072,50.409400032321514,62,1
101,ref,230.55555555555557,63,0,0.0,True,ok,845.8553791887125,70.93411175979983,0.058239818985841726,26.146072072622605,49.262464172151134,62,1
101,ref,54327.777777777774,63,0,0.0,True,ok,873.809523809524,68.66485013623976,0.03879836349055745,29.66903927795426,33.902379526272824,62,1
101,ref,110255.55555555556,63,0,0.0,True,ok,818.0335097001761,73.34662857758856,0.05507495606239334,26.899187873311565,45.053159604302614,62,1
101,ref,162616.6666666667,63,0,0.0,True,ok,893.8712522045848,67.12376066689691,0.03624529643816801,36.131783440504044,32.39862851371162,62,1
101,ref,219886.11111111112,63,0,0.0,True,ok,934.8324514991181,64.18262428072823,0.046405288481982394,38.506181394364596,43.381169594135386,62,1
101,ref,279783.3333333334,63,0,0.0,True,ok,973.5449735449732,61.63043478260872,0.1305999608812612,167.35818309725624,127.14493546112197,62,1
101,ref,342069.44444444444,63,0,0.0,True,ok,970.5026455026458,61.82363363772657,0.0848248777547883,116.11814216164207,82.32276826546057,62,1
101,ref,404186.1111111111,63,0,0.0,True,ok,1023.8536155202818,58.60212738469491,0.03427154738654939,38.596571615897616,35.08904770119326,62,1
101,ref,469591.6666666666,63,0,0.0,True,ok,977.645502645502,61.3719388445407,0.050297207673560315,42.12117695871104,49.17283887768308,62,1
101,ref,532166.6666666666,63,0,0.0,True,ok,980.291005291006,61.20631493725539,0.04497583214368188,33.07283214672441,44.08940370592945,62,1
101,ref,594866.6666666666,63,0,0.0,True,ok,1004.5855379188729,59.72612359550552,0.048636830964559605,57.34245467996103,48.859856997201405,62,1
101,ref,659236.1111111111,63,0,0.0,True,ok,1016.3580246913572,59.03431521409055,0.0369921960996483,40.016610947621004,37.597315356833874,62,1
101,ref,724311.1111111111,63,0,0.0,True,ok,1009.9647266313929,59.408015367152736,0.031299217144262606,39.39127619643125,31.611105286881788,62,1
101,ref,788950.0,63,0,0.0,True,ok,1005.7319223985893,59.658044717229274,0.03967822403659055,39.629092270715,39.90565653768213,62,1
101,ref,853302.7777777778,63,0,0.0,True,ok,976.6313932980596,61.43566591422124,0.05332760743005085,42.10787903353061,52.081415545662516,62,1
101,ref,915891.6666666666,63,0,0.0,True,ok,958.2892416225753,62.61157633201433,0.069544047912754,38.485167587723815,66.64331293367707,62,1
101,ref,977163.8888888889,63,0,0.0,True,ok,977.2486772486785,61.396859772604145,0.06660038771883763,43.711758618190025,65.08514080248321,62,1
101,ref,1039722.2222222221,63,0,0.0,True,ok,979.9382716049384,61.228346456692904,0.04458904771764512,40.98456013735652,43.69451435293928,62,1
101,ref,1102491.6666666665,63,0,0.0,True,ok,1001.9400352733691,59.883823270550934,0.035888262867520414,38.0346527110234,35.95788736338334,62,1
101,ref,1166583.3333333333,63,0,0.0,True,ok,985.0529100529125,60.91043373170389,0.03875577605536029,36.86995616841259,38.17648998469164,62,1
101,ref,1229583.3333333333,63,0,0.0,True,ok,961.9047619047656,62.37623762376214,0.035830617774850075,36.19372958583367,34.465641859617826,62,1
101,ref,1291111.111111111,63,0,0.0,True,ok,971.604938271607,61.75349428208373,0.03456569303246682,36.804076185858264,33.58419804512524,62,1
101,ref,1353369.4444444445,63,0,0.0,True,ok,937.7425044091707,63.98344931352269,0.048620430697195315,34.60643777743317,45.593444447440454,62,1
101,ref,1413469.4444444445,63,0,0.0,True,ok,995.634920634917,60.26305300916722,0.03360566266724996,34.243110275763094,33.45897128259121,62,1
101,ref,1477158.3333333333,63,0,0.0,True,ok,1011.816578483246,59.29928534077039,0.06700584102695559,90.86827832847861,67.79762080628652,62,1
101,ref,1541919.4444444445,63,0,0.0,True,ok,996.6490299823613,60.20173420633528,0.04244962337581685,43.33574572830551,42.307375960624434,62,1
101,ref,1605772.222222222,63,0,0.0,True,ok,997.13403880071,60.17245191244722,0.04140113692996279,38.09187106430448,41.28248287791502,62,1
101,ref,1669561.1111111112,63,0,0.0,True,ok,991.4462081128694,60.51765543004569,0.03987840190521694,38.95922977963287,39.53729035452836,62,1
101,ref,1732975.0,63,0,0.0,True,ok,995.5908289241627,60.26572187776791,0.040737244102995195,36.62611801582953,40.557626624586945,62,1
101,det,1103.6789297658863,63,0,0.0,True,ok,844.7912795738883,71.02346041055718,0.058703623185711054,26.638719400414704,49.59230894668022,62,1
101,det,55161.64994425864,63,0,0.0,True,ok,874.5200049547874,68.60906515580737,0.039774120903854106,31.816866174622497,34.78326440991081,62,1
101,det,111148.27201783723,63,0,0.0,True,ok,816.8321211799475,73.45450606585786,0.05471400822259038,30.03433144260532,44.69215939471559,62,1
101,det,163455.96432552955,63,0,0.0,True,ok,911.3269982835197,65.8380582524272,0.1269385620871547,159.29210738176758,115.6825387533129,62,1
101,det,221817.16833890748,63,0,0.0,True,ok,936.1009361009355,64.09565217391308,0.04782723181162314,36.40092685327023,44.77111646997687,62,1
101,det,281739.13043478265,63,0,0.0,True,ok,957.5126966431299,62.66235446313076,0.07793825199341091,105.505609067106,74.62686583786267,62,1
101,det,342987.73690078035,63,0,0.0,True,ok,971.3153191414063,61.77190745126615,0.08374775848160487,114.03381691391924,81.34548075693746,62,1
101,det,405217.39130434784,63,0,0.0,True,ok,1021.7479782697167,58.72289573952204,0.03785556445732425,39.262222701062534,38.678846450529996,62,1
101,det,470523.96878483833,63,0,0.0,True,ok,978.3935870892398,61.32501356483991,0.05003339012953303,40.66667701621523,48.95234804306918,62,1
101,det,533154.960981048,63,0,0.0,True,ok,979.4553272814143,61.25853658536585,0.045199440601416487,31.816866174613864,44.27083288719723,62,1
101,det,595819.3979933109,63,0,0.0,True,ok,1006.5297021818761,59.610759493670884,0.04898802627394236,56.96854618640096,49.30790349598912,62,1
101,det,660222.9654403566,63,0,0.0,True,ok,1017.1471041036282,58.98851774530258,0.037387344031007526,41.544476224376346,38.02842871126537,62,1
101,det,725351.1705685619,63,0,0.0,True,ok,1009.5379660597056,59.433128834355806,0.031533596021905155,40.04577525681616,31.834362390502555,62,1
101,det,790011.1482720178,63,0,0.0,True,ok,1004.5831784962211,59.72626387176331,0.03936724004008858,40.493784196156376,39.54766712809589,62,1
101,det,854292.0847268673,63,0,0.0,True,ok,960.8748739183518,62.44309392265196,0.10588293648851325,99.80360083682886,101.74025324850503,62,1
101,det,915886.287625418,63,0,0.0,True,ok,958.3974801366096,62.604505169867124,0.0699795799370504,40.61735416358736,67.06825307268754,62,1
101,det,977157.1906354515,63,0,0.0,True,ok,977.3318468970654,61.39163498098853,0.06651275925680228,43.77646192333343,65.00503784667045,62,1
101,det,1039721.2931995541,63,0,0.0,True,ok,979.9861973774996,61.22535211267619,0.04526068284255423,42.94430967315423,44.35484446958376,62,1
101,det,1102486.0646599778,63,0,0.0,True,ok,1001.9288280157831,59.884493111974656,0.03627540890339409,37.699433984299844,36.345377928370944,62,1
101,det,1166577.4804905239,63,0,0.0,True,ok,985.1179416396818,60.90641278965325,0.03911256231299721,37.40584100294909,38.5304868780336,62,1
101,det,1229576.3656633222,63,0,0.0,True,ok,961.9366141105263,62.37417218543052,0.03595840788851981,37.055868620957014,34.589709133087986,62,1
101,det,1291114.827201784,63,0,0.0,True,ok,971.4922758400965,61.760655737705264,0.03447907102740115,37.29850694810701,33.49615118126228,62,1
101,det,1353366.7781493869,63,0,0.0,True,ok,937.6935463891963,63.98678996037004,0.04916422941821671,36.483437560249214,46.10098063865968,62,1
101,det,1413467.1125975475,63,0,0.0,True,ok,995.5583868627325,60.26768574475662,0.03434628248442805,36.51089969253995,34.19372958492892,62,1
101,det,1477157.1906354516,63,0,0.0,True,ok,1011.8384031427485,59.298006295907804,0.06703975912618712,90.73483705336074,67.83340282131567,62,1
101,det,1541917.5027870678,63,0,0.0,True,ok,996.6201270549108,60.203480113636296,0.04197676060590977,43.13061991748143,41.83488448841537,62,1
101,det,1605774.8049052395,63,0,0.0,True,ok,996.9740404523022,60.18210862619803,0.04143830397699367,38.69652914982682,41.31291334543408,62,1
101,det,1669554.0691192865,63,0,0.0,True,ok,991.4883827927285,60.515081206496646,0.04083507004654854,41.447861032583894,40.4874975616802,62,1
101,det,1732976.5886287626,63,0,0.0,True,ok,995.5583868627325,60.26768574475662,0.04129792784215792,38.33219594815802,41.11449842331226,62,1
103,ref,736.1111111111112,63,0,0.0,True,ok,856.3932980599648,70.06126756937651,0.03988598143843804,29.286959650593,34.158087190422485,62,1
103,ref,55527.77777777778,63,0,0.0,True,ok,850.705467372134,70.52969835181922,0.03376580555542031,28.28391924069875,28.72475539622043,62,1
103,ref,109938.88888888888,63,0,0.0,True,ok,828.7918871252207,72.39453104218757,0.03605916200340708,26.542891508003066,29.88554092495781,62,1
103,ref,163061.1111111111,63,0,0.0,True,ok,869.1798941798947,69.03058895145331,0.036747754248105016,30.867582450782493,31.940409148716697,62,1
103,ref,218605.55555555556,63,0,0.0,True,ok,810.4056437389771,74.03699673558215,0.04144818657896517,28.40904565362599,33.5898443263395,62,1
103,ref,270488.8888888889,63,0,0.0,True,ok,867.5485008818343,69.16039845497052,0.03647896034224181,31.268164772442933,31.64726735863977,62,1
103,ref,325994.4444444445,63,0,0.0,True,ok,846.781305114637,70.8565477740173,0.04576352621454039,29.105799263670498,38.751698454596415,62,1
103,ref,380263.88888888893,63,0,0.0,True,ok,872.8395061728393,68.74115983026876,0.038794054919724895,32.45558801115274,33.86098373857468,62,1
103,ref,436080.55555555556,63,0,0.0,True,ok,860.6261022927689,69.71668630565091,0.03602320831617356,29.83009767333176,31.00251336522891,62,1
103,ref,491161.1111111111,63,0,0.0,True,ok,867.063492063492,69.19908466819223,0.03853364204763781,30.465818047351206,33.41111423574945,62,1
103,ref,546711.1111111111,63,0,0.0,True,ok,849.9559082892421,70.59189707942103,0.03811499777692343,27.473694018133383,32.3960675549274,62,1
103,ref,601125.0,63,0,0.0,True,ok,852.3368606701944,70.39470280895968,0.037039371320511154,32.600975081477294,31.57002147252211,62,1
103,ref,655688.8888888889,63,0,0.0,True,ok,860.8024691358034,69.70240229472921,0.03398883288032762,29.570299769092752,29.257671266430197,62,1
103,ref,710736.1111111111,63,0,0.0,True,ok,858.2892416225735,69.9065036473853,0.03292045118484045,29.71514503890055,28.255269081309663,62,1
103,ref,765638.8888888889,63,0,0.0,True,ok,880.0264550264544,68.17976852547727,0.04012270891587828,33.05965909290444,35.30904529329868,62,1
103,ref,821963.8888888889,63,0,0.0,True,ok,883.9506172839523,67.87709497206691,0.03578258108325625,32.307620736055576,31.630034636557436,62,1
103,ref,878533.3333333333,63,0,0.0,True,ok,876.234567901236,68.47481507573077,0.04418334910019689,33.85016001931003,38.71497780724049,62,1
103,ref,934619.4444444444,63,0,0.0,True,ok,890.4320987654344,67.3830155979201,0.035439538652846866,29.1527958141924,31.55650278193317,62,1
103,ref,991580.5555555555,63,0,0.0,True,ok,875.9700176366845,68.49549504202949,0.036134239301127344,31.935677463013057,31.652510237896696,62,1
103,ref,1047613.8888888889,63,0,0.0,True,ok,833.1569664903033,72.01524132091419,0.09258531881800738,30.26499187464104,77.13810336794862,62,1
103,ref,1100758.3333333335,63,0,0.0,True,ok,844.2680776014089,71.06747440986021,0.09000952032181783,35.94876658799799,75.99216468792609,62,1
103,ref,1154686.1111111112,63,0,0.0,True,ok,867.3721340387979,69.17446116307465,0.07595330481169295,46.357784734578004,65.8797800818174,62,1
103,ref,1210100.0,63,0,0.0,True,ok,848.9417989417977,70.67622312246816,0.07993580754401453,32.798881487642625,67.86084825628102,62,1
103,ref,1264436.1111111112,63,0,0.0,True,ok,884.0388007054645,67.8703241895264,0.04246854569013295,31.624350774831182,37.54384219961035,62,1
103,ref,1321000.0,63,0,0.0,True,ok,865.6966490299803,69.30834267087721,0.08422932483070235,63.646884652177285,72.91704425599674,62,1
103,ref,1376397.222222222,63,0,0.0,True,ok,884.4356261022936,67.8398723764893,0.03907960969219702,32.48433436735908,34.563399065951536,62,1
103,ref,1433044.4444444445,63,0,0.0,True,ok,894.1798941798929,67.10059171597642,0.04723038609000187,37.99700516402309,42.232461636033364,62,1
103,ref,1490225.0,63,0,0.0,True,ok,881.6137566137578,68.0570142535633,0.039996746991484776,32.023239271579165,35.26168236749291,62,1
103,ref,1546655.5555555555,63,0,0.0,True,ok,881.9664902998253,68.02979553067027,0.040026522111852494,31.855689385641178,35.30205122589889,62,1
103,ref,1603091.6666666667,63,0,0.0,True,ok,886.6843033509683,67.66782695176542,0.03388682755820096,30.835311054189816,30.046918086217815,62,1
103,ref,1659805.5555555557,63,0,0.0,True,ok,892.0634920634884,67.2597864768686,0.03920017033106784,36.01448334706042,34.96904083501593,62,1
103,ref,1716941.6666666665,63,0,0.0,True,ok,889.0211640211664,67.48995685165879,0.04438822693979628,30.67750185186634,39.46207318285339,62,1
103,det,735.7859531772575,63,0,0.0,True,ok,856.4704216878131,70.05495867768595,0.0406635709435555,31.116108528956858,34.82714575335928,62,1
103,det,55529.54292084727,63,0,0.0,True,ok,850.6308506308505,70.53588516746412,0.03375468149086152,28.91210681396888,28.71277342934496,62,1
103,det,109944.25863991081,63,0,0.0,True,ok,828.6882199925677,72.4035874439462,0.036243222382084175,27.852693156598946,30.034331442604127,62,1
103,det,163065.77480490523,63,0,0.0,True,ok,869.2113039939127,69.02809446254072,0.036782767273550426,31.94262502915497,31.971997106347384,62,1
103,det,218606.46599777034,63,0,0.0,True,ok,810.4616800268973,74.03187772925766,0.042045515916780934,30.167522035858408,34.076279467511924,62,1
103,det,270490.52396878484,63,0,0.0,True,ok,867.4417370069543,69.16891064871481,0.0366322447157521,31.87980761335069,31.776337986695825,62,1
103,det,325997.7703455964,63,0,0.0,True,ok,846.737803259542,70.86018808777432,0.04636450092183017,30.39920141710265,39.25857565977549,62,1
103,det,380267.5585284281,63,0,0.0,True,ok,872.7504379678294,68.74817518248175,0.03949996084543311,33.354789467467306,34.473608127563864,62,1
103,det,436075.80824972125,63,0,0.0,True,ok,860.7173824565141,69.70929276315779,0.036720128361397285,31.180464561572954,31.60565276668908,62,1
103,det,491159.42028985504,63,0,0.0,True,ok,867.0878236095638,69.19714285714278,0.03935456890226504,33.052929960443436,34.123867498557615,62,1
103,det,546711.259754738,63,0,0.0,True,ok,849.9230238360682,70.59462835727663,0.03796601677866338,27.74452694933352,32.26819178353248,62,1
103,det,601125.9754738015,63,0,0.0,True,ok,852.4004176178086,70.38945401702307,0.03793656411502509,34.12713091056122,32.33714309463216,62,1
103,det,655685.618729097,63,0,0.0,True,ok,860.8943391552081,69.69496402877704,0.034453960635863076,31.083880546710006,29.661219672890894,62,1
103,det,710735.7859531773,63,0,0.0,True,ok,858.2399886747719,69.91051546391748,0.032786328633338205,30.563611493458062,28.13853831496353,62,1
103,det,765641.0256410256,63,0,0.0,True,ok,880.0056626143577,68.18137944902477,0.04037466810037186,34.36128206784011,35.529936554502505,62,1
103,det,821962.0958751393,63,0,0.0,True,ok,884.0756666843616,67.86749399519621,0.03628232827059133,33.68371063307484,32.07632355468389,62,1
103,det,878528.4280936454,63,0,0.0,True,ok,876.2895719417471,68.47051696284319,0.04486561334429799,35.84600218823781,39.31526911237882,62,1
103,det,934615.3846153846,63,0,0.0,True,ok,890.4461078374103,67.3819554848968,0.03580150251287949,30.067684402844392,31.879308567324806,62,1
103,det,991583.0546265328,63,0,0.0,True,ok,875.9356585443555,68.49818181818172,0.03612236675384766,32.40987497551989,31.640869110712284,62,1
103,det,1047614.2697881828,63,0,0.0,True,ok,833.1121374599651,72.01911639762093,0.09252893915540035,30.16752203585338,77.08698227665865,62,1
103,det,1100758.0824972128,63,0,0.0,True,ok,844.2604094778025,71.06811989100804,0.09006664543038108,37.45939269966479,76.03970295134557,62,1
103,det,1154682.2742474917,63,0,0.0,True,ok,867.4417370069543,69.16891064871481,0.07630765248290032,47.69904049832928,66.19244261669009,62,1
103,det,1210100.3344481606,63,0,0.0,True,ok,849.0382403425895,70.66819508128376,0.08001585440948486,33.97996709032589,67.93652022733785,62,1
103,det,1264437.0122630992,63,0,0.0,True,ok,884.0756666843616,67.86749399519621,0.04318869328185054,32.5333416129377,38.18207280637843,62,1
103,det,1321003.3444816053,63,0,0.0,True,ok,865.6721700199969,69.31030253475055,0.08483206160906616,65.25126993217796,73.43675486039037,62,1
103,det,1376399.1081382385,63,0,0.0,True,ok,884.4295800817532,67.84033613445384,0.03953787922212746,32.778879750015165,34.96846991774927,62,1
103,det,1433043.4782608694,63,0,0.0,True,ok,894.1621985100247,67.10191965169206,0.04756364040995184,38.122442275556864,42.52960927810279,62,1
103,det,1490222.9654403569,63,0,0.0,True,ok,881.5982729026213,68.05820955439579,0.04045685339120885,34.156487587731434,35.66669207676428,62,1
103,det,1546655.5183946488,63,0,0.0,True,ok,881.9521863000091,68.03089887640475,0.04004418230151316,31.563845329945043,35.31705412941566,62,1
103,det,1603088.071348941,63,0,0.0,True,ok,886.730017164796,67.66433845539841,0.03445485889885614,32.13034040620825,30.552157622793327,62,1
103,det,1659810.4793756967,63,0,0.0,True,ok,892.0387181256757,67.26165443364404,0.03955198249945287,37.40584100294238,35.281899768141095,62,1
103,det,1716945.3734671127,63,0,0.0,True,ok,889.0304542478425,67.48925159235692,0.04487329498483952,31.56384532991984,39.893725823969305,62,1
105,ref,547.2222222222223,63,0,0.0,True,ok,722.7954144620811,83.01104129811505,0.12464199793312487,150.059310589327,90.09066455545485,62,1
105,ref,46816.66666666667,63,0,0.0,True,ok,722.222222222222,83.07692307692311,0.09930566354436507,118.34010615514202,71.72075700426363,62,1
105,ref,93027.77777777777,63,0,0.0,True,ok,713.7566137566139,84.06226834692363,0.09965943274462842,121.55088106048005,71.13257924471098,62,1
105,ref,138730.55555555556,63,0,0.0,True,ok,716.3139329805992,83.76215683860647,0.07722060892132124,86.51843195585379,55.314198083588366,62,1
105,ref,184566.66666666666,63,0,0.0,True,ok,716.3139329806002,83.76215683860637,0.12882661882408084,154.8655812878453,92.28030200246997,62,1
105,ref,230372.22222222225,63,0,0.0,True,ok,723.5008818342153,82.93009933573038,0.031212608280412057,21.91771658451033,22.582349615224054,62,1
105,ref,276713.8888888889,63,0,0.0,True,ok,715.2116402116409,83.89125208063614,0.10703378541823215,132.01257437423075,76.55180922703462,62,1
105,ref,322511.1111111111,63,0,0.0,True,ok,721.5608465608462,83.15307057745191,0.10581867111736758,126.0395838715312,76.35460991339151,62,1
105,ref,368661.1111111111,63,0,0.0,True,ok,724.2063492063492,82.84931506849315,0.08570452031162594,104.55453474985933,62.06775776536402,62,1
105,ref,415005.5555555555,63,0,0.0,True,ok,717.7689594356269,83.59235825296385,0.1117506314131422,133.99718994655686,80.21113442568536,62,1
105,ref,460683.3333333333,63,0,0.0,True,ok,725.0000000000009,82.75862068965507,0.08388007744132642,79.41661793040792,60.81305614496173,62,1
105,ref,507066.6666666667,63,0,0.0,True,ok,724.4268077601399,82.82410225197822,0.07885142569945347,92.66924843620043,57.12208660679094,62,1
105,ref,553413.8888888889,63,0,0.0,True,ok,722.0458553791904,83.09721543722502,0.029597489817101672,19.43484145870344,21.370744852066053,62,1
105,ref,599655.5555555556,63,0,0.0,True,ok,728.1305114638452,82.40280973719264,0.07190353240493659,88.0533083168382,52.35515582606365,62,1
105,ref,646266.6666666666,63,0,0.0,True,ok,723.5890652557322,82.9199926878313,0.11137019051906918,138.43159484602404,80.58625205504607,62,1
105,ref,692533.3333333333,63,0,0.0,True,ok,733.3333333333352,81.81818181818161,0.07475819309254723,86.79991021070994,54.82267493453478,62,1
105,ref,739466.6666666667,63,0,0.0,True,ok,727.2927689594346,82.49772658381339,0.07936136015479003,92.13522043759217,57.71894337536419,62,1
105,ref,786019.4444444444,63,0,0.0,True,ok,715.6084656084662,83.84473197781878,0.07360859560814835,86.68513152255076,52.674934158741124,62,1
105,ref,831791.6666666666,63,0,0.0,True,ok,704.2328042328036,85.199098422239,0.08037500382201973,91.11310536326424,56.60271433180326,62,1
105,ref,876847.2222222221,63,0,0.0,True,ok,705.8201058201071,85.00749625187392,0.033645361460073527,18.273089897917323,23.747572586104848,62,1
105,ref,922022.2222222222,63,0,0.0,True,ok,727.9100529100535,82.42776667272389,0.030593581071712332,21.042853243837925,22.269375216618137,62,1
105,ref,968605.5555555556,63,0,0.0,True,ok,732.363315696647,81.92655027092137,0.029150973725229682,21.072403677173234,21.349103773195047,62,1
105,ref,1015452.7777777778,63,0,0.0,True,ok,700.0881834215196,85.70348910442087,0.06255317122236025,68.44441244241406,43.79273600831746,62,1
105,ref,1060247.2222222222,63,0,0.0,True,ok,690.1675485008847,86.9354117421577,0.031233019155475057,19.66401881614045,21.55601626281539,62,1
105,ref,1104436.1111111112,63,0,0.0,True,ok,702.2486772486748,85.43981917498617,0.032031638353103624,20.873616967480686,22.49417566357494,62,1
105,ref,1149352.777777778,63,0,0.0,True,ok,700.5731922398536,85.64415633457173,0.0796770717138652,89.41934018461411,55.81962047890629,62,1
105,ref,1194191.6666666665,63,0,0.0,True,ok,671.8253968254005,89.30891907855828,0.15459446897023935,150.74073707135022,103.86049046294312,62,1
105,ref,1237175.0,63,0,0.0,True,ok,655.7319223985875,91.50080688542249,0.06717301599409063,70.18600479312082,44.047490911116114,62,1
105,ref,1279141.6666666667,63,0,0.0,True,ok,659.4356261022936,90.98689489168216,0.165560034600173,162.50363779896205,109.17618507408247,62,1
105,ref,1321341.6666666667,63,0,0.0,True,ok,667.7248677248652,89.85736925515089,0.1610517251121982,167.17328914076583,107.53824184740391,62,1
105,ref,1364030.5555555555,63,0,0.0,True,ok,654.1446208112858,91.72283634402828,0.028443734660612924,16.441126275718563,18.606316024023467,62,1
105,ref,1405866.6666666665,63,0,0.0,True,ok,650.2645502645515,92.27013832384034,0.030085996326407228,17.507892058960277,19.563856870452145,62,1
105,ref,1447491.6666666665,63,0,0.0,True,ok,671.3403880070555,89.37344016813334,0.082136328394408,86.56876305430575,55.14143457377679,62,1
105,ref,1490433.3333333335,63,0,0.0,True,ok,675.5291005290956,88.81926767182364,0.03017047661183566,19.121746228120724,20.38103492812746,62,1
105,ref,1533666.6666666667,63,0,0.0,True,ok,676.9400352733653,88.63414316420287,0.029988085582091407,18.064169436813515,20.300135711721655,62,1
105,ref,1577022.222222222,63,0,0.0,True,ok,691.5784832451544,86.75804909148812,0.10183725648871012,115.86546445879459,70.4284553803099,62,1
105,ref,1621275.0,63,0,0.0,True,ok,694.7530864197539,86.36161705908475,0.12302014790640727,121.04763059616151,85.46862744979107,62,1
105,ref,1665708.3333333333,63,0,0.0,True,ok,673.8977072310397,89.034284218791,0.06806381420035613,71.95895634221681,45.86804833501948,62,1
105,ref,1708844.4444444445,63,0,0.0,True,ok,678.9241622574923,88.37511365112395,0.08005972019530717,84.73507452901991,54.35447846416816,62,1
105,ref,1752327.7777777778,63,0,0.0,True,ok,698.8095238095275,85.86030664395184,0.031532228813634336,19.893683969723885,22.035021801908872,62,1
105,det,546.2653288740245,63,0,0.0,True,ok,722.8681141724619,83.00269277845779,0.12297977279113749,148.23023634950414,88.8981564388874,62,1
105,det,46811.594202898545,63,0,0.0,True,ok,722.3372440763746,83.06369426751591,0.09824466195635588,116.79541038085702,70.96577836276916,62,1
105,det,93032.32998885172,63,0,0.0,True,ok,713.6663658402789,84.07289858666006,0.09765438903299584,118.82027588134297,69.69265292953092,62,1
105,det,138729.09698996655,63,0,0.0,True,ok,716.3207163207163,83.76136363636364,0.07552160051742118,83.71387093285787,54.097686980326124,62,1
105,det,184570.79152731324,63,0,0.0,True,ok,716.143759622021,83.78206078576717,0.12805592160305593,153.85084449218436,91.70644913867525,62,1
105,det,230367.89297658863,63,0,0.0,True,ok,723.5759409672446,82.92149669845936,0.03151639219246232,22.74162873199265,22.804503136553645,62,1
105,det,276711.259754738,63,0,0.0,True,ok,715.2589761285409,83.88570014844142,0.10638441709899452,131.16137695035624,76.09240925025846,62,1
105,det,322508.36120401334,63,0,0.0,True,ok,721.6294172815914,83.1451692005885,0.10555473279454007,125.84189741377125,76.17140031783804,62,1
105,det,368662.20735785953,63,0,0.0,True,ok,724.1068110633328,82.86070381231671,0.08457254364872317,103.02549134671844,61.239554884991456,62,1
105,det,415005.5741360089,63,0,0.0,True,ok,717.7363699102832,83.59615384615381,0.11139463896691448,133.68932856406911,79.95198379957978,62,1
105,det,460680.04459308804,63,0,0.0,True,ok,724.9915945568124,82.75958018061992,0.08413182274490999,80.31649211887863,60.99486432480339,62,1
105,det,507068.0044593088,63,0,0.0,True,ok,724.4607244607242,82.82022471910115,0.07795245366243755,91.35133903350201,56.47349105378055,62,1
105,det,553411.3712374582,63,0,0.0,True,ok,721.9833306789819,83.10441176470599,0.030721831394153267,21.19023247767899,22.180650154508886,62,1
105,det,599654.4035674471,63,0,0.0,True,ok,728.1768151333349,82.39756986634288,0.0987541431122666,123.7456574061519,71.91047741271186,62,1
105,det,646265.3288740244,63,0,0.0,True,ok,723.5759409672455,82.92149669845926,0.11314193940566665,141.15070690624302,81.86678526831432,62,1
105,det,692530.657748049,63,0,0.0,True,ok,733.3085593955152,81.82094594594602,0.07424936280818274,86.74787527049138,54.44769327690343,62,1
105,det,739464.8829431438,63,0,0.0,True,ok,727.2920316398562,82.49781021897827,0.07746439286088667,89.38823444710451,56.33923566354224,62,1
105,det,786020.066889632,63,0,0.0,True,ok,715.6128895259333,83.8442136498516,0.07295539077046512,86.30770428206235,52.20781799574615,62,1
105,det,831783.7235228539,63,0,0.0,True,ok,704.2876608094001,85.19246231155776,0.08013724846337646,91.5157682881747,56.4396752639731,62,1
105,det,876845.0390189519,63,0,0.0,True,ok,705.8802710976637,85.00025068939568,0.03483637079889214,20.856507172664084,24.590306863580718,62,1
105,det,922017.8372352285,63,0,0.0,True,ok,727.9998584346428,82.41759844433622,0.03082837265002206,21.888230961665993,22.443050924986473,62,1
105,det,968606.4659977703,63,0,0.0,True,ok,732.4237759020365,81.91978738825807,0.02914205561153064,21.378593804028995,21.344334408544402,62,1
105,det,1015451.5050167224,63,0,0.0,True,ok,700.0407000407004,85.70930232558136,0.07481382443523296,70.79159810490547,52.37272203036254,62,1
105,det,1060245.2619843923,63,0,0.0,True,ok,690.1311249137332,86.94000000000005,0.04989203843437181,48.55292216122367,34.43204860895223,62,1
105,det,1104437.0122630992,63,0,0.0,True,ok,702.1641804250474,85.45010080645193,0.0330701654375904,23.264493098332295,23.22068561100639,62,1
105,det,1149353.4002229653,63,0,0.0,True,ok,700.5715701367913,85.64435463500838,0.07942201199898559,89.08497512854608,55.64080364955241,62,1
105,det,1194191.7502787067,63,0,0.0,True,ok,682.3450301711167,87.93205394190876,0.2509087366477418,275.1708665779728,171.20632947810017,62,1
105,det,1237848.3835005574,63,0,0.0,True,ok,665.7111004937093,90.1291866028708,0.1444477947602498,131.94611990670606,96.16050041373535,62,1
105,det,1280401.3377926422,63,0,0.0,True,ok,732.0698625046449,81.95939086294419,0.3776526934305446,324.43566207864274,276.46815535420757,62,1
105,det,1327848.3835005574,63,0,0.0,True,ok,657.5710923537014,91.24488697524215,0.12549191832274617,143.92125151354782,82.51985781304967,62,1
105,det,1369910.8138238573,63,0,0.0,True,ok,653.8550016810889,91.76346414073069,0.030339591255207896,18.942540641036693,19.837693491177507,62,1
105,det,1411727.9821627648,63,0,0.0,True,ok,650.6697811045617,92.21267337503429,0.03231892850109133,19.61834314665997,21.028950133339077,62,1
105,det,1453355.629877369,63,0,0.0,True,ok,675.0898055245893,88.87706422018333,0.08782333545559544,96.98190573427054,59.2886384532387,62,1
105,det,1496555.1839464884,63,0,0.0,True,ok,675.2667622232832,88.85377358490577,0.032578468989059105,22.20645662067514,21.999157272433578,62,1
105,det,1539765.8862876254,63,0,0.0,True,ok,678.9828528958957,88.36747458952316,0.06703369170935611,72.17966331721613,45.51472723696256,62,1
105,det,1583244.1471571906,63,0,0.0,True,ok,691.01590840721,86.8286811779773,0.08162251229308543,90.59112049869844,56.40245447868509,62,1
105,det,1627447.0457079152,63,0,0.0,True,ok,704.995487604183,85.1069277108434,0.14572774269901217,97.1677543347814,102.73740102154702,62,1
105,det,1672530.657748049,63,0,0.0,True,ok,679.5137229919848,88.29843749999988,0.15020482015482128,148.00693167368644,102.06623655474412,62,1
105,det,1716164.9944258637,63,0,0.0,True,ok,684.1145971580778,87.7046042421104,0.07706531361509461,82.44714228723826,52.72150597865138,62,1
105,det,1759955.4069119284,63,0,0.0,True,ok,700.5715701367876,85.64435463500882,0.030003886137968023,20.614824537658475,21.019869621881654,62,1
106,ref,975.0,63,0,0.0,True,ok,884.2592592592592,67.85340314136126,0.11338698568090795,47.96096207245318,100.2634919678399,62,1
106,ref,57472.22222222222,63,0,0.0,True,ok,855.1587301587304,70.16241299303942,0.28342173314019076,380.43829787057274,242.37056941155205,62,1
106,ref,111819.44444444444,63,0,0.0,True,ok,805.952380952381,74.44608567208272,0.4374237323673412,617.5880697478389,352.5426985865357,62,1
106,ref,163866.6666666667,63,0,0.0,True,ok,987.5661375661374,60.75542459148139,0.23065381300660162,338.84647040477466,227.78589522583167,62,1
106,ref,227233.3333333333,63,0,0.0,True,ok,963.9770723104058,62.24214426199514,0.1157420747320219,122.34282498769603,111.57270634330666,62,1
106,ref,289002.7777777778,63,0,0.0,True,ok,1019.708994708995,58.840316513166414,0.0600271620469646,67.22622103691523,61.21023706614421,62,1
106,ref,354344.44444444444,63,0,0.0,True,ok,990.6525573192233,60.56613850810045,0.062312184483063894,58.194492562069264,61.72972491029447,62,1
106,ref,417738.8888888889,63,0,0.0,True,ok,901.1463844797182,66.58185732459141,0.1495305368112818,163.76202489129489,134.748902616798,62,1
106,ref,475438.8888888889,63,0,0.0,True,ok,910.7583774250455,65.87916343919431,0.06400816084321011,44.741669673576354,58.295968711523365,62,1
106,ref,533836.1111111111,63,0,0.0,True,ok,954.4532627865972,62.86321430221271,0.0661277245926902,44.56329315452277,63.11582249814667,62,1
106,ref,594955.5555555555,63,0,0.0,True,ok,927.8659611992956,64.66451245010447,0.07041876294663661,44.80004471395191,65.33917316794633,62,1
106,ref,654380.5555555556,63,0,0.0,True,ok,896.9135802469109,66.89607708189972,0.0775719602227862,46.896939973668005,69.57534457019013,62,1
106,ref,711402.7777777779,63,0,0.0,True,ok,755.5996472663135,79.4071307696797,0.32626909747032107,432.958521618013,246.52881496247306,62,1
106,ref,759977.7777777778,63,0,0.0,True,ok,700.3968253968254,85.6657223796034,0.3427873207456734,473.557830804108,240.087151236553,62,1
106,ref,805083.3333333334,63,0,0.0,True,ok,773.7213403880061,77.54729883747446,0.3840520710139109,576.1389642552016,297.14928316367286,62,1
106,ref,854861.1111111111,63,0,0.0,True,ok,770.6790123456786,77.85342410893075,0.3714044988676484,539.8971648620458,286.23365236806103,62,1
106,ref,904505.5555555556,63,0,0.0,True,ok,855.37918871252,70.14432989690738,0.18259295765811456,256.7342693637454,156.18621598621755,62,1
106,ref,959325.0,63,0,0.0,True,ok,781.2610229276904,76.79891641740497,0.3052655674933065,407.3206604997325,238.49208952442257,62,1
106,ref,1009347.2222222221,63,0,0.0,True,ok,853.4832451499108,70.3001498166039,0.2165637132397322,313.8976114499331,184.83350075756132,62,1
106,ref,1063613.8888888888,63,0,0.0,True,ok,901.8077601410952,66.5330269398131,0.3887980030919693,639.6558237671691,350.62105631569943,62,1
106,ref,1121008.3333333335,63,0,0.0,True,ok,873.985890652552,68.6509938452229,0.41901091839909604,706.5333091972483,366.20963071017775,62,1
106,ref,1177350.0,63,0,0.0,True,ok,924.911816578484,64.87104924441049,0.34605953923083743,595.0412372887154,320.074557074307,62,1
106,ref,1236627.7777777778,63,0,0.0,True,ok,948.6331569664919,63.24889611898664,0.32717148609910834,581.8638685545276,310.3657197276159,62,1
106,ref,1297461.1111111112,63,0,0.0,True,ok,1054.7178130511431,56.88725387734644,0.05247257593426881,61.981621677107746,55.34376053455204,62,1
106,ref,1364902.7777777778,63,0,0.0,True,ok,1026.0582010582023,58.47621503158431,0.07948750590684069,53.33954003615612,81.55880731737618,62,1
106,ref,1430355.5555555555,63,0,0.0,True,ok,868.8712522045872,69.05511011874543,0.3922021132697851,663.8543954086892,340.77314127400354,62,1
106,ref,1485597.2222222222,63,0,0.0,True,ok,859.0828924162262,69.84192157667826,0.4134525546130504,681.1481583474191,355.19001649385706,62,1
106,ref,1540994.4444444445,63,0,0.0,True,ok,925.0,64.86486486486487,0.36363466118228027,550.9407345178265,336.36206159360927,62,1
106,ref,1600513.888888889,63,0,0.0,True,ok,933.8183421516746,64.2523254166864,0.3824075055193747,509.04026191612076,357.09914283045987,62,1
106,ref,1659825.0,63,0,0.0,True,ok,877.8659611992937,68.34756403817184,0.44778246607288336,614.9666579922437,393.09298498726184,62,1
106,ref,1716322.2222222222,63,0,0.0,True,ok,844.8853615520278,71.01555161256657,0.3887069762274164,536.7050584752601,328.4128341476962,62,1
106,det,969.8996655518395,63,0,0.0,True,ok,884.4295800817541,67.84033613445378,0.11344537815126048,48.30456798959698,100.3344481605351,62,1
106,det,57469.34225195095,63,0,0.0,True,ok,855.2317247969421,70.1564245810056,0.285652590138956,384.35339699068334,244.29915735725334,62,1
106,det,111817.16833890746,63,0,0.0,True,ok,806.0377625595015,74.43819978046105,0.4417576525956476,623.9627839399847,356.07334989173336,62,1
106,det,163868.4503901895,63,0,0.0,True,ok,987.5953354214226,60.753628382010376,0.2319502564925259,341.379958234149,229.07299136182112,62,1
106,det,227235.22853957635,63,0,0.0,True,ok,963.8831377961814,62.24821002386634,0.11653024258250931,123.92372044959416,112.32153586857926,62,1
106,det,289007.8037904125,63,0,0.0,True,ok,1019.6244978853676,58.84519264144393,0.05965491313410887,66.1664797042864,60.825610850760974,62,1
106,det,354347.8260869565,63,0,0.0,True,ok,990.6035992992518,60.56913183279741,0.06226259595262285,57.737481595276925,61.67755165238322,62,1
106,det,417736.900780379,63,0,0.0,True,ok,885.3143635752338,67.77253647811308,0.17348105641216058,192.63120998998806,153.58527104989116,62,1
106,det,474515.050167224,63,0,0.0,True,ok,909.380474597866,65.97898423817863,0.062498791081372705,44.75014597466545,56.835180295371586,62,1
106,det,532820.5128205129,63,0,0.0,True,ok,955.0353028613886,62.82490272373549,0.0666626942612069,45.37294137270935,63.66522640330788,62,1
106,det,593968.78483835,63,0,0.0,True,ok,928.6687547557115,64.60861280487804,0.07117154320702891,45.68115509525303,66.09478840411386,62,1
106,det,653411.3712374582,63,0,0.0,True,ok,898.9400293748116,66.7452755905512,0.07796819645264713,47.67802307470708,70.0887328094437,62,1
106,det,710891.861761427,63,0,0.0,True,ok,741.9794376316122,80.86477462437388,0.3361519309958733,444.24646810697755,249.4178207190986,62,1
106,det,758550.7246376812,63,0,0.0,True,ok,698.2711330537411,85.92650785605684,0.34293008524270746,472.04143373910944,239.45817918064137,62,1
106,det,803600.8918617615,63,0,0.0,True,ok,771.3542496151169,77.78527185134227,0.3839241631123823,574.8853137010977,296.1415347466634,62,1
106,det,853299.8885172798,63,0,0.0,True,ok,787.988179292528,76.14327419717036,0.3853707231882818,566.9748546244186,303.667574517779,62,1
106,det,903422.519509476,63,0,0.0,True,ok,858.5939020721634,69.88169826875512,0.18404768876845523,256.8047549929952,158.02222326707104,62,1
106,det,958394.6488294314,63,0,0.0,True,ok,782.8564350303477,76.64240506329118,0.30674397019471134,405.6426520892004,240.13649097368693,62,1
106,det,1008550.7246376812,63,0,0.0,True,ok,846.2069331634539,70.90464240903397,0.20630317032104484,296.2947644590567,174.57517305926902,62,1
106,det,1063121.5161649943,63,0,0.0,True,ok,894.1621985100247,67.10191965169206,0.3948533639991487,639.8009756861511,353.06295204255787,62,1
106,det,1120423.6343366778,63,0,0.0,True,ok,875.0508750508732,68.56744186046527,0.413333969087824,688.3666671124294,361.68825133855097,62,1
106,det,1176075.808249721,63,0,0.0,True,ok,924.4217939870136,64.90543644716676,0.346357390876816,595.254216139685,320.18032063500755,62,1
106,det,1235618.7290969898,63,0,0.0,True,ok,946.7183380226885,63.37682242990636,0.32679872510807306,584.16066901701,309.38634590224837,62,1
106,det,1296387.9598662206,63,0,0.0,True,ok,1056.431491214102,56.79497487437175,0.05081167481955189,60.46779460419383,53.67905340070524,62,1
106,det,1363913.0434782607,63,0,0.0,True,ok,1028.6492895188571,58.32891794254244,0.07596940941879131,53.6523726229676,78.14587902380686,62,1
106,det,1429542.9208472685,63,0,0.0,True,ok,857.0012917838998,70.01156308073514,0.39591628419604147,652.6309642114159,339.3007669942891,62,1
106,det,1484013.3779264214,63,0,0.0,True,ok,856.8243350852059,70.02602230483261,0.4212716949360256,693.9786693784715,360.95583990377787,62,1
106,det,1539208.4726867336,63,0,0.0,True,ok,897.8782891826335,66.82420181316542,0.38240057983205145,558.1108308889023,343.3491784020494,62,1
106,det,1596923.076923077,63,0,0.0,True,ok,923.8909238909208,64.94273127753326,0.369940682493899,466.7029727827531,341.7848389341261,62,1
106,det,1656399.1081382385,63,0,0.0,True,ok,877.7052255313149,68.3600806451611,0.47123810141805494,645.0680204894408,413.60814408408254,62,1
106,det,1712675.585284281,63,0,0.0,True,ok,824.7951726212558,72.74533361939531,0.4052197259435896,501.5363653237358,334.22327380918097,62,1
107,ref,263.8888888888889,63,0,0.0,True,ok,845.7231040564375,70.9452061936291,0.060554071452282705,48.6296687567692,51.21197727187984,62,1
107,ref,54377.77777777778,63,0,0.0,True,ok,849.294532627866,70.64686948395804,0.03361209296028623,32.02518237035397,28.54656678135068,62,1
107,ref,108713.88888888889,63,0,0.0,True,ok,850.9700176366842,70.5077720207254,0.02918548761328557,24.87523627083784,24.83597490901285,62,1
107,ref,163163.8888888889,63,0,0.0,True,ok,850.7936507936504,70.52238805970153,0.028399030734865372,24.133737298351946,24.161715037917194,62,1
107,ref,217619.44444444444,63,0,0.0,True,ok,848.4567901234564,70.71662422699167,0.041302535670753884,48.547705704706786,35.0434168391674,62,1
107,ref,271933.3333333333,63,0,0.0,True,ok,850.8818342151676,70.51507928282723,0.028362148444963518,24.36979478063192,24.132836891133422,62,1
107,ref,326422.2222222222,63,0,0.0,True,ok,850.4409171075843,70.5516383243467,0.028300229127334927,23.6729634714786,24.067672813405483,62,1
107,ref,380897.22222222225,63,0,0.0,True,ok,850.4850088183414,70.54798071439687,0.027555345487777768,24.089864778089453,23.435408250165118,62,1
107,ref,435372.2222222222,63,0,0.0,True,ok,850.4850088183432,70.54798071439672,0.028068814929508485,24.686908450129035,23.872106312843467,62,1
107,ref,489838.8888888889,63,0,0.0,True,ok,849.4268077601408,70.63586815468469,0.03534390004009397,38.03628871564184,30.022056184850534,62,1
107,ref,544227.7777777778,63,0,0.0,True,ok,848.1481481481487,70.74235807860258,0.04602100769033563,55.427720306830246,39.032632448469876,62,1
107,ref,598530.5555555556,63,0,0.0,True,ok,848.2363315696629,70.73500363863205,0.04252036812526469,50.99200123123597,36.06732107556614,62,1
107,ref,652827.7777777778,63,0,0.0,True,ok,850.9259259259265,70.51142546245914,0.029156605089299133,24.39276469234111,24.810111182468447,62,1
107,ref,707277.7777777779,63,0,0.0,True,ok,847.1781305114624,70.82335796814834,0.045435083307022964,41.80681329158107,38.49160893567627,62,1
107,ref,761486.1111111111,63,0,0.0,True,ok,846.3403880070537,70.89346183902066,0.03678879667292152,31.93178025421941,31.13584445047301,62,1
107,ref,815638.8888888889,63,0,0.0,True,ok,844.0035273368611,71.08975028732627,0.05257675119956132,48.06464475751717,44.374963468342294,62,1
107,ref,869641.6666666666,63,0,0.0,True,ok,841.0934744268094,71.33570979240918,0.0547708014053365,51.12849361579404,46.067363651155254,62,1
107,ref,923452.7777777778,63,0,0.0,True,ok,844.7971781305118,71.02296450939454,0.05006715188470919,46.23143604748512,42.296588629234066,62,1
107,ref,977505.5555555556,63,0,0.0,True,ok,837.4779541446192,71.64367695061613,0.06945426164078267,73.29384866206945,58.16641294554777,62,1
107,ref,1031111.1111111111,63,0,0.0,True,ok,840.6966490299822,71.3693816541669,0.052257024732548465,52.96373578070636,43.9323055809304,62,1
107,ref,1084911.111111111,63,0,0.0,True,ok,839.6825396825434,71.455576559546,0.050967586539451146,53.37685835983258,42.79659250693615,62,1
107,ref,1138647.222222222,63,0,0.0,True,ok,832.0546737213413,72.11064596470767,0.06381724637645027,62.69930388832887,53.09943811155177,62,1
107,ref,1191941.6666666665,63,0,0.0,True,ok,845.7671957671982,70.94150766343427,0.05152571406802343,60.04072360183484,43.57875869721465,62,1
107,ref,1246100.0,63,0,0.0,True,ok,849.1622574955912,70.65787424061475,0.032151253647536224,30.970223106019255,27.30163112865522,62,1
107,ref,1300458.3333333333,63,0,0.0,True,ok,851.1022927689603,70.49681396674085,0.028768140750662956,24.241787829692104,24.4846305515894,62,1
107,ref,1354908.3333333333,63,0,0.0,True,ok,842.3721340388053,71.22742737503233,0.05093772423582738,50.63318707737694,42.908519467614084,62,1
107,ref,1408822.2222222222,63,0,0.0,True,ok,828.3950617283967,72.42921013412803,0.07286379396563263,76.4959334704984,60.360007099925426,62,1
107,ref,1461891.6666666667,63,0,0.0,True,ok,844.223985890651,71.07118608659333,0.04362038908556412,45.130789182251014,36.82537873991599,62,1
107,ref,1515969.4444444445,63,0,0.0,True,ok,840.3439153439128,71.39933889501044,0.04877969172965878,54.09136848855272,40.99171713737054,62,1
107,ref,1569802.7777777778,63,0,0.0,True,ok,833.2892416225753,72.00380972538227,0.06659620315366982,69.62253150853056,55.49389962086448,62,1
107,ref,1623197.2222222222,63,0,0.0,True,ok,850.7495590828928,70.52604301632545,0.028694304899655746,24.459001042168747,24.411667241572218,62,1
107,ref,1677688.8888888888,63,0,0.0,True,ok,841.8871252204639,71.26846129674198,0.052848967848281705,51.80796380384836,44.49286561265861,62,1
107,ref,1731575.0,63,0,0.0,True,ok,833.2892416225753,72.00380972538227,0.061727279037121933,66.87728081316155,51.43667753626843,62,1
107,det,746.9342251950948,63,0,0.0,True,ok,851.161720726938,70.4918918918919,0.029112902414250335,25.524273683925195,24.779788114268744,62,1
107,det,55195.09476031215,63,0,0.0,True,ok,849.3921537399799,70.63874999999999,0.03843639357180221,44.57060604921389,32.6475711179506,62,1
107,det,109542.92084726867,63,0,0.0,True,ok,850.9847640282425,70.50655021834059,0.029481851319774675,25.952628550609237,25.088606288474182,62,1
107,det,164002.22965440355,63,0,0.0,True,ok,850.9847640282427,70.50655021834058,0.02957559353191751,26.601067481383232,25.168379482754045,62,1
107,det,218483.83500557413,63,0,0.0,True,ok,848.330413547805,70.72715894868584,0.04187163325407957,49.066289385113954,35.52097995435535,62,1
107,det,272798.21627647715,63,0,0.0,True,ok,851.1617207269375,70.49189189189195,0.02939664450985635,25.758804862829365,25.02129852460741,62,1
107,det,327302.1181716834,63,0,0.0,True,ok,850.6308506308502,70.53588516746414,0.02974058663417959,25.287567423990772,25.298260506892678,62,1
107,det,381761.4269788183,63,0,0.0,True,ok,850.807807329546,70.52121464226293,0.02851647467325207,25.75880486283383,24.262039289518125,62,1
107,det,436243.03232998884,63,0,0.0,True,ok,850.6308506308502,70.53588516746414,0.028985793544350383,26.10665143722979,24.65621021884097,62,1
107,det,490680.04459308804,63,0,0.0,True,ok,849.9230238360673,70.5946283572767,0.03562819017804578,37.379036383960326,30.281219129931138,62,1
107,det,545061.3154960981,63,0,0.0,True,ok,848.6843269451961,70.69766472060054,0.045778171405566746,54.72515634038933,38.851216588115236,62,1
107,det,599353.4002229654,63,0,0.0,True,ok,848.684326945198,70.69766472060037,0.0414383568321454,49.16831962500656,35.168083977804265,62,1
107,det,653645.4849498328,63,0,0.0,True,ok,851.1617207269384,70.49189189189187,0.030505232244101108,26.788797880331067,25.96488596806398,62,1
107,det,708093.6454849498,63,0,0.0,True,ok,847.4456300543259,70.80100229693045,0.04662986647275832,45.79072866380595,39.51627657235576,62,1
107,det,762296.5440356744,63,0,0.0,True,ok,846.5608465608472,70.87499999999996,0.03716253599201003,34.73841169699365,31.460347929743968,62,1
107,det,816454.8494983277,63,0,0.0,True,ok,844.083452779105,71.08301886792452,0.05580487140293155,55.39866606553816,47.103968535680394,62,1
107,det,870468.227424749,63,0,0.0,True,ok,840.8982322025815,71.3522727272726,0.05869930961028722,58.23872942610639,49.36014568280253,62,1
107,det,924280.9364548494,63,0,0.0,True,ok,844.7912795738879,71.02346041055722,0.05178914127794515,50.55531312080588,43.75101492822814,62,1
107,det,978327.7591973244,63,0,0.0,True,ok,837.7130116260563,71.6235741444866,0.07158022919183439,77.41895525802936,59.963689369174936,62,1
107,det,1031928.6510590857,63,0,0.0,True,ok,840.8982322025815,71.3522727272726,0.05542024162142265,59.8178531765483,46.60278320769424,62,1
107,det,1085730.2118171684,63,0,0.0,True,ok,839.8364920104034,71.44247787610634,0.05565833620101142,62.71352521014748,46.743901826193074,62,1
107,det,1139476.0312151616,63,0,0.0,True,ok,832.7582240625735,72.04972375690593,0.0692132743636674,73.98992077115325,57.63792344064331,62,1
107,det,1192764.7714604237,63,0,0.0,True,ok,846.5608465608453,70.8750000000001,0.055006775721835495,67.2333862507559,46.56658262165961,62,1
107,det,1246923.076923077,63,0,0.0,True,ok,849.5691104386711,70.62403665902974,0.03965911097904276,47.36164251946481,33.693155635253895,62,1
107,det,1301270.9030100333,63,0,0.0,True,ok,851.338677425636,70.47723965911436,0.028154631411167082,24.56376647856915,23.96912666898925,62,1
107,det,1355719.0635451504,63,0,0.0,True,ok,842.8447558882366,71.18748687801785,0.05147724216500081,53.46523437363037,43.38732360635975,62,1
107,det,1409620.9587513935,63,0,0.0,True,ok,829.5730034860464,72.32636518771335,0.07692028982693372,84.41731111042404,63.810995860746594,62,1
107,det,1462731.32664437,63,0,0.0,True,ok,844.9682362725855,71.00858638743443,0.04982822636914744,55.97462609501047,42.10326855172965,62,1
107,det,1516811.5942028984,63,0,0.0,True,ok,841.0751889012791,71.33726067746659,0.05839961195142939,71.76187283116889,49.11846465380987,62,1
107,det,1570646.5997770345,63,0,0.0,True,ok,833.9969209534456,71.94271164863119,0.07157778356465319,78.14058562203319,59.69565110159291,62,1
107,det,1624080.2675585286,63,0,0.0,True,ok,850.8078073295432,70.52121464226317,0.030122142438638068,25.952628550590486,25.628153960285832,62,1
107,det,1678539.5763656634,63,0,0.0,True,ok,841.7830156960583,71.27727559386175,0.056231947085221154,65.14365791655504,47.33509799585864,62,1
107,det,1732430.3232998885,63,0,0.0,True,ok,833.9969209534419,71.94271164863152,0.07056400581322672,83.0165437618297,58.850163578371856,62,1
108,ref,244.44444444444443,63,0,0.0,True,ok,1037.1252204585537,57.85222345038687,0.1354611197852472,222.53590092458884,140.49014372083704,62,1
108,ref,66769.44444444445,63,0,0.0,True,ok,1084.700176366843,55.314824600626,0.07446280636852887,70.27372238147021,80.76981920071333,62,1
108,ref,136136.11111111112,63,0,0.0,True,ok,1067.5044091710754,56.20585684193138,0.060188431468001236,71.98316515209216,64.25141597318242,62,1
108,ref,204455.55555555556,63,0,0.0,True,ok,1074.8236331569663,55.823111949788746,0.0898097376910293,129.06618244303988,96.52962855794624,62,1
108,ref,273200.0,63,0,0.0,True,ok,1060.3615520282192,56.58447336687593,0.09961479118664981,112.30540938928978,105.62769458764296,62,1
108,ref,340952.7777777778,63,0,0.0,True,ok,1080.6437389770724,55.522461136725276,0.05412797489430574,65.43630183447043,58.49305717303967,62,1
108,ref,410175.0,63,0,0.0,True,ok,1071.075837742504,56.01844228552612,0.054773486053584904,62.304053652648676,58.666557460920814,62,1
108,ref,478683.3333333333,63,0,0.0,True,ok,1062.9188712522052,56.448334508648905,0.14713286276745216,242.24532131483267,156.39029641688586,62,1
108,ref,546675.0,63,0,0.0,True,ok,1075.9700176366846,55.76363561857147,0.12300771394557415,182.74996792500787,132.35261214346767,62,1
108,ref,615938.8888888889,63,0,0.0,True,ok,1076.410934744268,55.740793839347894,0.07635728147872553,94.18845763451016,82.19181273104613,62,1
108,ref,684838.8888888889,63,0,0.0,True,ok,1059.6119929453255,56.624500665779,0.14467533084332365,234.2308646804208,153.29971564491848,62,1
108,ref,752744.4444444444,63,0,0.0,True,ok,1060.449735449736,56.57976799301482,0.07083058837441009,73.19189820305246,75.11227870339232,62,1
108,ref,820530.5555555556,63,0,0.0,True,ok,1079.056437389768,55.604135169370466,0.08527203262020733,140.24916312716135,92.01333572814501,62,1
108,ref,889616.6666666666,63,0,0.0,True,ok,1074.9118165784841,55.81853234341027,0.11740580804594193,190.2942919867206,126.20089040352825,62,1
108,ref,958830.5555555555,63,0,0.0,True,ok,1070.855379188714,56.02997488368255,0.05274446244401073,63.73774391989999,56.481691330586,62,1
108,ref,1027516.6666666666,63,0,0.0,True,ok,969.4003527336884,61.89393250250144,0.07216235045276004,49.794230111999816,69.95420798299762,62,1
108,ref,1089527.7777777778,63,0,0.0,True,ok,976.32275132275,61.45508738653307,0.1552202790134681,173.98543874489118,151.5450898675141,62,1
108,ref,1152105.5555555555,63,0,0.0,True,ok,1112.389770723107,53.937928574259644,0.12453193321809436,180.9483595976743,138.52804864018125,62,1
108,ref,1223400.0,63,0,0.0,True,ok,992.7248677248652,60.43970686209209,0.10728142723286646,149.54464269675,106.50094065908212,62,1
108,ref,1286908.3333333333,63,0,0.0,True,ok,921.9135802469127,65.0820220957483,0.043967822864981874,45.63809290157129,40.53453299311751,62,1
108,ref,1345933.3333333335,63,0,0.0,True,ok,923.9417989417977,64.9391553328562,0.10385244340126368,158.05602011887822,95.95361338066479,62,1
108,ref,1405097.2222222222,63,0,0.0,True,ok,978.439153439151,61.32215763147237,0.13950211873686053,225.57920272605367,136.49433495986173,62,1
108,ref,1467350.0,63,0,0.0,True,ok,1010.7583774250437,59.36136799860411,0.09481681907777015,154.55024289427195,95.83689420365089,62,1
108,ref,1532052.7777777778,63,0,0.0,True,ok,1057.583774250444,56.733094305011086,0.08654864245480108,112.6810017886003,91.53243994360075,62,1
108,ref,1599744.4444444445,63,0,0.0,True,ok,982.3633156966507,61.07719928186704,0.10996343975518313,179.93068048830096,108.0240492833106,62,1
108,ref,1662627.7777777778,63,0,0.0,True,ok,912.2134038800714,65.77408284595673,0.09730260869068086,55.87163667678708,88.7607438801366,62,1
108,ref,1721230.5555555555,63,0,0.0,True,ok,834.6560846560834,71.88589540412055,0.06804440795758113,91.40698527679935,56.793679128615906,62,1
108,det,1170.5685618729096,63,5,0.07936507936507936,True,ok,1046.0154538115557,57.36052921719956,0.14997102470614634,256.87589848998,156.8720094665837,52,6
108,det,74347.82608695651,63,0,0.0,True,ok,1063.686715860629,56.407586092164365,0.11632338843524802,152.12783365594336,123.73164302246923,62,1
108,det,142352.28539576367,63,0,0.0,True,ok,1069.8802003149826,56.081045319219335,0.07269953135028856,101.95956370759245,77.77978916385209,62,1
108,det,210813.8238573021,63,0,0.0,True,ok,1055.1927943232286,56.86164682206946,0.1203888868347542,163.2510123289438,127.03348590462723,62,1
108,det,278372.3522853958,63,0,0.0,True,ok,1060.5014952841032,56.57700650759224,0.09970114162532767,114.25334088584502,105.73320977519214,62,1
108,det,346231.884057971,63,0,0.0,True,ok,1084.3906496080408,55.330613577023506,0.05412397499520283,64.71142034209602,58.69153240441735,62,1
108,det,415674.4704570792,63,1,0.015873015873015872,True,ok,1049.7356780666732,57.15724563206581,0.11265839623520545,131.34159620978284,118.26153796186733,60,2
108,det,483846.1538461538,63,0,0.0,True,ok,1045.9910459910466,57.36186770428012,0.16047241795660597,231.14513752612834,167.85271231114268,62,1
108,det,551036.7892976588,63,0,0.0,True,ok,1061.386278777583,56.52984328109371,0.15994183357515934,255.93292249081628,169.76006755920184,62,1
108,det,618907.4693422519,63,0,0.0,True,ok,1081.7362991276027,55.466383117945405,0.07408533678435796,94.34159126994605,80.14079803273343,62,1
108,det,688149.386845039,63,0,0.0,True,ok,1058.9088849958423,56.66209893048124,0.14360237428034647,233.00224047051205,152.0618300319573,62,1
108,det,755919.7324414715,63,0,0.0,True,ok,1040.1514749340824,57.683906090507044,0.12162014797654767,116.58067327996496,126.50337629950742,62,1
108,det,822519.5094760312,63,0,0.0,True,ok,1064.9254127515014,56.34197407776661,0.11148671765540855,161.36136929911066,118.72503881549605,62,1
108,det,890680.0445930881,63,0,0.0,True,ok,1058.0241015023619,56.70948319116912,0.13091955866891095,160.95711786888913,138.51604842976025,62,1
108,det,958829.4314381271,63,0,0.0,True,ok,1070.9419405071567,56.02544613350965,0.05112987311975369,58.16984858659144,54.757125536753726,62,1
108,det,1026945.3734671127,63,0,0.0,True,ok,962.9983543027007,62.305402425578926,0.10500446041695294,127.57423798097044,101.11912257596876,62,1
108,det,1088550.724637681,63,0,0.0,True,ok,972.9079294296698,61.67078937795554,0.1509994901118836,170.7413513102796,146.90860126968857,62,1
108,det,1151003.3444816053,63,0,0.0,True,ok,1091.2919608571767,54.98070374574355,0.14702488440626585,190.37544227073758,160.4470743985136,62,1
108,det,1220903.0100334447,63,2,0.031746031746031744,True,ok,980.682420454343,61.18188594856472,0.15347282602190346,190.49069774491298,150.50810249712856,59,2
108,det,1286878.4838350054,63,0,0.0,True,ok,921.9444002052732,65.07984644913604,0.04186780927134896,45.240206983834916,38.59979230658259,62,1
108,det,1345897.4358974358,63,0,0.0,True,ok,908.3187344056917,66.05610753945057,0.07777646425242689,83.66596599556853,70.64581957631391,62,1
108,det,1404147.1571906353,63,0,0.0,True,ok,976.9779334996738,61.413874298134324,0.1389460528791256,221.3004688653525,135.74722760978452,62,1
108,det,1466744.7045707915,63,0,0.0,True,ok,1001.2210012210038,59.92682926829253,0.11046067569459879,189.9221291142629,110.5955483144948,62,1
108,det,1530992.1962095876,63,0,0.0,True,ok,1058.9088849958387,56.662098930481434,0.08697087067425656,113.5140571533077,92.09422769279429,62,1
108,det,1598651.0590858415,63,0,0.0,True,ok,983.5253313514219,61.005037783375094,0.16495794037531664,222.0690796680735,162.2403129666814,62,1
108,det,1661571.906354515,63,1,0.015873015873015872,True,ok,903.0100334448094,66.44444444444493,0.17613307432145756,246.63478509651893,159.04993333375648,60,2
108,det,1720089.1861761427,63,2,0.031746031746031744,True,ok,859.5134967194801,69.80693174569454,0.1832876457882507,221.47562853419043,157.53820533694088,58,3
109,ref,308.33333333333337,63,0,0.0,True,ok,643.8712522045854,93.18633157570365,0.054532918405258604,40.27082500860572,35.11217845996434,62,1
109,ref,41550.0,63,0,0.0,True,ok,695.9876543209876,86.20842572062084,0.05279175015514033,54.45253578964783,36.74240635797575,62,1
109,ref,86102.77777777778,63,0,0.0,True,ok,708.9506172839509,84.63212886373528,0.052973172721919114,55.61824420109324,37.55536350069391,62,1
109,ref,131433.33333333334,63,0,0.0,True,ok,696.8253968253969,86.10478359908883,0.03503744972485622,23.657186752986085,24.414984808272827,62,1
109,ref,176027.77777777778,63,0,0.0,True,ok,701.8518518518517,85.48812664907653,0.0333867354762685,23.543810895043993,23.43254212130696,62,1
109,ref,220972.22222222222,63,0,0.0,True,ok,691.0493827160491,86.82447521214831,0.05173140794037593,44.09021019236063,35.748957524228906,62,1
109,ref,265205.55555555556,63,0,0.0,True,ok,719.9294532627868,83.34149926506612,0.0354546618827822,27.049135196070452,25.524855344888355,62,1
109,ref,311272.22222222225,63,0,0.0,True,ok,684.3915343915347,87.66911480479315,0.057164894208114554,26.517090962282477,39.123169660421276,62,1
109,ref,355044.44444444444,63,0,0.0,True,ok,700.1763668430337,85.69269521410577,0.037931445864549634,23.968152239672342,26.55870195454358,62,1
109,ref,399880.5555555555,63,0,0.0,True,ok,703.924162257496,85.2364547447541,0.07144863593619223,79.26682025480417,50.294421195824945,62,1
109,ref,444894.44444444444,63,0,0.0,True,ok,713.3156966490297,84.11422920014837,0.035020777738514544,29.052301811413663,24.980870469739333,62,1
109,ref,490525.0,63,0,0.0,True,ok,713.3156966490297,84.11422920014837,0.06362430303390072,67.241954804001,45.38421404243587,62,1
109,ref,536161.1111111111,63,0,0.0,True,ok,723.3686067019404,82.94526392783123,0.03535407735065264,24.782506741287417,25.57402967437423,62,1
109,ref,582433.3333333333,63,0,0.0,True,ok,720.7671957671982,83.24463204257633,0.06056455776444684,67.22159275750778,43.65294646276084,62,1
109,ref,628583.3333333334,63,0,0.0,True,ok,721.208112874778,83.1937396833162,0.042902017522623424,43.553457084995635,30.941283096011894,62,1
109,ref,674780.5555555556,63,0,0.0,True,ok,726.0582010582004,82.63800327928591,0.04876481225695612,56.682125939609804,35.40609186222645,62,1
109,ref,721216.6666666667,63,0,0.0,True,ok,720.1499118165774,83.31598604053157,0.034673274166381066,26.088890873380223,24.969955333311336,62,1
109,ref,767288.8888888889,63,0,0.0,True,ok,721.9576719576726,83.10736533528758,0.030056104238529946,23.04157066031547,21.699235044166215,62,1
109,ref,813544.4444444445,63,0,0.0,True,ok,723.2363315696647,82.960434066939,0.038834543260914255,33.89792170587356,28.086552606207068,62,1
109,ref,859825.0,63,0,0.0,True,ok,722.3985890652559,83.05664062499997,0.032073920750929574,24.346803198084704,23.17015509626236,62,1
109,ref,906022.2222222222,63,0,0.0,True,ok,713.5802469135795,84.08304498269905,0.06235476681467469,70.48150376912501,44.495129899854234,62,1
109,ref,951705.5555555555,63,0,0.0,True,ok,722.5749559082897,83.03636807420058,0.03415117518307756,25.52466186262953,24.676783902128545,62,1
109,ref,997952.7777777778,63,0,0.0,True,ok,723.2363315696647,82.960434066939,0.039856504007012135,37.279485722805155,28.825671747223097,62,1
109,ref,1044205.5555555555,63,0,0.0,True,ok,719.2680776014125,83.4181327775392,0.06326041102167401,66.0486964795675,45.50119422383467,62,1
109,ref,1090275.0,63,0,0.0,True,ok,717.9012345679008,83.57695614789343,0.07154509181896715,86.15156871302763,51.362309744110334,62,1
109,ref,1136225.0,63,0,0.0,True,ok,718.0335097001785,83.56155971753122,0.04986689889708865,51.92553754771396,35.80610443294052,62,1
109,ref,1182150.0,63,0,0.0,True,ok,718.1657848324523,83.54616895874254,0.03046224219456452,23.92657692261583,21.876940073415675,62,1
109,ref,1228116.6666666665,63,0,0.0,True,ok,717.7689594356306,83.59235825296342,0.033244231482474684,24.400416524396658,23.861677438413086,62,1
109,ref,1274072.2222222222,63,0,0.0,True,ok,715.9171075837738,83.80858532980236,0.04170312355464377,39.35018269003927,29.855979592449316,62,1
109,ref,1319908.3333333333,63,0,0.0,True,ok,713.4920634920635,84.09343715239154,0.030733711465634573,24.633918653543713,21.928259212385303,62,1
109,ref,1365605.5555555555,63,0,0.0,True,ok,714.0211640211664,84.0311226380138,0.03245441464863288,23.798800708727853,23.173138925042444,62,1
109,ref,1411291.6666666667,63,0,0.0,True,ok,714.3738977072302,83.98963090976433,0.042724233668485184,41.38344603505477,30.521077332310234,62,1
109,ref,1457122.2222222222,63,0,0.0,True,ok,678.306878306877,88.45553822152903,0.04749534203502855,24.31099529499135,32.21641718989761,62,1
109,ref,1500536.111111111,63,0,0.0,True,ok,733.6860670194045,81.77884615384569,0.043813554358345254,43.46764865379259,32.14539437931522,62,1
109,ref,1547480.5555555555,63,0,0.0,True,ok,695.5467372134048,86.26307448494443,0.059250933273162255,33.03894796800985,41.211793314997166,62,1
109,ref,1591986.111111111,63,0,0.0,True,ok,723.3686067019441,82.94526392783081,0.04958438420615412,50.66267355201045,35.86778691737959,62,1
109,ref,1638244.4444444445,63,0,0.0,True,ok,739.2416225749527,81.16426100441406,0.05542078411659859,62.83413272873814,40.96935037473051,62,1
109,ref,1685555.5555555557,63,0,0.0,True,ok,742.1957671957623,80.84120477633273,0.042751344050263256,43.00711230106735,31.729866596035123,62,1
109,ref,1733063.8888888888,63,0,0.0,True,ok,743.3421516754879,80.71653122960998,0.04011027428294438,40.24300191968608,29.815657589777864,62,1
109,det,947.603121516165,63,0,0.0,True,ok,644.4762966502096,93.09884678747942,0.054777245099199075,39.995686712804094,35.302636062232665,62,1
109,det,42218.50613154961,63,0,0.0,True,ok,696.5015660667832,86.14481707317077,0.05330815329299143,55.99252938224084,37.129212252696675,62,1
109,det,86833.89074693422,63,0,0.0,True,ok,707.8267947833168,84.76649999999997,0.05343878394043479,56.099829121760315,37.82540315367614,62,1
109,det,132107.02341137125,63,0,0.0,True,ok,697.2093928615661,86.05736040609145,0.03491708719750581,25.0085786323099,24.34452116546739,62,1
109,det,176722.40802675585,63,0,0.0,True,ok,702.3411371237455,85.42857142857146,0.03225400050798628,21.518782806461306,22.653311393568952,62,1
109,det,221672.2408026756,63,0,0.0,True,ok,691.0159084072128,86.82868117797695,0.06190921254004171,59.02508188756097,42.78025074213213,62,1
109,det,265897.43589743593,63,0,0.0,True,ok,720.2137636920236,83.30859950859963,0.03598521795029218,27.012352225281514,25.917049257257695,62,1
109,det,311962.09587513935,63,0,0.0,True,ok,683.7606837606835,87.75000000000003,0.057607372500615546,26.563362193141113,39.38965641067728,62,1
109,det,355707.9152731326,63,0,0.0,True,ok,701.1024402328758,85.57950530035326,0.03896111546257239,26.601067481378905,27.315733125004332,62,1
109,det,400579.7101449275,63,0,0.0,True,ok,703.4028773159214,85.29962264150936,0.06999994258085902,76.55973056172724,49.23816102332552,62,1
109,det,445585.2842809364,63,0,0.0,True,ok,713.3124524428877,84.11461175886872,0.03522704717670108,31.59558374455223,25.12789141393395,62,1
109,det,491237.4581939799,63,0,0.0,True,ok,713.1354957441911,84.13548387096778,0.06488022917155199,68.91190291426706,46.26839439425146,62,1
109,det,536889.6321070234,63,0,0.0,True,ok,722.8681141724625,83.00269277845771,0.036768712116320795,27.23407155773633,26.578929588074985,62,1
109,det,583121.5161649944,63,0,0.0,True,ok,721.6294172815905,83.14516920058861,0.07347429049803196,85.1502576866116,53.02120943727311,62,1
109,det,629319.9554069119,63,0,0.0,True,ok,721.6294172815905,83.14516920058861,0.04219027529289111,41.47203593169772,30.445743774558895,62,1
109,det,675529.5429208472,63,0,0.0,True,ok,725.1685512555091,82.73938506588564,0.04880486546999962,56.52699134901202,35.39175358709964,62,1
109,det,721917.502787068,63,0,0.0,True,ok,720.2137636920245,83.30859950859951,0.03411071251966588,25.366714933384745,24.567004646005223,62,1
109,det,767971.0144927537,63,0,0.0,True,ok,723.3989842685479,82.94178082191799,0.030208207331238433,24.15228399478517,21.852586499991585,62,1
109,det,814292.0847268673,63,0,0.0,True,ok,722.6911574737668,83.02301665034273,0.05165069494007384,54.61515591489383,37.327500510566395,62,1
109,det,860557.413600892,63,0,0.0,True,ok,721.6294172815886,83.14516920058881,0.032854610401926714,24.968468616706918,23.708853359355995,62,1
109,det,906711.259754738,63,0,0.0,True,ok,714.1972359363655,84.01040634291388,0.06115811405218281,68.7663039708847,43.67895601114996,62,1
109,det,952441.4715719062,63,0,0.0,True,ok,722.3372440763753,83.06369426751583,0.03463935818040302,26.41200277193072,25.021298524606767,62,1
109,det,998706.8004459309,63,0,0.0,True,ok,722.1602873776759,83.08404802744458,0.039741138870415915,36.56576208211427,28.699472267375683,62,1
109,det,1044905.2396878483,63,0,0.0,True,ok,720.2137636920263,83.3085995085993,0.06324659084131957,67.11401929250859,45.55106523051641,62,1
109,det,1090992.1962095876,63,0,0.0,True,ok,717.913326608978,83.57554843480413,0.07014530096950998,83.91716182658186,50.358246365008874,62,1
109,det,1136967.670011148,63,0,0.0,True,ok,717.2054998141987,83.65803108808252,0.07454660398930645,86.3773540883958,53.46523437360167,62,1
109,det,1182831.6610925305,63,0,0.0,True,ok,718.7981101024623,83.47267355982224,0.031126226956285055,25.8752733008392,22.373473110798013,62,1
109,det,1228862.8762541804,63,0,0.0,True,ok,717.5594132115901,83.6167694204682,0.0330521820534738,25.60268945604133,23.71690435965331,62,1
109,det,1274804.9052396878,63,0,0.0,True,ok,715.9668029233267,83.80276816608973,0.04263766464859617,40.49378419624839,30.527152442572348,62,1
109,det,1320602.0066889632,63,0,0.0,True,ok,714.3741926350631,83.98959623482774,0.03149962310289388,25.247900627191914,22.502517822438595,62,1
109,det,1366321.0702341136,63,0,0.0,True,ok,713.8433225389776,84.05205751115484,0.032707139928566324,26.37402719115432,23.347773437355045,62,1
109,det,1411973.244147157,63,0,0.0,True,ok,716.6746297181096,83.71999999999981,0.046198367155554865,49.45288441312591,33.10919767478856,62,1
109,det,1457803.790412486,63,0,0.0,True,ok,678.2750261011126,88.45969214714329,0.04798356466966624,26.412002771969558,32.546053578742296,62,1
109,det,1501248.6064659976,63,0,0.0,True,ok,733.8394294916023,81.76175548589353,0.04437834286644482,44.90665458220511,32.566577810894586,62,1
109,det,1548193.9799331103,63,0,0.0,True,ok,706.0572277963612,84.97894736842069,0.12276416100784704,119.83660608539918,86.67852319394662,62,1
109,det,1593355.629877369,63,0,0.0,True,ok,723.5759409672455,82.92149669845926,0.058813158690635296,65.05127735779435,42.555786640832366,62,1
109,det,1639643.2552954291,63,0,0.0,True,ok,740.3868273433468,81.03871892925456,0.061410012742994506,72.55361783197742,45.4671645019002,62,1
109,det,1686978.818283166,63,0,0.0,True,ok,743.3950912211762,80.71078314687,0.052768393771648985,59.54915848538718,39.227764901469946,62,1
109,det,1734526.1984392419,63,0,0.0,True,ok,742.3333510290055,80.82622169249082,0.04096285986907051,39.84504328971593,30.408097034338677,62,1
111,ref,547.2222222222223,63,0,0.0,True,ok,862.0811287477953,69.59901800327333,0.03280969356517735,35.02466844157852,28.284617662537368,62,1
111,ref,55750.0,63,0,0.0,True,ok,878.1746031746031,68.3235427022142,0.03281743140952816,32.717199960232065,28.81943480527215,62,1
111,ref,111938.88888888888,63,0,0.0,True,ok,870.2821869488541,68.94315533488698,0.03452299595803669,35.820445850101855,30.044748422386622,62,1
111,ref,167602.77777777778,63,0,0.0,True,ok,835.8024691358021,71.7872968980798,0.03525398032585456,32.11443782298322,29.46536380321423,62,1
111,ref,221108.3333333333,63,0,0.0,True,ok,861.4197530864205,69.65245431744889,0.032397561159491335,33.151760547505404,27.907899134611235,62,1
111,ref,276200.0,63,0,0.0,True,ok,861.4638447971786,69.64888934384273,0.03261969300449696,34.00239525848442,28.10068615175758,62,1
111,ref,331305.55555555556,63,0,0.0,True,ok,861.6843033509693,69.63106994831915,0.03301319500450713,34.21220411481874,28.44695193884843,62,1
111,ref,386472.22222222225,63,0,0.0,True,ok,867.5925925925914,69.15688367129145,0.032590317032273476,31.48631279253521,28.275117647444635,62,1
111,ref,441997.2222222222,63,0,0.0,True,ok,862.7865961199295,69.54210956663941,0.03252369697689009,33.03518091393471,28.061009807927043,62,1
111,ref,497194.44444444444,63,0,0.0,True,ok,859.6119929453264,69.79893311448501,0.04998647245025042,56.46213704028709,42.96897120326641,62,1
111,ref,552166.6666666666,63,0,0.0,True,ok,838.8447971781309,71.52693823915897,0.028395798082550914,29.323057421345634,23.819667483268578,62,1
111,ref,605819.4444444445,63,0,0.0,True,ok,851.2786596119921,70.48220852540537,0.05708582053641835,71.26030915378286,48.59594078909294,62,1
111,ref,660286.1111111111,63,0,0.0,True,ok,864.6825396825378,69.3896282698487,0.03319724729657774,36.06800570370582,28.705080102874103,62,1
111,ref,715608.3333333334,63,0,0.0,True,ok,862.3897707231032,69.57410910578257,0.039945993516424715,40.20587451704585,34.449016189936074,62,1
111,ref,770836.1111111111,63,0,0.0,True,ok,866.5343915343909,69.24133720042747,0.03810563032226558,37.421097131872806,33.01983918533884,62,1
111,ref,826272.2222222222,63,0,0.0,True,ok,847.9717813051151,70.75707154742092,0.03298539573111072,35.54491328186208,27.970684775164095,62,1
111,ref,880519.4444444444,63,0,0.0,True,ok,839.4179894179919,71.47809643870134,0.038604309599025874,37.42109713187211,32.40515194648398,62,1
111,ref,934275.0,63,0,0.0,True,ok,851.3668430335099,70.47490807395513,0.0352473588221169,33.916273676109824,30.008432605655003,62,1
111,ref,988763.8888888889,63,0,0.0,True,ok,860.1851851851845,69.75242195909586,0.03453288111952376,32.247857803820885,29.704672740775507,62,1
111,ref,1043822.2222222224,63,0,0.0,True,ok,869.5767195767165,68.99908731366011,0.03040468017128059,31.110551070247492,26.439202043121416,62,1
111,ref,1099466.6666666667,63,0,0.0,True,ok,878.1305114638415,68.32697328780905,0.030698081476110493,31.634187582010295,26.956921987575583,62,1
111,ref,1155686.1111111112,63,0,0.0,True,ok,886.7283950617264,67.66446223459813,0.03439183125133888,33.11795712347782,30.496213328733447,62,1
111,ref,1212405.5555555555,63,0,0.0,True,ok,869.0035273368611,69.0445989142016,0.03406270818788356,30.76864440133134,29.600613565916994,62,1
111,ref,1268022.222222222,63,0,0.0,True,ok,838.2716049382736,71.57584683357862,0.03471581923009294,30.135182617372738,29.101285502756994,62,1
111,ref,1321650.0,63,0,0.0,True,ok,832.275132275131,72.09154481881765,0.04321178582193874,33.77102130118356,35.964094760798694,62,1
111,ref,1374875.0,63,0,0.0,True,ok,795.458553791885,75.42819134194355,0.03870987552965605,35.51338785371191,30.792101606284085,62,1
111,ref,1425822.2222222222,63,0,0.0,True,ok,824.911816578484,72.73504730343677,0.035306681336676554,29.29120875607153,29.124898638795518,62,1
111,ref,1478675.0,63,0,0.0,True,ok,849.5590828924167,70.62487025119366,0.03483242566037172,32.55322205297411,29.59220359894368,62,1
111,ref,1533091.6666666667,63,0,0.0,True,ok,834.9206349206312,71.86311787072276,0.03318245575395204,31.168501853092998,27.70471702631539,62,1
111,ref,1586555.5555555557,63,0,0.0,True,ok,831.8342151675477,72.12975723523807,0.03722315395875627,30.649091114449398,30.963493059342817,62,1
111,ref,1639733.3333333333,63,0,0.0,True,ok,833.4215167548492,71.99238175854414,0.038595822252227255,32.034896096368264,32.1665887218518,62,1
111,ref,1693061.1111111112,63,0,0.0,True,ok,821.6490299823613,73.02387979608282,0.04974637215845039,31.941522384635032,40.874058429132305,62,1
111,ref,1745602.777777778,63,0,0.0,True,ok,784.7883597883573,76.45373335580675,0.050481954765566904,56.26783535118393,39.6176504793793,62,1
111,det,546.2653288740245,63,0,0.0,True,ok,862.1330360460796,69.59482758620689,0.032844860431083034,35.92978727065294,28.31663924195936,62,1
111,det,55752.50836120402,63,0,0.0,True,ok,878.0591389287041,68.33252720677147,0.03333647835832084,33.50469938893527,29.271399482222577,62,1
111,det,111939.79933110367,63,0,0.0,True,ok,870.2730441860879,68.94387962586416,0.034807150761094974,36.72985757550555,30.291725052302226,62,1
111,det,167603.12151616497,63,0,0.0,True,ok,835.7664879404012,71.79038746559388,0.03421551222963355,30.922236806485518,28.596178489242682,62,1
111,det,221103.67892976588,63,0,0.0,True,ok,861.4252092512962,69.652013147083,0.031803097449284154,30.889806554459547,27.39598987508897,62,1
111,det,276198.43924191745,63,0,0.0,True,ok,861.4252092512971,69.65201314708291,0.033052668435329516,34.44867843299566,28.47240182321747,62,1
111,det,331304.3478260869,63,0,0.0,True,ok,861.6021659499919,69.637707948244,0.034267169611769746,36.428451187530435,29.52466755847656,62,1
111,det,386465.9977703456,63,0,0.0,True,ok,867.61869370565,69.1548031817255,0.033086105482761884,32.005319152340086,28.70612361876121,62,1
111,det,441995.54069119284,63,0,0.0,True,ok,862.6639061421664,69.55200000000005,0.03342869098813001,34.96846991774328,28.837725145039673,62,1
111,det,497190.63545150496,63,0,0.0,True,ok,859.6556422643397,69.79538904899121,0.05541827858701239,65.29733507731534,47.64063587190224,62,1
111,det,552162.7647714604,63,0,0.0,True,ok,838.7747518182307,71.53291139240501,0.028914624895910512,30.5963874937525,24.252857320984575,62,1
111,det,605819.3979933109,63,0,0.0,True,ok,851.1617207269384,70.49189189189187,0.05820317147645082,72.40149914821916,49.54031158566094,62,1
111,det,660278.7068004459,63,0,0.0,True,ok,864.7873865265182,69.38121546961317,0.03247396465315074,34.5068197038135,28.083075022552762,62,1
111,det,715607.5808249721,63,0,0.0,True,ok,862.309992744774,69.58054586497035,0.0360590918958209,33.86177554238111,31.094115271068457,62,1
111,det,770836.1204013377,63,0,0.0,True,ok,866.5569535134756,69.2395344088217,0.0373440540665141,37.2985069481463,32.36074972372098,62,1
111,det,826265.3288740244,63,0,0.0,True,ok,847.9765001504131,70.75667779632721,0.032364961644346005,34.302894120690326,27.444726902674887,62,1
111,det,880512.8205128204,63,0,0.0,True,ok,839.4825786130156,71.47259696458666,0.03783558709149788,36.34581565309075,31.762316214907965,62,1
111,det,934269.7881828316,63,0,0.0,True,ok,851.3386774256342,70.47723965911452,0.034107164902787764,31.911231778288375,29.036748659077343,62,1
111,det,988762.5418060201,63,0,0.0,True,ok,860.186512360425,69.75231433861349,0.035394351500605464,33.624146111392136,30.44574377456479,62,1
111,det,1043823.8573021181,63,0,0.0,True,ok,869.5652173913069,68.9999999999998,0.030893051111651998,31.911231778327732,26.863522705784423,62,1
111,det,1099464.8829431438,63,0,0.0,True,ok,878.0591389287064,68.33252720677129,0.03149158759755205,32.502518923362224,27.651476289404485,62,1
111,det,1155685.6187290968,63,0,0.0,True,ok,900.3556829643812,66.64033018867906,0.131486318160964,162.44473838021875,118.38445378828668,62,1
111,det,1213244.1471571906,63,0,0.0,True,ok,869.3882606926094,69.01404437207403,0.0347373003263236,32.53334161297887,30.200201111859286,62,1
111,det,1268907.469342252,63,0,0.0,True,ok,837.1821415299653,71.66899175649988,0.034386818791664026,30.857342219105377,28.78803059640814,62,1
111,det,1322497.2129319955,63,0,0.0,True,ok,831.3425704730076,72.17241379310325,0.04279507648786575,31.753799975496317,35.57736889101128,62,1
111,det,1375663.3221850614,63,0,0.0,True,ok,796.1281874325341,75.36474772171604,0.03701757300446949,30.986995488522783,29.470733299199804,62,1
111,det,1426599.7770345595,63,0,0.0,True,ok,826.564739608217,72.58959537572262,0.0366464635769424,31.46843802258561,30.290674624037404,62,1
111,det,1479542.9208472685,63,0,0.0,True,ok,849.92302383607,70.59462835727648,0.03677795772907583,35.48064727420314,31.25843304361129,62,1
111,det,1533968.78483835,63,0,0.0,True,ok,834.7047477482286,71.88170447318188,0.032758499706609726,32.409874975444325,27.34367523421609,62,1
111,det,1587424.7491638795,63,0,0.0,True,ok,830.2808302808294,72.26470588235301,0.03902419126786519,33.083239852107454,32.401037926921,62,1
111,det,1640546.2653288739,63,0,0.0,True,ok,833.4660508573565,71.98853503184702,0.038790127741481266,32.34796493811456,32.33025458094478,62,1
111,det,1693890.746934225,63,0,0.0,True,ok,820.7251685512555,73.10608020698577,0.049605428057368034,30.233897302056757,40.71242330344056,62,1
111,det,1746354.5150501672,63,0,0.0,True,ok,785.5107855107857,76.38341968911915,0.04980890145670922,53.18329234312054,39.12542930868898,62,1
112,ref,344.44444444444446,63,0,0.0,True,ok,700.6172839506173,85.63876651982379,0.023984320647868693,23.64666309287805,16.803829589710475,62,1
112,ref,45191.66666666667,63,0,0.0,True,ok,697.8395061728393,85.97965501990272,0.017372031992601296,16.45625847060945,12.122890226935654,62,1
112,ref,89844.44444444445,63,0,0.0,True,ok,695.1058201058202,86.31779257849666,0.01883585216521261,16.39944074383121,13.0929104666921,62,1
112,ref,134341.66666666666,63,0,0.0,True,ok,703.968253968254,85.23111612175873,0.017427644479446152,15.2145154862521,12.268508454975187,62,1
112,ref,179397.22222222222,63,0,0.0,True,ok,710.3615520282187,84.46403078641922,0.020848557593467352,19.351415965778962,14.810013729645174,62,1
112,ref,224852.77777777778,63,0,0.0,True,ok,704.8059964726623,85.12980919612147,0.028466218645134017,17.72688166970927,20.06316159799236,62,1
112,ref,269938.8888888889,63,0,0.0,True,ok,690.9171075837738,86.8410976388003,0.022117696272849707,19.68615764610213,15.281494735253734,62,1
112,ref,314180.55555555556,63,0,0.0,True,ok,705.0264550264553,85.10318949343336,0.022819077244048896,20.09287475920803,16.088053136346648,62,1
112,ref,359313.8888888889,63,0,0.0,True,ok,693.9594356261031,86.46038503081508,0.014406112528890387,14.57533062552136,9.997257720114906,62,1
112,ref,403738.8888888889,63,0,0.0,True,ok,708.7742504409167,84.6531881804044,0.02216107168530024,19.896811661574723,15.707196972716101,62,1
112,ref,449086.1111111111,63,0,0.0,True,ok,710.7142857142848,84.42211055276394,0.015020576592044472,14.904615083152814,10.675338363631592,62,1
112,ref,494577.7777777778,63,0,0.0,True,ok,721.7813051146379,83.12767257177771,0.02026094800065502,16.223959007543737,14.623973490772594,62,1
112,ref,540755.5555555556,63,0,0.0,True,ok,692.8571428571429,86.59793814432989,0.01705076089450522,17.217596789014237,11.81374147690719,62,1
112,ref,585097.2222222221,63,0,0.0,True,ok,694.7530864197539,86.36161705908475,0.01935030027668979,16.94804298119893,13.44368084037925,62,1
112,ref,629561.1111111111,63,0,0.0,True,ok,698.2804232804226,85.92536465239637,0.01849963002082028,19.441243976262562,12.917929481469598,62,1
112,ref,674244.4444444444,63,0,0.0,True,ok,714.6825396825396,83.95335924486398,0.06256434704718927,52.764806932843065,44.71364644126503,62,1
112,ref,719955.5555555555,63,0,0.0,True,ok,690.8289241622579,86.85218279295374,0.01945383495299155,18.429070113512065,13.439271871405282,62,1
112,ref,764158.3333333333,63,0,0.0,True,ok,691.3580246913591,86.78571428571415,0.04263176083830937,49.07294694495513,29.47380996228801,62,1
112,ref,808375.0,63,0,0.0,True,ok,671.1640211640199,89.39692550256225,0.015932979045201395,14.40354700993374,10.693642285099434,62,1
112,ref,851350.0,63,0,0.0,True,ok,692.10758377425,86.69172453335038,0.02300175348354315,15.788545722291591,15.919688026065987,62,1
112,ref,895672.2222222222,63,0,0.0,True,ok,709.3474426807758,84.58478368970664,0.014401936713970461,15.78460400569893,10.215976977705322,62,1
112,ref,941052.7777777778,63,0,0.0,True,ok,705.6437389770733,85.02874281429631,0.01886520263733644,15.218604860228188,13.312112125570232,62,1
112,ref,986250.0,63,0,0.0,True,ok,710.1410934744266,84.49025207997022,0.023323519209014314,18.97802078193688,16.562989434761217,62,1
112,ref,1031694.4444444444,63,0,0.0,True,ok,711.4638447971804,84.33316807139289,0.019901895895712517,14.808279621951366,14.159479372716852,62,1
112,ref,1077222.2222222222,63,0,0.0,True,ok,711.6402116402141,84.31226765799227,0.021686013497504444,20.533990431506112,15.432639234996604,62,1
112,ref,1122794.4444444445,63,0,0.0,True,ok,723.7213403880079,82.9048373339831,0.014391350170769488,13.644808700055119,10.41532723558248,62,1
112,ref,1169105.5555555555,63,0,0.0,True,ok,727.6455026455038,82.45773495728037,0.014257848422213398,13.969301268711655,10.374659281824872,62,1
112,ref,1215677.7777777778,63,0,0.0,True,ok,726.6313932980596,82.57281553398062,0.016841044103307626,17.368725928563066,12.237231341380491,62,1
112,ref,1262169.4444444445,63,0,0.0,True,ok,722.4426807760158,83.05157155935288,0.01409020430120584,14.833470929527268,10.179364968044895,62,1
112,ref,1308427.7777777778,63,0,0.0,True,ok,733.3333333333334,81.81818181818181,0.01931446785449893,17.37947057908945,14.163943093299215,62,1
112,ref,1355350.0,63,0,0.0,True,ok,726.0582010582023,82.63800327928571,0.017307589401452467,16.852311362156605,12.566317225472584,62,1
112,ref,1401825.0,63,0,0.0,True,ok,732.2310405643731,81.94135003311865,0.014446163776084337,13.947011001994541,10.577929533925587,62,1
112,ref,1448647.222222222,63,0,0.0,True,ok,735.1410934744322,81.61698554549211,0.017841643255811744,18.170642314874073,13.116125132458173,62,1
112,ref,1495705.5555555555,63,0,0.0,True,ok,739.3298059964723,81.1545801526718,0.018021296730098037,17.27172328776885,13.323681815268241,62,1
112,ref,1543025.0,63,0,0.0,True,ok,725.3968253968254,82.71334792122538,0.014668257022668283,13.866469360333255,10.640307078348263,62,1
112,ref,1589444.4444444443,63,0,0.0,True,ok,720.7671957672019,83.24463204257592,0.016421798950154005,18.11576671255363,11.836293978755283,62,1
112,ref,1635572.2222222222,63,0,0.0,True,ok,725.7054673721349,82.6781699981772,0.01623906433449149,17.170549142789508,11.784777772548313,62,1
112,ref,1682013.888888889,63,0,0.0,True,ok,722.8395061728374,83.00597779675515,0.016898542237867818,13.94701100194817,12.214933926261208,62,1
112,ref,1728288.8888888888,63,0,0.0,True,ok,728.4832451499163,82.36291005931434,0.017620396058479117,19.370699892742266,12.836163301507662,62,1
112,det,345.5964325529543,63,0,0.0,True,ok,700.5715701367874,85.64435463500885,0.025436315250569677,26.221574889775873,17.81995931358591,62,1
112,det,45195.09476031215,63,0,0.0,True,ok,697.7402629576542,85.99188435201624,0.018292903080016142,17.909015137178802,12.763695005309346,62,1
112,det,89843.92419175028,63,0,0.0,True,ok,695.0859124772165,86.32026476578415,0.01935793753211172,17.512874183566808,13.455429673184833,62,1
112,det,134347.82608695654,63,0,0.0,True,ok,703.9337474120077,85.23529411764713,0.017032671264173856,14.158319620976187,11.98987211142672,62,1
112,det,179397.9933110368,63,0,0.0,True,ok,710.3041885650582,84.4708520179372,0.021913083724404755,21.095421118509158,15.564955153821503,62,1
112,det,224849.49832775918,63,0,0.0,True,ok,704.8185309054878,85.12829525483299,0.029171667017066794,18.460190265347215,20.560731491033092,62,1
112,det,269944.2586399108,63,0,0.0,True,ok,690.838951708517,86.85092213114753,0.02336148744135099,21.518782806445987,16.139025494334604,62,1
112,det,314180.60200668895,63,0,0.0,True,ok,704.995487604184,85.1069277108433,0.02371380606271209,21.047855283195624,16.718126268132764,62,1
112,det,359308.8071348941,63,0,0.0,True,ok,694.0241722850413,86.45232024477313,0.01552791957014808,16.51129612436053,10.776751526980716,62,1
112,det,403734.6711259755,63,0,0.0,True,ok,708.8885349754913,84.63954068896658,0.022708182062486686,20.80839521197587,16.097569914232917,62,1
112,det,449085.8416945374,63,0,0.0,True,ok,710.6581019624488,84.4287848605579,0.016897625335389275,18.186690845442726,12.008434348520328,62,1
112,det,494581.9397993311,63,0,0.0,True,ok,721.6294172815905,83.14516920058861,0.022915264961421763,20.95239966524292,16.536329300964034,62,1
112,det,540758.0824972129,63,0,0.0,True,ok,692.7854753941712,86.60689655172412,0.018920802109260962,20.46844523365999,13.108056884103393,62,1
112,det,585094.7603121516,63,0,0.0,True,ok,694.7319990798244,86.36423841059613,0.02054706507232341,19.048070931913376,14.27470359291848,62,1
112,det,629565.2173913043,63,0,0.0,True,ok,698.2711330537411,85.92650785605684,0.01972152429516322,20.80839521197889,13.770971115130505,62,1
112,det,674247.4916387959,63,0,0.0,True,ok,714.7281060324527,83.94800693240914,0.06370562548407527,54.449738606407905,45.532201045845866,62,1
112,det,719955.4069119287,63,0,0.0,True,ok,690.8389517085179,86.85092213114741,0.020691871447338056,20.022887628403897,14.294750779566437,62,1
112,det,764158.3054626533,63,0,0.0,True,ok,691.3698218046034,86.78423342718212,0.04453737091904251,51.731175256726985,30.791794195943943,62,1
112,det,808372.3522853957,63,0,0.0,True,ok,671.1967581532792,89.39256525177969,0.01691711515707792,16.018310102718676,11.354712850736403,62,1
112,det,851348.9409141584,63,0,0.0,True,ok,692.0776485993863,86.69547430324744,0.023557752215708244,17.455548746012358,16.303793759734344,62,1
112,det,895674.4704570791,63,0,0.0,True,ok,709.4194050715786,84.57620354203048,0.01579089794925419,17.224339216507854,11.202369428705918,62,1
112,det,941059.0858416945,63,0,0.0,True,ok,705.5263577002703,85.04288939051924,0.020549321127704995,17.740323637069707,14.498087688442915,62,1
112,det,986254.1806020066,63,0,0.0,True,ok,710.1272318663633,84.49190132070758,0.024359119191855808,20.419418947126644,17.29807388241537,62,1
112,det,1031694.5373467113,63,0,0.0,True,ok,711.5428854559293,84.32380004973882,0.022954402450967856,20.32101153607873,16.333041753878323,62,1
112,det,1077224.0802675586,63,0,0.0,True,ok,711.5428854559275,84.32380004973905,0.02153033617201746,20.517354372022385,15.319757524673433,62,1
112,det,1122798.216276477,63,0,0.0,True,ok,723.7528976659394,82.90122249388773,0.016437414667305517,17.340329343276068,11.89662649559898,62,1
112,det,1169108.138238573,63,0,0.0,True,ok,727.6459450372495,82.45768482490271,0.015616271299799273,16.752349694470464,11.363116487900518,62,1
112,det,1215674.4704570791,63,0,0.0,True,ok,726.7611615437689,82.55807158509876,0.016497678667899758,17.282431587945805,11.989872111458686,62,1
112,det,1262173.9130434783,63,0,0.0,True,ok,722.3372440763734,83.06369426751606,0.015222753953622624,16.389439874980756,10.995962138112484,62,1
112,det,1308428.093645485,63,0,0.0,True,ok,733.308559395517,81.82094594594582,0.020147294795951846,18.568462104444265,14.774183722536245,62,1
112,det,1355351.1705685619,63,0,0.0,True,ok,726.0533347489859,82.63855715330259,0.017763997462509267,17.85296174416576,12.897609596127376,62,1
112,det,1401828.3166109251,63,0,0.0,True,ok,732.2468192033425,81.93958434026082,0.015181810081363973,15.37987181669669,11.116832141828008,62,1
112,det,1448651.0590858415,63,0,0.0,True,ok,735.0781263824781,81.6239768897444,0.020360773249073868,22.475635619822942,14.9667590516277,62,1
112,det,1495707.9152731325,63,0,0.0,True,ok,739.325087151176,81.15509813307781,0.01853241428618277,17.796731803682402,13.701478807253777,62,1
112,det,1543021.1817168337,63,0,0.0,True,ok,725.5224646529042,82.69902439024335,0.016397323412009942,15.955615889098597,11.896626495592223,62,1
112,det,1589442.586399108,63,0,0.0,True,ok,720.7446337881136,83.24723790817562,0.0167052076190635,18.51440533143446,12.040188747756329,62,1
112,det,1635574.1360089185,63,0,0.0,True,ok,725.6994213515982,82.67885881492286,0.018032523523601872,19.669366231904558,13.08619188658696,62,1
112,det,1682017.8372352284,63,0,0.0,True,ok,722.8681141724625,83.00269277845771,0.019031273432045134,17.455548745973978,13.757100736122954,62,1
112,det,1728294.314381271,63,0,0.0,True,ok,728.3537718320324,82.37755102040819,0.017815949854532605,19.821647469404763,12.976314275319172,62,1
113,ref,472.22222222222223,63,0,0.0,True,ok,1034.1710758377426,58.01748028138989,0.08728400179890511,122.30670752210801,90.26659004379715,62,1
113,ref,66761.11111111111,63,0,0.0,True,ok,1033.3774250440915,58.06203865682469,0.05649562138420979,78.1727999927202,58.381299752280626,62,1
113,ref,132891.6666666667,63,0,0.0,True,ok,1028.4391534391532,58.34083601286175,0.09033650455935852,101.53761125515618,92.90559827367888,62,1
113,ref,198950.0,63,0,0.0,True,ok,1051.984126984127,57.03508110147114,0.07342676988698495,85.79619256529907,77.24379641682424,62,1
113,ref,266219.44444444444,63,0,0.0,True,ok,1034.6119929453264,57.992755167270396,0.06590609047810184,84.68953185637557,68.18723161678393,62,1
113,ref,332408.3333333334,63,0,0.0,True,ok,1034.7442680776012,57.98534174194649,0.09040165677055591,118.64888849686095,93.54259616805139,62,1
113,ref,398480.55555555556,63,0,0.0,True,ok,1040.873015873016,57.64391917651544,0.08922611984755927,132.55541434947173,92.87306046037618,62,1
113,ref,465119.4444444445,63,0,0.0,True,ok,1013.0952380952381,59.22444183313748,0.08630532617465704,120.16795544127122,87.43551496980136,62,1
113,ref,530011.111111111,63,0,0.0,True,ok,1026.9400352733708,58.426001459791216,0.06875731752517594,92.51669529767732,70.60964208460653,62,1
113,ref,595797.2222222222,63,0,0.0,True,ok,1019.4003527336846,58.85813148788936,0.062071043731184244,82.62316874064527,63.27524387411718,62,1
113,ref,661186.1111111111,63,0,0.0,True,ok,985.4056437389762,60.888630363774716,0.1217157057955632,124.85555174391027,119.9393434226208,62,1
113,ref,724366.6666666666,63,0,0.0,True,ok,1003.218694885363,59.80749791236312,0.12231045132589564,89.349027446824,122.70413135000474,62,1
113,ref,788686.1111111111,63,0,0.0,True,ok,1028.9682539682522,58.310836868492196,0.08491901332614601,99.90163421744295,87.37896887091121,62,1
113,ref,854558.3333333333,63,0,0.0,True,ok,1015.2557319223988,59.09841049248674,0.0788273454956113,86.45439724887011,80.02991434664665,62,1
113,ref,919558.3333333333,63,0,0.0,True,ok,989.5943562610256,60.63090358224899,0.09103910331053994,105.88928097201952,90.09178283517477,62,1
113,ref,982811.1111111111,63,0,0.0,True,ok,1017.8130511463849,58.94992202391265,0.1347274838520688,112.06134890299296,137.12739141274946,62,1
113,ref,1048061.1111111111,63,0,0.0,True,ok,1026.1022927689585,58.47370230319703,0.06793508942806525,89.42629883400483,69.70835102160198,62,1
113,ref,1113727.777777778,63,0,0.0,True,ok,987.2134038800676,60.77713264850398,0.10315343419005235,83.59650797110422,101.83445288868013,62,1
113,ref,1176966.6666666667,63,0,0.0,True,ok,1020.7231040564328,58.78185745140415,0.09506237374236703,79.95932483473379,97.03236120528162,62,1
113,ref,1242252.7777777778,63,0,0.0,True,ok,985.5379188712539,60.88045812455251,0.1253958062190694,133.54411356115185,123.58232189632469,62,1
113,ref,1305305.5555555557,63,0,0.0,True,ok,971.2522045855359,61.775921554385455,0.11371528071003292,137.93309115076516,110.44621708468254,62,1
113,ref,1367491.6666666665,63,0,0.0,True,ok,997.7513227513252,60.13522471165304,0.06389970158402229,86.28508844208017,63.75601177887319,62,1
113,ref,1431308.3333333335,63,0,0.0,True,ok,948.6331569664883,63.248896118986885,0.12130130867895313,103.561864299362,115.07044339628179,62,1
113,ref,1492080.5555555555,63,0,0.0,True,ok,976.1904761904761,61.463414634146346,0.09524017525332132,95.31670782668432,92.97255203300413,62,1
113,ref,1554477.777777778,63,0,0.0,True,ok,929.0564373897699,64.58165250818666,0.09917340041613883,98.03932110478259,92.13768607444706,62,1
113,ref,1614000.0,63,0,0.0,True,ok,1016.3580246913572,59.03431521409055,0.08176419513005567,83.32138504544714,83.10169585286206,62,1
113,ref,1678938.8888888888,63,0,0.0,True,ok,963.0952380952381,62.2991347342398,0.10981732317481319,83.74153309314983,105.76454101002841,62,1
113,ref,1740675.0,63,0,0.0,True,ok,986.1111111111111,60.845070422535215,0.1268191091010463,134.61525332487196,125.05773258575398,62,1
113,det,479.3756967670011,63,0,0.0,True,ok,655.9784820654385,91.46641489074725,0.433578395859762,402.6990496164355,284.41809797245446,62,1
113,det,42162.764771460425,63,0,0.0,True,ok,687.8306878306878,87.23076923076924,0.4248257677996609,431.4502536973917,292.2082000738408,62,1
113,det,85841.69453734672,63,0,0.0,True,ok,730.4772522163823,82.13808139534888,0.4103817145248962,401.8793571388182,299.774507185994,62,1
113,det,132229.65440356746,63,0,0.0,True,ok,718.6211534037619,83.4932282688993,0.4094790867209119,395.9295037139679,294.26033359410076,62,1
113,det,178494.98327759196,63,0,0.0,True,ok,632.2662844401974,94.89672544080605,0.4625807430696007,427.7781110195749,292.47420767420203,62,1
113,det,219364.54849498326,63,0,0.0,True,ok,727.9998584346414,82.41759844433638,0.4138377696607082,399.2244458454003,301.2738377279033,62,1
113,det,265574.13600891863,63,0,0.0,True,ok,669.7811045637133,89.58150594451783,0.4230313054248619,418.5597763086306,283.33837501249354,62,1
113,det,308662.20735785953,63,0,0.0,True,ok,667.4806674806676,89.890243902439,0.4301036063944315,419.68851327136906,287.0858422819975,62,1
113,det,351783.723522854,63,0,0.0,True,ok,638.990638990638,93.89808917197468,0.43592886169042255,423.0613936740212,278.55446188602457,62,1
113,det,393110.36789297656,63,0,0.0,True,ok,709.4194050715786,84.57620354203048,0.4213496601067687,414.1689657123467,298.9136252000557,62,1
113,det,438160.53511705686,63,0,0.0,True,ok,659.6945727380503,90.95118025751083,0.43299455435141565,422.0081862156847,285.6441575307596,62,1
113,det,480434.7826086956,63,0,0.0,True,ok,653.3241315850016,91.83802816901402,0.4234770325299424,413.44717591981583,276.6677645238181,62,1
113,det,521950.94760312146,63,0,0.0,True,ok,671.5506715506716,89.34545454545454,0.419554468449185,420.7379985640608,281.75208503913524,62,1
113,det,564983.2775919732,63,0,0.0,True,ok,746.9342251950967,80.32835820895501,0.3835896767448341,386.14594326254144,286.51625799224024,62,1
113,det,613065.7748049053,63,0,0.0,True,ok,630.6736741519334,95.13636363636388,0.4301144077078446,393.0789144543772,271.261833814789,62,1
113,det,653132.6644370123,63,0,0.0,True,ok,692.2546052980839,86.67331288343554,0.40821739548033875,386.0031574872635,282.5903719840537,62,1
113,det,697491.6387959865,63,0,0.0,True,ok,781.0868680433903,76.8160398731309,0.34413380496570894,352.6757559439686,268.7983959085205,62,1
113,det,747447.0457079152,63,0,0.0,True,ok,756.4898869246706,79.3136842105262,0.39740899735488827,403.6735314319839,300.63588747184616,62,1
113,det,795429.2084726867,63,0,0.0,True,ok,618.8175753393148,96.9591078066914,0.42072247786701744,400.1773339603337,260.35046364441627,62,1
113,det,834760.3121516166,63,0,0.0,True,ok,614.5706145706132,97.6291390728479,0.44424619999409154,437.50124015320336,273.0206601510284,62,1
113,det,873790.4124860646,63,0,0.0,True,ok,660.5793562315308,90.82935976426457,0.4002783548429787,386.5999107908409,264.41561795559113,62,1
113,det,916499.442586399,63,0,0.0,True,ok,649.6080409123891,92.3633887224189,0.4297818709360161,396.34192116756935,279.1897591984067,62,1
113,det,958026.7558528428,63,0,0.0,True,ok,802.3216718868888,74.78297309219236,0.34405128679821934,337.05722827430196,276.0398036387828,62,1
113,det,1008929.7658862876,63,0,0.0,True,ok,789.2268761833964,76.02376681614365,0.3704071118603931,409.63079741275004,292.3352478096919,62,1
113,det,1059308.8071348942,63,0,0.0,True,ok,687.1228610359036,87.32062838011858,0.4159122396484346,392.0755450058821,285.78280804708277,62,1
113,det,1103589.7435897437,63,0,0.0,True,ok,737.5555201642112,81.34980806142086,0.4048476610106294,378.89578545713835,298.597627203959,62,1
113,det,1150668.8963210701,63,0,0.0,True,ok,739.8559572472614,81.09686677828273,0.4017435276448641,342.80973001742416,297.2323422135825,62,1
113,det,1197614.2697881828,63,0,0.0,True,ok,828.5112632938719,72.41905168731311,0.3084133582794358,321.1099398855024,255.52394108480087,62,1
113,det,1250824.9721293198,63,0,0.0,True,ok,831.6964838703991,72.14170212765939,0.3252457258689397,325.22248809921837,270.50572659907283,62,1
113,det,1304347.8260869565,63,0,0.0,True,ok,847.0917166569344,70.8305828284938,0.2945797332710216,310.11245130029727,249.53605194889155,62,1
113,det,1358483.8350055742,63,0,0.0,True,ok,805.1529790660226,74.52,0.338324357491888,327.3328784661842,272.4028643251916,62,1
113,det,1410334.448160535,63,0,0.0,True,ok,837.889968324752,71.60844772967256,0.2777298032586515,276.11990372131567,232.7070160552311,62,1
113,det,1463678.9297658864,63,0,0.0,True,ok,900.17872626568,66.65343031256164,0.24099771728154396,243.97541438146553,216.94101817543668,62,1
113,det,1521360.0891861762,63,0,0.0,True,ok,885.4913202739276,67.7589928057555,0.2310286854191477,234.3789971195498,204.57389567295098,62,1
113,det,1578015.607580825,63,0,0.0,True,ok,832.2273539664808,72.09568360620912,0.26325156208779754,225.24636171842724,219.0851509438705,62,1
113,det,1631527.3132664436,63,0,0.0,True,ok,768.5229424359868,78.07183974211365,0.3842714929936909,392.4766898485155,295.32145848978104,62,1
113,det,1680301.0033444816,63,0,0.0,True,ok,851.3386774256322,70.47723965911467,0.2652607845125815,245.5152234732156,225.82676545982676,62,1
113,det,1734604.2363433666,63,0,0.0,True,ok,785.3338288120955,76.40063091482594,0.3687131689777297,374.37713492031423,289.56292472672163,62,1
114,ref,861.1111111111112,63,0,0.0,True,ok,1099.9559082892415,54.547640998917714,0.03889449969805741,47.52040581201347,42.782234742832365,62,1
114,ref,71241.66666666666,63,0,0.0,True,ok,1079.6296296296296,55.57461406518011,0.13349913316060988,239.11566089061037,144.12961969006585,62,1
114,ref,140400.0,63,0,0.0,True,ok,1087.0811287477957,55.193672683025746,0.08494602141034284,153.46173069443444,92.34321683738992,62,1
114,ref,209969.44444444444,63,0,0.0,True,ok,1082.6719576719584,55.41844838118506,0.17777608671695913,310.99368143497895,192.47318383310997,62,1
114,ref,279236.11111111107,63,0,0.0,True,ok,1064.506172839507,56.36416352565957,0.18081756577757724,328.79148877426445,192.48141492804456,62,1
114,ref,347319.44444444444,63,0,0.0,True,ok,1068.0776014109354,56.17569352708055,0.1440960848230781,257.3107192724184,153.90580065053993,62,1
114,ref,415369.4444444445,63,0,0.0,True,ok,1099.2945326278652,54.580458848066776,0.14041408131819796,249.244927033492,154.35643189705948,62,1
114,ref,485683.3333333333,63,0,0.0,True,ok,1082.142857142858,55.4455445544554,0.17888302822554228,337.9901709151079,193.57699125835484,62,1
114,ref,555005.5555555556,63,0,0.0,True,ok,998.1040564373872,60.11397269956282,0.14355206116649616,222.3996827266945,143.27989456022775,62,1
114,ref,618772.2222222222,63,0,0.0,True,ok,952.072310405643,63.020423285324,0.05111523827313186,52.48693679812628,48.665402999635596,62,1
114,ref,679777.7777777779,63,0,0.0,True,ok,986.9929453262779,60.79070806343538,0.1629655041235937,154.2580616429557,160.84580290152743,62,1
114,ref,743008.3333333334,63,0,0.0,True,ok,995.5026455026449,60.271060324209444,0.102177679945657,160.31466407454926,101.71815069722409,62,1
114,ref,806736.1111111111,63,0,0.0,True,ok,1003.0423280423274,59.81801397863646,0.10065209754066522,166.37930723186133,100.95831423953226,62,1
114,ref,870869.4444444444,63,0,0.0,True,ok,977.2486772486785,61.396859772604145,0.04062027113065401,48.5963879393408,39.696106231914314,62,1
114,ref,933419.4444444445,63,0,0.0,True,ok,958.3774250440913,62.60581523739421,0.1159068794993375,192.05553767070717,111.08253671947085,62,1
114,ref,994736.1111111111,63,0,0.0,True,ok,942.5485008818315,63.65720166534144,0.04076684713217012,46.36986389002375,38.42473065010574,62,1
114,ref,1055038.8888888888,63,0,0.0,True,ok,945.3703703703728,63.46718903036223,0.04111582522113396,51.11997351868969,38.869682917386925,62,1
114,ref,1115497.2222222222,63,0,0.0,True,ok,931.7019400352701,64.39827741233282,0.03742447420916746,43.750177788801025,34.868455225481256,62,1
114,ref,1175138.888888889,63,0,0.0,True,ok,934.5238095238095,64.20382165605096,0.035743478180872854,36.617622244768015,33.40313139522046,62,1
114,ref,1234969.4444444445,63,0,0.0,True,ok,884.4356261022899,67.83987237648958,0.046831714956672994,47.02679358643216,41.41963713914905,62,1
114,ref,1291605.5555555555,63,0,0.0,True,ok,884.2151675485037,67.85678667597465,0.04209809965833677,43.493408958855575,37.22377824286985,62,1
114,ref,1348161.111111111,63,0,0.0,True,ok,870.0176366843054,68.9641191972429,0.036741219983674585,42.31720358007359,31.965509379094737,62,1
114,ref,1403819.4444444443,63,0,0.0,True,ok,879.541446208115,68.21736514938824,0.04867064983992772,52.655016632665316,42.807853748098786,62,1
114,ref,1460133.3333333335,63,0,0.0,True,ok,888.5802469135757,67.52344564084787,0.04260124617563398,45.86251379123149,37.854625845570865,62,1
114,ref,1517011.1111111112,63,0,0.0,True,ok,853.395061728393,70.30741410488262,0.04194327722337053,40.58328702783413,35.7941856551294,62,1
114,ref,1571580.5555555555,63,0,0.0,True,ok,838.8888888888926,71.5231788079467,0.07163593776396454,90.4255063702143,60.09459223532607,62,1
114,ref,1625238.8888888888,63,0,0.0,True,ok,858.4215167548492,69.89573167599781,0.0454626929664393,39.575668942992124,39.02615385201084,62,1
114,ref,1680155.5555555555,63,0,0.0,True,ok,857.936507936508,69.93524514338576,0.04837028934362678,49.97012249509377,41.49863712734964,62,1
114,ref,1735005.5555555555,63,0,0.0,True,ok,830.4673721340396,72.24847358640821,0.06345235025646621,68.48622055140173,52.69510657321615,62,1
114,det,869.5652173913044,63,0,0.0,True,ok,1099.7858823945778,54.556074014481105,0.039054618742503204,48.73835729386552,42.9517183353077,62,1
114,det,71248.60646599777,63,0,0.0,True,ok,1063.1558457645415,56.435752330226364,0.16869660289346,273.24823266953933,179.35077952680146,62,1
114,det,139264.21404682272,63,0,0.0,True,ok,1087.3989134858703,55.17754271765662,0.09145490876107353,166.32259617861865,99.44796841974075,62,1
114,det,208885.17279821628,63,0,0.0,True,ok,1065.4562828475869,56.3139013452915,0.19440053665911877,320.83826925829993,207.12527317240074,62,1
114,det,277056.856187291,63,1,0.015873015873015872,True,ok,1067.7167619664115,56.19467834287638,0.16547326989199923,303.4774519068755,176.6785839210795,60,2
114,det,346298.773690078,63,0,0.0,True,ok,1067.5797632319377,56.20188960716059,0.1566914140386637,280.7777198043934,167.28058269987412,62,1
114,det,414615.38461538457,63,0,0.0,True,ok,1094.4771814337037,54.8206952303961,0.16055985629840694,289.29781476819,175.7290989728809,62,1
114,det,484626.53288740246,63,0,0.0,True,ok,1081.3823857302111,55.484536082474264,0.1929489126065245,365.6877712561825,208.65155543849346,62,1
114,det,553857.3021181717,63,0,0.0,True,ok,1001.9288280157849,59.88449311197454,0.153066122688191,240.4831328395706,153.36136091389955,62,1
114,det,617892.9765886287,63,0,0.0,True,ok,951.1422554900822,63.082046511627865,0.052028316902398744,53.63368818132097,49.486330687900306,62,1
114,det,678751.3935340022,63,0,0.0,True,ok,987.0644653253349,60.786303334528505,0.16752044598189844,164.93682774448723,165.35347944418425,62,1
114,det,741962.0958751393,63,0,0.0,True,ok,996.6201270549088,60.20348011363642,0.11012502717127663,175.36894988291692,109.75281857136301,62,1
114,det,805730.2118171683,63,0,0.0,True,ok,1003.6983950027442,59.77891396332855,0.11119669729576928,185.61443626604677,111.6079466053696,62,1
114,det,869933.1103678929,63,0,0.0,True,ok,975.5622799101079,61.5029929258116,0.0395261330326632,46.95783384470044,38.560204457375136,62,1
114,det,932441.4715719062,63,0,0.0,True,ok,959.6361770274816,62.52369537156554,0.12035556658430722,200.74380352306005,115.4975558009411,62,1
114,det,993801.5607580824,63,0,0.0,True,ok,941.9405071578979,63.69829043772313,0.04121201134066884,48.24227967485676,38.81926286322665,62,1
114,det,1054124.8606465997,63,0,0.0,True,ok,945.833554529208,63.43610851262854,0.04089653417763217,51.59537219966317,38.681314289155075,62,1
114,det,1114604.2363433666,63,0,0.0,True,ok,931.8539753322386,64.38777060387375,0.03811380511053675,44.34515894828383,35.51650080729186,62,1
114,det,1174202.8985507246,63,0,0.0,True,ok,918.5822229300485,65.31805047197075,0.09592280588336742,93.79819964138152,88.11298425803118,62,1
114,det,1233076.923076923,63,0,0.0,True,ok,887.2608872608888,67.62385321100906,0.049628848485933,50.33675896549659,44.03373614136513,62,1
114,det,1289843.9241917501,63,0,0.0,True,ok,883.3678398895787,67.92187500000003,0.04226651036450811,43.292983674932444,37.33687596036602,62,1
114,det,1346410.2564102563,63,0,0.0,True,ok,870.8039142821752,68.90184921763868,0.0371551495698521,42.61630687045376,32.35484968116689,62,1
114,det,1402118.171683389,63,0,0.0,True,ok,879.2978358195747,68.23626484202055,0.049654926344947795,54.191419175754476,43.66146927289298,62,1
114,det,1458372.3522853956,63,0,0.0,True,ok,888.3226274530632,67.54302788844615,0.0432878877312385,47.40394859539094,38.453610166307,62,1
114,det,1515273.1326644372,63,0,0.0,True,ok,855.0547680982411,70.1709437086097,0.041996623460496346,42.28575988737212,35.909413133923856,62,1
114,det,1569966.5551839464,63,0,0.0,True,ok,838.7747518182289,71.53291139240517,0.07164318525123484,90.00282420869007,60.092494928571895,62,1
114,det,1623623.1884057971,63,0,0.0,True,ok,855.9395515917254,70.09840810419682,0.04616431243052356,38.98040212507575,39.51386088132265,62,1
114,det,1678450.3901895205,63,0,0.0,True,ok,858.9478154695548,69.85290482076635,0.04819385926811334,50.35666672144499,41.39601013739311,62,1
114,det,1733377.9264214048,63,0,0.0,True,ok,831.6964838703917,72.14170212766003,0.061733774101067486,67.6346944301141,51.34376285590688,62,1
115,ref,447.22222222222223,63,0,0.0,True,ok,955.5114638447972,62.79359512712842,0.07047723917778376,70.08574852675281,67.34180997450405,62,1
115,ref,61580.555555555555,63,0,0.0,True,ok,953.7477954144622,62.9097129120244,0.06065718088543306,73.88154489603131,57.85165254553804,62,1
115,ref,122652.77777777777,63,0,0.0,True,ok,943.2539682539685,63.609591922591484,0.0686100398617981,81.63136534960621,64.71669236170402,62,1
115,ref,182952.77777777778,63,0,0.0,True,ok,946.031746031746,63.42281879194631,0.08139665597280128,60.48164737715643,77.00382057109455,62,1
115,ref,243483.3333333333,63,0,0.0,True,ok,953.7037037037043,62.912621359223266,0.07180698345925735,71.46086841658918,68.48258607688436,62,1
115,ref,304594.44444444444,63,0,0.0,True,ok,946.1199294532629,63.41690744710597,0.06363615534367094,78.81177133320456,60.20743480443083,62,1
115,ref,365038.8888888889,63,0,0.0,True,ok,948.2804232804236,63.27242293206861,0.07354582469066279,84.64469982863696,69.74206576816954,62,1
115,ref,425625.0,63,0,0.0,True,ok,935.9347442680775,64.10703349507703,0.09441958146822937,81.35954001280503,88.37056683536616,62,1
115,ref,485525.0,63,0,0.0,True,ok,945.7671957671964,63.4405594405594,0.060771262001460394,67.67274016211073,57.475466046354775,62,1
115,ref,545986.1111111111,63,0,0.0,True,ok,919.6649029982361,65.24115447310386,0.060005958703365565,69.63504309900125,55.185374190246854,62,1
115,ref,604761.111111111,63,0,0.0,True,ok,908.1128747795417,66.0710817634492,0.06860343454712016,77.16492420575412,62.29966216633541,62,1
115,ref,662866.6666666666,63,0,0.0,True,ok,914.1975308641984,65.63133018230918,0.07237049026557361,75.74549838562052,66.1609235082189,62,1
115,ref,721330.5555555555,63,0,0.0,True,ok,923.3686067019404,64.97946709960841,0.07839429560354477,75.2286439130462,72.38683150482518,62,1
115,ref,780308.3333333333,63,0,0.0,True,ok,916.9753086419761,65.43251430494777,0.06651108838653982,68.49076337337141,60.98902580136111,62,1
115,ref,839036.1111111111,63,0,0.0,True,ok,941.1816578483235,63.749648646116434,0.08477427631873198,84.64249436216383,79.78799392855603,62,1
115,ref,899344.4444444444,63,0,0.0,True,ok,928.3950617283967,64.62765957446797,0.08419170035935605,90.30293280641506,78.16315885214304,62,1
115,ref,958766.6666666666,63,0,0.0,True,ok,907.6719576719582,66.10317691635088,0.07599464654945062,70.42939500949264,68.97820960612837,62,1
115,ref,1016897.2222222222,63,0,0.0,True,ok,892.4603174603175,67.22987994664295,0.06020946313822422,52.330209405364506,53.73455658645487,62,1
115,ref,1074105.5555555555,63,0,0.0,True,ok,954.1887125220475,62.88064322351082,0.09203440936148716,83.95823049789517,87.8181945763645,62,1
115,ref,1135088.888888889,63,0,0.0,True,ok,888.227513227512,67.55026061057345,0.068575475393889,58.63974822319825,60.910623977508465,62,1
115,ref,1191961.1111111112,63,0,0.0,True,ok,902.3368606701944,66.49401417053504,0.083578200594237,74.50219768017229,75.41569114466759,62,1
115,ref,1249913.8888888888,63,0,0.0,True,ok,841.7989417989443,71.27592708988037,0.10156087843798448,48.235233944820486,85.49383999726655,62,1
115,ref,1303691.6666666665,63,0,0.0,True,ok,898.104056437389,66.80740340713835,0.09901885781743469,61.85398911737212,88.92923786963516,62,1
115,ref,1361102.777777778,63,0,0.0,True,ok,896.2081128747742,66.94873560956451,0.09625510619410967,71.72335981037641,86.26460707678402,62,1
115,ref,1418602.777777778,63,0,0.0,True,ok,925.7495590828892,64.81234520861139,0.11136489088098421,79.29350651370262,103.0959986303852,62,1
115,ref,1477894.4444444445,63,0,0.0,True,ok,919.7530864197539,65.234899328859,0.0998474639092838,75.17982557069045,91.83501310174876,62,1
115,ref,1536788.8888888888,63,0,0.0,True,ok,937.4779541446229,64.00150503245212,0.11368397580150637,78.40409625664832,106.57622105342301,62,1
115,ref,1596747.2222222222,63,0,0.0,True,ok,917.9453262786587,65.36336999855907,0.15716074466460928,86.12989736109728,144.26497103935174,62,1
115,ref,1655400.0,63,0,0.0,True,ok,1011.72839506173,59.30445393532632,0.12215993956172991,101.13540513215634,123.59267959362694,62,1
115,ref,1719977.777777778,63,0,0.0,True,ok,901.0141093474369,66.59163200391528,0.12311168115723216,65.83543166202789,110.92536174814917,62,1
115,det,445.9308807134894,63,0,0.0,True,ok,955.5661729574772,62.790000000000006,0.07113329906983853,71.3978102498683,67.97257436200528,62,1
115,det,61583.05462653289,63,0,0.0,True,ok,953.7966059705188,62.90649350649352,0.06090734457341686,74.54325027564876,58.0932185328019,62,1
115,det,122107.02341137124,63,0,0.0,True,ok,938.2244164852862,63.95058468502451,0.08698247687925378,93.64848174919435,81.60908361448277,62,1
115,det,182084.72686733556,63,0,0.0,True,ok,927.2531011661446,64.70725190839696,0.11413158223005318,106.06462074211544,105.82886356381564,62,1
115,det,241549.6098104794,63,0,0.0,True,ok,953.7966059705193,62.90649350649349,0.07149214522424185,70.5362879632761,68.18896546843335,62,1
115,det,302564.10256410256,63,0,0.0,True,ok,949.0187751057314,63.22319597240352,0.06362845271204065,77.09461803280418,60.38459625465377,62,1
115,det,363311.03678929765,63,0,0.0,True,ok,946.1874679265985,63.412380774265934,0.07486236938147857,84.11996143300998,70.83383572804692,62,1
115,det,423846.1538461538,63,0,0.0,True,ok,934.3313691139781,64.21704545454543,0.09472665101802094,81.76352966473003,88.50608153724951,62,1
115,det,483701.22630992194,63,0,0.0,True,ok,945.6565978305123,63.44797904191607,0.06138642811756381,70.67824078941179,58.05048076662269,62,1
115,det,544202.8985507246,63,0,0.0,True,ok,917.5204827378741,65.39363548698168,0.05910863625374132,65.18979910373187,54.23338446951014,62,1
115,det,603032.3299888518,63,0,0.0,True,ok,906.7261241174281,66.17213114754101,0.06927046941711097,77.76772014893066,62.809344250371865,62,1
115,det,661114.8272017837,63,0,0.0,True,ok,914.1583054626549,65.6341463414633,0.07261128907745651,77.12061520703548,66.37821298050662,62,1
115,det,719576.3656633222,63,0,0.0,True,ok,924.0678805896184,64.93029490616631,0.07809909181739243,75.78338944078959,72.16886225167183,62,1
115,det,778673.3556298774,63,0,0.0,True,ok,914.5122188600445,65.608746130031,0.06930493785018756,69.21666379064864,63.38021249133251,62,1
115,det,837168.3389074693,63,0,0.0,True,ok,941.5865937605082,63.72223266303317,0.08529447498233309,84.63075597987005,80.31213416520589,62,1
115,det,897424.7491638795,63,0,0.0,True,ok,924.5987506857075,64.89301435406696,0.07786662356974319,84.53595812764522,71.99538287269883,62,1
115,det,956833.8907469342,63,0,0.0,True,ok,910.4422147900406,65.90204081632655,0.07615245610825075,72.20743006696841,69.33241080089716,62,1
115,det,1015061.315496098,63,0,0.0,True,ok,892.7465449204587,67.20832507433096,0.06094182181560197,53.220970911296845,54.405600867036895,62,1
115,det,1072207.3578595319,63,0,0.0,True,ok,955.5661729574758,62.7900000000001,0.09117807225543455,83.38997855053626,87.1266815627658,62,1
115,det,1133288.740245262,63,0,0.0,True,ok,883.0139264921872,67.9490981963928,0.05861367886300685,55.70538631319902,51.7566947189758,62,1
115,det,1190033.4448160534,63,0,0.0,True,ok,904.9565571304744,66.30152522487259,0.08464498455085855,75.4653045555149,76.60003379750714,62,1
115,det,1247881.8283166108,63,0,0.0,True,ok,850.2769372334615,70.56524453694048,0.10660047919115553,53.83886040325459,90.63992895427506,62,1
115,det,1302185.0613154962,63,0,0.0,True,ok,894.8700253048039,67.04884318766096,0.10356127770701481,62.76145301637374,92.67388320227417,62,1
115,det,1359409.1415830546,63,0,0.0,True,ok,889.0304542478463,67.48925159235664,0.08997507057868258,67.53088056318879,79.9905778675482,62,1
115,det,1416454.8494983278,63,0,0.0,True,ok,927.9609279609248,64.65789473684232,0.11433349393554919,80.86371517963677,106.09701512944699,62,1
115,det,1475930.8807134894,63,0,0.0,True,ok,923.713967192227,64.95517241379318,0.09914143728385295,76.38935005486456,91.57833034660717,62,1
115,det,1534916.387959866,63,0,0.0,True,ok,939.817026773549,63.84221427226508,0.1127084625247733,79.07139477672355,105.92533214225041,62,1
115,det,1594994.425863991,63,0,0.0,True,ok,921.590486807878,65.10483870967742,0.15379808514824334,87.30070853607117,141.73885216188904,62,1
115,det,1653812.7090301001,63,0,0.0,True,ok,983.348374652728,61.01601583588233,0.16598620107723908,173.28765267776225,163.22226104408395,62,1
115,det,1716633.2218506131,63,0,0.0,True,ok,889.2074109465401,67.47582089552249,0.11957109013788876,62.280515254597006,106.32349948556744,62,1
116,ref,783.3333333333334,63,0,0.0,True,ok,759.700176366843,78.97852582704584,0.01641611215229499,15.7055619265314,12.47132329735638,62,1
116,ref,49413.88888888889,63,0,0.0,True,ok,764.6825396825396,78.46393357550598,0.04995871944601224,42.06204288917582,38.20256046526412,62,1
116,ref,98655.55555555555,63,0,0.0,True,ok,767.1075837742503,78.21588688354984,0.06714956161459303,89.08468579129277,51.51093796167061,62,1
116,ref,147769.44444444444,63,0,0.0,True,ok,753.1746031746031,79.66280295047419,0.08641187362434814,112.4958515098691,65.08322862659237,62,1
116,ref,195994.44444444444,63,0,0.0,True,ok,746.3403880070546,80.39227270041945,0.06780843343547176,86.01494804009282,50.60817252038053,62,1
116,ref,243758.3333333333,63,0,0.0,True,ok,759.1269841269841,79.03815995818087,0.11963953897722297,163.10028359557109,90.82160240612204,62,1
116,ref,292327.7777777778,63,0,0.0,True,ok,755.8641975308632,79.37933850551256,0.06925151513400364,79.80352840669711,52.344740914560084,62,1
116,ref,340680.55555555556,63,0,0.0,True,ok,749.382716049382,80.06589785831969,0.09699778937123203,125.38173491549341,72.68846684979974,62,1
116,ref,388644.44444444444,63,0,0.0,True,ok,747.0017636684305,80.32109550230196,0.1365347406690549,174.24418624350616,101.9916920817958,62,1
116,ref,436444.44444444444,63,0,0.0,True,ok,732.89241622575,81.86740464444706,0.10405013474377368,127.95589113309131,76.25755466097915,62,1
116,ref,483344.44444444444,63,0,0.0,True,ok,743.6507936507945,80.68303094983982,0.13960749937246114,175.83928571463707,103.81922770793352,62,1
116,ref,530941.6666666667,63,0,0.0,True,ok,746.2962962962957,80.39702233250627,0.12573780273422153,160.47062468224493,93.83765648498377,62,1
116,ref,578750.0,63,0,0.0,True,ok,756.9223985890654,79.26836372109277,0.20417217248081543,256.076831221892,154.5424905193192,62,1
116,ref,627247.2222222222,63,0,0.0,True,ok,767.813051146383,78.1440220512233,0.13717373262879431,178.80910251264626,105.32378218685272,62,1
116,ref,676380.5555555556,63,0,0.0,True,ok,766.5343915343909,78.27437446074208,0.12698439945748796,166.89575056644532,97.33790937250558,62,1
116,ref,725433.3333333333,63,0,0.0,True,ok,785.0529100529106,76.42796967144055,0.11730057722546221,154.22538356794723,92.08715950173529,62,1
116,ref,775669.4444444445,63,0,0.0,True,ok,774.0740740740735,77.5119617224881,0.09575356983822239,127.32065263034494,74.12035591180913,62,1
116,ref,825227.7777777778,63,0,0.0,True,ok,773.6331569664919,77.5561381511454,0.10118899944495195,134.24401511939195,78.28316509087878,62,1
116,ref,874705.5555555555,63,0,0.0,True,ok,771.9576719576726,77.72446881425628,0.01501430111136621,16.3918501668023,11.590404932001755,62,1
116,ref,924125.0,63,0,0.0,True,ok,763.8888888888889,78.54545454545455,0.08668177243278428,112.43277561396833,66.21524283059911,62,1
116,ref,973022.2222222222,63,0,0.0,True,ok,750.8818342151667,79.90604815032304,0.08832043178966006,114.04504549269035,66.31820782089547,62,1
116,ref,1021080.5555555555,63,0,0.0,True,ok,750.6613756613768,79.92951541850208,0.10643182628804598,137.03057881387306,79.89426113553729,62,1
116,ref,1069152.7777777778,63,0,0.0,True,ok,750.0,80.0,0.1226486893712219,153.8812382452183,91.98651702841643,62,1
116,ref,1117155.5555555555,63,0,0.0,True,ok,753.1305114638488,79.66746677594946,0.12485451031308109,161.48724786376374,94.03174121065915,62,1
116,ref,1165369.4444444445,63,0,0.0,True,ok,750.1322751322739,79.98589314053972,0.12668028142952134,160.94997194399065,95.02696772312359,62,1
116,ref,1213394.4444444445,63,0,0.0,True,ok,739.0652557319207,81.18362963846815,0.06116487410012023,70.63759940723641,45.204833318616096,62,1
116,ref,1260688.8888888888,63,0,0.0,True,ok,732.8042328042341,81.87725631768939,0.1341443637712006,166.58861673059468,98.30155757836674,62,1
116,ref,1307600.0,63,0,0.0,True,ok,743.2098765432103,80.73089700996674,0.11984368028368789,153.7036137381066,89.06900682812363,62,1
116,ref,1355152.7777777778,63,0,0.0,True,ok,740.4761904761905,81.02893890675242,0.09779910421272825,124.75683237485131,72.41790811942496,62,1
116,ref,1402550.0,63,0,0.0,True,ok,742.680776014111,80.78841130372815,0.09357819589964253,117.81257939205338,69.49872714874701,62,1
116,ref,1450055.5555555557,63,0,0.0,True,ok,724.2504409171072,82.84427127724344,0.07891588097095217,93.04184620569788,57.154861588574065,62,1
116,ref,1496405.5555555555,63,0,0.0,True,ok,738.6684303350953,81.22724288187209,0.10364025316555843,131.39268713205544,76.55578312533494,62,1
116,ref,1543669.4444444445,63,0,0.0,True,ok,727.7777777777778,82.44274809160305,0.11235570206339467,129.82426930295384,81.76998316835946,62,1
116,ref,1590261.1111111112,63,0,0.0,True,ok,725.7936507936471,82.66812465828363,0.08913953640615452,111.4723071835604,64.6969095582761,62,1
116,ref,1636700.0,63,0,0.0,True,ok,711.5520282186944,84.32271656958736,0.017263157457575746,15.729316256022893,12.283634702396702,62,1
116,ref,1682238.8888888888,63,0,0.0,True,ok,717.1075837742537,83.66945400885352,0.01705862868898587,17.224823482569132,12.232872001660823,62,1
116,ref,1728130.5555555555,63,0,0.0,True,ok,723.500881834218,82.93009933573006,0.06294303321038484,77.93602692655973,45.5393400330339,62,1
116,det,791.5273132664437,63,0,0.0,True,ok,759.6751075011945,78.98113207547169,0.017052325116266524,16.871585004840824,12.95422691584509,62,1
116,det,49420.289855072464,63,0,0.0,True,ok,764.6298950646776,78.46933580189771,0.0509548783344857,44.322551167551445,38.96162327393122,62,1
116,det,98662.20735785953,63,0,0.0,True,ok,767.107288846419,78.21591695501733,0.0679077136868772,90.24748821280993,52.092502138099235,62,1
116,det,147770.34559643254,63,0,0.0,True,ok,753.1277096494488,79.66776315789474,0.08860774303154792,115.59641536782667,66.73294656655659,62,1
116,det,195997.77034559642,63,0,0.0,True,ok,746.4033550990076,80.38549075391177,0.07007800468482749,89.06247039782146,52.30645781539921,62,1
116,det,243756.96767001113,63,0,0.0,True,ok,759.1442374051072,79.03636363636362,0.11929573007111252,162.4385682259509,90.56266603052023,62,1
116,det,292329.988851728,63,0,0.0,True,ok,755.7820601298858,79.3879653476938,0.0691947033670272,79.41290282976034,52.29611546080817,62,1
116,det,340680.04459308804,63,0,0.0,True,ok,749.4116189768372,80.06280991735528,0.0959789388426114,123.50243043167765,71.92773194572025,62,1
116,det,388651.05908584164,63,0,0.0,True,ok,746.9342251950949,80.32835820895521,0.13520816037336877,172.0163001544916,100.99160250853633,62,1
116,det,436443.7012263099,63,0,0.0,True,ok,732.9546459981245,81.86045388701108,0.10441670815533301,128.9184780446524,76.53271136228159,62,1
116,det,483344.4816053512,63,0,0.0,True,ok,743.7490046185696,80.67237687366169,0.1409062649408887,177.59522516058937,104.79889429430642,62,1
116,det,530947.6031215162,63,0,0.0,True,ok,746.22639840031,80.40455299976301,0.12976555340717025,165.81562431634464,96.83448155545574,62,1
116,det,578751.3935340022,63,0,0.0,True,ok,756.8438003220602,79.27659574468095,0.20533687065414152,257.4051039302044,155.4079375321198,62,1
116,det,627246.3768115941,63,0,0.0,True,ok,767.8151156412039,78.14381193823449,0.13646641909213036,177.17144377402565,104.78097935636507,62,1
116,det,676387.9598662207,63,0,0.0,True,ok,766.3994620516361,78.288155160471,0.12753537020298913,167.91194042711714,97.74303911612714,62,1
116,det,725440.3567447045,63,0,0.0,True,ok,784.9799154146984,76.43507664562665,0.11726898139031319,153.91597757352866,92.05379509253589,62,1
116,det,775674.4704570791,63,0,0.0,True,ok,774.0086000955567,77.5185185185185,0.09626335864104336,128.02127660936736,74.50866746225049,62,1
116,det,825228.5395763656,63,0,0.0,True,ok,773.6546866981653,77.55397987191213,0.10223908583400423,135.94936166075757,79.09774791921338,62,1
116,det,874704.5707915273,63,0,0.0,True,ok,772.0620764099017,77.7139582855834,0.01639577982730772,18.568462104368734,12.658559817830778,62,1
116,det,924124.8606465997,63,0,0.0,True,ok,763.9220682698956,78.5420430854759,0.08837523899501319,114.60370460579149,67.5117953569168,62,1
116,det,973021.1817168338,63,0,0.0,True,ok,762.8603280777193,78.65135699373697,0.1949140691036593,240.15782296025955,148.69221070338077,62,1
116,det,1021828.3166109252,63,0,0.0,True,ok,751.1811859637946,79.87420494699647,0.10569817071809583,136.0967322857539,79.39847723422285,62,1
116,det,1069654.4035674469,63,0,0.0,True,ok,754.012493142932,79.57427833841778,0.11660996035753797,142.73945702836198,87.92536693448568,62,1
116,det,1117904.1248606467,63,0,0.0,True,ok,753.4816230468393,79.6303428839832,0.12615249004346882,163.2510123289569,95.05358294935313,62,1
116,det,1165863.9910813824,63,0,0.0,True,ok,754.5433632390137,79.51829268292701,0.11780577524412073,147.27374907908532,88.8895658616782,62,1
116,det,1213901.8952062428,63,0,0.0,True,ok,742.6872644263971,80.78770550393114,0.04490516806053918,36.15226485948236,33.35049642548946,62,1
116,det,1261170.568561873,63,0,0.0,True,ok,737.0246500681258,81.40840336134482,0.12517887909577013,152.4240265816534,92.2599195614802,62,1
116,det,1308350.05574136,63,1,0.015873015873015872,True,ok,743.1581975761501,80.73651100895232,0.11932973261666546,152.69737246649925,88.68086900864503,61,1
116,det,1361081.3823857303,63,1,0.015873015873015872,True,ok,754.8459021109833,79.48642210576422,0.13167408754606458,140.41955590038324,99.3936453983497,60,2
116,det,1412943.143812709,63,0,0.0,True,ok,737.5555201642148,81.34980806142045,0.1110801569071982,138.06358172165565,81.92778290761117,62,1
116,det,1460133.779264214,63,0,0.0,True,ok,724.9915945568115,82.75958018062002,0.06605104620778915,75.18587639054071,47.886453312330694,62,1
116,det,1506767.001114827,63,0,0.0,True,ok,732.2468192033425,81.93958434026082,0.12455466381542549,141.58319620983283,91.20475639578697,62,1
116,det,1553623.1884057971,63,0,0.0,True,ok,732.4237759020365,81.91978738825807,0.09313482283561317,117.42873079775863,68.21415860922701,62,1
116,det,1600479.375696767,63,0,0.0,True,ok,720.567677089416,83.26768172888019,0.06542217739757325,79.40028057699026,47.14110639750105,62,1
116,det,1646599.7770345595,63,0,0.0,True,ok,713.6663658402802,84.0728985866599,0.018288807611731645,18.020598865602885,13.052106863816576,62,1
116,det,1692263.099219621,63,0,0.0,True,ok,719.5059368972416,83.39055582882436,0.06209131426965051,76.19228372755295,44.67506924676596,62,1
116,det,1738294.314381271,63,0,0.0,True,ok,722.691157473765,83.02301665034294,0.016045506948124084,16.32817072642679,11.595945988593133,62,1
117,ref,525.0,63,0,0.0,True,ok,1203.1305114638446,49.86990141825778,0.02876662585118884,38.443105514626815,34.610005273429884,62,1
117,ref,77488.88888888889,63,0,0.0,True,ok,1200.5731922398588,49.97612839252268,0.022935292098514186,39.083613867696194,27.535496849666785,62,1
117,ref,154330.55555555556,63,0,0.0,True,ok,1187.6102292768958,50.52162613699648,0.029306611386445997,38.39289435452455,34.80483146798601,62,1
117,ref,230352.77777777778,63,0,0.0,True,ok,1192.460317460317,50.316139767054935,0.020828640312767776,33.30718807374249,24.837327039629816,62,1
117,ref,306675.0,63,0,0.0,True,ok,1170.1499118165784,51.275481367044726,0.018353087599170884,30.029687952125883,21.475863835731747,62,1
117,ref,381552.7777777778,63,0,0.0,True,ok,1193.2098765432095,50.284531815830334,0.022554319290444512,38.284148488500534,26.912036536067426,62,1
117,ref,457880.5555555555,63,0,0.0,True,ok,1181.7460317460318,50.77233042310275,0.02533652963189754,32.64865826490826,29.941343350710667,62,1
117,ref,533469.4444444444,63,0,0.0,True,ok,1186.9488536155218,50.54977711738478,0.020042182502077843,29.576612139736305,23.789045544794366,62,1
117,ref,609427.7777777778,63,0,0.0,True,ok,1175.3968253968253,51.04659014179609,0.029305437364263692,39.08998187002143,34.44551804482105,62,1
117,ref,684672.2222222222,63,0,0.0,True,ok,1096.2522045855378,54.73193098178016,0.1097574220867465,68.80258931391273,120.32181593222126,62,1
117,ref,754858.3333333334,63,0,0.0,True,ok,1178.0423280423274,50.93195598472942,0.04743927766337688,37.73077140892152,55.88547709921089,62,1
117,ref,830272.2222222222,63,0,0.0,True,ok,1174.0299823633154,51.10602020505503,0.019390739918762417,28.415615991558976,22.765310044836276,62,1
117,ref,905447.2222222222,63,0,0.0,True,ok,1176.8077601410932,50.985387785687536,0.01863031142449568,31.409142766108367,21.92429505819178,62,1
117,ref,980780.5555555556,63,0,0.0,True,ok,1170.1058201058195,51.277413520235164,0.05294214210434743,39.75920653359617,61.94790860516628,62,1
117,ref,1055661.111111111,63,0,0.0,True,ok,1200.485008818345,49.97979946376746,0.024971577159889537,32.5111413675819,29.978004026997976,62,1
117,ref,1132450.0,63,0,0.0,True,ok,1183.1569664902977,50.711783558172556,0.02028355377600308,36.34813307687795,23.998627955258627,62,1
117,ref,1208200.0,63,0,0.0,True,ok,1186.816578483246,50.55541107850053,0.020286860011809404,34.782206252036204,24.07678178738422,62,1
117,ref,1284138.888888889,63,0,0.0,True,ok,1175.5291005290992,51.040846179813265,0.02011288319654301,33.97859623339398,23.64327949307904,62,1
117,ref,1359388.888888889,63,0,0.0,True,ok,1172.48677248677,51.173285198556066,0.01875483152870312,35.8360769697965,21.989791887622236,62,1
117,ref,1434422.2222222222,63,0,0.0,True,ok,1165.56437389771,51.47720824664258,0.01752095389185035,32.85196028094693,20.4217996530452,62,1
117,ref,1509022.222222222,63,0,0.0,True,ok,1167.8571428571465,51.37614678899067,0.01823837872480965,33.42281895295721,21.299820867902763,62,1
117,ref,1583772.222222222,63,0,0.0,True,ok,1166.0493827160515,51.45579671784004,0.02563739026831296,31.028435975906998,29.894463096816835,62,1
117,ref,1658386.1111111112,63,0,0.0,True,ok,1168.6948853615515,51.339319399381296,0.01865271024627393,33.92911414909963,21.79932706295135,62,1
117,det,501.67224080267556,63,0,0.0,True,ok,1202.7746810355507,49.88465499485067,0.028059927327153296,35.733983157496915,33.74977014079754,62,1
117,det,77458.19397993312,63,0,0.0,True,ok,1200.6512006512003,49.972881355932216,0.021784309968326376,34.62280934079439,26.155357918828972,62,1
117,det,154303.23299888516,63,0,0.0,True,ok,1187.5564049477093,50.52391595887349,0.028705457123257908,36.207670661936874,34.089349463676776,62,1
117,det,230334.44816053513,63,0,0.0,True,ok,1192.3342358124967,50.32146037399822,0.020251330663921523,31.244688037577365,24.14635487135305,62,1
117,det,306644.37012263096,63,0,0.0,True,ok,1170.2146484755185,51.27264479056402,0.017613638111196584,27.12343844679366,20.611737330668905,62,1
117,det,381527.31326644367,63,0,0.0,True,ok,1193.2190193059764,50.28414652231942,0.021090722222534136,34.273662846423505,25.165850886826945,62,1
117,det,457848.3835005574,63,0,0.0,True,ok,1181.8937905894422,50.76598293157661,0.023988155305785276,28.563335221474105,28.3514518036028,62,1
117,det,533444.8160535117,63,0,0.0,True,ok,1186.8485781529268,50.554048009542235,0.019877687466143008,28.633429400993666,23.591805106160084,62,1
117,det,609397.9933110367,63,0,0.0,True,ok,1175.5233494363936,51.04109589041093,0.028388614651224362,34.30289412066776,33.37147938066634,62,1
117,det,684637.6811594203,63,0,0.0,True,ok,1096.6006618180527,54.714539293206414,0.10899447831475516,65.05127735779016,119.5234170544739,62,1
117,det,754849.4983277592,63,0,0.0,True,ok,1178.000743218134,50.93375394321769,0.04828563119754767,39.54203476075013,56.88050943746787,62,1
117,det,830256.4102564103,63,0,0.0,True,ok,1174.107695846826,51.10263752825925,0.020734487348630506,32.37893475366301,24.344521165465725,62,1
117,det,905429.2084726867,63,0,0.0,True,ok,1176.9390030259594,50.97970230040596,0.020252543365494396,35.62161186305345,23.836008197324986,62,1
117,det,980769.2307692308,63,0,0.0,True,ok,1170.0376917768217,51.28039927404721,0.0527022518387309,38.01713146032693,61.66362109282946,62,1
117,det,1055641.0256410257,63,0,0.0,True,ok,1200.474243952501,49.98024764150959,0.02534052794349602,33.264519235689136,30.42065112432561,62,1
117,det,1132441.4715719062,63,0,0.0,True,ok,1183.1324874803142,50.71283278492369,0.021572943557084823,38.85162608070761,25.523650372966184,62,1
117,det,1208171.6833890746,63,0,0.0,True,ok,1187.0255348516207,50.54651162790702,0.020786638382505045,35.48064727428455,24.67427054376028,62,1
117,det,1284124.8606465997,63,0,0.0,True,ok,1175.5233494363918,51.04109589041101,0.019700962250087998,32.992226640281544,23.158941131343358,62,1
117,det,1359375.696767001,63,0,0.0,True,ok,1172.515085558566,51.17204950196187,0.018355822775542055,34.41957096818912,21.522479112162564,62,1
117,det,1434392.4191750276,63,0,0.0,True,ok,1165.7907310081275,51.46721311475387,0.01697794580292908,31.1161085289178,19.792731848613062,62,1
117,det,1509007.8037904124,63,0,0.0,True,ok,1167.914211392473,51.37363636363634,0.018201419053414873,32.96183305783096,21.257695979992963,62,1
117,det,1583768.115942029,63,0,0.0,True,ok,1165.7907310081202,51.46721311475419,0.026369328111175157,32.25487707614771,30.74111829491986,62,1
117,det,1658372.3522853956,63,0,0.0,True,ok,1168.445081488562,51.35029532030885,0.019527710448925126,36.53834118437433,22.81705722677936,62,1
118,ref,188.88888888888889,63,0,0.0,True,ok,828.3068783068784,72.43692111146598,0.03678999209329882,39.929435468162204,30.47340350373508,62,1
118,ref,53213.88888888889,63,0,0.0,True,ok,817.8571428571429,73.36244541484716,0.04850166338504288,56.99195937055525,39.66743183991007,62,1
118,ref,105363.88888888889,63,0,0.0,True,ok,821.1199294532627,73.0709337915481,0.05603520909345506,72.84249086014918,46.01162693771664,62,1
118,ref,157952.77777777778,63,0,0.0,True,ok,846.2962962962962,70.89715536105034,0.1525327203599662,181.21158734115164,129.08787630463806,62,1
118,ref,212100.0,63,0,0.0,True,ok,834.5679012345685,71.89349112426031,0.03708654647696454,35.85690786301906,30.951241257318575,62,1
118,ref,265500.0,63,0,0.0,True,ok,820.7671957671954,73.10233682514105,0.12553229027682464,138.62115772270926,103.03278586874292,62,1
118,ref,318025.0,63,0,0.0,True,ok,809.3474426807767,74.13379821311827,0.09371170853783578,128.00499900011135,75.8453316543437,62,1
118,ref,369783.3333333334,63,0,0.0,True,ok,720.3703703703701,83.29048843187664,0.042804801977472565,28.189158093333237,30.835311054142263,62,1
118,ref,415850.0,63,0,0.0,True,ok,685.8465608465606,87.48312439729993,0.054526567762248505,56.41362435743434,37.39685897450508,62,1
118,ref,459772.22222222225,63,0,0.0,True,ok,722.442680776014,83.05157155935308,0.09298561568704028,106.27056926017839,67.17677747055356,62,1
118,ref,506005.5555555555,63,0,0.0,True,ok,708.4656084656091,84.69006721433898,0.07053439046205702,74.66738937612406,49.971189856452085,62,1
118,ref,551394.4444444444,63,0,0.0,True,ok,765.4320987654326,78.3870967741935,0.09263215689789855,119.44027666312851,70.90362626752733,62,1
118,ref,600394.4444444444,63,0,0.0,True,ok,759.2151675485019,79.02897961554086,0.058443366554085094,71.48698683768058,44.37109033045822,62,1
118,ref,648958.3333333334,63,0,0.0,True,ok,821.3403880070537,73.05132059265631,0.08628193796627341,95.3839262616646,70.86684040721954,62,1
118,ref,701563.8888888889,63,0,0.0,True,ok,806.569664902998,74.38911058874982,0.1279939631370941,155.79139188593223,103.23604795709268,62,1
118,ref,753116.6666666666,63,0,0.0,True,ok,757.936507936508,79.16230366492147,0.08606049920225402,95.42566920534387,65.22839423662904,62,1
118,ref,801666.6666666666,63,0,0.0,True,ok,815.6966490299822,73.55675675675677,0.1479764705609594,165.0266532906196,120.70391117185838,62,1
118,ref,853872.2222222222,63,0,0.0,True,ok,799.5590828924148,75.04135877357463,0.11788508813054996,131.0693010913175,94.25609295235402,62,1
118,ref,905058.3333333333,63,0,0.0,True,ok,802.1604938271607,74.79799923047324,0.1108457838175866,131.64770442525753,88.91610868577396,62,1
118,ref,956352.7777777778,63,0,0.0,True,ok,775.1763668430337,77.40174051532902,0.0955391249270274,121.27822560041369,74.05967175229583,62,1
118,ref,1006063.8888888889,63,0,0.0,True,ok,832.8924162257481,72.03811540497631,0.1557831837621874,179.85354289995624,129.750632331028,62,1
118,ref,1059327.7777777778,63,0,0.0,True,ok,807.319223985889,74.32004369197175,0.04242618418476785,48.98537440519723,34.25147409272918,62,1
118,ref,1111044.4444444445,63,0,0.0,True,ok,842.3721340387979,71.22742737503296,0.10782712246716106,124.21497821288575,90.83056325992527,62,1
118,ref,1164947.2222222222,63,0,0.0,True,ok,799.0299823633136,75.09104955302966,0.05393687962425311,61.80769498128219,43.09718397489913,62,1
118,ref,1216130.5555555555,63,0,0.0,True,ok,823.6331569664919,72.84796573875789,0.05000847096435397,52.06436333142595,41.18863481543801,62,1
118,ref,1268900.0,63,0,0.0,True,ok,836.4197530864205,71.73431734317336,0.022556788219967455,22.514321297367385,18.86694323336786,62,1
118,ref,1322447.2222222222,63,0,0.0,True,ok,856.7460317460317,70.03242241778602,0.13548350695269876,173.4373682598324,116.07495694876054,62,1
118,ref,1377291.6666666667,63,0,0.0,True,ok,856.0405643738969,70.09013649240285,0.1434769222715727,204.77030822806984,122.82206551598682,62,1
118,ref,1432102.777777778,63,0,0.0,True,ok,853.9682539682502,70.26022304832745,0.0686492539765564,99.38330352481526,58.62428355458283,62,1
118,ref,1486741.6666666665,63,0,0.0,True,ok,849.911816578484,70.5955592446565,0.041111269264634334,51.2973853557083,34.94095354255256,62,1
118,ref,1541111.111111111,63,0,0.0,True,ok,838.5802469135795,71.54950312845057,0.09959331734545233,136.2870087188064,83.5169886504919,62,1
118,ref,1594788.8888888888,63,0,0.0,True,ok,773.3686067019441,77.58266818700073,0.1033509754974927,52.19805167784562,79.9283999217827,62,1
118,ref,1644194.4444444443,63,0,0.0,True,ok,684.8324514991227,87.61267061550289,0.0391148338999449,40.45889940198604,26.787107589680254,62,1
118,ref,1688036.111111111,63,0,0.0,True,ok,705.776014109349,85.01280689698238,0.1006744073436753,112.05524058005709,71.05358193784014,62,1
118,ref,1733183.3333333335,63,0,0.0,True,ok,704.8500881834207,85.1244839234331,0.11620672187622919,120.59388997903805,81.90831816196638,62,1
118,det,1025.6410256410256,63,0,0.0,True,ok,828.5112632938719,72.41905168731311,0.04838446115354576,61.19277498749482,40.08707103411747,62,1
118,det,54057.97101449275,63,0,0.0,True,ok,814.3547273982055,73.67796610169493,0.058362316483632264,63.90093704444681,47.527628330356144,62,1
118,det,106276.47714604235,63,0,0.0,True,ok,820.3712551538642,73.13761863675579,0.05477396662879844,64.19826148667038,44.93498775302325,62,1
118,det,158773.6900780379,63,0,0.0,True,ok,846.5608465608467,70.87499999999999,0.15243866599105882,181.24861217286954,129.0486061299969,62,1
118,det,212943.14381270902,63,0,0.0,True,ok,834.3508343508344,71.91219512195121,0.04642304050616163,54.7983672845922,38.733102579418535,62,1
118,det,266309.9219620959,63,0,0.0,True,ok,820.9021252499513,73.09032118991162,0.12590037444965096,139.35699639334217,103.35188495548314,62,1
118,det,318851.72798216273,63,0,0.0,True,ok,808.5151563412436,74.21011162179906,0.09475189241114933,129.07387645938798,76.6083411064291,62,1
118,det,370546.26532887405,63,0,0.0,True,ok,719.1520234998482,83.43159448818915,0.0436577588264701,29.83343064978184,31.39656560152433,62,1
118,det,416532.88740245264,63,0,0.0,True,ok,686.4150342411207,87.41067285382837,0.053287742514432135,54.117387147731634,36.57750760267596,62,1
118,det,460512.8205128205,63,0,0.0,True,ok,722.1602873776786,83.08404802744425,0.09408374629305052,101.29879447325514,67.94354526055797,62,1
118,det,506688.9632107023,63,0,0.0,True,ok,709.5963617702761,84.55511221945122,0.07386027627717508,78.21750828444925,52.410983325630866,62,1
118,det,552140.4682274248,63,0,0.0,True,ok,766.0455486542445,78.32432432432431,0.09396700651863081,122.27903868119694,71.98300706396151,62,1
118,det,601170.5685618728,63,0,0.0,True,ok,758.4364106103257,79.11012599160036,0.059148762356311446,72.04066903590738,44.860575013564,62,1
118,det,649743.5897435897,63,0,0.0,True,ok,822.4947355382129,72.94879518072297,0.08601579223572571,95.00854904944353,70.74753628703309,62,1
118,det,702430.3232998885,63,0,0.0,True,ok,804.6221089699353,74.56916648339562,0.12974857199354,158.31381983789234,104.39856963327965,62,1
118,det,753879.5986622073,63,0,0.0,True,ok,758.6133673090214,79.09167249825032,0.08779462134270824,97.72317949338428,66.60217332841238,62,1
118,det,802497.2129319955,63,0,0.0,True,ok,815.5934242890752,73.56606639184216,0.1482428022484347,167.46365643661383,120.90585471200907,62,1
118,det,854659.977703456,63,0,0.0,True,ok,800.0212348038442,74.99800928998003,0.11947310011539986,133.64433804336673,95.5810170801655,62,1
118,det,905863.9910813824,63,0,0.0,True,ok,801.4368883934083,74.86553323029383,0.11209629402890911,133.11079558307662,89.8381050869615,62,1
118,det,957134.8940914158,63,0,0.0,True,ok,776.6629505759929,77.25358851674653,0.09800044443548155,127.22020315151394,76.11331433301974,62,1
118,det,1006934.2251950947,63,0,0.0,True,ok,831.6964838703991,72.14170212765939,0.15656994412355843,180.86110362500136,130.2186720073484,62,1
118,det,1060122.6309921963,63,0,0.0,True,ok,808.338199642546,74.2263572679511,0.04260752294847779,47.95053103142333,34.441288391401,62,1
118,det,1111839.464882943,63,0,0.0,True,ok,843.0217125869304,71.1725440806045,0.10789036680110897,124.92260175013678,90.95392179230299,62,1
118,det,1165774.8049052397,63,0,0.0,True,ok,799.3134080090612,75.06442328979402,0.05474666237398663,62.264420018405886,43.75974127927269,62,1
118,det,1216967.670011148,63,0,0.0,True,ok,824.4412592238717,72.77656149388247,0.05038688819405459,51.36173157790657,41.5410295510788,62,1
118,det,1269754.7380156075,63,0,0.0,True,ok,836.474314735186,71.72963824836033,0.023327238353464754,23.649056226914862,19.512635716378778,62,1
118,det,1323311.0367892976,63,0,0.0,True,ok,856.8243350852059,70.02602230483261,0.13621893336417581,175.3803801550183,116.71569700577592,62,1
118,det,1378171.6833890746,63,0,0.0,True,ok,856.116508290423,70.08391897478283,0.14531030694395905,207.37467986353494,124.40255259947182,62,1
118,det,1432987.7369007803,63,0,0.0,True,ok,853.2852011112873,70.31646619659898,0.07031183617485932,101.68394360658854,59.996049270968726,62,1
118,det,1487580.8249721292,63,0,0.0,True,ok,849.7460671373761,70.60932944606375,0.04276895519122603,53.876080497867385,36.34275146931899,62,1
118,det,1541950.9476031214,63,0,0.0,True,ok,838.7747518182289,71.53291139240517,0.10664255556961799,148.7028028597977,89.44908308116801,62,1
118,det,1595663.3221850614,63,0,0.0,True,ok,770.4694661216382,77.87459807073974,0.10313994022708227,51.26406704463406,79.46617468257776,62,1
118,det,1644871.794871795,63,0,0.0,True,ok,685.1763373502486,87.56869834710767,0.04047411921461888,42.47495886289604,27.73190876094988,62,1
118,det,1688729.0969899667,63,0,0.0,True,ok,705.7033143989661,85.0215646940823,0.10037912106881414,111.68033695128736,70.83787843471723,62,1
118,det,1733701.2263099218,63,0,0.0,True,ok,707.8267947833186,84.76649999999975,0.11125692258275778,116.09822089206703,78.75063090920926,62,1
119,ref,858.3333333333333,63,0,0.0,True,ok,916.7989417989418,65.44510171692397,0.31704843366428254,533.3748677076834,290.66966848242623,62,1
119,ref,59155.55555555556,63,0,0.0,True,ok,918.4303350970017,65.32885261641863,0.2029898237992834,328.1085066780815,186.4320118932572,62,1
119,ref,118319.44444444444,63,0,0.0,True,ok,908.245149911817,66.06145929414046,0.2724984583335094,433.31064410777094,247.49540313985722,62,1
119,ref,176441.66666666666,63,0,0.0,True,ok,930.9964726631393,64.44707553871655,0.32622507796831096,564.1624951976601,303.7143968827551,62,1
119,ref,235941.66666666666,63,0,0.0,True,ok,910.7583774250442,65.87916343919441,0.3184811315488417,513.3228501311227,290.05935860991514,62,1
119,ref,294536.1111111111,63,0,0.0,True,ok,898.9858906525566,66.74187061650896,0.3264333215389603,526.7633147865038,293.4589503023746,62,1
119,ref,352052.7777777778,63,0,0.0,True,ok,896.6490299823631,66.91581431943354,0.25067332709574436,398.4725415733096,224.7659955828508,62,1
119,ref,409450.0,63,0,0.0,True,ok,898.2363315696647,66.79756528568625,0.26122631799275964,408.21064038255844,234.6429695832671,62,1
119,ref,467341.6666666666,63,0,0.0,True,ok,904.3209876543214,66.34812286689417,0.15442924745672673,242.25842146726,139.65360958278072,62,1
119,ref,525177.7777777778,63,0,0.0,True,ok,904.1446208112877,66.36106505413048,0.24577483016547969,374.0601191253041,222.21599062492626,62,1
119,ref,583452.7777777778,63,0,0.0,True,ok,910.6261022927698,65.8887328717377,0.28643821886239085,456.1733615660203,260.8381187903423,62,1
119,ref,641741.6666666666,63,0,0.0,True,ok,905.1587301587301,66.28671635247699,0.2351902328036282,365.5920292618852,212.8844924702682,62,1
119,ref,699666.6666666666,63,0,0.0,True,ok,913.712522045857,65.66616802586486,0.27278121872756156,443.65086521169593,249.24361533030282,62,1
119,ref,757755.5555555556,63,0,0.0,True,ok,918.5626102292758,65.31944511112185,0.2863284666034596,470.2188423037665,263.0106236662199,62,1
119,ref,816541.6666666666,63,0,0.0,True,ok,911.9929453262797,65.78998259524262,0.26336458103630167,427.3689744734656,240.18663995391842,62,1
119,ref,874919.4444444445,63,0,0.0,True,ok,911.8606701940021,65.79952613509995,0.2317605841309816,368.2598168577333,211.3333615702303,62,1
119,ref,933241.6666666666,63,0,0.0,True,ok,911.4197530864205,65.83135794107682,0.29073153849768846,475.34781539352656,264.9784670319984,62,1
119,ref,991561.1111111111,63,0,0.0,True,ok,909.3033509700178,65.98458032294039,0.20778730788089828,344.06521787847987,188.9416953451396,62,1
119,ref,1049705.5555555555,63,0,0.0,True,ok,927.0282186948849,64.72294887039241,0.2843512360988627,485.1911417639839,263.60161988441735,62,1
119,ref,1109425.0,63,0,0.0,True,ok,850.6172839506189,70.53701015965153,0.32399638479849135,503.94970251831967,275.5969248471123,62,1
119,ref,1163822.2222222222,63,0,0.0,True,ok,832.3192239858927,72.08772580388815,0.3048585168755717,452.4699626547086,253.739604191366,62,1
119,ref,1217036.111111111,63,0,0.0,True,ok,914.1975308641984,65.63133018230918,0.3595833445636119,594.569209430491,328.73020573994427,62,1
119,ref,1275983.3333333333,63,0,0.0,True,ok,930.908289241623,64.45318050490216,0.37166937815270357,653.1548708725568,345.99010497963116,62,1
119,ref,1335991.6666666665,63,0,0.0,True,ok,899.074074074079,66.73532440782661,0.3214878051325622,549.9184210524687,289.0413507256663,62,1
119,ref,1393150.0,63,0,0.0,True,ok,938.3597883597896,63.941358894840626,0.35101581024263057,600.9362923961684,329.3791214102149,62,1
119,ref,1453150.0,63,0,0.0,True,ok,915.4761904761905,65.53966189856958,0.3198523409614312,549.9567793742174,292.8172026182626,62,1
119,ref,1511811.1111111112,63,0,0.0,True,ok,859.8324514991153,69.78103686990434,0.31376034824360605,474.17947743654287,269.78132941351595,62,1
119,ref,1567363.8888888888,63,0,0.0,True,ok,892.3721340388015,67.23652354365328,0.32821363821475946,524.1773769831208,292.888704754344,62,1
119,ref,1624505.5555555555,63,0,0.0,True,ok,934.7883597883573,64.18565162020677,0.27884003859102935,464.11754178503617,260.65642231783056,62,1
119,ref,1683919.4444444445,63,0,0.0,True,ok,942.4603174603175,63.66315789473684,0.22404279816322847,371.954980832118,211.15144668161415,62,1
119,ref,1744241.6666666665,63,0,0.0,True,ok,919.9735449735474,65.21926671459364,0.1788798670780023,286.47061312885444,164.56474544014674,62,1
119,det,858.4169453734671,63,0,0.0,True,ok,916.8126559430907,65.44412275622467,0.316477225448679,532.926748727563,290.1503256091037,62,1
119,det,59163.879598662206,63,0,0.0,True,ok,918.4052662313532,65.33063583815029,0.20052238366782668,324.117304495664,184.1608131577959,62,1
119,det,118316.61092530658,63,0,0.0,True,ok,908.318734405691,66.05610753945061,0.2699892521151763,428.67922229010946,245.236295784396,62,1
119,det,176443.7012263099,63,0,0.0,True,ok,930.9691918387571,64.44896407527087,0.323164238757396,559.006247771672,300.8559501871601,62,1
119,det,235942.02898550726,63,0,0.0,True,ok,910.796128187432,65.8764328735186,0.3152656070424994,508.0746088511652,287.1426942449689,62,1
119,det,294537.3467112598,63,0,0.0,True,ok,898.9400293748116,66.7452755905512,0.3217038673015318,518.8285267576671,289.19248392202945,62,1
119,det,352051.28205128206,63,0,0.0,True,ok,896.639592291766,66.91651865008882,0.2490457221786634,395.6610751841062,223.30425479628516,62,1
119,det,409453.73467112595,63,0,0.0,True,ok,898.2322025800296,66.79787234042546,0.25822217928309427,403.2139291393312,231.94347685246905,62,1
119,det,467346.7112597547,63,0,0.0,True,ok,904.2487303356877,66.35342465753419,0.15403577551772193,241.5311395593257,139.28665443817306,62,1
119,det,525183.9464882943,63,0,0.0,True,ok,904.0717736369919,66.36641221374039,0.2434378369128487,370.3043469794924,220.08527698815192,62,1
119,det,583455.9643255295,63,0,0.0,True,ok,910.6191714887364,65.889234356782,0.28202250587081473,448.6177013534258,256.8151006372586,62,1
119,det,641739.1304347826,63,0,0.0,True,ok,905.3104705278621,66.27560594214228,0.23312524125456946,362.56081283242503,211.05072185209565,62,1
119,det,699665.5518394649,63,0,0.0,True,ok,913.8043920652616,65.65956622773044,0.2697167977479456,438.30233650566936,246.46839439585057,62,1
119,det,757759.1973244147,63,0,0.0,True,ok,918.5822229300485,65.31805047197075,0.28411847814550395,466.3248424636477,260.98618323039943,62,1
119,det,816544.0356744705,63,0,0.0,True,ok,912.0348250783022,65.7869615832364,0.26181434866672376,425.16469649578534,238.78380368924502,62,1
119,det,874916.3879598661,63,0,0.0,True,ok,911.8578683796084,65.79972831360367,0.22972623353591304,364.941502499934,209.47767362293376,62,1
119,det,933244.1471571906,63,0,0.0,True,ok,911.3269982835193,65.83805825242723,0.28819870972277,470.9126066580903,262.6432650408353,62,1
119,det,991560.7580824972,63,0,0.0,True,ok,909.380474597866,65.97898423817863,0.2057221714780852,340.56571639526675,187.0797259340447,62,1
119,det,1049710.1449275361,63,0,0.0,True,ok,926.899187768754,64.73195876288652,0.28241569954495727,481.4453262360938,261.77088252136537,62,1
119,det,1109431.4381270905,63,0,0.0,True,ok,850.6308506308457,70.53588516746453,0.32369697109144724,503.6144341190816,275.34662986614603,62,1
119,det,1163823.857302118,63,0,0.0,True,ok,832.404310665182,72.08035714285698,0.30323663430690306,450.0230299206058,252.41548154866751,62,1
119,det,1217034.5596432553,63,0,0.0,True,ok,914.3352621613469,65.62144377782094,0.3573371899005145,591.329808275832,326.7259932076859,62,1
119,det,1275986.6220735784,63,0,0.0,True,ok,930.9691918387581,64.4489640752708,0.3687458955397819,648.3644754506224,343.29106836452985,62,1
119,det,1335997.7703455964,63,0,0.0,True,ok,898.9400293748116,66.7452755905512,0.3208854697317736,548.7933442653866,288.4567935866308,62,1
119,det,1393154.960981048,63,0,0.0,True,ok,938.2244164852854,63.950584685024566,0.3485831837583511,596.813059195681,327.049254178262,62,1
119,det,1453154.960981048,63,0,0.0,True,ok,915.3970023535214,65.54533152909356,0.3170752931137322,545.1523034547388,290.24977283667465,62,1
119,det,1511817.1683389074,63,0,0.0,True,ok,859.8325989630317,69.78102490224343,0.3101670319834611,468.16748396616305,266.69172522298913,62,1
119,det,1567369.0078037903,63,0,0.0,True,ok,892.2156748243733,67.24831416104699,0.32773394253416416,523.566925669025,292.40936070097166,62,1
119,det,1624503.9018952062,63,0,0.0,True,ok,934.8622392100644,64.1805792163544,0.2775914168661489,461.8325800518209,259.50973355698244,62,1
119,det,1683924.1917502787,63,0,0.0,True,ok,942.4713772539833,63.662410814870626,0.22102883233457032,366.5883971349335,208.31334802320225,62,1
119,det,1744247.491638796,63,0,0.0,True,ok,919.8209198209206,65.23008849557516,0.17815248399983072,285.8613468218145,163.86838170110613,62,1
121,ref,452.77777777777777,63,0,0.0,True,ok,1001.4550264550265,59.91282525425967,0.024308147915358545,23.001025897850862,24.343516913648088,62,1
121,ref,64555.555555555555,63,0,0.0,True,ok,1006.7019400352734,59.600560616678344,0.023479487026195834,18.955054891347306,23.636845140304377,62,1
121,ref,128958.33333333334,63,0,0.0,True,ok,957.5396825396825,62.6605884790717,0.024351672552229794,16.807943637902234,23.317692804972417,62,1
121,ref,190216.66666666666,63,0,0.0,True,ok,980.1587301587301,61.21457489878543,0.028698271866527014,21.435444840261244,28.12886171044513,62,1
121,ref,252963.8888888889,63,0,0.0,True,ok,1006.4814814814807,59.613615455381826,0.022339107879639705,16.418401833209707,22.48389839367439,62,1
121,ref,317394.44444444444,63,0,0.0,True,ok,1007.848324514992,59.532767521217906,0.023279242393697372,22.250206394259493,23.461945442466266,62,1
121,ref,381869.4444444445,63,0,0.0,True,ok,926.366843033509,64.7691575440267,0.0448974923238105,19.60380167781933,41.59154822412954,62,1
121,ref,441202.7777777778,63,0,0.0,True,ok,969.6649029982361,61.87704619861769,0.02691391998315846,22.854469196343207,26.097483609771636,62,1
121,ref,503286.1111111111,63,0,0.0,True,ok,993.0776014109346,60.41823913333038,0.021839856362431978,19.35463128786373,21.688672171563287,62,1
121,ref,566872.2222222222,63,0,0.0,True,ok,1032.89241622575,58.089302484419,0.021923855158688096,20.52186525159422,22.64498372784072,62,1
121,ref,632958.3333333334,63,0,0.0,True,ok,1018.47442680776,58.911641196588604,0.019484602471424032,21.307331824655137,19.844569333660655,62,1
121,ref,698130.5555555556,63,0,0.0,True,ok,1017.1957671957659,58.98569570871269,0.021702142357030253,23.5014849086191,22.075327344651118,62,1
121,ref,763241.6666666666,63,0,0.0,True,ok,994.5326278659622,60.3298457173257,0.02226523228889937,22.166147890519454,22.143499978325163,62,1
121,ref,826913.8888888889,63,0,0.0,True,ok,1009.0388007054682,59.462530041511855,0.0223097285825856,18.503204540219645,22.51138177303668,62,1
121,ref,891500.0,63,0,0.0,True,ok,990.5643738977083,60.57153031247212,0.019016194186085203,20.989557624480252,18.83676448785673,62,1
121,ref,954908.3333333333,63,0,0.0,True,ok,1021.1199294532656,58.75901377434243,0.10165326941241122,175.25440914604926,103.80017929109515,62,1
121,ref,1020263.8888888889,63,0,0.0,True,ok,1003.306878306879,59.80224126565586,0.02130021519586999,20.730030623528663,21.370652415433067,62,1
121,ref,1084500.0,63,0,0.0,True,ok,1013.4038800705475,59.20640445527319,0.01708616695012813,16.376658458079007,17.315187882792998,62,1
121,ref,1149394.4444444445,63,0,0.0,True,ok,1040.6525573192223,57.65613083636989,0.013434735920205516,15.283886038575464,13.980892292270285,62,1
121,ref,1216002.7777777778,63,0,0.0,True,ok,1024.1622574955913,58.584467022558954,0.025464707506851113,18.21852287829201,26.079992326681566,62,1
121,ref,1281563.8888888888,63,0,0.0,True,ok,1029.453262786599,58.28336474216191,0.02949695213935888,22.696002346244757,30.365733622123148,62,1
121,ref,1347494.4444444445,63,0,0.0,True,ok,1041.0493827160478,57.634153572487484,0.020430354078366207,20.92720785658689,21.269007501953432,62,1
121,ref,1414130.5555555555,63,0,0.0,True,ok,1025.0881834215197,58.531549744074844,0.03572133104399652,22.255799006278295,36.61751434928913,62,1
121,ref,1479630.5555555555,63,0,0.0,True,ok,947.1340388007063,63.349006098412495,0.037691102531051186,20.244055526276703,35.69852616708604,62,1
121,ref,1540155.5555555555,63,0,0.0,True,ok,781.3492063492064,76.79024885728796,0.04485283621234308,16.135502485575085,35.04572797702521,62,1
121,ref,1590183.3333333335,63,0,0.0,True,ok,762.6543209876511,78.6726021853504,0.029114329623354685,16.922322359094895,22.204169289910222,62,1
121,ref,1639030.5555555555,63,0,0.0,True,ok,837.6102292768968,71.63236300468488,0.035110836246419204,20.145453756331147,29.409195598466766,62,1
121,ref,1692666.6666666667,63,0,0.0,True,ok,850.5731922398572,70.54066663210837,0.021424402197696982,17.758446030404247,18.223022169125734,62,1
121,ref,1747119.4444444445,63,0,0.0,True,ok,831.3051146384447,72.17566564124353,0.02770568871640532,19.280543220446624,23.03188073452839,62,1
121,det,457.07915273132664,63,0,0.0,True,ok,1001.397957919697,59.916239618307124,0.024856502296011797,24.19374717381095,24.891250640252473,62,1
121,det,64559.64325529543,63,0,0.0,True,ok,1006.706658880572,59.60028124450694,0.024652941148968006,22.69751301880509,24.818280015656953,62,1
121,det,128963.21070234114,63,0,0.0,True,ok,957.5126966431313,62.66235446313067,0.025016056285984127,18.99537907180367,23.953191513769017,62,1
121,det,190222.96544035675,63,0,0.0,True,ok,980.1631540761972,61.214298609857394,0.02883923368715331,20.663387206930807,28.267154251940706,62,1
121,det,252965.4403567447,63,0,0.0,True,ok,1006.5297021818761,59.610759493670884,0.023064598900904402,19.10061743429965,23.215203862671736,62,1
121,det,317391.30434782605,63,0,0.0,True,ok,1007.945355771443,59.52703651685392,0.02313531839206355,21.284621508201475,23.319136727574104,62,1
121,det,381872.90969899663,63,0,0.0,True,ok,926.368317672665,64.76905444126078,0.045375516410528324,21.933974440935387,42.03444080074952,62,1
121,det,441204.0133779264,63,0,0.0,True,ok,969.7227088531437,61.87335766423357,0.02774011129085556,24.276461080636835,26.90021586485613,62,1
121,det,503288.740245262,63,0,0.0,True,ok,993.080993080993,60.41803278688525,0.022569416256954758,21.378593803998154,22.41325830971494,62,1
121,det,566867.3355629877,63,0,0.0,True,ok,1033.0732069862488,58.07913669064757,0.023014692053005395,24.276461080649344,23.775861726999217,62,1
121,det,632954.2920847269,63,0,0.0,True,ok,1018.5627576931923,58.906532314107025,0.020645708842704627,24.60453624353467,21.028950133355952,62,1
121,det,698127.0903010033,63,0,0.0,True,ok,1017.324060802322,58.97825708818923,0.02226478553067983,25.24790062713222,22.650502028963984,62,1
121,det,763244.1471571906,63,0,0.0,True,ok,994.4966466705599,60.332028469750874,0.022524437856259207,22.829604413422178,22.400477916189196,62,1
121,det,826911.928651059,63,0,0.0,True,ok,1009.0070959636184,59.46439845668182,0.022439953033298984,18.514405331461596,22.642071843689,62,1
121,det,891505.016722408,63,0,0.0,True,ok,990.426642600556,60.57995354654277,0.020438232414554603,23.9438911090349,20.24256991103717,62,1
121,det,954905.2396878484,63,0,0.0,True,ok,1021.2171081736303,58.75342228383293,0.10643017479059541,184.13981956914296,108.68831532206586,62,1
121,det,1020267.5585284281,63,0,0.0,True,ok,1003.3444816053509,59.80000000000002,0.021951759136598192,22.829604413396506,22.02517639123564,62,1
121,det,1084503.9018952062,63,0,0.0,True,ok,1013.4310134310157,59.2048192771083,0.018184897023527505,19.720257303334698,18.42913861969214,62,1
121,det,1149397.9933110368,63,0,0.0,True,ok,1040.6823450301715,57.654480530522,0.013895431190483804,17.04887447925602,14.460729916518073,62,1
121,det,1216008.9186176143,63,0,0.0,True,ok,1024.048415352764,58.59097978227055,0.026076054248999992,20.61482453765238,26.70314203234115,62,1
121,det,1281571.906354515,63,0,0.0,True,ok,1029.3571163136364,58.28880866426002,0.029755590101130467,23.04807450520707,30.62912842071024,62,1
121,det,1347502.7870680045,63,0,0.0,True,ok,1040.8593017288654,57.64467868072093,0.021099412420560116,23.17816815093051,21.96151967895355,62,1
121,det,1414136.0089186176,63,0,0.0,True,ok,1025.1101555449386,58.53029518384254,0.035559131606650946,23.6066363610627,36.45202693233689,62,1
121,det,1479632.1070234114,63,0,0.0,True,ok,947.0722514200763,63.353139013452996,0.03808054408807917,22.070636040031353,36.06502662479862,62,1
121,det,1540156.0758082496,63,0,0.0,True,ok,781.4407814407817,76.78124999999997,0.04523858277041671,18.460190265401074,35.35127347138792,62,1
121,det,1590189.5206243033,63,0,0.0,True,ok,762.5064146803278,78.6878626131353,0.02942210367599645,18.405815507295905,22.434542786336948,62,1
121,det,1639030.1003344483,63,0,0.0,True,ok,851.3386774256322,70.47723965911467,0.1236565305302513,153.96155433557263,105.27358715666645,62,1
121,det,1693534.0022296542,63,0,0.0,True,ok,850.4538939321554,70.55056179775275,0.022757040909355538,20.90450840339406,19.353814055734777,62,1
121,det,1747971.0144927534,63,0,0.0,True,ok,830.8117003769222,72.21853035143731,0.027883345582912864,19.618343146634363,23.16580975593718,62,1
122,ref,258.33333333333337,63,0,0.0,True,ok,681.9664902998236,87.98086248141205,0.03192071467774265,20.96582719560635,21.76885775664222,62,1
122,ref,43916.666666666664,63,0,0.0,True,ok,698.5449735449736,85.89282332891497,0.024718652593216973,21.222470864951482,17.267090521796142,62,1
122,ref,88622.22222222222,63,0,0.0,True,ok,705.0705467372132,85.09786755049717,0.03449503694681302,17.99168465836029,24.321434559809827,62,1
122,ref,133769.44444444444,63,0,0.0,True,ok,706.5696649029985,84.91731669266767,0.036935471342872866,19.749274696948277,26.097483609767988,62,1
122,ref,179038.8888888889,63,0,0.0,True,ok,737.6543209876543,81.33891213389121,0.08429238188819227,21.31317184994575,62.178639726166516,62,1
122,ref,226216.66666666666,63,0,0.0,True,ok,719.7530864197535,83.36192109777011,0.026148845627574576,16.692781213554294,18.820712346760477,62,1
122,ref,272294.44444444444,63,0,0.0,True,ok,743.8712522045863,80.65911919862478,0.043300309613270284,21.26933257448268,32.20985553286965,62,1
122,ref,319847.22222222225,63,0,0.0,True,ok,709.6119929453264,84.55324965825773,0.03859070275461482,18.597130039837825,27.384425490862917,62,1
122,ref,365261.1111111111,63,0,0.0,True,ok,654.2768959435625,91.70429274209853,0.040884698941757766,23.493540296924458,26.749913915200327,62,1
122,ref,407152.77777777775,63,0,0.0,True,ok,708.0246913580248,84.74280732345247,0.04731662040192689,20.555192285843802,33.50133555617911,62,1
122,ref,452480.55555555556,63,0,0.0,True,ok,735.4497354497352,81.58273381294967,0.03741917800253458,16.342425479972114,27.519924562710607,62,1
122,ref,499527.77777777775,63,0,0.0,True,ok,743.6948853615535,80.67824746546495,0.051424535393601006,20.102163398930177,38.24416395431525,62,1
122,ref,547113.888888889,63,0,0.0,True,ok,770.0176366843017,77.92029317453063,0.02483420946766954,17.2356578416502,19.12277928321781,62,1
122,ref,596397.2222222222,63,0,0.0,True,ok,712.6102292768949,84.19750030936778,0.044476518506244136,20.40021708291614,31.69442205017269,62,1
122,ref,642008.3333333334,63,0,0.0,True,ok,727.68959435626,82.45273873000495,0.031026450757118833,16.550521233079547,22.57762536576228,62,1
122,ref,688519.4444444444,63,0,0.0,True,ok,693.4744268077618,86.52085452695809,0.042416614449839775,20.323817229901067,29.414837392728465,62,1
122,ref,732922.2222222222,63,0,0.0,True,ok,765.7848324514981,78.35099032703833,0.032852480203542506,19.183476603388247,25.157931048285956,62,1
122,ref,781958.3333333334,63,0,0.0,True,ok,758.4656084656073,79.10708057202663,0.027645776937124285,21.292724753711074,20.968371026120423,62,1
122,ref,830466.6666666667,63,0,0.0,True,ok,758.5097001763652,79.1024821252109,0.0415985904682028,19.58792429473087,31.552934383795908,62,1
122,ref,878975.0,63,0,0.0,True,ok,716.7107583774247,83.71577976007387,0.03175850924880762,14.583866691059363,22.761665248649365,62,1
122,ref,924877.7777777778,63,0,0.0,True,ok,746.5608465608472,80.36853295535074,0.025715032405319003,17.57175084386207,19.197836361854574,62,1
122,ref,972694.4444444445,63,0,0.0,True,ok,756.3492063492045,79.32843651626463,0.05012869575341876,19.76817051503081,37.914799248419015,62,1
122,ref,1021105.5555555556,63,0,0.0,True,ok,725.5291005290975,82.69826800364666,0.030239458527636674,17.490112129483055,21.939607146043183,62,1
122,ref,1067550.0,63,0,0.0,True,ok,736.816578483246,81.43139249596065,0.0355527456611928,19.076132864943446,26.195852413765145,62,1
122,ref,1114744.4444444445,63,0,0.0,True,ok,768.9153439153451,78.03199724754847,0.03698311027331542,18.303712358450166,28.43688095486546,62,1
122,ref,1163944.4444444443,63,0,0.0,True,ok,781.0405643739006,76.82059388054618,0.04706787246100025,19.565674312724205,36.761917670818406,62,1
122,ref,1213863.8888888888,63,0,0.0,True,ok,762.213403880075,78.71811187597571,0.044966583484342924,21.64057338816566,34.27413265845858,62,1
122,ref,1262611.111111111,63,0,0.0,True,ok,742.6366843033493,80.79320786083258,0.02832862640826288,16.84492485670475,21.037877186700644,62,1
122,ref,1310116.6666666665,63,0,0.0,True,ok,708.6860670194045,84.66372176942649,0.038996466764837916,17.649486698658485,27.636252659225903,62,1
122,ref,1355441.6666666665,63,0,0.0,True,ok,710.2733686067023,84.47451735054933,0.0598643298217573,18.747095885507278,42.52003920188223,62,1
122,ref,1400897.222222222,63,0,0.0,True,ok,744.047619047619,80.64,0.030850463709850232,18.964900821387594,22.954214069829042,62,1
122,ref,1448530.5555555555,63,0,0.0,True,ok,727.0282186948849,82.52774576990726,0.03831932146749378,19.931183878607495,27.85922802810867,62,1
122,ref,1495080.5555555555,63,0,0.0,True,ok,732.848324514992,81.872330184706,0.03552788928210729,17.600058153106126,26.03655413394647,62,1
122,ref,1542036.111111111,63,0,0.0,True,ok,772.0017636684324,77.72002969901173,0.05182601276536375,21.522357393677034,40.00977325876351,62,1
122,ref,1591377.7777777778,63,0,0.0,True,ok,697.3985890652541,86.0340140355316,0.02558287211440701,16.700235012200285,17.841458916824283,62,1
122,ref,1636027.7777777778,63,0,0.0,True,ok,702.2045855379205,85.44518397588828,0.022892059780201514,14.53257509008606,16.074909350065703,62,1
122,ref,1680980.5555555555,63,0,0.0,True,ok,752.6014109347459,79.72347530611032,0.0497924249764195,23.408630002299795,37.4738492911158,62,1
122,ref,1729097.2222222222,63,0,0.0,True,ok,715.9171075837738,83.80858532980236,0.03265806756757148,16.58057213612375,23.380469272251226,62,1
122,det,903.010033444816,63,0,0.0,True,ok,682.8759002672047,87.86369525783881,0.031439374128086284,21.56530995873686,21.46919091155438,62,1
122,det,44615.38461538461,63,0,0.0,True,ok,698.6250464511332,85.88297872340428,0.024149699600014098,20.072882431892626,16.871585004840764,62,1
122,det,89275.36231884058,63,0,0.0,True,ok,706.2341844950538,84.95765472312706,0.034158560062644984,20.56614719808727,24.123942809367396,62,1
122,det,134470.45707915275,63,0,0.0,True,ok,707.4728813859244,84.80890445222616,0.03805805822197342,20.02288762840311,26.925044110252806,62,1
122,det,179788.18283166108,63,0,0.0,True,ok,737.0246500681286,81.40840336134451,0.08487784117823742,23.004546469184938,62.55706119292863,62,1
122,det,226945.3734671126,63,0,0.0,True,ok,719.859850294633,83.34955752212387,0.026050371666055117,15.766037484648006,18.752616647645986,62,1
122,det,273021.1817168339,63,0,0.0,True,ok,743.2181345224815,80.73000000000009,0.04556101899225665,25.484975317759204,33.861775542368335,62,1
122,det,320568.5618729097,63,0,0.0,True,ok,709.4194050715786,84.57620354203048,0.039139482648950535,20.022887628403893,27.76630849562786,62,1
122,det,365953.17725752504,63,0,0.0,True,ok,654.0319583797855,91.73863636363622,0.04049922982768749,22.475635619813165,26.487790597075474,62,1
122,det,407837.23522853956,63,0,0.0,True,ok,708.7115782767955,84.66067415730339,0.04817152207067171,23.436189103654424,34.13971543470124,62,1
122,det,453210.7023411371,63,0,0.0,True,ok,735.2550830811701,81.6043321299639,0.03864997441241643,19.257396677795043,28.417590147686344,62,1
122,det,500211.81716833886,63,0,0.0,True,ok,744.4568314133535,80.59567387687184,0.05034968760285929,20.12275302413932,37.48316889547683,62,1
122,det,547870.680044593,63,0,0.0,True,ok,770.2925094229442,77.89248793935216,0.024893704468082707,18.83641913014931,19.175434083552588,62,1
122,det,597168.3389074693,63,0,0.0,True,ok,711.7198421546251,84.30283441074089,0.043873783773552305,21.611736944536553,31.2258424620388,62,1
122,det,642731.3266443701,63,0,0.0,True,ok,726.9381182424665,82.53797468354425,0.03329980176906334,19.10061743429855,24.206895235850062,62,1
122,det,689152.7313266443,63,0,0.0,True,ok,694.7319990798262,86.3642384105959,0.04084310248821116,19.821647469350903,28.37501024025716,62,1
122,det,733667.7814938684,63,0,0.0,True,ok,766.5764187503318,78.27008310249307,0.03412763452304229,21.704292986674254,26.161439853093945,62,1
122,det,782742.4749163879,63,0,0.0,True,ok,757.5516271168433,79.20252277505269,0.02851965444045706,22.960935915347715,21.60511062617835,62,1
122,det,831215.1616499443,63,0,0.0,True,ok,758.0824972129305,79.14705882352956,0.04283394893779301,23.091520490060653,32.471666976253275,62,1
122,det,879698.9966555184,63,0,0.0,True,ok,717.205499814195,83.65803108808295,0.03350150711379551,18.99537907179251,24.027465154078516,62,1
122,det,925618.72909699,63,0,0.0,True,ok,747.2881385924863,80.29031494198438,0.027451596562676022,19.9225216448711,20.51425249671406,62,1
122,det,973478.2608695652,63,0,0.0,True,ok,755.9590168285815,79.36938202247197,0.05003520177973864,20.808395211984923,37.824561944230915,62,1
122,det,1021872.9096989967,63,0,0.0,True,ok,725.1685512555091,82.73938506588564,0.030923310871402057,21.142879943641013,22.424612544638364,62,1
122,det,1068294.314381271,63,0,0.0,True,ok,737.378563465521,81.3693304535636,0.03661857028105494,20.370274666612932,27.00174875000551,62,1
122,det,1115507.2463768115,63,0,0.0,True,ok,768.8768558333783,78.03590333716909,0.03746465948709422,21.284621508215732,28.805709591305153,62,1
122,det,1164749.1638795987,63,0,0.0,True,ok,779.6712144538205,76.9555152065368,0.04898804802050264,22.296544035660073,38.19457089386737,62,1
122,det,1214581.9397993311,63,0,0.0,True,ok,762.3294579816302,78.70612813370491,0.045221403641966515,23.2213707385044,34.47360812754885,62,1
122,det,1263333.3333333333,63,0,0.0,True,ok,742.6872644263971,80.78770550393114,0.028458959306547522,16.511296124332638,21.136106635801934,62,1
122,det,1310858.4169453734,63,0,0.0,True,ok,707.6498380846211,84.787696924231,0.040200398604040226,20.12275302415752,28.447805563086295,62,1
122,det,1356109.2530657747,63,0,0.0,True,ok,711.012015359842,84.38675958188146,0.05956886567131852,20.370274666691028,42.35417923366389,62,1
122,det,1401638.7959866219,63,0,0.0,True,ok,744.2798747146605,80.61483594864444,0.03157038885250311,20.517354372108088,23.49720505983413,62,1
122,det,1449264.2140468226,63,0,0.0,True,ok,727.292031639858,82.49781021897807,0.03919765249583909,21.97962272013887,28.508140319211964,62,1
122,det,1495830.5462653288,63,0,0.0,True,ok,733.4855160942109,81.8012062726177,0.03724576266626366,20.27162868901308,27.31922745158689,62,1
122,det,1542831.6610925305,63,0,0.0,True,ok,770.6464228203395,77.85671641791008,0.05353112008207555,23.606636361002405,41.25356620081756,62,1
122,det,1592107.023411371,63,0,0.0,True,ok,697.2093928615703,86.05736040609094,0.02565866306006069,17.683735538673332,17.889460893744516,62,1
122,det,1636711.259754738,63,0,0.0,True,ok,702.6950505211365,85.38554520271984,0.02383473532725771,16.812073055774196,16.748550544945275,62,1
122,det,1681694.5373467114,63,0,0.0,True,ok,752.4198828546648,79.74270931326441,0.05069250863166406,25.952628550592102,38.142051406245756,62,1
122,det,1729810.4793756967,63,0,0.0,True,ok,716.3207163207181,83.76136363636343,0.03342250564791024,18.51440533152943,23.94123318694431,62,1
123,ref,194.44444444444446,63,0,0.0,True,ok,1224.426807760141,49.00252070579763,0.08031506015303791,101.59642676150041,98.3399127182479,62,1
123,ref,78333.33333333333,63,0,0.0,True,ok,1194.7530864197531,50.21958150348747,0.10590882248224824,119.83089521832528,126.53489253974783,62,1
123,ref,154763.88888888888,63,0,0.0,True,ok,1210.582010582011,49.562937062937046,0.10277788436109052,130.01298069555688,124.42105789321438,62,1
123,ref,232016.6666666667,63,0,0.0,True,ok,1211.9929453262778,49.505238649592584,0.0932622060709735,108.30748244092246,113.03313582358544,62,1
123,ref,309619.4444444445,63,0,0.0,True,ok,1202.2045855379188,49.90831071664344,0.09610071454632889,107.6279766696784,115.53271970106717,62,1
123,ref,386375.0,63,0,0.0,True,ok,1122.9276895943572,53.43175749960731,0.1287769176652814,136.5707074894385,144.6071666269572,62,1
123,ref,458233.3333333334,63,0,0.0,True,ok,1184.126984126984,50.67024128686327,0.10880695095833819,89.68269544459208,128.84124669034966,62,1
123,ref,533961.1111111111,63,0,0.0,True,ok,1164.0211640211646,51.54545454545452,0.13314363105159377,98.16554646181976,154.98200439868066,62,1
123,ref,608552.7777777778,63,0,0.0,True,ok,1195.7231040564384,50.178841402706546,0.0860444017867581,98.71422999498506,102.88527919114175,62,1
123,ref,685100.0,63,0,0.0,True,ok,1207.7160493827162,49.6805520061334,0.06148129929743493,102.49707380891003,74.25195189841448,62,1
123,ref,762205.5555555555,63,0,0.0,True,ok,1216.0493827160515,49.34010152284255,0.1044281462419517,108.39018359447134,126.98978277570691,62,1
123,ref,839961.1111111111,63,0,0.0,True,ok,1206.7901234567917,49.718670076726276,0.0696338690013899,98.48198168623584,84.03346536896139,62,1
123,ref,917072.2222222222,63,0,0.0,True,ok,1204.629629629629,49.80784012298234,0.05817369556911299,98.4977767621152,70.07775734760737,62,1
123,ref,994191.6666666667,63,0,0.0,True,ok,1186.9929453262778,50.54789940938305,0.09080015764766346,86.00409583384176,107.77914656229039,62,1
123,ref,1070075.0,63,0,0.0,True,ok,1206.5696649029999,49.727754430842246,0.09025373320475705,113.1120238888733,108.89741662910846,62,1
123,ref,1147450.0,63,0,0.0,True,ok,1187.4779541446228,50.52725382444667,0.08056328413278738,98.8874290094372,95.6671238211743,62,1
123,ref,1223397.222222222,63,0,0.0,True,ok,1215.9611992945354,49.34367974472394,0.06352957582821694,104.8184506971136,77.24949921475181,62,1
123,ref,1301116.6666666665,63,0,0.0,True,ok,1176.146384479722,51.01405810684143,0.12426855741003945,108.42404987728939,146.15801450232865,62,1
123,ref,1376413.8888888888,63,0,0.0,True,ok,1181.0405643738968,50.80265810498025,0.10130199724212093,102.25637870205817,119.64176799503744,62,1
123,ref,1451841.6666666667,63,0,0.0,True,ok,1131.7901234567896,53.01336242159806,0.1501276238182571,123.28018406599064,169.91296189553967,62,1
123,ref,1524166.6666666667,63,0,0.0,True,ok,1222.0458553791866,49.09799393851935,0.09696486780131128,106.31681725495386,118.49551481398319,62,1
123,ref,1602327.7777777778,63,0,0.0,True,ok,1185.9788359788372,50.59112201650675,0.13914992140516025,142.49005219349678,165.02886181463862,62,1
123,ref,1678341.6666666667,63,0,0.0,True,ok,1197.6190476190477,50.09940357852882,0.07638285540975359,87.34233676358505,91.47756255025253,62,1
123,det,1527.3132664437012,63,0,0.0,True,ok,1219.2316540142626,49.211320754716986,0.08314580336143657,102.07745879077008,101.37399535670895,62,1
123,det,79286.51059085841,63,0,0.0,True,ok,1197.9968501707633,50.083604135893644,0.10282387308154994,120.32905877883155,123.18267607405517,62,1
123,det,156075.8082497213,63,0,0.0,True,ok,1205.4290315159878,49.77480916030535,0.10523162272794385,126.02495184696772,126.84925306980118,62,1
123,det,233065.77480490523,63,0,0.0,True,ok,1215.161649944259,49.376146788990816,0.0920238380582055,110.82446727953891,111.8238388890123,62,1
123,det,310802.67558528425,63,0,0.0,True,ok,1199.589460459026,50.017111668387656,0.09847304409029503,106.31003177940957,118.12722583003489,62,1
123,det,387380.1560758083,63,0,0.0,True,ok,1124.736776910689,53.34581497797361,0.1279675084544259,137.52532009456044,143.92976300832234,62,1
123,det,459420.28985507245,63,0,0.0,True,ok,1183.3094441790092,50.705248990578745,0.10903089580207033,88.8822274194524,129.0172887098873,62,1
123,det,535139.353400223,63,0,0.0,True,ok,1145.2637539594064,52.38967861557477,0.16555784920570518,144.76146184245582,189.60740387877124,62,1
123,det,608550.7246376812,63,0,0.0,True,ok,1195.8733697864134,50.17253625332938,0.08604837662295044,98.31625226129673,102.90296211673818,62,1
123,det,685105.9085841695,63,0,0.0,True,ok,1207.729468599034,49.68,0.06165497654568869,103.20045692652565,74.4625320600105,62,1
123,det,762207.3578595318,63,0,0.0,True,ok,1216.0464334377375,49.340221187427254,0.10436233078572882,108.24403423251267,126.90944013723492,62,1
123,det,839966.5551839464,63,0,0.0,True,ok,1206.6677284068594,49.723713154421446,0.06996325286170552,99.63272995124547,84.4223994025889,62,1
123,det,917079.1527313266,63,0,0.0,True,ok,1204.5442480225086,49.81137064786251,0.05924873442404373,101.2493104223971,71.36772225309507,62,1
123,det,994191.7502787068,63,0,0.0,True,ok,1187.0255348516225,50.546511627906945,0.09072566128139337,85.78352820869262,107.6936766073131,62,1
123,det,1070078.0379041247,63,0,0.0,True,ok,1206.4907717081637,49.73100616016424,0.08944050497495744,109.75209378726079,107.90914386920426,62,1
123,det,1147458.1939799332,63,0,0.0,True,ok,1187.3794482490123,50.5314456035768,0.08081754899259591,99.61260822428049,95.96109673166605,62,1
123,det,1223400.2229654402,63,0,0.0,True,ok,1216.0464334377414,49.3402211874271,0.06364960027642992,105.22022685903464,77.40086940589049,62,1
123,det,1301114.827201784,63,0,0.0,True,ok,1176.231176231171,51.010380622837594,0.12412583064745954,108.93628623095222,146.00067178313247,62,1
123,det,1376421.4046822742,63,0,0.0,True,ok,1181.0090070959616,50.804015582858945,0.10179313402819457,103.72358284246059,120.2186081478242,62,1
123,det,1451839.464882943,63,0,0.0,True,ok,1131.8150448585225,53.01219512195125,0.1506211703944706,125.10700128834671,170.4753067266609,62,1
123,det,1524169.4537346712,63,0,0.0,True,ok,1222.062961193393,49.097306689835044,0.09659114451530729,105.33447252451884,118.04046009143538,62,1
123,det,1602329.988851728,63,0,0.0,True,ok,1185.9637946594498,50.59176365264087,0.13915531083630842,142.89385345753126,165.0331604864436,62,1
123,det,1678350.05574136,63,0,0.0,True,ok,1197.4659800746751,50.105807595684965,0.07674642698321132,88.47533817861606,91.90123540468065,62,1
124,ref,675.0,63,0,0.0,True,ok,1217.328042328042,49.28827556231664,0.0282747951859484,43.26101400264509,34.41970107093692,62,1
124,ref,78550.0,63,0,0.0,True,ok,1214.858906525573,49.38845134831053,0.026083586178955318,43.97574319605784,31.68787698363121,62,1
124,ref,156319.44444444447,63,0,0.0,True,ok,1211.3756613756611,49.53046516706706,0.024444238865086128,38.08860375965443,29.61115602201835,62,1
124,ref,233877.77777777775,63,0,0.0,True,ok,1105.9523809523819,54.251883745963354,0.09977218826349912,43.28545972373866,110.34328916284615,62,1
124,ref,304144.44444444444,63,0,0.0,True,ok,1061.0229276895943,56.549202127659576,0.03246141569730246,36.89526330035127,34.44230632010081,62,1
124,ref,372063.8888888889,63,0,0.0,True,ok,1113.3597883597886,53.89093501247474,0.028772676578152665,41.38194235804189,32.034341105596695,62,1
124,ref,443313.8888888889,63,0,0.0,True,ok,1148.3686067019414,52.2480322518717,0.04541075086655161,65.55316349439337,52.14828070191085,62,1
124,ref,516850.0,63,0,0.0,True,ok,1101.3227513227519,54.479942349267326,0.05418817381125717,46.01287198916952,59.67866867096924,62,1
124,ref,587316.6666666667,63,0,0.0,True,ok,1094.5326278659604,54.81791814373191,0.07500045491811962,137.93715129034715,82.09044501267196,62,1
124,ref,657341.6666666667,63,0,0.0,True,ok,1120.0176366843036,53.5705849933076,0.033116372524743476,41.27504127507783,37.090921290720196,62,1
124,ref,729016.6666666666,63,0,0.0,True,ok,1130.6437389770733,53.06711383223487,0.025197888834568728,39.153604929480665,28.489835246245434,62,1
124,ref,801394.4444444444,63,0,0.0,True,ok,1141.7107583774264,52.55271491465198,0.07417902395427023,142.74529636249505,84.69098969452715,62,1
124,ref,874494.4444444444,63,0,0.0,True,ok,1152.7777777777778,52.04819277108434,0.036837508687111796,54.873728189376735,42.46546140319832,62,1
124,ref,948277.7777777779,63,0,0.0,True,ok,1158.0246913580238,51.812366737739914,0.06548382907032121,126.44229640823325,75.83189094810031,62,1
124,ref,1022425.0,63,0,0.0,True,ok,1154.3209876543176,51.978609625668604,0.1408808722197499,270.8798553923122,162.62174756230343,62,1
124,ref,1096330.5555555555,63,0,0.0,True,ok,1170.2380952380988,51.27161749745661,0.030318471274660412,42.564987677904675,35.479830074989614,62,1
124,ref,1171191.6666666665,63,0,0.0,True,ok,1157.6278659612021,51.83012759474373,0.05879704475753155,104.03904966425,68.06509744748654,62,1
124,ref,1245302.7777777778,63,0,0.0,True,ok,1153.3068783068807,52.02431471499015,0.029573960409073688,37.862478839412866,34.107851958560055,62,1
124,ref,1318961.1111111112,63,0,0.0,True,ok,1088.9770723104011,55.09757875131613,0.03870661763507775,43.25669861783878,42.15061915128511,62,1
124,ref,1388663.8888888888,63,0,0.0,True,ok,1059.4797178130516,56.63157018602519,0.09942312005116496,182.58236549885916,105.33677917590141,62,1
124,ref,1456461.1111111112,63,0,0.0,True,ok,1034.0828924162224,58.022427834392374,0.04086184396683697,40.67671057195553,42.25453379868714,62,1
124,ref,1522666.6666666667,63,0,0.0,True,ok,1078.6155202821865,55.62686506152151,0.06343158072543742,102.92479555692287,68.41828744648919,62,1
124,ref,1591725.0,63,0,0.0,True,ok,1038.183421516754,57.79325575469299,0.03460982137333165,42.23919673873506,35.93134277144913,62,1
124,ref,1658125.0,63,0,0.0,True,ok,966.0052910052898,62.1114610434069,0.08875869050619475,140.48146077113194,85.74136465168512,62,1
124,ref,1719941.6666666665,63,0,0.0,True,ok,1041.4902998236385,57.60975403242848,0.05406209015366852,47.643336312816444,56.3051424832368,62,1
124,det,680.0445930880713,63,0,0.0,True,ok,1217.2851303286088,49.290013083296984,0.028907678624504166,45.26235641331437,35.18888734192709,62,1
124,det,78550.72463768115,63,0,0.0,True,ok,1214.8077365468669,49.390531682447204,0.026007053301167878,43.54690364507846,31.59356955504547,62,1
124,det,156321.0702341137,63,0,0.0,True,ok,1211.2686025729506,49.53484295105916,0.024415889376793978,37.32536939809595,29.574200206004992,62,1
124,det,233879.59866220734,63,0,0.0,True,ok,1105.9793668489322,54.25055999999999,0.10185384595332514,59.17771128673721,112.6482520585872,62,1
124,det,304180.60200668895,63,0,0.0,True,ok,1060.501495284104,56.57700650759219,0.04501711176803816,68.86825555236723,47.740714343376105,62,1
124,det,372062.43032329984,63,0,0.0,True,ok,1113.4115481941576,53.88842975206608,0.029467053725342255,42.45135510515611,32.80895790905374,62,1
124,det,443311.03678929765,63,0,0.0,True,ok,1148.44897453593,52.24437596302008,0.045913008716262034,66.88963210701934,52.72874777805034,62,1
124,det,516856.1872909698,63,0,0.0,True,ok,1082.9749960184756,55.40294117647052,0.11154508783018759,109.11095948873961,120.80054104877792,62,1
124,det,586231.884057971,63,0,0.0,True,ok,1077.1354249615115,55.703302119270596,0.1297831336624155,199.32078138454838,139.79401083030257,62,1
124,det,655139.353400223,63,0,0.0,True,ok,1119.0741625524233,53.6157495256167,0.034156554127518085,44.54811268111687,38.22371720592882,62,1
124,det,726767.0011148271,63,0,0.0,True,ok,1127.921997487216,53.19516786946967,0.02148944833035868,36.483437560237746,24.23842148567648,62,1
124,det,799041.248606466,63,0,0.0,True,ok,1142.255490081575,52.52765298218444,0.07477876988889674,143.44690720745908,85.41646044713907,62,1
124,det,872151.6164994425,63,0,0.0,True,ok,1152.6959353046313,52.051888240712294,0.036665291645679714,54.6518473237816,42.26393264673386,62,1
124,det,945953.177257525,63,0,0.0,True,ok,1157.6507228681141,51.829104249465,0.07694753298773209,149.9846605025163,89.0783671861661,62,1
124,det,1020066.889632107,63,0,0.0,True,ok,1136.769832422007,52.7811332503113,0.16834789541866865,307.64305121564826,191.37280886367753,62,1
124,det,1092853.9576365664,63,0,0.0,True,ok,1171.8072587637791,51.20295983086687,0.029254094974136145,42.167079440326354,34.280160839257725,62,1
124,det,1167826.0869565217,63,0,0.0,True,ok,1155.173329086372,51.9402573529412,0.05919821767894105,103.73324548005203,68.38420219216205,62,1
124,det,1241783.723522854,63,0,0.0,True,ok,1158.1815929642014,51.8053475935829,0.02414854966985646,38.14872455532232,27.968405724409493,62,1
124,det,1315852.8428093647,63,0,0.0,True,ok,1086.514129992386,55.22247557003282,0.04057738094496379,42.874234603888226,44.08789775478695,62,1
124,det,1385395.7636566332,63,0,0.0,True,ok,1060.678451982796,56.567567567567764,0.10839095142738993,199.0943690445167,114.96794656894639,62,1
124,det,1453277.5919732442,63,0,0.0,True,ok,1036.0814708640746,57.910503842869616,0.041443055426218976,42.569243016353774,42.938381823098325,62,1
124,det,1519542.9208472685,63,0,0.0,True,ok,1079.0819486471685,55.6028205969169,0.07517052374509231,128.4121344419529,81.11515524368245,62,1
124,det,1588506.1315496098,63,0,0.0,True,ok,1041.213215126257,57.62508497620675,0.03512050839531455,41.664930162888815,36.56793746315416,62,1
124,det,1655139.353400223,63,0,0.0,True,ok,967.4222717700962,62.02048655569793,0.08881574009649093,140.38885990215144,85.92232505308968,62,1
124,det,1717034.5596432553,63,0,0.0,True,ok,1030.241899807117,58.2387495705943,0.08790256861601498,82.41066393929988,90.56090928888874,62,1
200,ref,625.0,63,0,0.0,True,ok,692.3721340388007,86.65860026746482,0.28449980774838934,343.3727474447759,196.97973902438085,62,1
200,ref,44986.11111111112,63,0,0.0,True,ok,701.0582010582008,85.58490566037739,0.25748072554582796,337.46174023887016,180.50897425831846,62,1
200,ref,89683.33333333334,63,0,0.0,True,ok,737.6543209876543,81.33891213389121,0.25514241250295683,340.09110891876185,188.2069030500206,62,1
200,ref,136869.44444444444,63,0,0.0,True,ok,712.8747795414464,84.16625432953981,0.10743354418046404,116.28147283179517,76.58666412300454,62,1
200,ref,182327.77777777778,63,0,0.0,True,ok,706.1287477954147,84.97034030596313,0.22189894524511036,297.4181178709685,156.68922434305307,62,1
200,ref,227672.22222222222,63,0,0.0,True,ok,655.0705467372138,91.59318839604221,0.16540734648693953,186.64663764367654,108.35348089755124,62,1
200,ref,269647.22222222225,63,0,0.0,True,ok,623.8977072310406,96.16961130742048,0.10997100368898742,110.20011846236899,68.61065706345556,62,1
200,ref,309663.8888888889,63,0,0.0,True,ok,615.6084656084653,97.46454662655785,0.10556503199472521,109.51815104447434,64.98672736818133,62,1
200,ref,349122.2222222222,63,0,0.0,True,ok,656.9664902998244,91.32885906040258,0.10999286421509946,119.70516265289002,72.26162596141904,62,1
200,ref,391116.6666666667,63,0,0.0,True,ok,707.0546737213402,84.8590670990272,0.2477376681088136,309.2554585934662,175.16407609316286,62,1
200,ref,436175.0,63,0,0.0,True,ok,707.1428571428571,84.84848484848486,0.23637215351261126,303.7706502036273,167.14887998391796,62,1
200,ref,481761.1111111111,63,0,0.0,True,ok,722.0899470899465,83.09214141784217,0.23066402346147966,300.91581639114935,166.56017249685402,62,1
200,ref,528000.0,63,0,0.0,True,ok,724.5590828924167,82.80898192661104,0.1202742165989517,149.51509635559458,87.14577607454032,62,1
200,ref,574158.3333333333,63,0,0.0,True,ok,702.8218694885376,85.3701380175657,0.23639917361324336,306.90440307115523,166.14650914440506,62,1
200,ref,619080.5555555555,63,0,0.0,True,ok,678.3950617283967,88.4440400363965,0.19465578675028308,217.3743153890407,132.05352446824793,62,1
200,ref,662538.8888888889,63,0,0.0,True,ok,640.2557319223988,93.71255423180219,0.15057184776768515,162.99609504893778,96.40448859940726,62,1
200,ref,703513.8888888889,63,0,0.0,True,ok,667.1957671957678,89.92862807295789,0.1432932352768839,164.96216212904358,95.6046400445242,62,1
200,ref,746400.0,63,0,0.0,True,ok,693.6948853615517,86.49335791012525,0.12778098585133002,149.5849993916783,88.64101633152443,62,1
200,ref,790611.1111111111,63,0,0.0,True,ok,662.9629629629624,90.50279329608946,0.17528924640904978,202.44147740075215,116.21027817488844,62,1
200,ref,832980.5555555556,63,0,0.0,True,ok,598.8536155202818,100.19142983360337,0.07613909776273332,58.806114477709066,45.596173977665046,62,1
200,ref,871369.4444444444,63,0,0.0,True,ok,614.6384479717835,97.61836441893796,0.07218772944145405,52.15511779512732,44.36935398650234,62,1
200,ref,910680.5555555555,63,0,0.0,True,ok,651.4991181657856,92.09528965890622,0.14386605638004857,157.15424331767937,93.72860886559084,62,1
200,ref,952316.6666666667,63,0,0.0,True,ok,674.1622574955894,88.99934597776343,0.19045318222248064,234.74038126190996,128.39634727432642,62,1
200,ref,995608.3333333334,63,0,0.0,True,ok,682.4955908289246,87.91265585632141,0.2530266697744184,314.8498864785134,172.6895864831669,62,1
200,ref,1039869.4444444445,63,0,0.0,True,ok,731.6578483245158,82.00554417259241,0.2515961237106927,328.68435166080087,184.0822785209541,62,1
200,ref,1086902.7777777778,63,0,0.0,True,ok,735.8024691358054,81.54362416107351,0.31203854958703836,402.74656905421085,229.5987352516983,62,1
200,ref,1133744.4444444445,63,0,0.0,True,ok,720.8112874779525,83.23954000489375,0.2747174103406513,359.54772549075807,198.01941024025385,62,1
200,ref,1180069.4444444443,63,0,0.0,True,ok,697.4426807760194,86.02857504109177,0.24671754366447798,318.61705222063733,172.07134504782815,62,1
200,ref,1224838.888888889,63,0,0.0,True,ok,690.6084656084644,86.87990806358951,0.22708954172445706,299.73521435698586,156.82995996605663,62,1
200,ref,1269236.111111111,63,0,0.0,True,ok,693.2980599647262,86.54286441109137,0.24251642969175505,303.98607181876685,168.1361702148657,62,1
200,ref,1313694.4444444443,63,0,0.0,True,ok,712.9629629629642,84.15584415584401,0.2260314417906645,296.1653823317855,161.15204646186294,62,1
200,ref,1359386.1111111112,63,0,0.0,True,ok,684.3915343915319,87.66911480479352,0.22100830517080394,282.24411127822736,151.25621308911843,62,1
200,ref,1403044.4444444445,63,0,0.0,True,ok,672.442680776012,89.22693593862725,0.19856823306259166,243.32077183991956,133.52575495756508,62,1
200,ref,1445908.3333333333,63,0,0.0,True,ok,674.7795414462101,88.9179299529532,0.1874768905202283,236.82687208951737,126.505570217001,62,1
200,ref,1489100.0,63,0,0.0,True,ok,722.8835978835991,83.00091491308312,0.24337203715699704,306.52887500959423,175.929653844311,62,1
200,ref,1535150.0,63,0,0.0,True,ok,754.1446208112858,79.5603367633304,0.2542611503300917,344.5347609651495,191.74967880272837,62,1
200,ref,1583311.1111111112,63,0,0.0,True,ok,748.1040564373852,80.20274650792764,0.2266426014075771,301.98240702679806,169.55224947452987,62,1
200,ref,1631522.222222222,63,0,0.0,True,ok,751.8518518518567,79.80295566502411,0.23809923356111726,312.45210704277997,179.01534967743376,62,1
200,ref,1679375.0,63,0,0.0,True,ok,756.3932980599643,79.32381229962114,0.21922022084766474,281.7672739948574,165.81670584839887,62,1
200,ref,1727758.3333333335,63,0,0.0,True,ok,758.7742504409167,79.07490266720906,0.21595981130131658,301.53905464045357,163.8647439455183,62,1
200,det,590.8584169453734,63,0,0.0,True,ok,692.9624320928667,86.58478038815119,0.31159613189445995,383.99858187052155,215.92441338831466,62,1
200,det,44983.277591973245,63,0,0.0,True,ok,701.102440232875,85.57950530035336,0.30318613046507636,402.45257003482226,212.56453591382785,62,1
200,det,89654.40356744705,63,0,0.0,True,ok,738.0863902603032,81.29129705106689,0.2950879710247005,402.1685579345,217.80041534285814,62,1
200,det,136878.48383500558,63,0,0.0,True,ok,712.7815823467995,84.17725918570012,0.11441337902617225,126.30300389579564,81.55174934391918,62,1
200,det,182285.39576365662,63,0,0.0,True,ok,706.0572277963585,84.97894736842102,0.2724357708123589,369.2119494186531,192.3552450923382,62,1
200,det,227670.01114827202,63,0,0.0,True,ok,654.5628284758718,91.66423357664236,0.1847433306695179,211.50463473302335,120.92611706509291,62,1
200,det,269654.40356744704,63,0,0.0,True,ok,622.8875794093178,96.3255681818183,0.13857899086578676,146.55057718222395,86.31913217737588,62,1
200,det,309665.55183946487,63,0,0.0,True,ok,615.6323547627895,97.46076458752515,0.14881132850840167,165.18578913560074,91.61306858500636,62,1
200,det,349130.4347826087,63,0,0.0,True,ok,656.8632655589174,91.3432112068966,0.13210960612532419,150.90404383595992,86.7779472911828,62,1
200,det,391125.97547380155,63,0,0.0,True,ok,706.9420112898372,84.87259073842306,0.27462787112510423,349.0420646373907,194.1459795694274,62,1
200,det,436131.54960981046,63,0,0.0,True,ok,707.2959246872296,84.83012259194389,0.2675735169610669,349.1224586450796,189.2536581007919,62,1
200,det,481761.4269788183,63,0,0.0,True,ok,722.1602873776768,83.08404802744447,0.2643974831452788,352.1752159439191,190.937362410129,62,1
200,det,528004.4593088072,63,0,0.0,True,ok,724.4607244607242,82.82022471910115,0.1520483227884978,198.5347813083422,110.15303808039316,62,1
200,det,574124.8606465998,63,0,0.0,True,ok,703.4028773159196,85.29962264150959,0.28319789833545816,376.57404133904186,199.20221653898255,62,1
200,det,619085.8416945373,63,0,0.0,True,ok,668.011537576754,89.81880794702,0.20894388886181017,235.47545814383693,139.57692846584422,62,1
200,det,661828.3166109252,63,0,0.0,True,ok,642.5297729645556,93.38088680804185,0.1924602155905483,216.20083214162412,123.66141862810443,62,1
200,det,702876.254180602,63,0,0.0,True,ok,667.3037107819691,89.91408114558507,0.18172278176419773,217.72070798710453,121.2642866048711,62,1
200,det,745551.839464883,63,0,0.0,True,ok,694.3780856824328,86.40825688073403,0.15731800712736935,191.10584936078152,109.23817663247804,62,1
200,det,790111.4827201784,63,0,0.0,True,ok,661.4641397250077,90.70786516853954,0.21628095507324482,256.0073198904072,143.06209588642693,62,1
200,det,832374.5819397994,63,0,0.0,True,ok,598.9984250853821,100.16720827178722,0.09538240570274803,83.58206628796371,57.13391079680104,62,1
200,det,870713.4894091415,63,0,0.0,True,ok,614.3936578719193,97.65725806451603,0.08548880991170185,71.28541693303987,52.5237826287677,62,1
200,det,910089.1861761427,63,0,0.0,True,ok,647.1306471306468,92.71698113207552,0.16800803318855895,188.74160578680141,108.72314724045934,62,1
200,det,951727.9821627648,63,0,0.0,True,ok,675.7976323193723,88.78397486252935,0.23999889760955642,296.7308178880782,162.1906867637977,62,1
200,det,994738.0156075808,63,0,0.0,True,ok,687.8306878306865,87.2307692307694,0.2948424078380222,370.52081696378406,202.8016561848826,62,1
200,det,1038606.4659977703,63,0,0.0,True,ok,743.5720479198758,80.69157544026635,0.29842262502225836,397.99990908291227,221.8987224334258,62,1
200,det,1085930.8807134894,63,0,0.0,True,ok,736.3168232733428,81.48666186013001,0.3319970468227033,445.46537719991323,244.45501085262416,62,1
200,det,1133255.2954292085,63,0,0.0,True,ok,703.756790713311,85.25672617550934,0.2959836691211903,378.5120237404847,208.30051708427942,62,1
200,det,1178561.8729096989,63,0,0.0,True,ok,700.3946134380938,85.6659929257198,0.2996364280777534,398.4177304464593,209.8637402154893,62,1
200,det,1223478.2608695652,63,0,0.0,True,ok,688.0076445293842,87.20833333333327,0.2923979449302772,389.891434515004,201.1720213567126,62,1
200,det,1267792.6421404681,63,0,0.0,True,ok,694.2011289837371,86.43028294672452,0.2957111330921203,381.59757714858347,205.2830024456101,62,1
200,det,1312374.5819397992,63,0,0.0,True,ok,711.012015359842,84.38675958188146,0.28285370611641675,379.00951595366473,201.11238363783397,62,1
200,det,1357904.1248606467,63,0,0.0,True,ok,684.8224239528571,87.6139534883723,0.27417945763513285,357.8443511585736,187.76424077577138,62,1
200,det,1401627.6477146042,63,0,0.0,True,ok,673.851108633721,89.04044117647011,0.25314222681395504,317.16216081234904,170.58017018059246,62,1
200,det,1444570.7915273134,63,0,0.0,True,ok,676.328502415454,88.71428571428636,0.2545364594820675,330.8596638043456,172.15026245163858,62,1
200,det,1487781.4938684504,63,0,0.0,True,ok,721.0985471855014,83.20638036809842,0.26902426857223527,342.4908929575301,193.993009225081,62,1
200,det,1533779.2642140468,63,0,0.0,True,ok,753.6585797455368,79.61164592627371,0.30217680500861543,417.8479700088234,227.73814169483714,62,1
200,det,1581962.0958751393,63,0,0.0,True,ok,750.4733591690098,79.94954020278253,0.25860432662384814,355.4020251915248,194.07565769703908,62,1
200,det,1629899.6655518394,63,0,0.0,True,ok,739.3250871511723,81.15509813307823,0.2749366629074724,357.9423696089445,203.26757226511947,62,1
200,det,1677603.1215161649,63,0,0.0,True,ok,751.5350993611879,79.83659053449476,0.25470757772777075,333.4276755700856,191.4216847356877,62,1
200,det,1725551.8394648829,63,0,0.0,True,ok,755.4281467324943,79.42515811665498,0.25473716005141905,358.7842228760869,192.43562072154225,62,1
201,ref,441.66666666666663,63,0,0.0,True,ok,684.8765432098766,87.60703019378099,0.18292526427353192,171.04756069792154,125.28122266140967,62,1
201,ref,44152.77777777778,63,0,0.0,True,ok,647.3544973544975,92.68492031058436,0.21717671150306386,193.9083110503106,140.59032091216864,62,1
201,ref,85500.0,63,0,0.0,True,ok,679.8059964726632,88.26047476974964,0.25545338587465327,219.18795409290976,173.6587435368344,62,1
201,ref,129055.55555555555,63,0,0.0,True,ok,678.9241622574958,88.3751136511235,0.2162299272996549,209.93055592606913,146.80372224691743,62,1
201,ref,172425.0,63,0,0.0,True,ok,680.9082892416225,88.11759373178788,0.26819084773329555,263.7525586347575,182.61337132033873,62,1
201,ref,215925.0,63,0,0.0,True,ok,675.3086419753085,88.84826325411336,0.1935009426939622,154.2189278205872,130.67285883160162,62,1
201,ref,258997.22222222222,63,0,0.0,True,ok,715.2557319223984,83.88608063124155,0.23009829667566278,214.49490557150838,164.57912560284834,62,1
201,ref,304477.77777777775,63,0,0.0,True,ok,712.7425044091707,84.18187442004334,0.27428989097777623,261.91679633788857,195.49806382961862,62,1
201,ref,350033.3333333334,63,2,0.031746031746031744,True,ok,873.6794171220399,68.6750755759408,0.36140796462290414,278.1849652105916,315.75469987500173,59,2
201,ref,410252.7777777778,63,0,0.0,True,ok,1132.0546737213394,53.00097370983451,0.3407916026577612,382.97588003862995,385.7947265537042,62,1
201,ref,482061.1111111111,63,1,0.015873015873015872,True,ok,686.9175627240132,87.34672580224381,0.4685750195997347,378.7884764305103,321.8724104168065,60,2
201,ref,527788.8888888889,63,0,0.0,True,ok,1267.4162257495577,47.34040702730915,0.2829356729022681,364.013528956337,358.59726267970404,62,1
201,ref,608541.6666666666,63,0,0.0,True,ok,1178.3509700176387,50.91861552853125,0.17611409151207574,335.5674829943859,207.52421056702963,62,1
201,ref,684047.2222222222,63,0,0.0,True,ok,1133.1128747795399,52.95147671115615,0.20708755709780047,392.2048845255132,234.65357715416079,62,1
201,ref,756636.111111111,63,0,0.0,True,ok,1139.6825396825416,52.64623955431746,0.23414843140243347,418.96840346063635,266.85487896340874,62,1
201,ref,829600.0,63,0,0.0,True,ok,1151.8959435626111,52.08803827751192,0.17141176836149477,336.3280202959087,197.44852065449976,62,1
201,ref,903075.0,63,0,0.0,True,ok,1152.3368606701945,52.068107901281785,0.19253657390306014,347.71166221432696,221.86699113564723,62,1
201,ref,976897.2222222222,63,0,0.0,True,ok,1105.996472663139,54.24972093764951,0.17641137539072088,318.44514102979815,195.11035891979017,62,1
201,ref,1047483.3333333334,63,0,0.0,True,ok,1058.6860670194026,56.6740244054807,0.23979273506883286,342.49524352306986,253.86522758984825,62,1
201,ref,1115280.5555555555,63,1,0.015873015873015872,True,ok,1084.3189964157739,55.33426989504983,0.2711255725009228,396.28483022529764,293.9866086768527,60,2
201,ref,1185597.2222222222,63,0,0.0,True,ok,1063.0070546737184,56.44365174830992,0.2632845086347582,389.49629344133314,279.8732900650515,62,1
201,ref,1253108.3333333333,63,0,0.0,True,ok,1128.5273368606706,53.166634108224244,0.22816842478374824,393.1398487321174,257.49430477689765,62,1
201,ref,1325377.7777777778,63,0,0.0,True,ok,1171.6049382716033,51.211801896733476,0.0982489104122154,186.2742023330176,115.1089086187559,62,1
201,ref,1400400.0,63,1,0.015873015873015872,True,ok,1091.8458781362015,54.95281083299135,0.22646218782954008,335.53784905459156,247.2618063353896,60,2
201,ref,1470722.2222222222,63,3,0.047619047619047616,True,ok,1011.805555555562,59.2999313658198,0.5135770024915289,853.2287727358818,519.6400643265017,56,4
201,ref,1538877.7777777778,63,4,0.06349206349206349,True,ok,911.7231638418132,65.80945003872928,0.5482483608357154,676.1666660749626,499.8507301122265,54,5
201,ref,1601502.7777777778,63,0,0.0,True,ok,627.5132275132263,95.61551433389563,0.271470113165032,222.7027734194764,170.35108688557003,62,1
201,ref,1641652.7777777778,63,0,0.0,True,ok,660.4497354497379,90.84718606048435,0.18153299038750703,183.66904746422273,119.89341547682882,62,1
201,ref,1683877.7777777778,63,0,0.0,True,ok,641.2257495590833,93.5707900708244,0.1968830474044212,170.4677806429897,126.2464796473765,62,1
201,ref,1724925.0,63,0,0.0,True,ok,655.4232804232817,91.54389505549932,0.22165416024682122,202.56562034464596,145.27729682843932,62,1
201,det,445.9308807134894,63,0,0.0,True,ok,684.8224239528588,87.61395348837209,0.18209274061788558,170.30640069161618,124.70119201415959,62,1
201,det,44158.30546265329,63,0,0.0,True,ok,647.307603829343,92.69163477310006,0.21716499191478267,194.14458649296049,140.5725505519766,62,1
201,det,85507.2463768116,63,0,0.0,True,ok,679.6906796906795,88.27544910179643,0.25554520209484244,218.93267422809046,173.6916921035355,62,1
201,det,129052.39687848382,63,0,0.0,True,ok,678.9828528958966,88.36747458952304,0.21629551234622657,210.7926077731742,146.86094404142054,62,1
201,det,172430.3232998885,63,0,0.0,True,ok,680.9293765815507,88.11486486486483,0.26788315949490443,263.42846364067753,182.40951279156138,62,1
201,det,215930.8807134894,63,0,0.0,True,ok,675.2667622232846,88.85377358490558,0.19465948775405217,155.74795129764522,131.44708203172192,62,1
201,det,258996.6555183946,63,0,0.0,True,ok,715.2589761285418,83.88570014844132,0.23122022474287512,215.56477527389438,165.3823412098002,62,1
201,det,304481.6053511706,63,0,0.0,True,ok,712.7815823467995,84.17725918570012,0.27437310470293735,261.967175922091,195.5680957235638,62,1
201,det,350033.4448160535,63,2,0.031746031746031744,True,ok,873.5859056600326,68.68242677824267,0.3623461320296322,281.1487226960648,316.54047391151596,59,2
201,det,410256.4102564102,63,0,0.0,True,ok,1131.992001557219,53.003908081913394,0.3425934284544585,387.7131162158146,387.81302079651243,62,1
201,det,482062.43032329984,63,1,0.015873015873015872,True,ok,687.0572158089706,87.32897147343607,0.4698665613725018,381.2345009688995,322.8252114583259,60,2
201,det,527792.6421404681,63,0,0.0,True,ok,1248.6064659977712,48.053571428571395,0.28470443655633937,404.9378419617766,355.4838003824976,62,1
201,det,607636.5663322186,63,0,0.0,True,ok,1120.4898161419892,53.54801010739107,0.23975384481974232,390.2537334973893,268.6417415014081,62,1
201,det,679119.2865105909,63,0,0.0,True,ok,1110.4032843163263,54.034422310757044,0.2311312511605106,394.56521361269273,256.64890039677266,62,1
201,det,750000.0,63,0,0.0,True,ok,1098.1932721063145,54.63519174991949,0.27379151291016235,443.83114095210067,300.6759974377494,62,1
201,det,820111.4827201784,63,0,0.0,True,ok,1083.8597795119517,55.35771428571437,0.24560589185633772,384.8563598879933,266.20234779424646,62,1
201,det,889219.6209587514,63,0,0.0,True,ok,1073.419334288897,55.89614243323455,0.2665241378720226,403.58413632548604,286.0921626465087,62,1
201,det,958082.4972129319,63,0,0.0,True,ok,1082.9749960184747,55.40294117647056,0.22366731489668162,368.3694392163612,242.22610945969672,62,1
201,det,1027435.8974358975,63,0,0.0,True,ok,1088.6376103767386,55.11475942782846,0.20783779132657698,307.9914561099312,226.26003649574403,62,1
201,det,1097413.6008918618,63,1,0.015873015873015872,True,ok,1049.1962455496823,57.18663239074547,0.29538666069046116,417.73305668997693,309.91857538188975,60,2
201,det,1164949.8327759197,63,0,0.0,True,ok,1010.9536196492716,59.349903728338894,0.29416206800790534,388.65554445893014,297.3842074161071,62,1
201,det,1229921.9620958753,63,0,0.0,True,ok,1111.6419812071929,53.97421203438423,0.255315973684254,425.01851157021133,283.81995482020767,62,1
201,det,1301125.9754738014,63,0,0.0,True,ok,1101.0245792854519,54.494696239151246,0.20199799099728613,313.23182340249633,222.40475305429345,62,1
201,det,1371828.3166109251,63,0,0.0,True,ok,1157.2968094707244,51.844954128440286,0.10495362269303886,146.11221216298915,121.46249268504809,62,1
201,det,1445930.8807134894,63,2,0.031746031746031744,True,ok,951.8065683425664,63.038018433179474,0.4608445498052367,737.5181868342473,438.63486948949725,58,3
201,det,1508740.2452619844,63,3,0.047619047619047616,True,ok,986.0646599777082,60.84793668739372,0.5131543455806392,755.7602872232131,506.00336529105635,56,4
201,det,1574960.9810479376,63,1,0.015873015873015872,True,ok,724.8174919984191,82.77945919126752,0.5479742422477377,435.9886654055414,397.18131594573936,60,2
201,det,1622842.8093645484,63,0,0.0,True,ok,671.0198014545853,89.41613924050617,0.2116260856679847,216.99212663943698,142.00529398754213,62,1
201,det,1665741.360089186,63,0,0.0,True,ok,654.7397851745657,91.63945945945976,0.18849699002312467,163.5638303960607,123.41647875379289,62,1
201,det,1707591.9732441471,63,0,0.0,True,ok,634.7436782219373,94.52634513521075,0.21289549069165223,195.83059707834803,135.13406683848356,62,1
201,det,1748127.0903010033,63,1,0.015873015873015872,True,ok,709.3537598446447,84.58403041825079,0.33416797814722876,238.60080341956905,237.0433117184198,60,2
202,ref,966.6666666666666,63,0,0.0,True,ok,1130.3350970017636,53.0816039943829,0.07807042675183264,148.91458145090382,88.24574339550182,62,1
202,ref,73261.11111111111,63,0,0.0,True,ok,1128.483245149912,53.16871141673829,0.034370244705569264,41.99097208162761,38.78624528193738,62,1
202,ref,145444.44444444447,63,0,0.0,True,ok,1140.123456790123,52.62587980508935,0.03587890245024169,43.91343853118317,40.906378287405175,62,1
202,ref,218380.55555555556,63,0,0.0,True,ok,1122.8395061728402,53.43595382078062,0.12948834083337712,247.071910730624,145.3946246764896,62,1
202,ref,290252.7777777778,63,0,0.0,True,ok,1144.135802469135,52.441327218775335,0.08107195003744966,156.1564335541337,92.75732061383508,62,1
202,ref,363508.3333333333,63,0,0.0,True,ok,1135.3174603174612,52.84865431667245,0.09650323807234086,167.94314051736941,109.56181116070135,62,1
202,ref,436166.6666666667,63,0,0.0,True,ok,1116.446208112875,53.741953319379164,0.07201268174124559,128.70021182615906,80.3982854660529,62,1
202,ref,507644.44444444444,63,0,0.0,True,ok,1105.9523809523819,54.251883745963354,0.04462970697530097,41.01036284421012,49.35833069054123,62,1
202,ref,578411.1111111111,63,0,0.0,True,ok,942.10758377425,63.68699396265272,0.11105796753049266,165.24144204665396,104.62855344903154,62,1
202,ref,638730.5555555556,63,0,0.0,True,ok,916.0052910052898,65.50180505415172,0.10010438094914785,144.9694930760807,91.69614260222856,62,1
202,ref,697388.8888888889,63,0,0.0,True,ok,1010.0529100529106,59.40282870612883,0.20612577810363664,302.82627608031675,208.1979420104987,62,1
202,ref,761497.2222222222,63,0,0.0,True,ok,1040.9611992945318,57.63903596086243,0.2268911425070531,377.754387321406,236.1848758134485,62,1
202,ref,828147.2222222222,63,0,0.0,True,ok,1080.1587301587301,55.54739162380603,0.08067821417381033,129.9239277470083,87.14527737345702,62,1
202,ref,897311.1111111111,63,0,0.0,True,ok,1101.940035273369,54.44942381562098,0.03330911223657496,41.38645322509159,36.70464431289602,62,1
202,ref,967805.5555555555,63,0,0.0,True,ok,1095.8553791887123,54.75175022129236,0.04658148982284862,42.53427647706105,51.046576192992916,62,1
202,ref,1037972.2222222221,63,0,0.0,True,ok,1162.1252204585574,51.62954812763197,0.03401612297262276,45.77695565950658,39.53099440870462,62,1
202,ref,1112369.4444444445,63,0,0.0,True,ok,755.0705467372105,79.46277372262804,0.44907790815256937,450.7090966077972,339.08550163636335,62,1
202,ref,1160452.7777777778,63,0,0.0,True,ok,613.3597883597896,97.82186758680162,0.3972214263724689,381.26062931173834,243.63965001179128,62,1
202,ref,1199752.7777777778,63,0,0.0,True,ok,511.5961199294524,117.28001378953738,0.13516694446133423,84.01305819121559,69.15088432913838,62,1
202,ref,1232686.1111111112,63,0,0.0,True,ok,503.7918871252184,119.09679677927582,0.19963096854943765,119.87502618822492,100.57246237415632,62,1
202,ref,1264875.0,63,0,0.0,True,ok,551.8077601410952,108.73351977626814,0.4971706630145922,311.59736226239517,274.3426299659453,62,1
202,ref,1300119.4444444445,63,0,0.0,True,ok,626.4550264550277,95.77702702702685,0.33351500048980687,268.48895729836204,208.93214845499054,62,1
202,ref,1340491.6666666665,63,0,0.0,True,ok,677.3368606701944,88.5822158573102,0.21883364415935408,207.82644428430928,148.2240935439153,62,1
202,ref,1383813.8888888888,63,0,0.0,True,ok,635.2733686067061,94.44752915047134,0.23859464905809938,192.0004495837692,151.57282643867364,62,1
202,ref,1424575.0,63,0,0.0,True,ok,656.8342151675477,91.34725112438758,0.1979006576498867,167.575553435267,129.98792314860486,62,1
202,ref,1466597.2222222222,63,0,0.0,True,ok,675.0,88.88888888888889,0.24511157116625065,216.43851143303854,165.4503105372192,62,1
202,ref,1509636.1111111112,63,0,0.0,True,ok,559.259259259258,107.28476821192078,0.22231933839651485,123.51719077028561,124.33414851064322,62,1
202,ref,1545347.2222222222,63,0,0.0,True,ok,446.2081128747779,134.46640316205583,0.03798733585318135,13.190317219053464,16.95025744418844,62,1
202,ref,1573897.222222222,63,0,0.0,True,ok,675.485008818345,88.82506527415106,0.22300464490806676,217.64723887375672,150.63629453225738,62,1
202,ref,1617219.4444444445,63,0,0.0,True,ok,658.9506172839485,91.05386416861856,0.24361857948352708,200.9522828734251,160.53261333250884,62,1
202,ref,1659477.777777778,63,0,0.0,True,ok,673.6331569664883,89.06924990181987,0.22507284706955252,226.2925284732721,151.61653251889828,62,1
202,ref,1702752.7777777778,63,0,0.0,True,ok,675.2204585537935,88.85986678855927,0.22344872310567326,208.08497741446413,150.87714927867233,62,1
202,ref,1745858.3333333333,63,0,0.0,True,ok,675.7936507936545,88.78449794480281,0.22684829989311472,209.4866523360167,153.30264076110177,62,1
202,det,969.8996655518395,63,0,0.0,True,ok,1130.2224345702607,53.08689525598872,0.07821975473392188,149.63006261566812,88.40572162686186,62,1
202,det,73266.44370122631,63,0,0.0,True,ok,1128.4528675833026,53.1701427003293,0.034608988680509344,42.733739738083294,39.05461252067883,62,1
202,det,145451.5050167224,63,0,0.0,True,ok,1139.9550529985313,52.63365414467557,0.036081025403370694,44.390339967553416,41.130747225940794,62,1
202,det,218383.5005574136,63,0,0.0,True,ok,1122.7902532250353,53.438297872340456,0.12990600808815023,248.17074842101835,145.85719971674766,62,1
202,det,290256.4102564102,63,0,0.0,True,ok,1144.0250570685362,52.44640371229695,0.08159505871523395,157.11907740444732,93.34679170320608,62,1
202,det,363511.70568561874,63,0,0.0,True,ok,1135.3541788324392,52.846945137157135,0.09669516105895443,168.57915859981435,109.78325518115965,62,1
202,det,436164.994425864,63,0,0.0,True,ok,1116.4198120719852,53.743223965763235,0.07166914241206618,127.55852396505185,80.01285050303927,62,1
202,det,507647.71460423636,63,0,0.0,True,ok,1105.9793668489317,54.250560000000014,0.04493926740434128,42.26205046024068,49.701902510508205,62,1
202,det,578416.9453734672,63,0,0.0,True,ok,913.8043920652597,65.65956622773058,0.16171521817061438,194.05680251428063,147.7760766280991,62,1
202,det,636867.3355629877,63,0,0.0,True,ok,915.7509157509166,65.51999999999994,0.10074180621269971,145.10032826244338,92.25440129368114,62,1
202,det,695496.0981047938,63,0,0.0,True,ok,1001.7518713170873,59.89507154213045,0.2044032986442396,284.4307393510691,204.76138692025248,62,1
202,det,759921.9620958751,63,0,0.0,True,ok,1030.9497266019,58.198764160659145,0.23866570725938926,397.3496520102213,246.05234564831648,62,1
202,det,825964.3255295429,63,0,0.0,True,ok,1080.6745589354282,55.52087768134929,0.07984043327272389,128.35748599485092,86.28152501221437,62,1
202,det,895117.0568561872,63,0,0.0,True,ok,1102.440232875016,54.42471910112357,0.03364256088019977,42.663318806288636,37.08891265127934,62,1
202,det,965674.4704570791,63,0,0.0,True,ok,1092.7076144467444,54.90947368421055,0.045349549108021824,44.25465852953693,49.553797622062014,62,1
202,det,1035674.4704570792,63,0,0.0,True,ok,1162.95942382899,51.5925136944613,0.033333172706754434,45.74693073058507,38.76512732543935,62,1
202,det,1110078.0379041247,63,0,0.0,True,ok,752.4198828546648,79.74270931326441,0.4459351945005063,443.87630403271453,335.5305068068431,62,1
202,det,1158762.5418060198,63,0,0.0,True,ok,624.4801896975841,96.07990932275383,0.4044233304741398,389.0164179811973,252.5543581326196,62,1
202,det,1198584.1694537345,63,0,0.0,True,ok,512.8205128205157,116.99999999999935,0.13826430967695788,87.71304689791727,70.90477419331212,62,1
202,det,1231460.4236343366,63,0,0.0,True,ok,508.9274654492056,117.89499304589684,0.20177241882830302,122.00824626243198,102.68752571184383,62,1
202,det,1263968.78483835,63,0,0.0,True,ok,538.1253207340164,111.498191384413,0.4830416192627618,297.29437123619215,259.93692629365233,62,1
202,det,1298383.5005574136,63,0,0.0,True,ok,643.9454265541198,93.17559769167389,0.3396195390644803,315.07589961114996,218.6964489489903,62,1
202,det,1339587.5139353399,63,0,0.0,True,ok,682.6989435685118,87.88646967340551,0.22011839654638254,208.07913530592788,150.27459678221012,62,1
202,det,1383166.1092530657,63,0,0.0,True,ok,638.6367255932474,93.95012468827929,0.23389564043439226,191.97449300352594,149.37434593755583,62,1
202,det,1423835.005574136,63,0,0.0,True,ok,661.6410964237053,90.6836052420433,0.1929254705189823,172.45856200796854,127.64741984223868,62,1
202,det,1465953.177257525,63,0,0.0,True,ok,674.3819787298063,88.97034898976626,0.24562452349124173,217.50423310727402,165.64475217658938,62,1
202,det,1509119.286510591,63,0,0.0,True,ok,560.0679513722961,107.12985781990581,0.22005534205540186,121.29144109712257,123.24594461349879,62,1
202,det,1544871.794871795,63,0,0.0,True,ok,446.9926209056617,134.23040380047587,0.03871936094388754,13.580183111036925,17.307268628100605,62,1
202,det,1573455.9643255295,63,0,0.0,True,ok,672.4354550441512,89.22789473684203,0.22799723813043818,216.29353069755038,153.3134265710509,62,1
202,det,1616454.8494983278,63,0,0.0,True,ok,658.1019624497867,91.17128260285048,0.24332496743206028,197.4514604608807,160.1326385800693,62,1
202,det,1658740.2452619842,63,0,0.0,True,ok,671.7276282493683,89.32191780821906,0.22280329055907294,223.13170339245207,149.66312593340095,62,1
202,det,1701917.5027870678,63,0,0.0,True,ok,679.3367662932909,88.32143787444609,0.22479486271140287,214.27764283496523,152.7114151137087,62,1
202,det,1745295.4292084726,63,0,0.0,True,ok,675.7976323193723,88.78397486252935,0.22639041199686435,209.03549459003688,152.99410440728815,62,1
203,ref,275.0,63,0,0.0,True,ok,603.0864197530866,99.48822927328554,0.2882397018559086,207.84500714048878,173.833449822977,62,1
203,ref,38930.555555555555,63,0,0.0,True,ok,541.7107583774252,110.76021487872372,0.38098939853803043,290.8605946218631,206.38605601579556,62,1
203,ref,73469.44444444445,63,1,0.015873015873015872,True,ok,578.7186379928314,103.67732445614308,0.32864251518292736,283.31472342659845,190.19154877320213,60,2
203,ref,110152.77777777777,63,0,0.0,True,ok,585.4938271604942,102.4775962045334,0.41328565112231946,329.0033887195185,241.97619758612362,62,1
203,ref,147694.44444444447,63,0,0.0,True,ok,624.2063492063487,96.12205975842348,0.27505304284259285,214.25078772276657,171.6898557108723,62,1
203,ref,187475.0,63,0,0.0,True,ok,633.9947089947088,94.63801377008139,0.29460039491279877,310.4247100302534,186.77509164246615,62,1
203,ref,228141.6666666667,63,0,0.0,True,ok,629.8941798941796,95.25409491810169,0.3027126940865105,250.6321656872865,190.67696418518022,62,1
203,ref,268741.6666666667,63,1,0.015873015873015872,True,ok,591.0394265232965,101.51607034566422,0.3709352623609209,312.41665555259107,219.2373647430672,60,2
203,ref,305980.55555555556,63,0,0.0,True,ok,599.8236331569663,100.0294031167304,0.31232965404227636,266.5635067786967,187.34270783029655,62,1
203,ref,344150.0,63,1,0.015873015873015872,True,ok,644.5340501792117,93.09050465730569,0.3404300727125266,278.81726799114494,219.41877356820834,60,2
203,ref,384733.3333333334,63,0,0.0,True,ok,609.4356261022926,98.45174359716397,0.2955699125006875,207.5418058004729,180.13083468185633,62,1
203,ref,423697.2222222222,63,0,0.0,True,ok,633.4215167548502,94.723653069748,0.31426055474836023,290.84797199160346,199.059397244927,62,1
203,ref,464052.7777777778,63,0,0.0,True,ok,572.7072310405636,104.7655708676574,0.3139745728710368,238.90217309067475,179.81550824611514,62,1
203,ref,500555.55555555556,63,0,0.0,True,ok,619.9294532627868,96.78520625889044,0.36839224855498626,295.91903532546434,228.37720523294126,62,1
203,ref,540013.8888888889,63,0,0.0,True,ok,576.895943562611,104.00489147049818,0.3672017786350842,313.6278928876283,211.83721656355593,62,1
203,ref,577197.2222222222,63,0,0.0,True,ok,591.5784832451508,101.42356711634478,0.3103353185963059,279.218708927927,183.58769707260328,62,1
203,ref,615083.3333333334,63,2,0.031746031746031744,True,ok,570.719489981783,105.13045559722372,0.321088818800296,284.4151928355847,183.25164690455807,58,3
203,ref,650841.6666666667,63,0,0.0,True,ok,616.1375661375637,97.38085015027947,0.2711667211058328,229.57943168324348,167.07600355965133,62,1
203,ref,690072.2222222222,63,1,0.015873015873015872,True,ok,540.6362007168467,110.9803596585728,0.28030814262639325,220.96606772628624,151.54472925952925,60,2
203,ref,724572.2222222222,63,2,0.031746031746031744,True,ok,541.2112932604715,110.86243163651704,0.2884749896066374,215.60736727715664,156.12592219830933,58,3
203,ref,758458.3333333334,63,0,0.0,True,ok,520.9876543209881,115.16587677725109,0.28873649750913755,192.58261220811934,150.4281505541434,62,1
203,ref,791686.1111111111,63,2,0.031746031746031744,True,ok,535.8378870673936,111.97416503781798,0.33208121378231825,273.40329447608207,177.94169592789282,58,3
203,ref,825263.8888888889,63,0,0.0,True,ok,590.4761904761905,101.61290322580645,0.344559263672879,262.31325495975415,203.45404140684283,62,1
203,ref,863188.8888888889,63,1,0.015873015873015872,True,ok,539.8745519713266,111.13692946058083,0.3135982976094233,223.25685073293067,169.30374042085813,60,2
203,ref,897341.6666666667,63,0,0.0,True,ok,570.9876543209862,105.08108108108135,0.2823944568855232,218.19006535511298,161.24374853031378,62,1
203,ref,933830.5555555555,63,0,0.0,True,ok,627.557319223986,95.60879645893344,0.30337944006467094,219.24500941578776,190.38798811465884,62,1
203,ref,973766.6666666666,63,0,0.0,True,ok,654.673721340387,91.64870689655186,0.3547897968847444,301.4195473562926,232.27155662013564,62,1
203,ref,1015952.7777777778,63,0,0.0,True,ok,610.0529100529125,98.35212489158677,0.3437427433542175,325.203846557766,209.70126089281183,62,1
203,ref,1055072.2222222222,63,0,0.0,True,ok,655.908289241623,91.47620328045167,0.36682132345082297,349.1387965313068,240.60114672197736,62,1
203,ref,1097166.6666666667,63,0,0.0,True,ok,618.8712522045835,96.95069820461703,0.3291368692410481,248.82914789608768,203.6933464139037,62,1
203,ref,1136486.111111111,63,0,0.0,True,ok,590.1675485008847,101.66604407919264,0.41155353329078115,370.3414340548327,242.88553981909754,62,1
203,ref,1174286.111111111,63,0,0.0,True,ok,617.7689594356269,97.12368853044023,0.3009454714973743,233.0080190838732,185.91477077379702,62,1
203,ref,1213569.4444444443,63,0,0.0,True,ok,656.6137566137616,91.37792103142559,0.33893740099253367,284.3315135501625,222.5509601226124,62,1
203,ref,1255677.7777777778,63,0,0.0,True,ok,591.2698412698413,101.47651006711409,0.354067254409116,268.86507936886545,209.34928931332655,62,1
203,ref,1293377.7777777778,63,0,0.0,True,ok,717.9894179894168,83.566691230656,0.31197129425124925,319.88165498814385,223.99208798885954,62,1
203,ref,1339027.7777777778,63,0,0.0,True,ok,662.0370370370358,90.6293706293708,0.26229000156423576,242.85795859427523,173.64569548002612,62,1
203,ref,1381302.7777777778,63,2,0.031746031746031744,True,ok,603.1420765027335,99.47904869762154,0.2610821045879137,225.4775335490728,157.46960269885813,58,3
203,ref,1419016.6666666667,63,0,0.0,True,ok,596.4726631393294,100.59136605558848,0.29441886080347357,249.08559375190663,175.6128019818954,62,1
203,ref,1457294.4444444445,63,2,0.031746031746031744,True,ok,670.0364298724959,89.54736985184172,0.3166132468671571,261.49727904439425,212.1424095812091,58,3
203,ref,1499530.5555555555,63,0,0.0,True,ok,627.2045855379205,95.66256590509641,0.32098656296138856,276.0677652165411,201.3242441854393,62,1
203,ref,1539436.1111111112,63,1,0.015873015873015872,True,ok,637.58960573477,94.10441992832506,0.29909756173167307,302.48775610359655,190.70149646072846,60,2
203,ref,1580330.5555555555,63,1,0.015873015873015872,True,ok,579.6146953405076,103.51704413697043,0.3826561980444006,266.8508237572552,221.7931556496622,60,2
203,ref,1617280.5555555555,63,0,0.0,True,ok,668.3862433862458,89.7684543835342,0.25610323646783695,245.25439088531928,171.17588014179694,62,1
203,ref,1660113.8888888888,63,2,0.031746031746031744,True,ok,609.2440801457212,98.48269676358444,0.308123211074015,226.27353500508315,187.7222423023342,58,3
203,ref,1698516.6666666667,63,0,0.0,True,ok,667.10758377425,89.94051553205558,0.34216426494490887,271.54774353895573,228.26037604129047,62,1
203,ref,1741472.2222222222,63,0,0.0,True,ok,633.730158730155,94.67752035065803,0.29985193512719277,235.54512597797302,190.02521444370004,62,1
203,det,1192.8651059085842,63,0,0.0,True,ok,624.3032329988852,96.10714285714286,0.25966742668632115,202.85468004084046,162.11121398477127,62,1
203,det,41070.23411371237,63,0,0.0,True,ok,581.6566686131904,103.1536355339215,0.3801548278722625,291.4482442217108,221.11959073740104,62,1
203,det,78383.5005574136,63,0,0.0,True,ok,636.6902019075931,94.23735408560313,0.37466001386791487,340.10924312837585,238.54235987626433,62,1
203,det,119152.73132664437,63,0,0.0,True,ok,614.924527968006,97.5729496402878,0.3881412536280527,307.3399111858921,238.67757717214042,62,1
203,det,158305.46265328873,63,0,0.0,True,ok,626.9575834793227,95.70025402201523,0.21921891497214321,159.6252430594897,137.44096118389402,62,1
203,det,198316.61092530657,63,0,0.0,True,ok,646.2458636371681,92.84392113910185,0.28806169729797687,295.2408559477386,186.15868035111956,62,1
203,det,239698.9966555184,63,0,0.0,True,ok,706.057227796358,84.97894736842107,0.3966270532762262,388.17816130207194,280.0413977052507,62,1
203,det,285083.61204013374,63,0,0.0,True,ok,645.8919502397775,92.89479452054778,0.37873610572359523,355.0069834382053,244.6226019520315,62,1
203,det,326454.84949832776,63,0,0.0,True,ok,666.7728406858837,89.98566878980898,0.3739837286464389,333.07277640022676,249.36219311988478,62,1
203,det,369353.40022296546,63,0,0.0,True,ok,619.8793155314893,96.79303454182133,0.33987840829038757,274.37932123576365,210.6835950949775,62,1
203,det,409074.6934225195,63,0,0.0,True,ok,690.4850383111255,86.89543823680161,0.29883543903880405,289.7686120499618,206.34139957343064,62,1
203,det,452954.29208472685,63,0,0.0,True,ok,615.8093114614852,97.43275862068968,0.31629208364357536,268.28801550359873,194.77561024926862,62,1
203,det,492374.5819397993,63,0,0.0,True,ok,642.352816265859,93.40661157024805,0.3511903300927239,303.8238158743152,225.58809758039783,62,1
203,det,533221.8506131549,63,0,0.0,True,ok,586.6114561766726,102.28235294117664,0.3927896081375952,327.51348606355987,230.41488400065936,62,1
203,det,570880.7134894091,63,0,0.0,True,ok,614.3936578719193,97.65725806451603,0.30819408501537743,302.1897557840844,189.35249122708703,62,1
203,det,610724.6376811594,63,0,0.0,True,ok,625.0110597936676,95.99830124575324,0.3318767055114147,309.40058955926116,207.42661143252022,62,1
203,det,650445.9308807135,63,0,0.0,True,ok,642.5297729645538,93.38088680804212,0.276598457957488,237.80076931664183,177.72274439377043,62,1
203,det,691627.6477146043,63,0,0.0,True,ok,585.1958025871048,102.52978530390119,0.348645672441769,282.7306888862328,204.02598410308184,62,1
203,det,729063.5451505017,63,1,0.015873015873015872,True,ok,579.7101449275374,103.4999999999998,0.3065473653854492,235.20828512960858,177.7086176147535,60,2
203,det,767447.0457079152,63,0,0.0,True,ok,583.2492789014534,102.87196601941737,0.3769701782129416,273.24456458800734,219.86758461005059,62,1
203,det,804749.1638795986,63,0,0.0,True,ok,577.4097078444902,103.91235059760962,0.31006744735058345,261.5498079234647,179.03595418678722,62,1
203,det,842129.319955407,63,0,0.0,True,ok,603.0684291553843,99.49119718309883,0.31783073073478474,223.51319059765873,191.67367952153455,62,1
203,det,880758.0824972128,63,0,0.0,True,ok,600.4140786749499,99.93103448275835,0.3760822306034092,337.5772158445007,225.80506599376596,62,1
203,det,919353.4002229654,63,0,0.0,True,ok,607.13843322539,98.82424948994458,0.29701030014823865,227.20905015329961,180.32636828380444,62,1
203,det,958060.2006688963,63,0,0.0,True,ok,696.1476526693922,86.18861209964408,0.32343048174210104,318.5999447539285,225.15537066649435,62,1
203,det,1002853.9576365663,63,0,0.0,True,ok,604.484082744952,99.25819672131152,0.37196924833485223,333.1419813267163,224.84948988902244,62,1
203,det,1042062.4303232998,63,0,0.0,True,ok,751.3581426624922,79.85539331135168,0.37471403334220477,441.14697574293893,281.5444401215702,62,1
203,det,1089933.110367893,63,0,0.0,True,ok,673.4971952363258,89.08723068838675,0.2959509552438023,281.75767510114713,199.32213828421223,62,1
203,det,1133221.850613155,63,1,0.015873015873015872,True,ok,706.2969755816889,84.9501018329938,0.45362170734949087,492.8389513668086,320.39163995914737,60,2
203,det,1179832.7759197324,63,0,0.0,True,ok,630.850630850631,95.10967741935482,0.32123822262393054,255.43507812413247,202.65333539564202,62,1
203,det,1220089.1861761427,63,0,0.0,True,ok,702.5180938224427,85.40705289672532,0.328640742658334,328.68959050952253,230.8760680847247,62,1
203,det,1264960.9810479376,63,0,0.0,True,ok,611.385393994088,98.13777134587582,0.3236492455114613,254.60186202299653,197.87442148291407,62,1
203,det,1304258.639910814,63,0,0.0,True,ok,698.6250464511326,85.88297872340436,0.338787507773153,317.7557195683768,236.68543835508243,62,1
203,det,1349063.5451505017,63,0,0.0,True,ok,690.8389517085161,86.85092213114764,0.23422792977370716,251.2174291362258,161.81377746572377,62,1
203,det,1393244.1471571906,63,0,0.0,True,ok,595.813204508855,100.70270270270298,0.2536478733755702,228.23457153844905,151.12675225275478,62,1
203,det,1431371.237458194,63,0,0.0,True,ok,687.2998177346012,87.29814624098856,0.32346670904307406,278.29292822156964,222.31861016851607,62,1
203,det,1475061.315496098,63,0,0.0,True,ok,711.7198421546251,84.30283441074089,0.31826742495772187,318.33557775570705,226.5172414538688,62,1
203,det,1520557.4136008918,63,0,0.0,True,ok,676.859372511543,88.64470588235339,0.32633477524484195,352.7979390201633,220.88275120091916,62,1
203,det,1563690.078037904,63,1,0.015873015873015872,True,ok,669.6155644262232,89.6036519871107,0.3567563019169694,357.93351002805747,238.88957247074353,61,1
203,det,1608260.8695652173,63,0,0.0,True,ok,664.6493603015348,90.27316293929705,0.30527139561458355,271.433856852144,202.8984378135897,62,1
203,det,1650813.823857302,63,0,0.0,True,ok,638.8136822919413,93.92409972299197,0.3135582468431607,292.79322819477375,200.30529827888495,62,1
203,det,1691794.8717948718,63,0,0.0,True,ok,703.9337474120086,85.23529411764702,0.35034827471324137,320.0845063506727,246.62197391822386,62,1
203,det,1736978.818283166,63,0,0.0,True,ok,649.7849976110849,92.3382352941176,0.30115577531742177,254.5428047369915,195.68650474519532,62,1
205,ref,636.1111111111111,63,0,0.0,True,ok,668.6507936507936,89.73293768545994,0.018313445838986583,15.259438324684316,12.245300094719203,62,1
205,ref,43444.444444444445,63,0,0.0,True,ok,670.1940035273369,89.52631578947367,0.0158650963879011,13.293698557816812,10.632692464554529,62,1
205,ref,86352.77777777778,63,0,0.0,True,ok,661.9047619047619,90.64748201438849,0.015692058373647087,12.387486459666398,10.386648161604501,62,1
205,ref,128722.22222222223,63,0,0.0,True,ok,666.7548500881833,89.98809681259095,0.01565927982197113,13.213884000783732,10.440900770187275,62,1
205,ref,171388.88888888888,63,0,0.0,True,ok,661.7724867724871,90.66560063961619,0.017931082878372803,15.169459613912025,11.866297306944336,62,1
205,ref,213766.6666666667,63,0,0.0,True,ok,669.444444444444,89.62655601659758,0.05527928327357024,60.79361152220676,37.006409080362275,62,1
205,ref,256608.33333333334,63,0,0.0,True,ok,639.153439153439,93.8741721854305,0.02903586272913856,14.255903498126434,18.55837152211607,62,1
205,ref,297250.0,63,6,0.09523809523809523,True,ok,581.1890838206654,103.23662585946624,0.24844728421534087,125.55314459525258,144.3948494908464,52,5
205,ref,332763.88888888893,63,0,0.0,True,ok,663.84479717813,90.38257173219986,0.055193142056918366,59.54326358999083,36.639680194398686,62,1
205,ref,375277.77777777775,63,0,0.0,True,ok,652.8659611992956,91.9024785574389,0.016406960587119743,15.474056859249831,10.711546094068892,62,1
205,ref,417052.7777777778,63,0,0.0,True,ok,644.2239858906528,93.13530901375672,0.01587670139869564,14.062534570066367,10.228151857863407,62,1
205,ref,458288.8888888889,63,0,0.0,True,ok,646.7813051146388,92.76705978594309,0.014206633616328394,12.367376890448837,9.18858503165438,62,1
205,ref,499669.44444444444,63,0,0.0,True,ok,636.5079365079356,94.26433915211983,0.020557105034463986,14.368943843988308,13.084760506063567,62,1
205,ref,540411.1111111111,63,0,0.0,True,ok,652.2045855379187,91.99567333693892,0.054382258883692275,58.86639862685493,35.468358615854314,62,1
205,ref,582150.0,63,0,0.0,True,ok,654.1887125220475,91.7166543101703,0.016300891621400762,13.964846061718266,10.663859302765594,62,1
205,ref,624005.5555555556,63,0,0.0,True,ok,650.749559082891,92.20136865641324,0.09435589549347441,103.28871353291689,61.40205738924981,62,1
205,ref,665666.6666666666,63,0,0.0,True,ok,665.4761904761923,90.16100178890852,0.014238551215136576,12.527349609998812,9.475416820549247,62,1
205,ref,708261.111111111,63,0,0.0,True,ok,665.9171075837756,90.10130437661373,0.01742921878759215,14.229689739847137,11.606414962478166,62,1
205,ref,750872.2222222222,63,0,0.0,True,ok,647.5308641975298,92.65967588179234,0.019720306534230802,13.830522522506016,12.769507132350665,62,1
205,ref,792294.4444444445,63,0,0.0,True,ok,646.119929453262,92.86201719666997,0.03515239686037506,32.899279696371465,22.712664179538603,62,1
205,ref,833658.3333333333,63,0,0.0,True,ok,665.0793650793651,90.21479713603819,0.021067016352686454,18.922198123897672,14.011237859961307,62,1
205,ref,876238.888888889,63,0,0.0,True,ok,679.3650793650775,88.31775700934604,0.02088387043678233,17.5859101940681,14.187772296734623,62,1
205,ref,919711.1111111111,63,0,0.0,True,ok,654.2328042328036,91.71047310958359,0.1044254796308264,92.51736788952788,68.31857437223107,62,1
205,ref,961575.0,63,0,0.0,True,ok,660.8024691358016,90.7986921999067,0.03647587831606044,39.899814799394505,24.103350455149783,62,1
205,ref,1003866.6666666666,63,0,0.0,True,ok,682.5837742504424,87.90129836573846,0.023877282188986833,17.108830085833493,16.298245395401498,62,1
205,ref,1047538.8888888888,63,0,0.0,True,ok,694.7530864197576,86.3616170590843,0.0205647064923144,16.726297149353577,14.287393306851856,62,1
205,ref,1092011.1111111112,63,0,0.0,True,ok,701.8518518518531,85.48812664907636,0.018590850267306856,16.372858328396262,13.048022687609835,62,1
205,ref,1136933.3333333335,63,0,0.0,True,ok,708.1128747795398,84.73225404732274,0.018737708480352843,17.057834949824596,13.268412618803612,62,1
205,ref,1182275.0,63,0,0.0,True,ok,710.1851851851865,84.48500651890467,0.0907990453420624,119.17323548409233,64.48413683089073,62,1
205,ref,1227725.0,63,0,0.0,True,ok,723.015873015873,82.98572996706916,0.018327167254143576,16.231628097553997,13.250832832162539,62,1
205,ref,1273983.3333333333,63,0,0.0,True,ok,727.5573192239842,82.4677292285318,0.018120532371158276,16.752318740813458,13.183725954871342,62,1
205,ref,1320527.7777777778,63,0,0.0,True,ok,716.2257495590833,83.77246983501595,0.11227628126222826,137.5151597304939,80.4151637047459,62,1
205,ref,1366375.0,63,0,0.0,True,ok,726.8077601410914,82.55277845183231,0.08620429373445028,105.25506653960485,62.65394964368053,62,1
205,ref,1412916.6666666667,63,0,0.0,True,ok,727.6455026455038,82.45773495728037,0.13121103860606248,171.49335592678153,95.47512213914693,62,1
205,ref,1459491.6666666665,63,7,0.1111111111111111,True,ok,677.8769841269865,88.51163471388817,0.219539272702364,197.1996496050856,148.82062007691056,52,4
205,ref,1500136.1111111112,63,0,0.0,True,ok,737.4338624338612,81.3632286995517,0.01995342914259665,17.681189224994565,14.714334321425417,62,1
205,ref,1547316.6666666665,63,0,0.0,True,ok,736.2874779541467,81.48990957542345,0.016540403399583393,16.52041566698757,12.178491903423451,62,1
205,ref,1594427.7777777778,63,0,0.0,True,ok,733.5978835978848,81.7886765236205,0.015049773686138876,14.190278306147066,11.040482124778617,62,1
205,ref,1641355.5555555555,63,0,0.0,True,ok,736.9929453262779,81.41190547412512,0.13360502840367677,170.42360604038072,98.46596339362675,62,1
205,ref,1688502.7777777778,63,0,0.0,True,ok,731.3492063492064,82.04015192620727,0.10266001116932036,130.93962800021444,75.0803176924831,62,1
205,ref,1735330.5555555555,63,0,0.0,True,ok,732.6278659611985,81.89696677900828,0.014981029405289325,14.996182973847391,10.97551960309908,62,1
205,det,635.4515050167224,63,0,0.0,True,ok,668.7193643715383,89.72373643821116,0.019746394866441124,17.626965775744008,13.204796623715916,62,1
205,det,43444.8160535117,63,0,0.0,True,ok,670.1350179611051,89.53419593345654,0.0174506790224868,15.50966206555732,11.69431110016767,62,1
205,det,86354.51505016722,63,0,0.0,True,ok,661.8180531224008,90.65935828877008,0.01692666039533248,14.781719649415358,11.202369428702989,62,1
205,det,128717.9487179487,63,0,0.0,True,ok,666.7728406858839,89.98566878980895,0.017981944344187043,16.01831010272145,11.98987211142906,62,1
205,det,171393.53400222963,63,0,0.0,True,ok,661.6410964237053,90.6836052420433,0.019414902819317133,17.852961744176312,12.845697588332676,62,1
205,det,213768.11594202896,63,0,0.0,True,ok,669.4271911663222,89.62886597938136,0.0645282491056821,71.80376127110087,43.19696454969751,62,1
205,det,256610.9253065775,63,0,0.0,True,ok,639.1675956893342,93.8720930232559,0.030693582213775907,17.909015137191368,19.61834314667206,62,1
205,det,297212.9319955407,63,2,0.031746031746031744,True,ok,667.9825282818866,89.82270861833108,0.15321303171441092,145.3261966027559,102.34362829032509,58,3
205,det,343901.89520624303,63,0,0.0,True,ok,663.4106634106637,90.44171779141101,0.06315654348230765,69.2456186816057,41.898724410322146,62,1
205,det,386365.66332218505,63,0,0.0,True,ok,651.3776078993475,92.11246943765275,0.01862564952850378,17.455548745997966,12.132331035448402,62,1
205,det,428037.90412486065,63,0,0.0,True,ok,644.299339951513,93.12441636912948,0.01868725916851235,17.96489363534372,12.04018874777537,62,1
205,det,469275.3623188406,63,0,0.0,True,ok,645.007166746297,93.02222222222225,0.01724407985918439,14.576882223552735,11.122555093119407,62,1
205,det,510546.26532887405,63,0,0.0,True,ok,638.282812195855,94.00221790962028,0.022830813626971008,17.57001258720259,14.572515926542502,62,1
205,det,551415.8305462652,63,0,0.0,True,ok,654.9167418732652,91.61469873007273,0.06485322161735477,71.35568350201515,42.4734606016228,62,1
205,det,593311.0367892976,63,0,0.0,True,ok,651.0236945019551,92.16254416961135,0.017811864739396364,15.379871816723913,11.595945988610925,62,1
205,det,634983.2775919732,63,0,0.0,True,ok,656.1554387641354,91.4417475728154,0.10688505251110178,118.9720152100006,70.13320852774964,62,1
205,det,676967.6700111482,63,0,0.0,True,ok,665.3571870963178,90.17712765957442,0.01750222681841901,16.81207305570945,11.645232403825009,62,1
205,det,719542.9208472687,63,0,0.0,True,ok,664.4724036028372,90.29720372836235,0.019653815892991252,17.34032934332315,13.05941828638354,62,1
205,det,762062.4303232998,63,0,0.0,True,ok,642.3528162658599,93.4066115702479,0.018289952550092664,15.638375161061619,11.74860252992097,62,1
205,det,803154.960981048,63,0,0.0,True,ok,652.6163047902186,91.9376355748372,0.047015528526993595,47.44621694849431,30.683100495045668,62,1
205,det,844927.536231884,63,0,0.0,True,ok,669.958061262409,89.55784469096673,0.02366804209492749,19.25739667778417,15.856595595794708,62,1
205,det,887826.0869565217,63,0,0.0,True,ok,672.612411742847,89.2044198895027,0.09141504540384797,110.8063779188896,61.48689415866405,62,1
205,det,930858.4169453734,63,0,0.0,True,ok,667.1267540832753,89.93793103448283,0.042784552020914246,46.95783384472673,28.542719314619557,62,1
205,det,973578.5953177257,63,0,0.0,True,ok,660.9332696289223,90.7807228915662,0.02295794985295984,19.872148563888405,15.173672860293582,62,1
205,det,1015897.4358974359,63,0,0.0,True,ok,686.4150342411225,87.41067285382815,0.019505768774967472,17.96489363532333,13.389052941568716,62,1
205,det,1059855.072463768,63,0,0.0,True,ok,698.6250464511326,85.88297872340436,0.01812644151853838,17.45554874603394,12.663586047882612,62,1
205,det,1104559.6432552955,63,0,0.0,True,ok,705.3494010015745,85.06422478675368,0.017999884913158126,16.389439874973093,12.696208041593362,62,1
205,det,1149676.7001114828,63,0,0.0,True,ok,708.7115782767955,84.66067415730339,0.01780453189879588,17.4555487460915,12.61827790247518,62,1
205,det,1195039.0189520624,63,0,0.0,True,ok,712.4276689494118,84.21907600596082,0.09734750993646002,127.57423798106298,69.35305958206192,62,1
205,det,1240635.4515050165,63,0,0.0,True,ok,727.4689883385593,82.47774264169237,0.01886315935291795,17.57001258720735,13.722363451336252,62,1
205,det,1287212.9319955406,63,0,0.0,True,ok,721.098547185505,83.20638036809801,0.09606108500595502,118.33001441783675,69.26950883885746,62,1
205,det,1333377.9264214048,63,0,0.0,True,ok,717.913326608978,83.57554843480413,0.12396456869194662,151.53371096827217,88.99581589128256,62,1
205,det,1379319.955406912,63,0,0.0,True,ok,730.8311656137765,82.09830508474552,0.020091440565694337,15.829482559828634,14.683450927486307,62,1
205,det,1426064.6599777036,63,1,0.015873015873015872,True,ok,715.2875175315534,83.88235294117688,0.17717028044869632,223.4897217659902,126.72769008251709,60,2
205,det,1474715.719063545,63,0,0.0,True,ok,729.2385553255131,82.27760252365917,0.13086585777087706,160.6766556975364,95.43242906226845,62,1
205,det,1521393.5340022296,63,0,0.0,True,ok,738.0863902603039,81.29129705106682,0.020688403142823716,19.412909808696853,15.269828795936682,62,1
205,det,1568628.762541806,63,0,0.0,True,ok,736.3168232733428,81.48666186013001,0.016636563131821554,16.812073055697,12.249781315409262,62,1
205,det,1615741.360089186,63,0,0.0,True,ok,734.724212985083,81.66329479768781,0.07953335877449037,99.7131762540871,58.43508443164769,62,1
205,det,1662753.6231884058,63,0,0.0,True,ok,732.0698625046449,81.95939086294419,0.14493481929364763,183.84020573036233,106.10241323243618,62,1
205,det,1709598.6622073578,63,0,0.0,True,ok,734.3702995876914,81.70265060240958,0.09575904044768101,123.34001264642181,70.32259522179336,62,1
205,det,1756599.7770345595,63,0,0.0,True,ok,735.6089964785635,81.56507096463775,0.01710545344561218,16.571888240388635,12.582925443437562,62,1
207,ref,138.88888888888889,63,2,0.031746031746031744,True,ok,936.5664845173043,64.06379151067243,0.3799469483573091,608.6477257540374,355.8455777260827,58,3
207,ref,77180.55555555556,63,0,0.0,True,ok,920.8112874779539,65.15993104769203,0.1998326082667073,285.7359129466109,184.00812129814435,62,1
207,ref,135791.66666666666,63,0,0.0,True,ok,980.8641975308641,61.17054751415986,0.35550004378084715,691.8775138891384,348.6972651652877,62,1
207,ref,198166.66666666666,63,3,0.047619047619047616,True,ok,974.537037037037,61.567695961995256,0.4031026763105692,754.1759779220556,392.8384877934019,57,3
207,ref,290550.0,63,0,0.0,True,ok,743.5626102292767,80.69259962049337,0.05695619605735053,30.01310612427161,42.350497809134,62,1
207,ref,338088.8888888889,63,0,0.0,True,ok,770.2821869488541,77.89353176874637,0.03581455937477614,25.820370972332892,27.587317119812152,62,1
207,ref,387419.44444444444,63,0,0.0,True,ok,797.2663139329811,75.25716181838287,0.03534614640156378,27.355663722788666,28.180291853310255,62,1
207,ref,438455.55555555556,63,0,0.0,True,ok,771.1199294532629,77.80890845674423,0.03063830909040788,24.8902409387074,23.62581074436259,62,1
207,ref,487825.0,63,0,0.0,True,ok,781.4814814814803,76.77725118483424,0.03055698533565634,25.902180199137398,23.879718169716586,62,1
207,ref,537850.0,63,0,0.0,True,ok,806.6578483245158,74.3809784094014,0.02924930780485585,24.847704180169387,23.59418369884649,62,1
207,ref,589494.4444444444,63,0,0.0,True,ok,831.525573192242,72.15653003870813,0.0330926828535156,29.13357911585463,27.517412078238635,62,1
207,ref,642758.3333333334,63,0,0.0,True,ok,854.5414462081112,70.21309529952029,0.03258095833950584,29.171999853765097,27.84177925828754,62,1
207,ref,697500.0,63,0,0.0,True,ok,881.7460317460317,68.04680468046806,0.030066544209455988,29.773721839010225,26.511056045004445,62,1
207,ref,753919.4444444445,63,0,0.0,True,ok,930.908289241623,64.45318050490216,0.037329091249723355,33.59737122522998,34.74996047422441,62,1
207,ref,813522.2222222222,63,0,0.0,True,ok,957.4074074074068,62.66924564796909,0.028479835753573712,31.992133640861145,27.266805712217778,62,1
207,ref,874763.8888888889,63,0,0.0,True,ok,957.1428571428571,62.68656716417911,0.02829494824637551,32.75901595355726,27.08230760724513,62,1
207,ref,936061.1111111111,63,0,0.0,True,ok,966.2698412698413,62.09445585215605,0.03548302458591994,42.74005691565907,34.286176534410735,62,1
207,ref,997913.8888888889,63,0,0.0,True,ok,970.6790123456767,61.812400635930196,0.028896017683137983,33.9950742560435,28.048757905391586,62,1
207,ref,1060008.3333333335,63,0,0.0,True,ok,972.1340388007026,61.719883889695396,0.02907641581500045,34.6944333244128,28.26617354008501,62,1
207,ref,1122269.4444444445,63,0,0.0,True,ok,968.6948853615517,61.939007737824326,0.0285094375687523,33.77102130123391,27.616946357384823,62,1
207,ref,1184266.6666666667,63,0,0.0,True,ok,974.8677248677261,61.54681139755759,0.02807456138283991,32.09699432977007,27.368983781948465,62,1
207,ref,1246613.8888888888,63,0,0.0,True,ok,975.6613756613768,61.49674620390448,0.027992404734570302,30.83127475447633,27.3111081114009,62,1
207,ref,1309102.777777778,63,0,0.0,True,ok,980.5114638447939,61.19255328716632,0.028794398296779974,34.55245234940218,28.233237624505772,62,1
207,ref,1371811.1111111112,63,0,0.0,True,ok,982.9365079365042,61.041582559548075,0.028992803779588443,33.960277941938465,28.498085302396944,62,1
207,ref,1434758.3333333335,63,0,0.0,True,ok,983.0687830687781,61.03336921420914,0.027846301334047717,31.508044524749167,27.37482956542878,62,1
207,ref,1497677.7777777778,63,3,0.047619047619047616,True,ok,1044.2592592592584,57.45699592126268,0.1495105441401745,246.6859416547434,156.12777007526728,58,2
207,ref,1666208.3333333333,63,0,0.0,True,ok,983.7301587301624,60.992335619201064,0.13123153129426057,145.86298555005746,129.09641511050523,62,1
207,ref,1729219.4444444445,63,0,0.0,True,ok,666.1816578483216,90.06552385995141,0.3213101033858335,74.63821542554507,214.05089735699016,62,1
207,ref,1771694.4444444443,63,0,0.0,True,ok,496.95767195767445,120.73462869310559,0.0426009866656104,26.596757227521206,21.170887156441676,62,1
207,det,903.010033444816,63,10,0.15873015873015872,True,ok,953.4927746576636,62.926538716082085,0.4202357418225002,643.7142543638151,400.6917434806573,47,6
207,det,81817.16833890746,63,1,0.015873015873015872,True,ok,946.1646348041864,63.413911060433264,0.2537822393848022,389.00654137823574,240.11977984730999,60,2
207,det,144693.42251950948,63,2,0.031746031746031744,True,ok,1170.751320430579,51.24914142990947,0.46346914087507673,861.9791978182635,542.6071086583221,58,3
207,det,221527.31326644367,63,6,0.09523809523809523,True,ok,955.8176377398348,62.77348066298341,0.4348924863947105,668.8588017948456,415.67790901659544,52,5
207,det,304537.3467112598,63,5,0.07936507936507936,True,ok,894.5527236381795,67.07262569832413,0.3409878027918165,456.46956533538787,305.03156771481787,52,6
207,det,369364.54849498323,63,3,0.047619047619047616,True,ok,992.0104050538823,60.48323656115384,0.3454488884500032,524.9907015533499,342.6888917567011,56,4
207,det,436811.59420289856,63,2,0.031746031746031744,True,ok,924.0272675768032,64.9331487341773,0.33791768751451556,398.01909993513766,312.2451574599098,58,3
207,det,501694.5373467112,63,2,0.031746031746031744,True,ok,816.3824771094922,73.49496306245788,0.17730322116463468,203.852507977323,144.7472428938766,58,3
207,det,557023.4113712375,63,1,0.015873015873015872,True,ok,919.9122523105696,65.22361219702891,0.308976862218178,430.29538016684654,284.23160123497667,60,2
207,det,617391.3043478262,63,1,0.015873015873015872,True,ok,928.363361743444,64.62986635676945,0.279198251576419,354.2479285505094,259.1974274263761,60,2
207,det,678372.3522853957,63,0,0.0,True,ok,929.9074516465818,64.52254995242629,0.2369770538780243,280.6170376724044,220.3667282704283,62,1
207,det,737859.5317725752,63,1,0.015873015873015872,True,ok,1068.2561944834024,56.166301969365485,0.3284385756146139,530.0941800035866,350.8565429076167,60,2
207,det,807725.7525083612,63,1,0.015873015873015872,True,ok,1002.62523824936,59.8428981348638,0.2155681771481585,313.36693395041823,216.13409497215267,60,2
207,det,872865.1059085842,63,0,0.0,True,ok,1017.501017501016,58.96800000000009,0.23121356452745456,320.6257687255181,235.26003716672184,62,1
207,det,937926.4214046823,63,1,0.015873015873015872,True,ok,982.8460459596507,61.047200878155856,0.12744224797145576,174.07019169928108,125.25610950695462,60,2
207,det,1002709.0301003344,63,0,0.0,True,ok,1032.0114667940745,58.13888888888894,0.23593518536818542,349.13107119080877,243.4878167201529,62,1
207,det,1068740.2452619844,63,4,0.06349206349206349,True,ok,1033.7660374506258,58.040212027052284,0.24933186754490894,389.8974327459629,257.7508167220648,54,5
207,det,1140568.5618729095,63,1,0.015873015873015872,True,ok,1016.6504836911561,59.01733286169089,0.21481701743999063,319.30605060939473,218.393824685458,60,2
207,det,1206622.0735785952,63,5,0.07936507936507936,True,ok,1038.3269903509806,57.78526471677144,0.234761233862856,346.88038656986043,243.75892540790198,52,6
207,det,1283578.5953177258,63,3,0.047619047619047616,True,ok,1057.9710144927453,56.71232876712373,0.2522547533266849,385.8741412847281,266.87821728765005,56,4
207,det,1358026.755852843,63,12,0.19047619047619047,True,ok,1095.372374144748,54.775893035322525,0.2965919707836234,509.4801550252504,324.8786511895273,42,9
207,det,1451326.6443701226,63,13,0.20634920634920634,False,UNABLE_TO_DETERMINE: 13/63 intervals (21%) outside 300-2000 ms,1080.0445930880728,55.55326176713452,0.35531302887755833,517.4307116904138,383.75391569295317,37,13
207,det,1556265.3288740246,63,10,0.15873015873015872,True,ok,1028.1651627016693,58.35638297872333,0.240869706705944,311.2284416152134,247.65384118522024,46,7
207,det,1685518.3946488295,63,0,0.0,True,ok,951.4961688874718,63.058582852892044,0.11426023087670965,127.6370746984961,108.71817193538725,62,1
208,ref,127.77777777777777,63,0,0.0,True,ok,575.5291005291006,104.25189611583544,0.20011882361340938,180.50867877832678,115.17420655316722,62,1
208,ref,36922.222222222226,63,0,0.0,True,ok,565.6525573192241,106.07218021669652,0.14144514323717378,127.87757128501757,80.0088069924913,62,1
208,ref,73113.88888888889,63,0,0.0,True,ok,583.2892416225749,102.8649179832187,0.18521454163575124,178.498762025413,108.03364952819017,62,1
208,ref,110527.77777777777,63,0,0.0,True,ok,610.4938271604938,98.28109201213348,0.23790653265473433,247.2934434884062,145.24046962687174,62,1
208,ref,149541.66666666666,63,0,0.0,True,ok,587.8747795414464,102.06255156378906,0.20395896057337343,199.7132427530642,119.90232898257446,62,1
208,ref,187030.55555555556,63,0,0.0,True,ok,571.031746031746,105.07296733842946,0.18168450659049312,174.51467378414364,103.74762102528555,62,1
208,ref,223680.55555555553,63,0,0.0,True,ok,565.3880070546741,106.12181236840047,0.15915646210175033,147.60086899228486,89.98515491758138,62,1
208,ref,259841.66666666663,63,0,0.0,True,ok,578.3950617283958,103.73532550693689,0.18219221703274086,176.2178848218934,105.37907861708544,62,1
208,ref,296816.6666666667,63,0,0.0,True,ok,586.15520282187,102.36196780502473,0.15803259344541523,152.3556403254719,92.6316268634635,62,1
208,ref,334469.44444444444,63,0,0.0,True,ok,531.4814814814821,112.89198606271763,0.09116547758782738,77.6232143178391,48.45276308834535,62,1
208,ref,368416.6666666667,63,0,0.0,True,ok,587.0370370370367,102.20820189274454,0.20351262448783683,199.2724970397707,119.46944807897081,62,1
208,ref,405991.6666666667,63,0,0.0,True,ok,625.4850088183423,95.92556041167346,0.24325857807685855,258.71989038455126,152.1545938535413,62,1
208,ref,445827.7777777778,63,0,0.0,True,ok,640.6084656084653,93.66095395416069,0.25744781619231544,278.3732416892221,164.9232505052094,62,1
208,ref,486644.44444444444,63,0,0.0,True,ok,642.5485008818343,93.37816509984215,0.28588663819499777,310.7404666189829,183.6960307943432,62,1
208,ref,528050.0,63,0,0.0,True,ok,615.0352733686071,97.55538031400093,0.27065628703233,280.9806389670333,166.46316348386128,62,1
208,ref,567666.6666666666,63,0,0.0,True,ok,619.4444444444463,96.86098654708492,0.24940518523321112,264.3812610883219,154.49265640835068,62,1
208,ref,607261.111111111,63,0,0.0,True,ok,589.2416225749581,101.82580065848511,0.20061762221440785,192.65400724449614,118.21225323074765,62,1
208,ref,644947.2222222222,63,0,0.0,True,ok,604.8500881834207,99.19813383875214,0.2215485527821201,226.8311257691045,134.00366168717457,62,1
208,ref,683647.2222222222,63,0,0.0,True,ok,612.2134038800714,98.00504141159512,0.2391301898752191,249.6986435378513,146.39870751399567,62,1
208,ref,722613.888888889,63,0,0.0,True,ok,632.7160493827145,94.82926829268317,0.25832186799493273,278.613215006476,163.4443917869169,62,1
208,ref,763255.5555555556,63,0,0.0,True,ok,622.0017636684305,96.46274898986316,0.2564596854986461,270.4085217186652,159.5183766900089,62,1
208,ref,803008.3333333334,63,0,0.0,True,ok,612.1252204585536,98.01916012389256,0.23883355559810054,251.63098008668683,146.1960428733875,62,1
208,ref,842011.111111111,63,0,0.0,True,ok,625.6613756613768,95.89852008456641,0.247284257837113,263.10319745862495,154.71620893777072,62,1
208,ref,881961.1111111111,63,0,0.0,True,ok,596.1640211640199,100.64344353228333,0.19085723632421148,189.79758496266604,113.78221747529356,62,1
208,ref,920088.8888888889,63,0,0.0,True,ok,647.1781305114642,92.71017849843297,0.22036621854286795,238.64730011262702,142.61619734445404,62,1
208,ref,961358.3333333334,63,0,0.0,True,ok,664.3738977072302,90.31059198301047,0.23882490071744086,270.488361309962,158.66903015918845,62,1
208,ref,1003758.3333333334,63,0,0.0,True,ok,637.477954144621,94.12090192281087,0.18421021349286829,183.39882885698307,117.42995002997753,62,1
208,ref,1044577.7777777778,63,0,0.0,True,ok,623.5449735449723,96.22401357658059,0.22052658354855345,208.18274127182647,137.5082427047459,62,1
208,ref,1084541.6666666667,63,0,0.0,True,ok,654.1005291005279,91.72901921132474,0.17321222376411072,173.8462565256689,113.29820721078384,62,1
208,ref,1126711.1111111112,63,0,0.0,True,ok,652.9100529100517,91.89627228525138,0.11919934611397649,129.54260818638284,77.82645137811996,62,1
208,ref,1168433.3333333335,63,0,0.0,True,ok,534.347442680774,112.28649228484241,0.12377472056168427,50.0497562069739,66.1387054006634,62,1
208,ref,1202588.888888889,63,0,0.0,True,ok,559.3915343915319,107.25939938519792,0.07622959494063371,61.11009285569782,42.64219007988604,62,1
208,ref,1238341.6666666667,63,1,0.015873015873015872,True,ok,588.7544802867342,101.91005250742025,0.11386466204848551,94.6382814772841,67.03832992738072,60,2
208,ref,1278580.5555555555,63,0,0.0,True,ok,589.7266313932977,101.74205607476642,0.11698452686589039,95.02575160840426,68.98889095376028,62,1
208,ref,1316280.5555555555,63,0,0.0,True,ok,608.4215167548492,98.61584172766156,0.15472528468992108,153.36113780935844,94.13819239136764,62,1
208,ref,1355202.7777777778,63,0,0.0,True,ok,591.6225749559087,101.4160083469965,0.14243323010103495,118.58593699257688,84.26671435166175,62,1
208,ref,1393030.5555555555,63,0,0.0,True,ok,605.5996472663172,99.07535493265327,0.1273630777181611,114.4296106891772,77.1310349408709,62,1
208,ref,1431702.7777777778,63,0,0.0,True,ok,606.1287477954165,98.98887029897398,0.1260823409851472,117.35428444010908,76.422131460442,62,1
208,ref,1470519.4444444445,63,0,0.0,True,ok,595.5908289241627,100.74030204323357,0.13016581997684254,118.15487072775454,77.52556861760098,62,1
208,ref,1508675.0,63,0,0.0,True,ok,583.8183421516746,102.7716939808173,0.14207577448231637,130.95198335053266,82.94644311818115,62,1
208,ref,1546069.4444444443,63,0,0.0,True,ok,634.5238095238133,94.55909943714767,0.13033676383360315,125.91659164925994,82.70177990870344,62,1
208,ref,1586811.1111111112,63,0,0.0,True,ok,654.1887125220438,91.71665431017081,0.19362061316070786,204.0201666381734,126.66441964133217,62,1
208,ref,1629058.3333333335,63,0,0.0,True,ok,646.3844797178098,92.82401091405231,0.20527190394897543,215.8033531163304,132.6845728347427,62,1
208,ref,1670394.4444444445,63,0,0.0,True,ok,677.2486772486785,88.59374999999983,0.2644872934064847,301.92862082764964,179.12366960862488,62,1
208,ref,1713677.7777777778,63,0,0.0,True,ok,665.6966490299803,90.13114319777482,0.2561539376416485,289.77067657376824,170.52081792387997,62,1
208,ref,1756602.777777778,63,0,0.0,True,ok,657.319223985889,91.27984974510352,0.19982156024095746,212.1628325201555,131.34655291323574,62,1
208,det,579.7101449275362,63,0,0.0,True,ok,576.8788377484029,104.00797546012271,0.19353086876898237,171.21617925591124,111.64386264388924,62,1
208,det,37458.19397993311,63,0,0.0,True,ok,565.9075224292616,106.02439024390243,0.1347170153215808,123.39688318854336,76.23737236970067,62,1
208,det,73623.18840579709,63,0,0.0,True,ok,585.7266726831946,102.43685800604227,0.17775467444664866,173.14878182389563,104.11565401752,62,1
208,det,111125.97547380156,63,0,0.0,True,ok,609.7927837058274,98.39408009286124,0.23140649710829517,239.80281611502605,141.11001203928183,62,1
208,det,150011.14827201783,63,0,0.0,True,ok,587.8501530675442,102.06682721252261,0.20024418178926162,193.59140060709697,117.71357291570258,62,1
208,det,187670.01114827202,63,0,0.0,True,ok,571.5701367875279,104.97399380804957,0.1777374146925539,171.90555690869988,101.5893984280846,62,1
208,det,224225.1950947603,63,0,0.0,True,ok,565.376652333174,106.12394366197185,0.15093779536581273,141.540714877783,85.33670545447286,62,1
208,det,260267.55852842808,63,0,0.0,True,ok,580.241015023624,103.40530649588285,0.17569996924429226,173.77282670989914,101.94832849392765,62,1
208,det,297268.67335562984,63,0,0.0,True,ok,590.5045035479818,101.6080311657177,0.15371139161257655,150.82431993649772,90.76726899385393,62,1
208,det,335039.0189520624,63,0,0.0,True,ok,529.8083558953127,113.24849699398791,0.08558666637478622,70.63568489547717,45.34453099858613,62,1
208,det,368907.46934225195,63,0,0.0,True,ok,588.5579798623277,101.94407696933253,0.19869567869593086,198.0748408959223,116.9439272606512,62,1
208,det,406588.6287625418,63,0,0.0,True,ok,623.0645361080145,96.29821073558645,0.2411305075969786,252.6496498196618,150.23986785740155,62,1
208,det,446677.8149386845,63,0,0.0,True,ok,634.5667215232426,94.55270496374801,0.25320297276680415,270.36459639477306,160.67418030856976,62,1
208,det,487513.93534002226,63,0,0.0,True,ok,643.4145564580352,93.25247524752467,0.2789242643103283,304.0480595930114,179.46393180661366,62,1
208,det,528617.6142697881,63,0,0.0,True,ok,619.8793155314893,96.79303454182133,0.2647431217141082,276.5297792054927,164.10878507981116,62,1
208,det,568294.3143812709,63,0,0.0,True,ok,618.640618640619,96.98684210526311,0.2463189328515812,261.8982986160593,152.3828970021993,62,1
208,det,607692.3076923076,63,0,0.0,True,ok,591.566243740159,101.42566556984706,0.1919432180400392,184.67247224517172,113.54712850734433,62,1
208,det,645484.9498327759,63,0,0.0,True,ok,605.8997363345198,99.02628504672883,0.2159979536533872,222.66855481615687,130.87310316738314,62,1
208,det,684113.712374582,63,0,0.0,True,ok,611.208437295394,98.16618413433697,0.23375555256024882,239.24208843194987,142.873365989471,62,1
208,det,723455.9643255295,63,0,0.0,True,ok,631.7354143441097,94.97647058823534,0.2560050088805547,277.70525262320746,161.72743035932473,62,1
208,det,763835.0055741359,63,0,0.0,True,ok,622.00279591584,96.46258890469407,0.25524755205044486,272.8481215277539,158.7646910260506,62,1
208,det,803489.409141583,63,0,0.0,True,ok,611.5623506927856,98.10937499999999,0.24143479835921647,250.99390473418862,147.65243282360112,62,1
208,det,842798.2162764771,63,0,0.0,True,ok,621.6488825184485,96.51750640478211,0.2432542484318934,257.5218921444992,151.2187317055516,62,1
208,det,882497.2129319955,63,0,0.0,True,ok,587.673196368847,102.09756097561002,0.19078282825799053,180.4061064170856,112.11795449466209,62,1
208,det,920100.3344481605,63,0,0.0,True,ok,647.1306471306468,92.71698113207552,0.2141295441887209,231.22751052746943,138.5697905006374,62,1
208,det,961371.2374581939,63,0,0.0,True,ok,664.1184902054475,90.34532374100708,0.22881348109474875,258.376726052364,151.95926360329725,62,1
208,det,1003779.2642140468,63,0,0.0,True,ok,637.2210720036796,94.15884476534312,0.1774507712217654,174.8194179407395,113.07537066581304,62,1
208,det,1044581.9397993311,63,0,0.0,True,ok,623.418449505406,96.24354243542436,0.21975075194602328,207.78992213521616,136.9966730558369,62,1
208,det,1084537.3467112598,63,0,0.0,True,ok,654.385871777178,91.68902109248216,0.1733487099230837,174.44061052279642,113.43694666446628,62,1
208,det,1126711.259754738,63,0,0.0,True,ok,652.9702181876082,91.88780487804895,0.11763731112690674,127.70772904918918,76.81366071353985,62,1
208,det,1168439.2419175028,63,0,0.0,True,ok,534.2322733627063,112.31069890692321,0.12215760367337,47.65699638217134,65.26053431896494,62,1
208,det,1202586.3991081382,63,0,0.0,True,ok,575.8170975562266,104.19975414874027,0.26795881905468094,216.52973239037476,154.29526945266048,62,1
208,det,1239409.1415830546,63,1,0.015873015873015872,True,ok,589.9593627503848,101.70192014629717,0.11650193944461142,100.6539361955433,68.73140995392687,60,2
208,det,1279186.176142698,63,0,0.0,True,ok,588.7349365610215,101.9134355275026,0.11577688287964197,91.81099884713237,68.16189579737883,62,1
208,det,1317056.856187291,63,0,0.0,True,ok,605.5458229371266,99.08416130917604,0.14944979427880686,148.7432387009375,90.49869866434437,62,1
208,det,1355763.656633222,63,1,0.015873015873015872,True,ok,594.4546337253189,100.93284936479164,0.1420868835586987,112.39868970405057,84.46420632305826,60,2
208,det,1397959.8662207357,63,0,0.0,True,ok,608.7310435136536,98.56569767441837,0.1370703797521132,127.52709012426313,83.43899530131665,62,1
208,det,1436889.6321070234,63,0,0.0,True,ok,600.9449487710372,99.84275618374535,0.11660291638851643,113.46990028502249,70.07193361565054,62,1
208,det,1475217.3913043477,63,0,0.0,True,ok,599.1753817840797,100.13762551683364,0.12694077253565042,115.10983779753234,76.05978584801436,62,1
208,det,1513400.2229654402,63,0,0.0,True,ok,584.1340623949321,102.71614662223566,0.12722317725221963,109.70642273803134,74.31539135912958,62,1
208,det,1550668.8963210701,63,0,0.0,True,ok,648.0154306241274,92.5903877662478,0.12252807025155575,126.35060852237318,79.40008020760523,62,1
208,det,1592040.133779264,63,0,0.0,True,ok,663.2337067119688,90.46584845250784,0.21404696664594827,234.23355559325088,141.96316309904543,62,1
208,det,1634425.8639910812,63,0,0.0,True,ok,645.3610801436894,92.97120921305175,0.19669301868805864,202.6866189207994,126.9380189972484,62,1
208,det,1675908.5841694537,63,0,0.0,True,ok,671.0198014545816,89.41613924050665,0.251358632884123,278.5629146333632,168.6666199317993,62,1
208,det,1718595.3177257525,63,0,0.0,True,ok,674.0280653324111,89.01706484641666,0.24673815140227168,292.20727450208324,166.3084388333687,62,1
208,det,1761839.464882943,63,0,0.0,True,ok,658.9867459432672,91.04887218045118,0.207062441775496,223.33374837976612,136.45140471270133,62,1
209,ref,525.0,63,0,0.0,True,ok,646.3403880070547,92.8303431339109,0.03716171225945179,21.832377973937195,24.01911552078059,62,1
209,ref,41875.0,63,0,0.0,True,ok,629.7178130511463,95.28077300098026,0.05535454971327409,48.7485256953178,34.85774598787392,62,1
209,ref,82150.0,63,0,0.0,True,ok,631.084656084656,95.0744078809474,0.06348489556048652,55.878318688042455,40.06434348135994,62,1
209,ref,122561.11111111112,63,0,0.0,True,ok,625.8818342151676,95.86474110602325,0.05434370049118609,48.965045359571214,34.01273494146325,62,1
209,ref,162638.88888888888,63,0,0.0,True,ok,638.0511463844797,94.03634855918735,0.04576481357473755,37.7703318616206,29.200291765433292,62,1
209,ref,203461.1111111111,63,0,0.0,True,ok,620.061728395062,96.76455948232947,0.043689613255333916,25.21068136323879,27.09025710801416,62,1
209,ref,243138.88888888888,63,0,0.0,True,ok,573.7213403880079,104.58038733476775,0.07408816236396204,58.23190533448884,42.50595981833666,62,1
209,ref,279827.7777777778,63,0,0.0,True,ok,538.6243386243383,111.39489194499025,0.06901511757646799,51.775524125277094,37.17322205970601,62,1
209,ref,314302.7777777778,63,0,0.0,True,ok,554.4091710758373,108.22331795769055,0.08082253120427213,69.0877938399024,44.80875252921151,62,1
209,ref,349800.0,63,0,0.0,True,ok,546.8694885361557,109.71539143755533,0.09141352527875773,78.89857454802824,49.99126781448118,62,1
209,ref,384819.44444444444,63,0,0.0,True,ok,566.6666666666666,105.88235294117648,0.09482802358675965,77.51973323110198,53.735880032497136,62,1
209,ref,421158.3333333334,63,0,0.0,True,ok,545.1058201058195,110.07037126910957,0.22153334789924448,58.39410556822007,120.75911728740549,62,1
209,ref,456150.0,63,0,0.0,True,ok,645.1058201058204,93.00799671929461,0.0658349123420872,68.07429703175309,42.47048511803696,62,1
209,ref,497394.44444444444,63,0,0.0,True,ok,634.4797178130507,94.56567060458659,0.09087563035472512,72.91421313502926,57.6587443035491,62,1
209,ref,538013.8888888889,63,0,0.0,True,ok,497.22222222222223,120.6703910614525,0.2646493801468261,48.18360403013422,131.58955290633853,62,1
209,ref,569713.8888888889,63,0,0.0,True,ok,479.14462081128767,125.22315266402866,0.2723626272424973,55.223019112543874,130.50108775327246,62,1
209,ref,600294.4444444445,63,0,0.0,True,ok,401.63139329805773,149.39071248216132,0.17363453548760396,22.104301827902805,69.73708041254743,62,1
209,ref,626261.111111111,63,0,0.0,True,ok,632.8924162257518,94.80284241326426,0.08211561913915817,76.90320505044859,51.97035260685541,62,1
209,ref,666775.0,63,0,0.0,True,ok,618.9594356261013,96.93688559623894,0.04489656729469969,37.44436999453235,27.789153954276593,62,1
209,ref,706361.1111111111,63,0,0.0,True,ok,555.5996472663154,107.99142925164641,0.2072750150898429,68.98503955928074,115.1619252710369,62,1
209,ref,741736.1111111111,63,0,0.0,True,ok,521.9576719576708,114.95184997465815,0.2115795597368665,70.93560330896346,110.43557443408378,62,1
209,ref,775219.4444444444,63,0,0.0,True,ok,519.9294532627877,115.40027137042038,0.2327651387142207,69.34760272704048,121.0214513103217,62,1
209,ref,808450.0,63,0,0.0,True,ok,638.800705467373,93.9260077305355,0.058266861759400594,57.04216198329252,37.220912397274994,62,1
209,ref,849330.5555555555,63,0,0.0,True,ok,559.3915343915356,107.25939938519721,0.18106559714697948,62.081935107285986,101.2865622135685,62,1
209,ref,885177.7777777778,63,0,0.0,True,ok,612.9629629629642,97.88519637462217,0.07008708475428334,67.10392743244522,42.960787136421914,62,1
209,ref,924294.4444444445,63,0,0.0,True,ok,635.3615520282183,94.43442054129083,0.07417061043392348,64.69319960911817,47.125154160177985,62,1
209,ref,964955.5555555555,63,0,0.0,True,ok,647.266313932982,92.6975476839235,0.08896647471634997,83.85588849832394,57.58500215326369,62,1
209,ref,1006347.2222222221,63,0,0.0,True,ok,633.0246913580276,94.78303266699129,0.05019389800279759,41.970220426244424,31.77397679127726,62,1
209,ref,1046847.2222222221,63,0,0.0,True,ok,624.7354497354504,96.04065212788471,0.049368463417689294,42.43614454671625,30.84222919599825,62,1
209,ref,1086850.0,63,0,0.0,True,ok,627.6895943562619,95.58864849676863,0.07351154327635162,70.34098691707527,46.14243077963594,62,1
209,ref,1127005.5555555555,63,0,0.0,True,ok,632.4955908289282,94.86232136632911,0.061285340842777085,58.30132250213357,38.76270786550454,62,1
209,ref,1167486.111111111,63,0,0.0,True,ok,631.8342151675514,94.96161898115797,0.07649794128355952,75.93093421144349,48.33401669283126,62,1
209,ref,1207955.5555555555,63,0,0.0,True,ok,629.6296296296308,95.29411764705864,0.07088558103617042,72.36854490945107,44.63166213388516,62,1
209,ref,1248261.1111111112,63,0,0.0,True,ok,622.442680776012,96.39441807749554,0.05667811360498654,50.45097300372098,35.27887697361518,62,1
209,ref,1288100.0,63,0,0.0,True,ok,638.3156966490279,93.99737514678486,0.06391009592905239,67.05661789841831,40.79481740585928,62,1
209,ref,1328938.8888888888,63,0,0.0,True,ok,640.4761904761905,93.68029739776952,0.061234737555986574,56.082847134711336,39.21939143466759,62,1
209,ref,1369952.7777777778,63,0,0.0,True,ok,631.1728395061745,95.06112469437629,0.0737968855041746,66.46755660646257,46.578589770381924,62,1
209,ref,1410425.0,63,0,0.0,True,ok,638.9770723104085,93.9000828043054,0.052178211999719046,47.63549916367172,33.340681141972304,62,1
209,ref,1451286.111111111,63,0,0.0,True,ok,633.994708994714,94.63801377008063,0.04262259884997213,33.85751235651037,27.022502154486514,62,1
209,ref,1491866.6666666665,63,0,0.0,True,ok,625.1763668430356,95.9729176951827,0.11124553946948856,84.50785206675836,69.54808219302838,62,1
209,ref,1531663.8888888888,63,0,0.0,True,ok,632.848324514992,94.80944750226422,0.10290724387585329,84.34939118275967,65.12467686728942,62,1
209,ref,1572177.7777777778,63,0,0.0,True,ok,630.0705467372143,95.22743177046873,0.07994475625188668,73.93542879045324,50.37083628039957,62,1
209,ref,1612472.2222222222,63,0,0.0,True,ok,614.1975308641984,97.68844221105515,0.05750676417723466,54.38049422469597,35.32051256564726,62,1
209,ref,1651819.4444444443,63,0,0.0,True,ok,598.8095238095275,100.19880715705703,0.07702876801176574,72.95687148980377,46.12555989276,62,1
209,ref,1690133.3333333335,63,0,0.0,True,ok,560.0529100529088,107.13273500236207,0.17541692653221633,88.56839061879514,98.24276017690507,62,1
209,ref,1725961.1111111112,63,0,0.0,True,ok,628.1305114638415,95.52154990874682,0.14281470258845416,92.83495759066115,89.70627218144212,62,1
209,det,523.9687848383501,63,0,0.0,True,ok,646.4228203358638,92.8185053380783,0.0373619626588006,22.430996776102003,24.15162527518511,62,1
209,det,41872.90969899665,63,0,0.0,True,ok,629.7888906584558,95.27001966844621,0.05739260196728023,50.871533956264294,36.14522312497572,62,1
209,det,82151.61649944258,63,0,0.0,True,ok,631.0275875493269,95.08300616937743,0.06326574215132126,56.010426946830535,39.92242864426602,62,1
209,det,122564.10256410255,63,0,0.0,True,ok,625.8958432871481,95.86259541984727,0.05603930767174803,51.087800389702075,35.07476973243668,62,1
209,det,162642.14046822742,63,0,0.0,True,ok,638.1058554971597,94.02828618968388,0.046828259650353386,39.618004157906775,29.881386685631874,62,1
209,det,203467.11259754738,63,0,0.0,True,ok,620.056272230185,96.76541095890416,0.043972780838074293,26.29791151383756,27.265598566051256,62,1
209,det,243143.8127090301,63,0,0.0,True,ok,573.6936171718777,104.58544108574961,0.07394101429936051,57.51136617297317,42.41948795075766,62,1
209,det,279832.77591973246,63,0,0.0,True,ok,538.6561908301036,111.38830486202372,0.06801806151157042,49.99711432361746,36.638349921470194,62,1
209,det,314303.23299888516,63,0,0.0,True,ok,554.4053370140332,108.22406639004139,0.08323978240967124,70.94716868092104,46.14857961980858,62,1
209,det,349799.3311036789,63,0,0.0,True,ok,546.9731556688082,109.69459721772881,0.09003115106967068,77.13361050838166,49.244622809072965,62,1
209,det,384816.05351170566,63,0,0.0,True,ok,566.7923059227409,105.85888229784574,0.09740214254539951,81.06178948787343,55.206784975122495,62,1
209,det,421159.42028985504,63,0,0.0,True,ok,545.0266319831542,110.08636363636354,0.22152745538586524,58.97411763985439,120.73836290075658,62,1
209,det,456153.8461538461,63,0,0.0,True,ok,645.007166746297,93.02222222222225,0.06569494032272337,68.2836248088466,42.37370732712686,62,1
209,det,497402.45261984394,63,0,0.0,True,ok,634.3897648245468,94.57907949790805,0.0911883727199697,72.67784175253087,57.84897032455469,62,1
209,det,538015.607580825,63,0,0.0,True,ok,497.24832333527905,120.66405693950198,0.26541487980530537,50.950282507980674,131.9771039714227,62,1
209,det,569721.293199554,63,0,0.0,True,ok,479.0217833696118,125.25526413003263,0.2730750595053111,55.3986660655204,130.80890199799697,62,1
209,det,600289.8550724637,63,0,0.0,True,ok,401.69170603953256,149.36828193832582,0.1732453576112892,22.960935915312156,69.59122326230768,62,1
209,det,626265.3288740244,63,0,0.0,True,ok,632.797154536286,94.81711409395957,0.08200767224575234,76.4155871670642,51.89422164725644,62,1
209,det,666778.1493868451,63,0,0.0,True,ok,618.9945320380086,96.93138936535189,0.044921863269508804,37.21780326838626,27.80638773278501,62,1
209,det,706365.663322185,63,0,0.0,True,ok,555.4670772062068,108.01720293086987,0.20749826745615815,68.85370028315607,115.25845614922395,62,1
209,det,741739.1304347826,63,0,0.0,True,ok,522.0222611526943,114.93762711864441,0.21090919933754618,68.67879644361962,110.0992971360902,62,1
209,det,775217.3913043478,63,0,0.0,True,ok,520.075737467043,115.36781218101368,0.2322526167600581,68.31297517547573,120.78895094013774,62,1
209,det,808450.3901895205,63,0,0.0,True,ok,638.8136822919431,93.9240997229917,0.05742302547457013,56.29601414920399,36.6826143517542,62,1
209,det,849331.1036789297,63,0,0.0,True,ok,559.360124577515,107.26542233470438,0.18109903671805724,61.957816112897156,101.29957973948046,62,1
209,det,885183.9464882943,63,0,0.0,True,ok,612.8010475836558,97.91105977476185,0.0712846800347312,68.6787964436126,43.683326601948984,62,1
209,det,924292.0847268673,63,0,0.0,True,ok,635.4515050167222,94.42105263157897,0.0738295922076772,63.238733297497994,46.91512548313934,62,1
209,det,964960.9810479376,63,0,0.0,True,ok,647.3076038293426,92.6916347731001,0.08910905193137822,83.67794480106679,57.68096688520489,62,1
209,det,1006354.5150501671,63,0,0.0,True,ok,632.9741112349817,94.79060665362022,0.05065676011515012,41.47203593171236,32.064417711930815,62,1
209,det,1046845.039018952,63,0,0.0,True,ok,624.834103094972,96.02548853016154,0.050406542453428425,43.54690364510448,31.49572674400658,62,1
209,det,1086856.18729097,63,0,0.0,True,ok,627.6654102741038,95.59233154778718,0.0733460007010769,70.6214938989283,46.03674762200614,62,1
209,det,1127012.2630992197,63,0,0.0,True,ok,632.4432411388945,94.87017347509776,0.061813767896733623,59.3806068920658,39.093699715617554,62,1
209,det,1167491.6387959865,63,0,0.0,True,ok,631.7354143441115,94.97647058823506,0.0762000762001209,75.7172319516026,48.13828671133624,62,1
209,det,1207959.8662207357,63,0,0.0,True,ok,629.6119339597626,95.29679595278208,0.0730654326295203,75.03909399116455,46.002868343479015,62,1
209,det,1248260.8695652173,63,0,0.0,True,ok,622.5336660119254,96.38032973280295,0.058799172691631534,53.23980019575376,36.604464534189674,62,1
209,det,1288104.7937569676,63,0,0.0,True,ok,638.282812195856,94.00221790962014,0.06617258096594275,69.72163832973528,42.23682106919991,62,1
209,det,1328940.9141583056,63,0,0.0,True,ok,640.5832492788987,93.6646408839783,0.06281277004976245,58.29033663994064,40.23680833468512,62,1
209,det,1369955.4069119284,63,0,0.0,True,ok,631.2045442480261,95.05634987384303,0.07509598658143447,69.12972635152039,47.400927984990226,62,1
209,det,1410423.6343366778,63,0,0.0,True,ok,638.9906389906389,93.89808917197453,0.0526044249823918,47.17079563494006,33.61373513323366,62,1
209,det,1451293.1995540692,63,0,0.0,True,ok,633.8588947284568,94.65829145728691,0.04248170647289234,33.74317000964725,26.927407511086265,62,1
209,det,1491872.9096989967,63,0,0.0,True,ok,625.1880164923634,95.97112935182578,0.11141992621749706,86.38895692998236,69.65840266964247,62,1
209,det,1531661.0925306578,63,0,0.0,True,ok,632.9741112349799,94.79060665362049,0.10124765381080567,82.98031572440006,64.08714368552164,62,1
209,det,1572173.9130434783,63,0,0.0,True,ok,630.1428040558479,95.2165122156697,0.07961926215004939,73.86790341159035,50.17150510808976,62,1
209,det,1612474.9163879598,63,0,0.0,True,ok,614.2167011732236,97.68539325842687,0.05901369063129848,56.27820740691126,36.24719438361332,62,1
209,det,1651817.1683389074,63,0,0.0,True,ok,598.8214683866845,100.1968085106385,0.07569130909424719,71.18692721489604,45.32558085592751,62,1
209,det,1690133.779264214,63,0,0.0,True,ok,560.0679513722998,107.1298578199051,0.1752415369392275,88.69031789654031,98.14716858888636,62,1
209,det,1725964.325529543,63,0,0.0,True,ok,628.1962803701929,95.51154929577473,0.1439671238651414,94.88187092770215,90.43961170767666,62,1
210,ref,158.33333333333331,63,0,0.0,True,ok,656.8342151675485,91.34725112438747,0.18535520132435893,179.67250285881917,121.74763818910823,62,1
210,ref,42177.777777777774,63,0,0.0,True,ok,673.0158730158731,89.1509433962264,0.16665705167643827,159.23624837234507,112.16284112826959,62,1
210,ref,85230.55555555555,63,0,0.0,True,ok,660.846560846561,90.7926341072858,0.16895574123213164,174.11664747952577,111.6538205285357,62,1
210,ref,127725.0,63,0,0.0,True,ok,697.0899470899474,86.07210626185955,0.139957084339082,140.17549235834122,97.56267651679397,62,1
210,ref,172275.0,63,0,0.0,True,ok,667.1957671957673,89.92862807295795,0.15418202026073977,136.9138242138177,102.8695912956576,62,1
210,ref,214858.3333333333,63,0,0.0,True,ok,681.7901234567906,88.0036215482118,0.16763393526241038,171.88080390982455,114.29116141810643,62,1
210,ref,258363.88888888888,63,0,0.0,True,ok,674.5149911816586,88.95280428814213,0.17484585528999957,168.74820234451263,117.93615053908363,62,1
210,ref,301813.8888888889,63,0,0.0,True,ok,678.968253968254,88.36937463471654,0.15735926766443023,151.2040155584046,106.84194721184132,62,1
210,ref,345258.3333333333,63,0,0.0,True,ok,716.5784832451498,83.73123307900568,0.1361107315839637,138.92562238250395,97.53402159182441,62,1
210,ref,391191.6666666667,63,0,0.0,True,ok,664.6825396825396,90.26865671641792,0.19992384238317717,155.04067052912646,132.88588729834197,62,1
210,ref,433772.22222222225,63,0,0.0,True,ok,680.5114638447967,88.16897758196197,0.1722427217334956,168.38348141674675,117.21314670347309,62,1
210,ref,477300.0,63,0,0.0,True,ok,697.354497354498,86.0394537177541,0.18864861557238274,181.56561974448098,131.5549604891009,62,1
210,ref,521916.6666666666,63,0,0.0,True,ok,673.8977072310416,89.03428421879075,0.16660043236856195,174.53820563131197,112.27164939687411,62,1
210,ref,564991.6666666666,63,0,0.0,True,ok,695.1058201058195,86.31779257849675,0.1693491514051748,160.68414565068016,117.71558077171863,62,1
210,ref,609483.3333333334,63,0,0.0,True,ok,659.7442680776012,90.94432934571947,0.1817572457665691,157.97489768784155,119.9133010760658,62,1
210,ref,651725.0,63,0,0.0,True,ok,698.2804232804245,85.92536465239613,0.17034253191861543,168.86837264556044,118.94685529079001,62,1
210,ref,696413.8888888889,63,0,0.0,True,ok,670.3262786596111,89.50864960863,0.12066545511450305,109.39421731953698,80.88522548967318,62,1
210,ref,739591.6666666667,63,0,0.0,True,ok,672.2663139329802,89.25034433003219,0.16461646278972816,140.90560911832142,110.66610265233615,62,1
210,ref,782663.8888888889,63,0,0.0,True,ok,676.7195767195774,88.66301798279898,0.17866348441264246,134.7677102380929,120.90507754696822,62,1
210,ref,825930.5555555555,63,0,0.0,True,ok,673.2363315696647,89.1217499508809,0.15427660818104472,143.51090664677253,103.86461773881706,62,1
210,ref,868980.5555555556,63,0,0.0,True,ok,678.7918871252184,88.39233517375798,0.13555152385504254,140.92371422083892,92.01127468026338,62,1
210,ref,912477.7777777778,63,0,0.0,True,ok,667.9894179894186,89.82178217821775,0.1980762359698851,200.56576935636073,132.3128295830583,62,1
210,ref,955225.0,63,0,0.0,True,ok,679.2768959435616,88.3292223808907,0.21849722376766623,245.26631548528206,148.4201159331861,62,1
210,ref,998752.7777777778,63,0,0.0,True,ok,679.5855379188711,88.28910659832611,0.1997157537905479,224.826252663936,135.7239379706223,62,1
210,ref,1042349.9999999999,63,1,0.015873015873015872,True,ok,683.1093189964172,87.83367219780922,0.19033332063415256,173.94112532099996,130.01846504072267,61,1
210,ref,1085527.7777777778,63,0,0.0,True,ok,695.0176366843017,86.32874452832603,0.20769472826792326,226.3049022917775,144.35149919256025,62,1
210,ref,1130061.1111111112,63,0,0.0,True,ok,691.6225749559087,86.75251816906791,0.17005795980896452,177.48526843024007,117.61592405482446,62,1
210,ref,1174341.6666666667,63,0,0.0,True,ok,689.5502645502621,87.0132361404185,0.17027295878774898,169.1717354208696,117.41176377784818,62,1
210,ref,1218494.4444444445,63,0,0.0,True,ok,687.1252204585518,87.32032854209471,0.1776349617442645,182.4279124742772,122.05746224967415,62,1
210,ref,1262472.2222222222,63,1,0.015873015873015872,True,ok,677.2849462365566,88.58900575511048,0.2040284515969838,203.42742206834174,138.18539887059106,60,2
210,ref,1305494.4444444445,63,0,0.0,True,ok,675.8818342151667,88.77291408441528,0.16622331373619495,166.42978985213014,112.34731817734256,62,1
210,ref,1348827.7777777778,63,0,0.0,True,ok,696.5167548500874,86.14293853263287,0.1872036923416929,185.8903092923728,130.3905082857901,62,1
210,ref,1393250.0,63,0,0.0,True,ok,667.4603174603175,89.89298454221165,0.1721694591367946,157.59116759874414,114.91628185241608,62,1
210,ref,1435938.8888888888,63,0,0.0,True,ok,682.8042328042341,87.87291747384718,0.1100520264998587,116.69706465219271,75.14398952278725,62,1
210,ref,1479758.3333333335,63,0,0.0,True,ok,707.7601410934724,84.7744829304762,0.16110765188158205,169.9237448156312,114.02557442694655,62,1
210,ref,1525063.8888888888,63,0,0.0,True,ok,690.8289241622616,86.85218279295327,0.16456008439619718,168.82967682550114,113.68286606347587,62,1
210,ref,1569172.2222222222,63,0,0.0,True,ok,697.6190476190476,86.00682593856655,0.2302643299515918,231.50928745778606,160.6367825614676,62,1
210,ref,1613683.3333333335,63,0,0.0,True,ok,677.1604938271588,88.60528714676413,0.18115933047564528,181.75162153747954,122.67394168628542,62,1
210,ref,1657180.5555555557,63,0,0.0,True,ok,662.0811287477937,90.62333510921707,0.2278493556617043,250.05475306435335,150.8547585809587,62,1
210,ref,1699569.4444444443,63,0,0.0,True,ok,692.636684303353,86.62550130498414,0.14681001844992345,139.58294325804462,101.68600440166905,62,1
210,ref,1743936.1111111112,63,0,0.0,True,ok,704.4973544973495,85.16710476905806,0.21582963702297184,237.33291299141013,152.05140830480687,62,1
210,det,691.1928651059086,63,0,0.0,True,ok,668.7193643715382,89.72373643821118,0.21398664064494902,213.65931676331988,143.09701031609106,62,1
210,det,43455.964325529545,63,0,0.0,True,ok,683.7606837606837,87.75,0.17257384540483536,175.18596410212945,117.99921053322076,62,1
210,det,87290.96989966555,63,0,0.0,True,ok,672.0815416467591,89.27488151658767,0.20377680267778037,223.29335400780636,136.95462769553006,62,1
210,det,130133.77926421404,63,0,0.0,True,ok,699.3328732459165,85.79605263157897,0.13945015412557657,140.8308061243097,97.52207695922536,62,1
210,det,174938.6845039019,63,0,0.0,True,ok,674.5589354285007,88.94700944386148,0.1571478782874173,146.23563514333773,106.00550548240783,62,1
210,det,218115.9420289855,63,0,0.0,True,ok,690.6619950098208,86.87317448116838,0.18824936721378982,199.41127434111303,130.01668351921242,62,1
210,det,262441.47157190635,63,0,0.0,True,ok,684.4685105554665,87.65925542916243,0.19024786385229697,198.8021683403136,130.2186720073409,62,1
210,det,306265.3288740245,63,0,0.0,True,ok,686.5919909398173,87.38814432989687,0.16014646578340078,161.21222527650696,109.95528078420047,62,1
210,det,350334.4481605351,63,0,0.0,True,ok,717.205499814196,83.65803108808285,0.1403968983520045,143.65636982649104,100.69342765491226,62,1
210,det,396153.8461538461,63,1,0.015873015873015872,True,ok,692.0919193008956,86.6936866718628,0.17132557036148266,163.3453297199487,118.57304281679917,60,2
210,det,442987.73690078035,63,0,0.0,True,ok,689.2463414202554,87.05160462130925,0.18040606871273632,172.02795319113974,124.3442228302647,62,1
210,det,487146.04236343363,63,0,0.0,True,ok,698.0941763550453,85.94828897338411,0.1670336734315493,190.59643592116805,116.60523467775502,62,1
210,det,531917.502787068,63,0,0.0,True,ok,685.1763373502504,87.56869834710744,0.17758396189845765,192.68843619637224,121.67632858573164,62,1
210,det,575652.1739130435,63,0,0.0,True,ok,717.7363699102822,83.59615384615394,0.22462811955344814,241.58093123955933,161.22377110806474,62,1
210,det,621549.6098104795,63,0,0.0,True,ok,684.4685105554656,87.65925542916254,0.149091997245131,126.24744247740425,102.0487772901144,62,1
210,det,665317.7257525083,63,0,0.0,True,ok,689.0693847215587,87.07395993836671,0.158887222907647,164.09608492102433,109.48432092908946,62,1
210,det,709598.6622073578,63,0,0.0,True,ok,691.546778503301,86.7620266120777,0.1482299724256699,156.4478301837334,102.50795990860516,62,1
210,det,753846.1538461538,63,0,0.0,True,ok,680.7524198828568,88.13776969066778,0.21623712757268085,199.87315404449228,147.2039478636205,62,1
210,det,797380.1560758082,63,0,0.0,True,ok,705.1724443028788,85.08557089084069,0.26987997226200283,258.10115725284487,190.31191970838967,62,1
210,det,842775.9197324414,63,0,0.0,True,ok,694.0241722850413,86.45232024477313,0.15418026970172077,162.62357102104167,107.0048340624212,62,1
210,det,887190.6354515051,63,0,0.0,True,ok,680.3985064854617,88.18361508452553,0.13645183550298728,141.5194694297533,92.84162508343245,62,1
210,det,930445.9308807135,63,0,0.0,True,ok,679.1598095945914,88.34445023449724,0.24744216261670698,261.8868173038938,168.05277204843662,62,1
210,det,974013.3779264215,63,0,0.0,True,ok,686.0611208437291,87.45576476657214,0.1512807343157543,141.23589140822523,103.7878301467288,62,1
210,det,1018205.1282051281,63,0,0.0,True,ok,677.7441560050255,88.5289817232376,0.21154331708681132,229.37788704048182,143.37224689750443,62,1
210,det,1061426.978818283,63,0,0.0,True,ok,756.843800322064,79.27659574468056,0.35467622864203474,389.5339446929434,268.43450476933486,62,1
210,det,1110000.0,63,0,0.0,True,ok,712.9585390454935,84.1563663440062,0.24246021284136984,223.0148828555175,172.86407912404243,62,1
210,det,1155473.8015607581,63,0,0.0,True,ok,696.324609368086,86.1667090216012,0.19589014170845273,211.93070265210372,136.40312640419737,62,1
210,det,1200000.0,63,0,0.0,True,ok,682.6989435685082,87.88646967340598,0.18567176059778942,201.23251105895685,126.7579148106158,62,1
210,det,1243690.078037904,63,0,0.0,True,ok,704.995487604183,85.1069277108434,0.22713543863236824,242.67376351152856,160.12945931081643,62,1
210,det,1288840.579710145,63,0,0.0,True,ok,680.0445930880701,88.22950819672147,0.14792241663581457,134.79434125124988,100.59383962970648,62,1
210,det,1332318.84057971,63,0,0.0,True,ok,715.082019429846,83.90645879732733,0.20880539774137613,215.39267135517423,149.31298548475544,62,1
210,det,1378283.166109253,63,0,0.0,True,ok,666.7728406858874,89.98566878980847,0.1759961421131989,179.28033367685413,117.34944762657477,62,1
210,det,1420936.454849498,63,0,0.0,True,ok,687.2998177346012,87.29814624098856,0.14997415532221958,148.90487225980135,103.0772096178623,62,1
210,det,1464905.2396878484,63,0,0.0,True,ok,695.6167825733068,86.25438819638738,0.1362184831073227,137.7292340470488,94.75586294613215,62,1
210,det,1509397.9933110368,63,0,0.0,True,ok,712.427668949408,84.21907600596126,0.20219531058384238,204.69424561686952,144.0495337917484,62,1
210,det,1554927.536231884,63,0,0.0,True,ok,686.2380775424231,87.43321299639018,0.19851122229165472,202.7261752480515,136.22595955602173,62,1
210,det,1599409.1415830546,63,0,0.0,True,ok,676.8593725115468,88.6447058823529,0.2110597585437563,217.76673870884926,142.85777573036546,62,1
210,det,1642642.1404682274,63,0,0.0,True,ok,677.9211127037212,88.50587314017231,0.22786299421509842,240.1536494597991,154.4731345823011,62,1
210,det,1686064.6599777036,63,0,0.0,True,ok,696.8554794641715,86.10106653123458,0.1792286853961706,205.6273546888673,124.89649149548161,62,1
210,det,1730735.7859531771,63,1,0.015873015873015872,True,ok,712.9499766245905,84.15737704918038,0.28290355873873024,305.79610570341,201.69608558979118,60,2
212,ref,594.4444444444445,63,0,0.0,True,ok,661.8165784832453,90.65956029313789,0.052384907991349663,33.31839569721142,34.66920057099465,62,1
212,ref,42938.88888888889,63,0,0.0,True,ok,665.1234567901236,90.20881670533642,0.051733375896228694,27.945283483560292,34.40908180752248,62,1
212,ref,85480.55555555555,63,0,0.0,True,ok,654.9382716049382,91.61168708765317,0.06357107011589898,36.42338100986151,41.635126785783214,62,1
212,ref,127344.44444444445,63,0,0.0,True,ok,625.7054673721337,95.89176238461,0.058085796279813695,24.504752097262184,36.34460030894338,62,1
212,ref,167400.0,63,0,0.0,True,ok,643.2539682539683,93.27575570635409,0.048669432118089655,19.8717763428898,31.30680534262831,62,1
212,ref,208597.22222222222,63,0,0.0,True,ok,647.1781305114638,92.71017849843304,0.04069318889508699,22.936005199858812,26.33574191367226,62,1
212,ref,250044.44444444444,63,0,0.0,True,ok,634.8765432098769,94.50656295576077,0.042060345944113,20.512766663144568,26.70312703921003,62,1
212,ref,290666.6666666667,63,0,0.0,True,ok,644.0035273368602,93.1671915651103,0.04296012511952722,18.435821925475388,27.666472111808385,62,1
212,ref,331830.55555555556,63,0,0.0,True,ok,634.5238095238095,94.55909943714822,0.04856235475555239,24.686908450124488,30.81397033893979,62,1
212,ref,372433.3333333333,63,0,0.0,True,ok,651.1022927689603,92.15141870386661,0.04414087473429674,24.6692578315627,28.740224744328078,62,1
212,ref,414072.2222222222,63,0,0.0,True,ok,610.1851851851865,98.33080424886171,0.043656971159368986,20.47329272136119,26.638837031503908,62,1
212,ref,453130.5555555555,63,0,0.0,True,ok,638.1834215167559,94.01685781401119,0.05313621676232991,27.34883874109349,33.910652619839695,62,1
212,ref,493977.77777777775,63,0,0.0,True,ok,655.3350970017639,91.55621341586487,0.06047533498707792,25.78660938194247,39.63160951997087,62,1
212,ref,535908.3333333333,63,0,0.0,True,ok,641.6225749559087,93.51291918636608,0.050490847453670704,23.304727301889695,32.396067554930184,62,1
212,ref,576902.7777777779,63,0,0.0,True,ok,633.9506172839505,94.64459591041872,0.04335831214445459,21.383127744327645,27.487028748367194,62,1
212,ref,617497.2222222222,63,0,0.0,True,ok,627.2045855379168,95.66256590509697,0.05510487030973922,22.78356863183314,34.562027343740645,62,1
212,ref,657661.1111111111,63,0,0.0,True,ok,634.6560846560834,94.53939141308898,0.05505431781141959,22.810864159332468,34.94055778560723,62,1
212,ref,698216.6666666667,63,0,0.0,True,ok,653.7918871252202,91.77232263285678,0.06222503375340457,29.666941859029574,40.682222244068896,62,1
212,ref,739994.4444444444,63,0,0.0,True,ok,631.3932980599661,95.02793296089365,0.07633823059256817,30.67344478622794,48.19944718190382,62,1
212,ref,780447.2222222222,63,0,0.0,True,ok,642.10758377425,93.44228524342519,0.049319493500273065,20.89745210739114,31.668420804430163,62,1
212,ref,821544.4444444445,63,0,0.0,True,ok,646.3403880070537,92.83034313391106,0.04861573994527905,22.690518232994386,31.42231621948168,62,1
212,ref,862927.7777777778,63,0,0.0,True,ok,647.9717813051151,92.59662493195421,0.04822598812985565,24.95765031089672,31.2490794337019,62,1
212,ref,904466.6666666667,63,0,0.0,True,ok,657.4074074074068,91.2676056338029,0.05420661476986259,27.94082969703602,35.63583008018741,62,1
212,ref,946577.7777777778,63,0,0.0,True,ok,674.6472663139326,88.93536370171888,0.05797199131342949,30.26499187468981,39.110645462380255,62,1
212,ref,989741.6666666666,63,0,0.0,True,ok,660.8906525573194,90.78657682300351,0.06461441833986996,28.542345242181373,42.703065101248285,62,1
212,ref,1032047.2222222222,63,0,0.0,True,ok,637.2574955908257,94.15346294886923,0.05010895331447759,21.582987939088312,31.93230609586159,62,1
212,ref,1072786.111111111,63,0,0.0,True,ok,650.0440917107579,92.30143118768235,0.05596112310750588,23.8875343451735,36.377197441532566,62,1
212,ref,1114430.5555555557,63,0,0.0,True,ok,664.5502645502621,90.28662420382199,0.0364762791911517,20.83183985089558,24.240320986289085,62,1
212,ref,1156986.111111111,63,0,0.0,True,ok,657.5837742504405,91.24312726297445,0.04544056718713539,20.772012502079342,29.880979674997214,62,1
212,ref,1199094.4444444445,63,0,0.0,True,ok,662.8747795414446,90.514833045098,0.050853388090036485,25.141475440761784,33.70942841911846,62,1
212,ref,1241536.111111111,63,0,0.0,True,ok,658.4656084656109,91.12093210124515,0.030575101847102392,19.125000162670585,20.1326530416503,62,1
212,ref,1283661.111111111,63,0,0.0,True,ok,671.516754850091,89.34996717005872,0.037926639148699606,20.61866703994653,25.46837364350518,62,1
212,ref,1326641.6666666667,63,0,0.0,True,ok,690.8730158730159,86.84663986214818,0.04488537579654128,25.909386258559778,31.010094945150147,62,1
212,ref,1370827.7777777778,63,0,0.0,True,ok,664.8589065255752,90.24471118774427,0.04907551267063769,23.83276728573985,32.62829169138219,62,1
212,ref,1413347.2222222222,63,0,0.0,True,ok,672.5308641975317,89.21523634694803,0.060267066916161065,27.07902502262349,40.531462595776276,62,1
212,ref,1456383.3333333335,63,0,0.0,True,ok,712.698412698409,84.18708240534565,0.10183006533999034,42.050206096252666,72.57412593278639,62,1
212,ref,1501916.6666666667,63,0,0.0,True,ok,676.7195767195755,88.66301798279923,0.045770737788792155,25.624420227305855,30.973954302574104,62,1
212,ref,1545241.6666666665,63,0,0.0,True,ok,682.8042328042377,87.87291747384671,0.042835238356810516,23.08204420400208,29.24808206320866,62,1
212,ref,1588977.777777778,63,0,0.0,True,ok,698.1922398589048,85.9362172402907,0.05598358326091412,32.286427196635906,39.08730339226512,62,1
212,ref,1633625.0,63,0,0.0,True,ok,687.1693121693135,87.31472569778617,0.055882538987624165,29.532397211604515,38.40076587840054,62,1
212,ref,1677627.7777777778,63,0,0.0,True,ok,681.7019400352738,88.01500549770385,0.04056744008184829,25.7286292987108,27.654902606060705,62,1
212,ref,1721263.888888889,63,0,0.0,True,ok,662.2574955908257,90.59920106524679,0.049832228547517426,26.615467576105555,33.00176687758854,62,1
212,det,590.8584169453734,63,0,0.0,True,ok,661.8180531224009,90.65935828877006,0.05294960492444825,34.506819703785716,35.04300444469863,62,1
212,det,42943.14381270903,63,0,0.0,True,ok,665.0032736989259,90.22511974454497,0.05345244775996628,30.300127167444582,35.546052747598395,62,1
212,det,85484.9498327759,63,0,0.0,True,ok,654.9167418732637,91.61469873007293,0.06368975787049756,35.79003649886429,41.71148871524332,62,1
212,det,127346.71125975472,63,0,0.0,True,ok,625.718886588452,95.8897058823529,0.05843730751002033,26.145015383628284,36.56532699039691,62,1
212,det,167402.45261984394,63,0,0.0,True,ok,643.2375997593382,93.27812929848703,0.04898478779963138,21.378593804011615,31.5088573289554,62,1
212,det,208595.31772575248,63,0,0.0,True,ok,647.3076038293431,92.69163477310003,0.04160091581565878,24.807380040697986,26.928589133740303,62,1
212,det,250044.59308807133,63,0,0.0,True,ok,634.9206349206349,94.5,0.042124956687724584,21.378593803994725,26.74600424617434,62,1
212,det,290668.89632107026,63,0,0.0,True,ok,643.9454265541216,93.17559769167363,0.043942242114670925,19.872148563874184,28.296405842276254,62,1
212,det,331828.3166109253,63,0,0.0,True,ok,634.5667215232435,94.55270496374787,0.049217765015469934,26.487790597080615,31.231955786568143,62,1
212,det,372430.3232998885,63,0,0.0,True,ok,651.2006512006508,92.13750000000006,0.04441251675611774,25.56351163742363,28.921459833043684,62,1
212,det,414069.11928651057,63,0,0.0,True,ok,610.3236538019144,98.30849521600469,0.04302200526348046,20.4684452336784,26.257347446292588,62,1
212,det,453132.6644370122,63,0,0.0,True,ok,638.1058554971602,94.02828618968381,0.05276037300355672,26.788797880329504,33.66670295178383,62,1
212,det,493979.93311036786,63,0,0.0,True,ok,655.2706552706567,91.56521739130415,0.060917799314001674,27.270849523932828,39.91764627413224,62,1
212,det,535908.5841694537,63,0,0.0,True,ok,641.6449894710769,93.50965250965244,0.05144449097709438,24.88805466031982,33.009099871342634,62,1
212,det,576900.7803790412,63,0,0.0,True,ok,634.0358514271562,94.63187273234713,0.04392830766803127,21.565309958748,27.85212195405428,62,1
212,det,617502.7870680044,63,0,0.0,True,ok,627.1345401780185,95.67325056433408,0.055481300590110944,23.817980204173953,34.79423993405765,62,1
212,det,657658.8628762541,63,0,0.0,True,ok,634.7436782219391,94.52634513521048,0.05632967045793075,26.44992382917507,35.754902219496664,62,1
212,det,698216.2764771461,63,0,0.0,True,ok,653.8550016810889,91.76346414073069,0.06224489329591081,30.66183438668256,40.69913481063696,62,1
212,det,740000.0,63,0,0.0,True,ok,631.3815009467182,95.02970852017938,0.07606461001509156,31.18046456158403,48.02578764025528,62,1
212,det,780445.9308807135,63,0,0.0,True,ok,642.1758595671641,93.43235050978228,0.049842740122225525,22.161275583771307,32.007804481172954,62,1
212,det,821549.6098104793,63,0,0.0,True,ok,646.2458636371681,92.84392113910185,0.04819568186679839,23.04807450522705,31.146260051591327,62,1
212,det,862931.9955406912,63,0,0.0,True,ok,648.0154306241255,92.59038776624806,0.04909816130568756,26.374027191145586,31.816366141357904,62,1
212,det,904470.4570791527,63,0,0.0,True,ok,657.3941356550056,91.26944818304167,0.05388290823125023,28.245758932438328,35.42230788326073,62,1
212,det,946577.480490524,63,0,0.0,True,ok,674.7358921271959,88.92368214004728,0.058517792912980086,31.500272565872855,39.48405520645412,62,1
212,det,989743.5897435897,63,0,0.0,True,ok,660.9332696289223,90.7807228915662,0.06472253329989763,29.73247120407054,42.77727555256814,62,1
212,det,1032051.282051282,63,0,0.0,True,ok,637.2210720036815,94.15884476534285,0.0511715461903081,23.436189103654872,32.60758751947403,62,1
212,det,1072787.0680044594,63,0,0.0,True,ok,649.9619543097788,92.31309556221096,0.05702359398827156,26.068231031648544,37.063166590384334,62,1
212,det,1114437.0122630992,63,0,0.0,True,ok,664.4724036028372,90.29720372836235,0.03721698439047658,22.60902335240365,24.729659072789246,62,1
212,det,1156989.9665551838,63,0,0.0,True,ok,657.571092353705,91.24488697524164,0.04572456975281791,21.51878280646398,30.067155279763654,62,1
212,det,1199096.9899665553,63,0,0.0,True,ok,662.8797933145737,90.51414842498696,0.05088825471248999,25.36671493340125,33.73279576595475,62,1
212,det,1241538.4615384615,63,0,0.0,True,ok,658.4558758471782,91.12227895726983,0.03201938329645457,20.71183601252342,21.083351072553498,62,1
212,det,1283667.7814938684,63,0,0.0,True,ok,671.3737148519768,89.36900369003675,0.03882183354092382,22.116002246206442,26.0639586017351,62,1
212,det,1326644.370122631,63,0,0.0,True,ok,690.8389517085161,86.85092213114764,0.04536331636510413,26.676318176185337,31.33874592369031,62,1
212,det,1370824.9721293198,63,0,0.0,True,ok,665.0032736989263,90.22511974454493,0.04976344860759137,25.758804862855367,33.09285623459653,62,1
212,det,1413344.4816053512,63,0,0.0,True,ok,672.6124117428452,89.20441988950293,0.060570617820890835,28.103462012551454,40.740549333263544,62,1
212,det,1456387.9598662206,63,0,0.0,True,ok,712.6046256481056,84.19816240377432,0.10209739132373341,43.33926159696429,72.7550733238972,62,1
212,det,1501917.5027870678,63,0,0.0,True,ok,676.6824158128528,88.66788702928841,0.04646961803778424,27.197243857907043,31.44517339570836,62,1
212,det,1545239.6878483836,63,0,0.0,True,ok,682.875900267202,87.86369525783915,0.043090336199071405,23.98571453150751,29.425352124757293,62,1
212,det,1588985.5072463767,63,0,0.0,True,ok,698.0941763550471,85.94828897338388,0.05594345163002879,32.28593618508858,39.05379778812337,62,1
212,det,1633623.1884057971,63,0,0.0,True,ok,687.2998177346012,87.29814624098856,0.05528756392435747,27.888655331864513,37.999132608201,62,1
212,det,1677625.4180602008,63,0,0.0,True,ok,681.8141600750275,88.00051907604491,0.041552735224793476,27.086460326786487,28.331243266112576,62,1
212,det,1721259.7547380156,63,0,0.0,True,ok,662.3489232184883,90.58669516430673,0.05037057639861856,28.28122129280635,33.3628970395196,62,1
213,ref,263.8888888888889,63,0,0.0,True,ok,542.9453262786595,110.50836446321262,0.03723265772557651,30.435165239474767,20.215297497034793,62,1
213,ref,35016.666666666664,63,0,0.0,True,ok,542.9453262786599,110.50836446321254,0.03711909654814996,32.34996616123691,20.15363998650436,62,1
213,ref,69766.66666666667,63,0,0.0,True,ok,545.0176366843033,110.08818056791523,0.01929190868128682,15.646018320548517,10.514430476604335,62,1
213,ref,104655.55555555555,63,0,0.0,True,ok,543.2980599647265,110.43661743223507,0.027527713753786758,20.56427210325651,14.955753477696664,62,1
213,ref,139533.33333333334,63,0,0.0,True,ok,543.0335097001761,110.4904189671972,0.03880359743267907,36.22466293424262,21.071653702860456,62,1
213,ref,174283.33333333334,63,0,0.0,True,ok,545.8553791887123,109.91922455573511,0.04110771798468733,37.324526397642295,22.438868988114148,62,1
213,ref,209227.77777777778,63,0,0.0,True,ok,544.6649029982361,110.15947543106941,0.04814185357308609,42.7531582089271,26.221178006540224,62,1
213,ref,244122.22222222225,63,0,0.0,True,ok,544.6208112874772,110.16839378238357,0.040512845430795176,37.91667487232271,22.06413874608383,62,1
213,ref,278988.8888888889,63,0,0.0,True,ok,547.1340388007054,109.66234184865824,0.04420322089716648,42.591293938967056,24.185086777466438,62,1
213,ref,313991.6666666667,63,0,0.0,True,ok,546.8253968253969,109.72423802612481,0.06987691394844872,64.13483127782494,38.21047119879458,62,1
213,ref,348986.11111111107,63,0,0.0,True,ok,546.2081128747807,109.84824023248282,0.07490004826997636,68.46804624954214,40.911014019773766,62,1
213,ref,383955.55555555556,63,0,0.0,True,ok,547.6631393298056,109.55639642540865,0.0409652750888996,37.34286072748029,22.435171158695837,62,1
213,ref,418997.2222222222,63,0,0.0,True,ok,545.9876543209881,109.89259468626334,0.03674167871983825,32.741915865736686,20.06050298005985,62,1
213,ref,453927.7777777778,63,0,0.0,True,ok,549.7795414462074,109.13465394177574,0.04170672037779475,37.8608353242751,22.929501604529193,62,1
213,ref,489094.44444444444,63,0,0.0,True,ok,546.7813051146379,109.73308604144837,0.05892964603473172,58.372789182339886,32.221628768814256,62,1
213,ref,524100.0,63,0,0.0,True,ok,547.8835978835973,109.51231289232267,0.04727867353394663,44.441644177045156,25.90320975894269,62,1
213,ref,559150.0,63,0,0.0,True,ok,548.5890652557322,109.37148368429507,0.054481436696641655,52.886136641118824,29.88792043119999,62,1
213,ref,594280.5555555556,63,0,0.0,True,ok,549.3386243386232,109.22224897664363,0.048854473901919854,48.49255897132021,26.83764948606782,62,1
213,ref,629427.7777777778,63,0,0.0,True,ok,551.7195767195774,108.7508990649723,0.06720516149229432,63.29984022883439,37.07840325189946,62,1
213,ref,664747.2222222222,63,0,0.0,True,ok,551.7195767195774,108.7508990649723,0.02180451557809113,18.187756985940077,12.02997810531987,62,1
213,ref,700055.5555555555,63,0,0.0,True,ok,552.6895943562619,108.56003191065001,0.023172218268703058,17.614194748309593,12.807043915264254,62,1
213,ref,735416.6666666666,63,0,0.0,True,ok,553.5273368606706,108.39573044447977,0.02184102166277594,18.543516580404283,12.089602555312583,62,1
213,ref,770858.3333333334,63,0,0.0,True,ok,552.4691358024683,108.60335195530743,0.057078567185034026,54.69426445905114,31.534146685558873,62,1
213,ref,806213.8888888889,63,0,0.0,True,ok,552.8218694885358,108.53405646833633,0.044555676513305935,40.68894692949255,24.63135238641223,62,1
213,ref,841591.6666666667,63,0,0.0,True,ok,555.2469135802461,108.0600333518623,0.05273137259083601,51.17593676118074,29.278931879911678,62,1
213,ref,877144.4444444444,63,0,0.0,True,ok,552.7777777777778,108.54271356783919,0.09978671993885652,83.37737784676224,55.15988129953458,62,1
213,ref,912525.0,63,0,0.0,True,ok,557.1869488536151,107.68378570863345,0.07262457602835144,69.66184608290357,40.46546592902454,62,1
213,ref,948175.0,63,0,0.0,True,ok,553.5714285714286,108.38709677419355,0.02338776678646683,17.090635004557384,12.946799471079851,62,1
213,ref,983616.6666666666,63,0,0.0,True,ok,550.661375661375,108.95988469853484,0.04416930088111208,40.22908315910461,24.322327985194363,62,1
213,ref,1018852.7777777778,63,0,0.0,True,ok,560.0529100529125,107.13273500236137,0.052914934050913624,51.000542707242545,29.635162800472123,62,1
213,ref,1054655.5555555555,63,0,0.0,True,ok,558.2451499118174,107.47966195403191,0.11210847091652988,96.01075727099533,62.584010153182845,62,1
213,ref,1090388.888888889,63,0,0.0,True,ok,557.9805996472659,107.53062030817867,0.04464795257121715,44.057737452037685,24.912691348710432,62,1
213,ref,1126011.1111111112,63,0,0.0,True,ok,561.3315696649009,106.88869688162792,0.04202089011151766,33.8575123565455,23.587652205014525,62,1
213,ref,1161930.5555555557,63,0,0.0,True,ok,559.1710758377384,107.30168743100536,0.0635523421479995,59.02790955072203,35.53663153090493,62,1
213,ref,1197700.0,63,0,0.0,True,ok,562.3897707231032,106.68757350058817,0.024899706503450504,20.959890390354424,14.00334023154809,62,1
213,ref,1233697.2222222222,63,0,0.0,True,ok,564.9470899470875,106.2046359166476,0.023948544593032597,19.079394578724553,13.529660576301824,62,1
213,ref,1269877.7777777778,63,0,0.0,True,ok,566.0934744268094,105.98956305008147,0.02491408992992738,21.140212916437502,14.103703730614574,62,1
213,ref,1306122.2222222222,63,0,0.0,True,ok,566.2257495590833,105.96480299018837,0.03127864050607957,25.892569000189937,17.71077166574401,62,1
213,ref,1342330.5555555555,63,0,0.0,True,ok,564.0211640211628,106.37898686679198,0.05328934456755649,47.38271272891448,30.05631815291804,62,1
213,ref,1378422.2222222222,63,0,0.0,True,ok,564.1534391534403,106.3540445486516,0.04535824619088171,44.07609454928448,25.58901058255435,62,1
213,ref,1414480.5555555555,63,0,0.0,True,ok,563.8888888888889,106.4039408866995,0.06885760325075693,65.87700636890096,38.828037388621276,62,1
213,ref,1450577.7777777778,63,0,0.0,True,ok,566.2698412698413,105.95655220742816,0.05266981758682005,49.937735025969126,29.825329244600088,62,1
213,ref,1486819.4444444443,63,0,0.0,True,ok,565.8289241622616,106.03911789916545,0.10026704731514786,87.01971789351619,56.733995511256694,62,1
213,ref,1523041.6666666667,63,0,0.0,True,ok,568.8271604938255,105.48019533369536,0.028154551818403456,21.536808719723087,16.01507376583871,62,1
213,ref,1559466.6666666667,63,0,0.0,True,ok,564.5061728395041,106.28758884636453,0.07098110837786031,50.311405811813295,40.069273834291984,62,1
213,ref,1595600.0,63,0,0.0,True,ok,568.7389770723133,105.49655012016382,0.08383655203915234,75.46896392633317,47.681114848017266,62,1
213,ref,1631980.5555555555,63,0,0.0,True,ok,564.9029982363295,106.21292538245434,0.06629814149898376,62.87571261589356,37.45201891027234,62,1
213,ref,1668147.222222222,63,0,0.0,True,ok,567.7689594356306,105.67678807175501,0.05309132249893693,50.585234897521964,30.1436049302829,62,1
213,ref,1704461.1111111112,63,0,0.0,True,ok,567.4162257495558,105.74248193332876,0.050250074620022914,46.95528601664705,28.512707684526944,62,1
213,ref,1740777.7777777778,63,0,0.0,True,ok,568.9153439153451,105.46384561729808,0.052152816163019027,47.699464867274656,29.67053734353774,62,1
213,det,702.3411371237457,63,0,0.0,True,ok,544.672718585762,110.15789473684211,0.029145291631086787,19.9727676808885,15.874645226678899,62,1
213,det,35574.13600891861,63,0,0.0,True,ok,542.726194900108,110.55298337137266,0.03741072491281412,32.809442814689476,20.303780380386282,62,1
213,det,70289.85507246376,63,0,0.0,True,ok,545.5575020792413,109.9792409990269,0.019025863742580827,15.50966206555597,10.379702698302403,62,1
213,det,105195.09476031215,63,0,0.0,True,ok,545.0266319831537,110.08636363636364,0.0277631852425487,23.436189103652975,15.131675345870715,62,1
213,det,140066.88963210702,63,0,0.0,True,ok,543.0801082974996,110.48093841642229,0.028660514196729773,27.380887023463014,15.56495515382203,62,1
213,det,174827.20178372352,63,0,0.0,True,ok,546.0883721753286,109.87232663642259,0.030565491567797923,26.60106748138795,16.6914595349975,62,1
213,det,209754.73801560758,63,0,0.0,True,ok,545.5575020792409,109.979240999027,0.04611477887904709,40.14576486378095,25.158263574189466,62,1
213,det,244659.97770345595,63,0,0.0,True,ok,544.8496752844584,110.12211757063972,0.032970576743489285,31.308779772711347,17.96400803263145,62,1
213,det,279542.92084726866,63,0,0.0,True,ok,546.7961989701125,109.73009708737854,0.0422985657063499,39.41509371162237,23.128694950119677,62,1
213,det,314537.3467112598,63,0,0.0,True,ok,546.7961989701116,109.73009708737872,0.061757233524439896,56.42050398656343,33.76862055007329,62,1
213,det,349520.624303233,63,0,0.0,True,ok,546.6192422714158,109.76561994172879,0.07700826379907832,70.91890850506374,42.094198806489494,62,1
213,det,384492.75362318836,63,0,0.0,True,ok,547.6809824635912,109.55282714054925,0.04111787745555153,38.0434864939833,22.51947952167401,62,1
213,det,419542.92084726866,63,0,0.0,True,ok,545.7344587779371,109.94357976653696,0.03907568179577104,34.997120860609265,21.324946056193998,62,1
213,det,454481.6053511706,63,0,0.0,True,ok,549.4505494505487,109.20000000000014,0.0403217608036312,36.838848490355055,22.15481362836876,62,1
213,det,489643.2552954292,63,0,0.0,True,ok,546.9731556688073,109.694597217729,0.04826994356287335,47.8459039571118,26.402363354540068,62,1
213,det,524648.8294314381,63,0,0.0,True,ok,547.6809824635903,109.55282714054944,0.04029702672960303,37.64622374742603,22.06991518963055,62,1
213,det,559698.9966555184,63,0,0.0,True,ok,548.9196793544605,109.30560928433297,0.040898767928746735,38.462711123076545,22.45013857744015,62,1
213,det,594804.9052396879,63,0,0.0,True,ok,549.6275061492435,109.16484224082457,0.03831813520265596,36.81163101458215,21.06070109172533,62,1
213,det,630000.0,63,0,0.0,True,ok,551.5740298348985,108.77959576515899,0.06642823049492823,63.15943704900167,36.64008678888906,62,1
213,det,665295.4292084727,63,0,0.0,True,ok,551.7509865335943,108.74470814624777,0.02262599618276557,19.720257303361237,12.483915715146242,62,1
213,det,700635.4515050167,63,0,0.0,True,ok,552.1048999309876,108.67499999999987,0.02289592480730305,17.96489363534547,12.640952274563466,62,1
213,det,735953.1772575252,63,0,0.0,True,ok,554.051423616639,108.29319706164205,0.024413232362121878,21.472154836610503,13.526186145317428,62,1
213,det,771415.8305462652,63,0,0.0,True,ok,552.2818566296834,108.64017942966984,0.03397629308173283,31.973987456971408,18.764490224573677,62,1
213,det,806755.8528428093,63,0,0.0,True,ok,552.9896834244681,108.50111999999959,0.03925562873139108,36.09677401352465,21.70795770480041,62,1
213,det,842151.6164994425,63,0,0.0,True,ok,555.4670772062086,108.01720293086952,0.057735863207444366,57.23184390500632,32.0703711858166,62,1
213,det,877703.4559643255,63,0,0.0,True,ok,561.4836049618676,106.85975417585847,0.1604850130819879,139.04738579903656,90.10970368762705,62,1
213,det,913645.4849498328,63,0,0.0,True,ok,557.0596874944684,107.7083862770016,0.07496417390284361,71.70598351367583,41.75951928759905,62,1
213,det,949286.5105908584,63,0,0.0,True,ok,553.874466917945,108.32779552715658,0.02577245286705606,19.972767680888683,14.274703592908539,62,1
213,det,984726.867335563,63,0,0.0,True,ok,550.6892463414198,108.95437017994868,0.04621252800338675,42.920964028781555,25.448742217716806,62,1
213,det,1020011.1482720177,63,0,0.0,True,ok,559.8909946736022,107.16371681415951,0.05591306675933227,49.168319624993785,31.30522256313407,62,1
213,det,1055908.5841694537,63,0,0.0,True,ok,556.5288173983812,107.81112877583493,0.11682115155303435,101.10071294921359,65.01433732092727,62,1
213,det,1091471.5719063545,63,0,0.0,True,ok,558.8292544814277,107.36732108929715,0.03883755153248698,35.762020810423046,21.70355996878373,62,1
213,det,1127246.3768115942,63,0,0.0,True,ok,559.5370812762108,107.23149905123358,0.032573379095084135,29.529516809976933,18.226013466166915,62,1
213,det,1162920.8472686731,63,0,0.0,True,ok,560.9527348657804,106.96088328075672,0.04498424282872609,33.891362071005624,25.234034040640267,62,1
213,det,1198807.1348940914,63,0,0.0,True,ok,562.8992585514318,106.59100911663012,0.02461168949383261,20.072882431931273,13.853901767776438,62,1
213,det,1234816.0535117057,63,0,0.0,True,ok,565.553609031866,106.09073842302952,0.02558082778201469,21.425425390920324,14.467329474141032,62,1
213,det,1271014.4927536233,63,0,0.0,True,ok,566.7923059227381,105.85888229784625,0.02648472406445053,21.70429298668486,15.01133782421735,62,1
213,det,1307279.8216276476,63,0,0.0,True,ok,566.0844791279588,105.99124726476997,0.03597485467486025,31.690608271067777,20.36480687032228,62,1
213,det,1343500.5574136009,63,0,0.0,True,ok,563.0762152501293,106.55751099937127,0.03295246330253597,28.352012946215865,18.55474831956073,62,1
213,det,1379554.0691192865,63,0,0.0,True,ok,572.8088336784008,104.74698795180689,0.12186576630996036,96.88884775121855,69.80578746533294,62,1
213,det,1416209.5875139353,63,0,0.0,True,ok,572.4549202810093,104.81174652241074,0.12771042437171834,104.82894807418812,73.10846080276589,62,1
213,det,1452831.6610925305,63,0,0.0,True,ok,566.7923059227455,105.85888229784487,0.054865220834095826,51.75054660178276,31.09718503151783,62,1
213,det,1488918.6176142697,63,0,0.0,True,ok,569.0927430057883,105.4309701492534,0.07524979241970714,65.96926174042393,42.82411077874731,62,1
213,det,1525340.022296544,63,0,0.0,True,ok,569.0927430057883,105.4309701492534,0.02994322833803324,23.30753567556082,17.040473949339987,62,1
213,det,1561739.1304347825,63,0,0.0,True,ok,564.8457822370867,106.22368421052629,0.07238771158235158,51.12702327482843,40.887893573086,62,1
213,det,1597904.1248606467,63,0,0.0,True,ok,568.3849162110016,105.56226650062295,0.09067227362254167,86.11005722892594,51.53675264560936,62,1
213,det,1634269.7881828316,63,0,0.0,True,ok,564.4918688396916,106.29028213166207,0.06338252818611345,59.2285003489073,35.77892178756361,62,1
213,det,1670412.4860646601,63,0,0.0,True,ok,567.677089416215,105.69389027431511,0.05968115520044239,56.224753343205286,33.87962447718454,62,1
213,det,1706755.8528428094,63,0,0.0,True,ok,566.9692626214357,105.82584269662937,0.03650639714227033,34.127130910575936,20.6980050687183,62,1
213,det,1742998.885172798,63,0,0.0,True,ok,569.8005698005713,105.29999999999971,0.05260602962887272,47.36164251943474,29.974945657477416,62,1
214,ref,161.11111111111111,63,0,0.0,True,ok,794.84126984127,75.48676984523213,0.12451419360226018,162.42933395931288,98.96901975608222,62,1
214,ref,51083.333333333336,63,0,0.0,True,ok,771.0317460317459,77.81780751415339,0.17124814516400658,211.71038316554785,132.03775637050188,62,1
214,ref,100475.0,63,0,0.0,True,ok,782.8483245149911,76.6431990988454,0.2390209519271421,323.4602267967323,187.11715174014142,62,1
214,ref,150516.6666666667,63,0,0.0,True,ok,790.6966490299822,75.88245134667933,0.24725231913923557,314.8200417726093,195.50158020828528,62,1
214,ref,201080.55555555556,63,0,0.0,True,ok,766.6225749559078,78.26537067924316,0.22780829947268375,270.8228791291749,174.64298513807537,62,1
214,ref,250169.44444444444,63,0,0.0,True,ok,798.1040564373899,75.17816695210209,0.27500182417221847,355.28961408482064,219.48007139952944,62,1
214,ref,301241.6666666667,63,0,0.0,True,ok,813.5802469135795,73.7481031866465,0.2923825335640905,335.77251228765647,237.8766538502907,62,1
214,ref,352986.11111111107,63,0,0.0,True,ok,816.7989417989425,73.45748987854245,0.22695473092724727,302.12661392254387,185.37638405763929,62,1
214,ref,405322.2222222222,63,0,0.0,True,ok,806.6137566137578,74.38504427681195,0.21285621990563952,281.6680982339426,171.69275515669202,62,1
214,ref,456933.3333333333,63,0,0.0,True,ok,796.9576719576717,75.28630705394194,0.2322647219751524,312.2530884371724,185.10515210321333,62,1
214,ref,507900.0,63,0,0.0,True,ok,756.6578483245158,79.2960783171143,0.19993858493486513,250.38575376204568,151.2850994738635,62,1
214,ref,556316.6666666667,63,0,0.0,True,ok,754.7178130511468,79.49991236782142,0.15885436503795805,187.69222192524995,119.89021897507625,62,1
214,ref,604700.0,63,0,0.0,True,ok,806.3051146384483,74.41351779952969,0.2512664022085066,337.0988404545006,202.59738523752037,62,1
214,ref,656602.7777777778,63,0,0.0,True,ok,818.1216931216925,73.33872271624905,0.24803084406503154,338.01704940278296,202.9194140928861,62,1
214,ref,708891.6666666666,63,0,0.0,True,ok,815.4320987654326,73.58062074186219,0.18487187441639885,244.393017561987,150.7504605580636,62,1
214,ref,761141.6666666666,63,0,0.0,True,ok,810.493827160494,74.02894135567401,0.27021007476846415,367.06695864738407,219.00359763641575,62,1
214,ref,812977.7777777778,63,0,0.0,True,ok,786.5520282186964,76.28230281966464,0.26339022238364906,329.3631168239889,207.17011362883264,62,1
214,ref,863825.0,63,0,0.0,True,ok,826.1463844797182,72.62635427229542,0.2539234347915177,353.7478196574268,209.77792758768382,62,1
214,ref,916688.8888888889,63,0,0.0,True,ok,817.0194003527341,73.43766864543979,0.21867471257790602,287.91450648171553,178.66148254270726,62,1
214,ref,968977.7777777778,63,0,0.0,True,ok,816.446208112875,73.48922611654154,0.24517077487905248,326.6003471191582,200.1687494900977,62,1
214,ref,1021150.0,63,0,0.0,True,ok,824.911816578484,72.73504730343677,0.21485933922032976,294.4791012267615,177.24000782509495,62,1
214,ref,1073802.7777777778,63,0,0.0,True,ok,778.0864197530873,77.11225704085672,0.22201406986319153,287.5009739736938,172.74613275466248,62,1
214,ref,1123613.8888888888,63,0,0.0,True,ok,809.3033509700197,74.137837101607,0.19517200393983677,246.18884141892585,157.95335680404378,62,1
214,ref,1175322.2222222222,63,0,0.0,True,ok,799.0740740740716,75.08690614136755,0.24473728288659488,309.0388776146655,195.56321771400994,62,1
214,ref,1226538.8888888888,63,0,0.0,True,ok,782.848324514992,76.64319909884532,0.2766889841870391,363.0712585010431,216.60550768257866,62,1
214,ref,1276655.5555555555,63,0,0.0,True,ok,799.1181657848333,75.08276318693437,0.17924641291112187,226.93397557717017,143.23906470904657,62,1
214,ref,1327852.777777778,63,0,0.0,True,ok,879.0564373897662,68.2550032602702,0.15719529538607466,218.0568397104215,138.18353633651475,62,1
214,ref,1384044.4444444445,63,0,0.0,True,ok,781.9223985890673,76.73395737002349,0.18572538879772763,229.91473970768226,145.22284148760627,62,1
214,ref,1434044.4444444445,63,0,0.0,True,ok,812.1252204585518,73.88023236874984,0.23815310212534294,326.34398760765146,193.41014056643212,62,1
214,ref,1486058.3333333335,63,0,0.0,True,ok,802.6014109347423,74.75690820194492,0.2477043333025606,336.8283026349877,198.8078474032848,62,1
214,ref,1537436.1111111112,63,0,0.0,True,ok,772.530864197528,77.66679984019206,0.20102058841144263,242.06595778252264,155.29460888698736,62,1
214,ref,1586844.4444444445,63,0,0.0,True,ok,836.9047619047582,71.69274537695622,0.22758521441501717,311.88918800017086,190.4671496830433,62,1
214,ref,1640422.2222222222,63,0,0.0,True,ok,801.0141093474443,74.9050476138051,0.1675454630985231,202.66727484504136,134.2062798990686,62,1
214,ref,1691597.2222222222,63,0,0.0,True,ok,750.6172839506189,79.93421052631561,0.22015272143673328,263.09491952262,165.25043781917793,62,1
214,ref,1739950.0,63,0,0.0,True,ok,774.2945326278651,77.48989237514957,0.18066849033047755,233.5111436344865,139.8906242810191,62,1
214,det,958.7513935340022,63,0,0.0,True,ok,795.5973173364476,75.41503558718863,0.1299778837527017,170.31817071828644,103.4100556267181,62,1
214,det,51928.65105908584,63,0,0.0,True,ok,770.6464228203357,77.85671641791046,0.17327229754896012,214.46466241479433,133.53167627996694,62,1
214,det,101259.7547380156,63,0,0.0,True,ok,781.794694838173,76.74649162516977,0.24095849010302894,325.05602507504506,188.38006923876443,62,1
214,det,151215.16164994426,63,0,0.0,True,ok,791.5273132664433,75.80281690140849,0.2503461138604853,320.05632314398184,198.15578689068502,62,1
214,det,201839.46488294314,63,0,0.0,True,ok,767.107288846419,78.21591695501733,0.23264103079312287,277.0295125928527,178.46063040614877,62,1
214,det,250936.45484949832,63,0,0.0,True,ok,798.6055812142769,75.13095501883448,0.27098171520235237,350.514931323639,216.40751016761627,62,1
214,det,301995.54069119284,63,0,0.0,True,ok,824.7951726212594,72.745333619395,0.28183910641833104,329.40540864310844,232.45953442972885,62,1
214,det,354682.2742474917,63,0,0.0,True,ok,817.5399479747302,73.39090909090912,0.22606718389502597,302.0205537930203,184.8189537603333,62,1
214,det,407023.4113712374,63,0,0.0,True,ok,805.6838491621098,74.47089830880739,0.21717052439381887,287.5707726762866,174.97078401816586,62,1
214,det,458205.1282051282,63,0,0.0,True,ok,812.7621171099433,73.8223383409536,0.2399502283775151,308.0402664245501,195.02245561712357,62,1
214,det,510100.33444816055,63,0,0.0,True,ok,755.2511900337995,79.44376757263348,0.20449967213677916,255.54492243117548,154.4486207428243,62,1
214,det,558149.386845039,63,0,0.0,True,ok,762.5064146803278,78.6878626131353,0.15156736614463143,180.98298143096352,115.57108894148341,62,1
214,det,606967.6700111482,63,0,0.0,True,ok,813.4699439047281,73.75810311072424,0.2553353081655952,351.3289376383594,207.70759881036318,62,1
214,det,658996.6555183947,63,0,0.0,True,ok,816.4782077825558,73.48634590377111,0.25062846518043497,340.592202501927,204.63268006981426,62,1
214,det,710836.1204013377,63,0,0.0,True,ok,817.716904673426,73.37502705042202,0.19140354639364063,236.01540853602572,156.51391550052432,62,1
214,det,763545.1505016722,63,0,0.0,True,ok,809.9308099308096,74.08040201005028,0.25652479419625696,349.7563485376822,207.76733433070862,62,1
214,det,815306.5774804906,63,0,0.0,True,ok,782.5025216329562,76.67706919945728,0.28830679173462315,357.21359033985726,225.60079153625014,62,1
214,det,865440.3567447045,63,0,0.0,True,ok,826.0338695121316,72.63624678663228,0.25659525888938517,357.42396762721387,211.956374598866,62,1
214,det,918238.5730211816,63,0,0.0,True,ok,818.955601564298,73.26404494382015,0.22101710786124248,296.8692743792241,181.0031985245052,62,1
214,det,970713.4894091415,63,0,0.0,True,ok,813.1160305073366,73.79020674646338,0.24703401728374386,330.6263214893479,200.8673195340386,62,1
214,det,1022731.3266443701,63,0,0.0,True,ok,821.6099520447324,73.02735300452314,0.21978768589773529,297.189840311233,180.579750070461,62,1
214,det,1075228.5395763656,63,0,0.0,True,ok,781.2638247420879,76.79864099660227,0.2207401011946414,288.80889845918404,172.45625573328107,62,1
214,det,1124972.1293199554,63,0,0.0,True,ok,809.9308099308096,74.08040201005028,0.19905455381817871,240.74556222168408,161.2204159943734,62,1
214,det,1176666.6666666667,63,0,0.0,True,ok,805.3299357647165,74.50362557679648,0.24270013591250011,311.28346413537764,195.4536848645017,62,1
214,det,1228361.204013378,63,0,0.0,True,ok,778.4325175629522,77.07797226642421,0.2793602743671133,368.24697913509965,217.46312168266905,62,1
214,det,1278093.6454849497,63,0,0.0,True,ok,804.268195572542,74.60198019801993,0.1795063254560426,228.79161113061096,144.37122846838884,62,1
214,det,1329353.4002229653,63,0,0.0,True,ok,881.0674028065358,68.09921671018257,0.15236348254120816,193.13006693965056,134.24249784514123,62,1
214,det,1385629.8773690078,63,0,0.0,True,ok,780.2020845499096,76.90315264232262,0.18204049162309371,224.2295234672003,142.02837103682808,62,1
214,det,1435228.5395763656,63,0,0.0,True,ok,820.1942984551664,73.15339805825258,0.23043150311784874,320.6163904580616,188.99860504171343,62,1
214,det,1487647.7146042364,63,0,0.0,True,ok,803.737325476453,74.65125495376513,0.24751918208682316,337.54158513526835,198.94040541458241,62,1
214,det,1539208.4726867336,63,0,0.0,True,ok,764.2759816672816,78.50567260940078,0.20774237422641553,246.84655692239227,158.7725069957855,62,1
214,det,1588383.5005574136,63,0,0.0,True,ok,853.6391145086789,70.28731343283589,0.2413192534938258,324.52524039386964,205.99955386636486,62,1
214,det,1642619.8439241915,63,0,0.0,True,ok,795.4203606377548,75.43181312569494,0.17041681949097492,167.7745940083765,135.55300801825044,62,1
214,det,1693612.0401337792,63,0,0.0,True,ok,759.8520641998934,78.96273870516967,0.21893897984858096,270.42019836890313,166.36123577176312,62,1
214,det,1741861.7614269787,63,0,0.0,True,ok,780.7329546459988,76.85086128739793,0.1690119942268473,201.62063574541935,131.95323362333897,62,1
215,ref,344.44444444444446,63,0,0.0,True,ok,534.5679012345679,112.24018475750577,0.13295538286474784,111.50412125187552,71.07367997584669,62,1
215,ref,34544.444444444445,63,0,0.0,True,ok,527.7777777777779,113.68421052631575,0.11149626946150638,95.02640644129578,58.84525332690617,62,1
215,ref,68336.11111111111,63,0,0.0,True,ok,531.0846560846562,112.97633872976336,0.13174417456517232,107.49028648473299,69.96730964010145,62,1
215,ref,102300.0,63,0,0.0,True,ok,530.599647266314,113.07960777796242,0.054474406549783624,38.4803166180467,28.90410090035698,62,1
215,ref,136250.0,63,0,0.0,True,ok,525.5291005291002,114.17065190032727,0.09558099468878868,77.46593269814859,50.23059416647582,62,1
215,ref,169911.1111111111,63,0,0.0,True,ok,518.6507936507936,115.6847742922724,0.15719890355145985,107.58807622482426,81.53133608799921,62,1
215,ref,203175.0,63,0,0.0,True,ok,524.8236331569663,114.32411996975557,0.05013856729509431,27.916321169778655,26.313905049096444,62,1
215,ref,236791.66666666666,63,0,0.0,True,ok,526.1022927689598,114.0462621521957,0.05164143808104996,27.29645718897109,27.16867897632666,62,1
215,ref,270452.7777777778,63,0,0.0,True,ok,537.9629629629624,111.5318416523237,0.06637187131378412,49.472023237738455,35.70560854935975,62,1
215,ref,304841.6666666666,63,0,0.0,True,ok,526.7195767195774,113.91260673028614,0.10451516745407871,78.91513521694591,55.05018476218809,62,1
215,ref,338552.7777777778,63,0,0.0,True,ok,534.0828924162253,112.34211178073154,0.06732363932995224,45.700769517908114,35.956404021327636,62,1
215,ref,372727.77777777775,63,0,0.0,True,ok,536.7724867724871,111.77920157713152,0.07258477736180653,58.23724805424671,38.96151144632422,62,1
215,ref,407061.1111111111,63,0,0.0,True,ok,529.6296296296299,113.28671328671322,0.1025986494975746,71.23585468869409,54.339284733900655,62,1
215,ref,441172.2222222222,63,0,0.0,True,ok,533.2451499118165,112.51860426657849,0.05081575814832381,27.824781021050367,27.097256571685538,62,1
215,ref,475294.44444444444,63,1,0.015873015873015872,True,ok,534.4534050179204,112.26423002766383,0.1417149869628624,105.31771450069972,75.740057324372,60,2
215,ref,509216.6666666666,63,0,0.0,True,ok,537.1693121693115,111.69662644668814,0.10419736011929598,82.18973372480465,55.97162426514027,62,1
215,ref,543611.1111111111,63,0,0.0,True,ok,529.9823633156965,113.21131447587358,0.1208066781310527,101.33210222951378,64.02540878021398,62,1
215,ref,577525.0,63,0,0.0,True,ok,532.275132275131,112.72365805169014,0.0755529163295438,59.1248148208129,40.21493853307984,62,1
215,ref,611563.8888888889,63,0,0.0,True,ok,540.6084656084662,110.98605333985796,0.07065380389545343,55.501766074908474,38.196044513322555,62,1
215,ref,646044.4444444445,63,0,0.0,True,ok,542.5044091710736,110.59817945383661,0.10419310370933588,85.72145624365835,56.52521816753365,62,1
215,ref,680788.8888888889,63,0,0.0,True,ok,533.2892416225735,112.50930136420038,0.06069720280933689,43.875162319704195,32.36916525480281,62,1
215,ref,714930.5555555555,63,0,0.0,True,ok,535.7142857142857,112.00000000000001,0.10087970947559392,86.17179039092112,54.04270150478246,62,1
215,ref,749180.5555555555,63,0,0.0,True,ok,542.3721340388015,110.62515242663181,0.06342976390899632,41.80979003072841,34.402536412899686,62,1
215,ref,783869.4444444444,63,0,0.0,True,ok,537.6102292768986,111.60501927335301,0.05505663813628679,30.932024237941793,29.599011851664383,62,1
215,ref,818300.0,63,0,0.0,True,ok,536.2433862433869,111.88949185989132,0.0578732831418772,38.815214390512864,31.03416532502255,62,1
215,ref,852611.1111111111,63,0,0.0,True,ok,538.8888888888889,111.340206185567,0.07411610005728636,54.42052909022279,39.940342808648765,62,1
215,ref,886969.4444444444,63,0,0.0,True,ok,546.1199294532638,109.8659777167768,0.09915001554627781,81.65346856507915,54.14779949542325,62,1
215,ref,921933.3333333333,63,0,0.0,True,ok,534.6560846560852,112.22167243938632,0.047377436895640446,20.61564886431271,25.330634911663875,62,1
215,ref,956161.1111111111,63,0,0.0,True,ok,526.9400352733691,113.86494853987104,0.10886744652467546,89.93282594244057,57.366616111834105,62,1
215,ref,989861.1111111111,63,0,0.0,True,ok,538.227513227512,111.47702138117499,0.09425057854860186,76.31594758001027,50.72825451246826,62,1
215,ref,1024308.3333333334,63,0,0.0,True,ok,537.3456790123435,111.65996553704814,0.07691532147595742,64.94471962318015,41.33011564495102,62,1
215,ref,1058722.2222222222,63,0,0.0,True,ok,543.4744268077618,110.40077884147297,0.08071603762845424,63.89668021680809,43.8671022843179,62,1
215,ref,1093552.7777777778,63,0,0.0,True,ok,546.5167548500874,109.78620411456248,0.09080263002721924,76.66819254617138,49.62515869432896,62,1
215,ref,1128513.888888889,63,0,0.0,True,ok,540.7407407407383,110.95890410958955,0.05716584359503835,34.4225418858387,30.91190061065023,62,1
215,ref,1163091.6666666667,63,0,0.0,True,ok,540.2998236331549,111.04945323975886,0.08312945513739764,66.24155078626065,44.914829949456205,62,1
215,ref,1197658.3333333333,63,0,0.0,True,ok,535.5820105820118,112.02766115090121,0.10643718150132711,70.60323509624034,57.00583966916329,62,1
215,ref,1231750.0,63,0,0.0,True,ok,546.075837742504,109.87484860718621,0.10468235336594547,83.02061995261056,57.1645038111655,62,1
215,ref,1266700.0,63,0,0.0,True,ok,543.1657848324523,110.46351164867261,0.09433344901070022,78.28575158249753,51.23870186784911,62,1
215,ref,1301427.7777777778,63,1,0.015873015873015872,True,ok,545.8781362007177,109.91464215364395,0.12045355771445021,69.91323252650417,65.75296358390966,60,2
215,ref,1336086.1111111112,63,0,0.0,True,ok,550.3527336860674,109.02099022592526,0.15365245306350822,99.46341502237165,84.56304758107191,62,1
215,ref,1371311.1111111112,63,0,0.0,True,ok,538.3156966490279,111.45875993119873,0.06578980938176959,51.48869026315216,35.41568706975405,62,1
215,ref,1405825.0,63,0,0.0,True,ok,539.1534391534403,111.28557409224706,0.10131892601506025,84.22314664562948,54.62644741235271,62,1
215,ref,1440330.5555555555,63,1,0.015873015873015872,True,ok,541.1738351254476,110.87010514115417,0.11784750014996277,79.70496006163938,63.77598361610211,60,2
215,ref,1474822.2222222222,63,0,0.0,True,ok,532.6719576719564,112.63968214551802,0.12300495115601628,103.32786531182114,65.52128813561858,62,1
215,ref,1508938.8888888888,63,0,0.0,True,ok,535.40564373898,112.06456394630591,0.08478554500153122,68.47077270233082,45.394659301305076,62,1
215,ref,1543191.6666666665,63,0,0.0,True,ok,543.9153439153451,110.31128404669235,0.10551848884019806,83.12548751515898,57.39312514694384,62,1
215,ref,1577983.3333333333,63,0,0.0,True,ok,545.7231040564366,109.94586733457236,0.1423928383526237,113.24452736841401,77.70706174120022,62,1
215,ref,1612866.6666666665,63,0,0.0,True,ok,541.5784832451508,110.78726695432694,0.1053880495942355,92.44268031472348,57.07590005141079,62,1
215,ref,1647547.2222222222,63,0,0.0,True,ok,542.1957671957659,110.66113686264968,0.1229597698533913,110.40771981968024,66.6682667498743,62,1
215,ref,1682416.6666666667,63,0,0.0,True,ok,537.5220458553771,111.623328685096,0.06979620342647502,39.509575688561966,37.51699805873694,62,1
215,ref,1716888.888888889,63,0,0.0,True,ok,541.4021164021152,110.823356950892,0.07774947845757335,47.92202323180175,42.093732186090875,62,1
215,ref,1751505.5555555555,63,0,0.0,True,ok,546.031746031746,109.88372093023256,0.11477890775141769,89.35459879029348,62.67292740712331,62,1
215,det,345.5964325529543,63,0,0.0,True,ok,534.5861867600998,112.23634558093346,0.1312755757600608,108.80740018844824,70.1781094603075,62,1
215,det,34548.49498327759,63,0,0.0,True,ok,536.355753747058,111.86605080831411,0.14669423282284735,117.93123863211228,78.6802958160447,62,1
215,det,68896.3210702341,63,0,0.0,True,ok,530.3392259914002,113.13513513513507,0.13266494951298363,108.02157665694747,70.35742664090392,62,1
215,det,102831.66109253064,63,0,0.0,True,ok,530.5161826900961,113.09739826551026,0.054906244396445564,39.10875414223533,29.12865118305178,62,1
215,det,136767.0011148272,63,0,0.0,True,ok,526.0922652226998,114.04843592330984,0.09835729603408946,79.865975365401,51.74501267175379,62,1
215,det,170468.22742474917,63,0,0.0,True,ok,519.1909539735625,115.56441717791415,0.15843424415053217,110.92390603195967,82.25762636259512,62,1
215,det,203667.78149386845,63,0,0.0,True,ok,525.7383518253083,114.12521036687984,0.05112603287306565,29.934049588551915,26.878916258052065,62,1
215,det,237335.5629877369,63,0,0.0,True,ok,525.7383518253077,114.12521036687997,0.05169033519103884,27.30757795743657,27.175591628634464,62,1
215,det,270992.1962095875,63,0,0.0,True,ok,537.4174939392334,111.64504445176154,0.06645640328232755,49.47314783719955,35.714833708203514,62,1
215,det,305351.1705685619,63,0,0.0,True,ok,526.977048716179,113.85695097380797,0.10281388129077682,76.65131704477072,54.18055572966913,62,1
215,det,339119.2865105908,63,0,0.0,True,ok,533.5244465679252,112.45970149253723,0.06826414318759827,47.55172345399771,36.42058921459697,62,1
215,det,373255.29542920843,63,0,0.0,True,ok,536.7096671444505,111.79228486646869,0.07096690530556984,57.003722815972985,38.08862412482413,62,1
215,det,407558.5284280936,63,0,0.0,True,ok,533.5244465679252,112.45970149253723,0.11388552197236652,82.1060474465386,60.760710082406135,62,1
215,det,441716.8338907469,63,0,0.0,True,ok,532.993576471838,112.57171314741022,0.04995926464659675,26.183323119024532,26.627967141892658,62,1
215,det,475830.5462653288,63,0,0.0,True,ok,538.1253207340174,111.49819138441282,0.1928829283472381,165.57366355080387,103.795187680974,62,1
215,det,510267.5585284281,63,0,0.0,True,ok,537.7714073366249,111.57156959526156,0.10403394457083676,82.6535488276955,55.946480782639306,62,1
215,det,544637.6811594203,63,0,0.0,True,ok,530.6931393887915,113.05968656218742,0.11993886174833808,100.96182465075033,63.65073107594377,62,1
215,det,578628.7625418061,63,0,0.0,True,ok,530.8700960874853,113.02200000000045,0.0755688107706446,58.46203167057417,40.1172218350291,62,1
215,det,612597.547380156,63,0,0.0,True,ok,541.1335846118477,110.87835186396292,0.08028828144314154,64.91246001022942,43.44668553965207,62,1
215,det,647201.7837235228,63,0,0.0,True,ok,541.8414114066308,110.73350751143003,0.10001614107205851,82.8352451314688,54.19288704192888,62,1
215,det,681884.0579710145,63,0,0.0,True,ok,533.5244465679252,112.45970149253723,0.06267051632095445,41.92871077286748,33.43625253626335,62,1
215,det,716053.5117056856,63,0,0.0,True,ok,534.0553166640124,112.34791252485088,0.10231405787605403,87.05927594381669,54.641366578176125,62,1
215,det,750211.8171683389,63,0,0.0,True,ok,542.5492382014119,110.58904109589047,0.06317152515050456,41.10791970107735,34.27366284642758,62,1
215,det,784894.0914158305,63,0,0.0,True,ok,539.3640176248884,111.24212598425171,0.05586121186432856,31.722219858328764,30.12952766053934,62,1
215,det,819442.586399108,63,0,0.0,True,ok,535.2940135548845,112.08793388429723,0.057523143200218944,38.46271112306838,30.791794195937563,62,1
215,det,853712.3745819398,63,0,0.0,True,ok,537.9483640353207,111.53486842105261,0.08519980609556829,65.15904194276223,45.833096305237504,62,1
215,det,888138.2385730211,63,0,0.0,True,ok,544.4957618870651,110.19369515762129,0.10058724212043757,84.5952192342043,54.76932703448634,62,1
215,det,922965.4403567447,63,0,0.0,True,ok,535.8248836509698,111.97688243064746,0.04650414986089673,20.468445233647717,24.918080688502254,62,1
215,det,957257.525083612,63,0,0.0,True,ok,525.9153085240044,114.0868102288021,0.11103456304356193,91.7126942576476,58.3947764798829,62,1
215,det,990925.3065774804,63,0,0.0,True,ok,537.9483640353207,111.53486842105261,0.09540218269048988,77.59999197983849,51.32144810374781,62,1
215,det,1025317.7257525083,63,0,0.0,True,ok,539.010104227497,111.31516743269832,0.07587181475189939,64.95876542093339,40.89567477735063,62,1
215,det,1059843.9241917501,63,0,0.0,True,ok,544.4957618870669,110.19369515762092,0.08387258541158608,66.37821298053342,45.66826729511966,62,1
215,det,1094738.0156075808,63,0,0.0,True,ok,544.8496752844584,110.12211757063972,0.08967843124692651,76.17912784660165,48.86126414490754,62,1
215,det,1129598.6622073578,63,0,0.0,True,ok,539.8948877209739,111.13274336283202,0.05883983238869459,33.97996709029756,31.767324701015188,62,1
215,det,1164136.0089186176,63,0,0.0,True,ok,540.6027145157568,110.98723404255344,0.08272627983161122,65.42001688597726,44.72205143875913,62,1
215,det,1198695.652173913,63,0,0.0,True,ok,535.4709702535783,112.0508922670193,0.12029686047198368,82.48360450289472,64.41547659539243,62,1
215,det,1233043.4782608694,63,0,0.0,True,ok,542.7261949001095,110.55298337137236,0.09905147940391232,82.55648062179657,53.7578325161119,62,1
215,det,1267803.790412486,63,0,0.0,True,ok,542.0183681053228,110.69735553379077,0.09493484211073688,78.06358716119743,51.456428197198086,62,1
215,det,1302486.0646599778,63,0,0.0,True,ok,549.2735927518502,109.23518041237182,0.17634577807088178,145.30740747199667,96.86207908761367,62,1
215,det,1337580.8249721292,63,0,0.0,True,ok,552.2818566296834,108.64017942966984,0.15252152723483314,100.14446796967529,84.23487223724847,62,1
215,det,1372909.6989966554,63,0,0.0,True,ok,541.1335846118459,110.87835186396329,0.06979763263112686,52.46225823339904,37.76984314310242,62,1
215,det,1407569.6767001112,63,0,0.0,True,ok,536.5327104457565,111.82915567282268,0.1003800462095376,83.84546838176023,53.85717826747349,62,1
215,det,1441928.6510590857,63,0,0.0,True,ok,546.442285572722,109.80116580310849,0.16829505633296504,144.44261887707333,91.96353523317542,62,1
215,det,1476900.780379041,63,0,0.0,True,ok,534.763143458799,112.19920582395693,0.12276174750266125,102.02835239503638,65.6484579910185,62,1
215,det,1511092.530657748,63,0,0.0,True,ok,535.8248836509698,111.97688243064746,0.08810318886853713,72.92565477535501,47.20788092476332,62,1
215,det,1545406.911928651,63,0,0.0,True,ok,544.318805188373,110.22951885565618,0.10466282251359428,81.222369190159,56.96994249824238,62,1
215,det,1580245.2619843923,63,0,0.0,True,ok,542.372281502718,110.62512234910243,0.14384269601015612,112.88541084263181,78.01629121253029,62,1
215,det,1614960.9810479376,63,0,0.0,True,ok,542.9031515987997,110.5169491525432,0.10584533531311137,93.75544749707528,57.46376612351989,62,1
215,det,1649676.7001114828,63,0,0.0,True,ok,553.3435968218578,108.43172369683401,0.15573551764247395,124.67363170914702,86.17525148520042,62,1
215,det,1685050.1672240803,63,0,0.0,True,ok,543.9648917909778,110.30123617436583,0.080825957230779,52.17489661486255,43.9664830789429,62,1
215,det,1719821.6276477147,63,0,0.0,True,ok,536.1787970483576,111.90297029703066,0.06801413227996861,44.050352782536855,36.46773562816144,62,1
215,det,1754169.4537346712,63,0,0.0,True,ok,545.2035886818462,110.05063291139308,0.11588717423499804,90.58005593433046,63.18210327511932,62,1
217,ref,569.4444444444445,63,0,0.0,True,ok,835.2292768959436,71.83656231853455,0.053141231258288256,59.97643238188173,44.38511215722021,62,1
217,ref,54000.0,63,0,0.0,True,ok,820.1058201058202,73.16129032258064,0.0839966390183918,108.40338696303841,68.88613252831074,62,1
217,ref,106497.22222222222,63,0,0.0,True,ok,838.4479717813056,71.5607909129154,0.04338926477662074,41.88116829870304,36.3796410490397,62,1
217,ref,160169.44444444444,63,0,0.0,True,ok,809.7442680776016,74.09746800980123,0.1069857455697685,119.60219224032713,86.63109424112871,62,1
217,ref,212013.88888888888,63,0,0.0,True,ok,826.4991181657847,72.59535876233663,0.08039641573109592,101.01412300562528,66.4475667054406,62,1
217,ref,264891.6666666666,63,0,0.0,True,ok,816.7989417989425,73.45748987854245,0.1106101288592253,135.12093201430952,90.3462362044599,62,1
217,ref,317175.0,63,0,0.0,True,ok,837.6543209876538,71.62859248341935,0.05801111100824275,63.41278893157731,48.59325780134899,62,1
217,ref,370819.44444444444,63,0,0.0,True,ok,815.6966490299822,73.55675675675677,0.12227095710217269,144.9304272866212,99.73600998193096,62,1
217,ref,423125.0,63,0,0.0,True,ok,800.0,75.0,0.13449738517856863,142.41797753992853,107.5979081428549,62,1
217,ref,474347.22222222225,63,0,0.0,True,ok,841.2698412698394,71.3207547169813,0.07004072702151783,82.27146036120116,58.92315130381645,62,1
217,ref,528138.8888888889,63,0,0.0,True,ok,833.4215167548492,71.99238175854414,0.07220264644208393,85.09780724606496,60.17523911147571,62,1
217,ref,581472.2222222221,63,0,0.0,True,ok,836.2874779541448,71.74566352085199,0.07615759118112511,88.04482765399885,63.68963985592594,62,1
217,ref,635005.5555555556,63,0,0.0,True,ok,839.4179894179882,71.47809643870164,0.03936544144670046,33.92728009328218,33.04405971174084,62,1
217,ref,688722.2222222221,63,0,0.0,True,ok,809.0388007054701,74.16207967736636,0.12788414847361448,141.80408332831786,103.46323811033334,62,1
217,ref,740566.6666666667,63,0,0.0,True,ok,813.977072310403,73.71214993770676,0.10602818554630766,137.57940033977474,86.30451205336769,62,1
217,ref,792583.3333333334,63,0,0.0,True,ok,766.6225749559087,78.26537067924308,0.12501691577071683,145.74690219077902,95.84078988119289,62,1
217,ref,841611.1111111111,63,0,0.0,True,ok,801.9400352733691,74.81856168902569,0.12432869221547871,143.66865003745167,99.70415582077284,62,1
217,ref,893000.0,63,0,0.0,True,ok,766.0052910052916,78.32844068381966,0.13465611865120633,150.02281454007246,103.14729935306039,62,1
217,ref,942072.2222222222,63,0,0.0,True,ok,760.493827160494,78.89610389610388,0.14778567051733604,155.02622110918637,112.39009017120867,62,1
217,ref,990633.3333333334,63,0,0.0,True,ok,724.1622574955894,82.85435947394073,0.16751935887635946,184.69409196435365,121.31119709811827,62,1
217,ref,1036947.2222222224,63,0,0.0,True,ok,778.4391534391491,77.07731520815676,0.13350434019845567,153.7246642586196,103.925005564538,62,1
217,ref,1086647.222222222,63,0,0.0,True,ok,828.880070546738,72.38682908665348,0.10310886472139412,111.20795510734912,85.46488306426322,62,1
217,ref,1139661.111111111,63,0,0.0,True,ok,843.6067019400393,71.12319029948223,0.04518508427544599,43.02302505617517,38.118439922491724,62,1
217,ref,1193622.2222222222,63,0,0.0,True,ok,838.800705467373,71.53069806560127,0.07195134547188335,73.82677881101029,60.35283934114243,62,1
217,ref,1247302.7777777778,63,0,0.0,True,ok,836.1111111111148,71.76079734219238,0.0682714408979915,73.4609105331295,57.082510306376484,62,1
217,ref,1300830.5555555555,63,0,0.0,True,ok,812.6984126984127,73.828125,0.11551278480031855,81.65956495101238,93.87705685359222,62,1
217,ref,1352727.777777778,63,0,0.0,True,ok,798.5008818342106,75.14080618442893,0.1138625974829336,99.34071801467827,90.91938449805626,62,1
217,ref,1403869.4444444445,63,0,0.0,True,ok,837.2574955908257,71.66254147137845,0.07036572753867491,77.49083012517018,58.91423281445736,62,1
217,ref,1457491.6666666665,63,0,0.0,True,ok,823.2804232804245,72.87917737789192,0.10210863877068524,132.22451881984867,84.06404334771771,62,1
217,ref,1510211.1111111112,63,0,0.0,True,ok,825.0440917107543,72.7233860624202,0.08074602612824229,100.01679966420211,66.61903178622849,62,1
217,ref,1563066.6666666665,63,0,0.0,True,ok,846.2962962963012,70.89715536104991,0.04726050544273912,43.34005324236449,39.9963907172813,62,1
217,ref,1617277.7777777778,63,0,0.0,True,ok,836.5961199294525,71.71919468746712,0.05902817034002562,61.85398911731647,49.38273827300022,62,1
217,ref,1670897.222222222,63,0,0.0,True,ok,839.9911816578491,71.42932129546999,0.062141302706578146,66.4900213495842,52.19814629025667,62,1
217,ref,1724691.6666666665,63,0,0.0,True,ok,842.4603174603211,71.21997173810614,0.04155286946898006,36.23325084432121,35.00664360422423,62,1
217,det,546.2653288740245,63,0,0.0,True,ok,835.2356178443134,71.83601694915255,0.050302877561522304,55.10842875206205,42.014755019444934,62,1
217,det,53979.933110367885,63,0,0.0,True,ok,820.1942984551681,73.15339805825242,0.08370682349740102,108.76133244423063,68.65585937436141,62,1
217,det,106477.14604236343,63,0,0.0,True,ok,838.4208384208388,71.56310679611647,0.04239643281594768,39.74429712776463,35.54605274759962,62,1
217,det,160178.37235228537,63,0,0.0,True,ok,809.222983136027,74.1452000874699,0.10592451399134296,116.52907749373486,85.71655119930838,62,1
217,det,211995.54069119287,63,0,0.0,True,ok,826.7416963069131,72.57405821917813,0.07799907488647607,95.89061020063225,64.48508748201517,62,1
217,det,264894.09141583054,63,0,0.0,True,ok,816.6551644812515,73.47042253521126,0.10425176044199638,120.66178182172366,85.13773857121859,62,1
217,det,317179.4871794872,63,0,0.0,True,ok,837.1821415299671,71.66899175649972,0.05678534581716094,62.232217057914475,47.539677418730555,62,1
217,det,370791.5273132664,63,0,0.0,True,ok,815.7703809877719,73.55010845986989,0.12303119489930282,145.34189198898827,100.36520473638508,62,1
217,det,423099.2196209588,63,0,0.0,True,ok,800.3751482012337,74.9648463409243,0.127540911395144,133.20112185148085,102.08057585960881,62,1
217,det,474347.8260869565,63,0,0.0,True,ok,840.8982322025806,71.35227272727268,0.06627565869766812,75.54495133710634,55.731084236930705,62,1
217,det,528115.9420289855,63,0,0.0,True,ok,833.4660508573547,71.98853503184718,0.07097000534978605,81.25938098025152,59.15109008821152,62,1
217,det,581449.2753623188,63,0,0.0,True,ok,836.2973580364884,71.7448159119763,0.07895489009193214,94.67036404199396,66.02976598794416,62,1
217,det,634983.2775919732,63,0,0.0,True,ok,839.4825786130137,71.47259696458681,0.040169356253834144,35.64973789337211,33.72147476919348,62,1
217,det,688706.8004459309,63,0,0.0,True,ok,808.8690697386351,74.17764165390504,0.12184431536688607,130.2642350246734,98.55609802375402,62,1
217,det,740546.265328874,63,0,0.0,True,ok,814.354727398205,73.67796610169498,0.0975296362074748,120.87756068089753,79.42372030698425,62,1
217,det,792586.3991081383,63,0,0.0,True,ok,766.5764187503299,78.27008310249326,0.12626240618151535,148.37891943069778,96.78978315342556,62,1
217,det,841616.4994425863,63,0,0.0,True,ok,827.9803931977848,72.46548407779437,0.20109868435149347,188.5024871148264,166.50576774090678,62,1
217,det,894559.6432552955,63,0,0.0,True,ok,761.9755445842387,78.74268462610327,0.14107323474922118,151.82446142234033,107.49435487429795,62,1
217,det,943355.629877369,63,0,0.0,True,ok,761.09076109076,78.83422459893059,0.13668104903971282,136.05990459401082,104.02668364031852,62,1
217,det,992028.9855072463,63,0,0.0,True,ok,720.7446337881136,83.24723790817562,0.17184099707857103,185.8896246102863,123.85347650917898,62,1
217,det,1038249.7212931996,63,0,0.0,True,ok,779.4942577551267,76.97298524404093,0.12367979481306915,148.89814103134955,96.4076898571197,62,1
217,det,1088171.6833890746,63,0,0.0,True,ok,829.5730034860464,72.32636518771335,0.10315682755025304,112.44950668642844,85.57611926095556,62,1
217,det,1141237.45819398,63,0,0.0,True,ok,844.083452779105,71.08301886792452,0.04421545401242559,41.13229439623713,37.32153308900392,62,1
217,det,1195239.6878483836,63,0,0.0,True,ok,838.4208384208337,71.56310679611691,0.06971478541791704,69.33241080084667,58.45032884041851,62,1
217,det,1248874.0245261984,63,0,0.0,True,ok,837.5360549273568,71.63870695119397,0.06806088333330257,74.67758675204438,57.00344372184532,62,1
217,det,1302430.3232998885,63,0,0.0,True,ok,809.753853232112,74.0965909090911,0.11898096076444487,83.29376856336002,96.34529144026796,62,1
217,det,1354124.8606465997,63,0,0.0,True,ok,802.6755852842822,74.74999999999989,0.11007016877861571,101.3878049028938,88.35063714671509,62,1
217,det,1405518.3946488295,63,0,0.0,True,ok,837.0051848312677,71.68414376321388,0.06380070103431412,68.21019363933593,53.40151756159054,62,1
217,det,1459063.5451505017,63,0,0.0,True,ok,824.7951726212558,72.74533361939531,0.087275941417219,108.98228002073272,71.98477516689776,62,1
217,det,1511739.1304347825,63,0,0.0,True,ok,828.3343065951781,72.43452253791908,0.06848257579591399,78.62649150805485,56.726466935760136,62,1
217,det,1564782.608695652,63,0,0.0,True,ok,846.2069331634539,70.90464240903397,0.048244477277693654,45.83448474515642,40.82481115923108,62,1
217,det,1618963.210702341,63,0,0.0,True,ok,834.3508343508335,71.9121951219513,0.06737487460584812,71.99891842733702,56.214282841672166,62,1
217,det,1672396.8784838351,63,0,0.0,True,ok,844.0834527791012,71.08301886792485,0.05210241260653055,45.74693073065462,43.97878433104167,62,1
217,det,1726432.5529542922,63,0,0.0,True,ok,843.3756259843183,71.14267729752441,0.04339923462199834,38.748297104876066,36.601856666568146,62,1
219,ref,833.3333333333334,63,0,0.0,True,ok,805.4232804232805,74.4949909673181,0.18149565683008087,193.11211491958105,146.1808273066617,62,1
219,ref,52200.0,63,0,0.0,True,ok,769.6649029982361,77.95600366636116,0.18675762795086331,222.07376313378685,143.74079160098188,62,1
219,ref,101266.66666666667,63,0,0.0,True,ok,801.410934744268,74.86795774647888,0.18467047914530638,225.9570776846669,147.99694131151185,62,1
219,ref,152530.55555555556,63,0,0.0,True,ok,785.9347442680775,76.34221598877981,0.16337045478687662,198.30963785240894,128.3985166038834,62,1
219,ref,203080.55555555556,63,0,0.0,True,ok,783.906525573192,76.53973789301988,0.16257103058041208,188.15348090731544,127.44049174114399,62,1
219,ref,253416.66666666666,63,1,0.015873015873015872,True,ok,769.7580645161286,77.94656888423263,0.1913934705553808,214.83774582924707,147.32666745573457,61,1
219,ref,304705.55555555556,63,0,0.0,True,ok,811.9929453262779,73.89226759339712,0.17848817146881527,192.23883482196112,144.93113605686503,62,1
219,ref,356605.55555555556,63,0,0.0,True,ok,763.0070546737212,78.63623230280267,0.1589360450726142,193.4955083414164,121.26932363234516,62,1
219,ref,405352.77777777775,63,0,0.0,True,ok,767.063492063493,78.22038282462485,0.14949869023874096,156.5106845704495,114.67498739344707,62,1
219,ref,454533.3333333334,63,0,0.0,True,ok,823.8536155202818,72.82847203639287,0.16747095752224747,204.38157684245544,137.97155384934712,62,1
219,ref,507077.7777777778,63,0,0.0,True,ok,810.2733686067014,74.04908309299672,0.22695089885376932,230.94172435438932,183.89226932256244,62,1
219,ref,558719.4444444444,63,0,0.0,True,ok,777.2486772486785,77.19537100068061,0.1358989551705353,134.77417429370857,105.62728314577602,62,1
219,ref,608683.3333333333,63,0,0.0,True,ok,763.9329805996487,78.54092115895172,0.17742128995463669,199.27686872836142,135.5379748568801,62,1
219,ref,657655.5555555556,63,0,0.0,True,ok,794.6649029982343,75.50352327581443,0.1881023078725152,212.16283252019377,149.4783022392563,62,1
219,ref,708452.7777777778,63,0,0.0,True,ok,775.9259259259265,77.32696897374696,0.19510236601617553,238.535153205957,151.38498400144002,62,1
219,ref,758166.6666666666,63,0,0.0,True,ok,785.1851851851865,76.41509433962251,0.1836624535022066,211.66864221697992,144.2090375646958,62,1
219,ref,808397.2222222222,63,1,0.015873015873015872,True,ok,850.7168458781351,70.52875500315997,0.25679142511890685,313.7335735046979,218.45679122570778,60,2
219,ref,864522.2222222222,63,0,0.0,True,ok,822.7954144620813,72.92213707732702,0.31597114297703266,343.2195819032355,259.97960754384513,62,1
219,ref,917013.8888888889,63,0,0.0,True,ok,1162.6984126984128,51.60409556313993,0.2945574788113938,642.4689316660298,342.4815130624539,62,1
219,ref,991072.2222222222,63,0,0.0,True,ok,1082.3192239858927,55.436509553102105,0.34330606583073897,476.33004067176796,371.5667547595752,62,1
219,ref,1060180.5555555557,63,0,0.0,True,ok,1022.530864197528,58.67793540597662,0.3180024696332908,372.6704825049307,325.167340091077,62,1
219,ref,1125588.888888889,63,0,0.0,True,ok,908.4215167548456,66.04863369412254,0.3084544514480474,271.74680525242303,280.2066606342191,62,1
219,ref,1183680.5555555557,63,0,0.0,True,ok,918.474426807758,65.32571648024593,0.3366386000132824,337.3959048579083,309.1939451885657,62,1
219,ref,1242391.6666666667,63,0,0.0,True,ok,785.9788359788336,76.3379333557727,0.19709452660840013,205.46714169469652,154.91212660146957,62,1
219,ref,1292911.111111111,63,1,0.015873015873015872,True,ok,844.4444444444474,71.05263157894711,0.24659365940657865,286.200768045066,208.2346457211116,60,2
219,ref,1349938.8888888888,63,0,0.0,True,ok,992.4162257495632,60.45850364314885,0.35237752638909764,489.04961821079286,349.70517477803537,62,1
219,ref,1413341.6666666667,63,0,0.0,True,ok,788.6684303350953,76.07759825571661,0.17443806286154273,183.76185392129221,137.5737932277076,62,1
219,ref,1463919.4444444445,63,0,0.0,True,ok,779.6296296296272,76.95961995249431,0.1632169729058452,178.17111783954573,127.24878813585299,62,1
219,ref,1514133.3333333335,63,0,0.0,True,ok,803.483245149909,74.67486143884129,0.20394461622577956,230.3554752162931,163.86608207594213,62,1
219,ref,1565591.6666666667,63,0,0.0,True,ok,808.5097001763652,74.2106124229701,0.1664052145900837,171.48936454058986,134.54023015601229,62,1
219,ref,1617547.2222222222,63,0,0.0,True,ok,782.5396825396825,76.67342799188641,0.16300999548268327,177.50980868230363,127.56179011581405,62,1
219,ref,1667619.4444444445,63,0,0.0,True,ok,836.816578483246,71.70030033194577,0.18363301059137646,215.66519077532766,153.66714761965332,62,1
219,ref,1721169.4444444445,63,0,0.0,True,ok,788.4479717813056,76.09887037244152,0.160769078042801,183.08165357500886,126.75805350799688,62,1
219,det,836.1204013377926,63,0,0.0,True,ok,805.3299357647184,74.50362557679631,0.18144366048861943,193.90696165392504,146.12201144621525,62,1
219,det,52196.209587513935,63,0,0.0,True,ok,769.7616393268565,77.94620689655174,0.18702157711880465,221.45893033490623,143.9620357924652,62,1
219,det,101270.90301003343,63,0,0.0,True,ok,801.4368883934103,74.86553323029365,0.18425587626997236,226.01485754799864,147.66945614600786,62,1
219,det,152530.65774804904,63,0,0.0,True,ok,786.041655606873,76.33183250787934,0.1650425012851891,200.28893593932222,129.7302809557095,62,1
219,det,203088.0713489409,63,0,0.0,True,ok,783.7412185238273,76.55588168886881,0.1664071004725585,194.45924985292172,130.42010369537996,62,1
219,det,253422.51950947603,63,1,0.015873015873015872,True,ok,769.770201747761,77.94533987386129,0.19265928645661157,217.31982931571326,148.30337780428556,61,1
219,det,304704.57079152734,63,0,0.0,True,ok,812.0542903151594,73.88668555240798,0.17979739790634294,194.3819208444664,146.00524835734765,62,1
219,det,356610.92530657747,63,0,0.0,True,ok,762.8603280777193,78.65135699373697,0.1656007057733047,203.08677081800747,126.33020873612509,62,1
219,det,405351.1705685619,63,0,0.0,True,ok,767.107288846419,78.21591695501733,0.14998566063756108,157.48863493224732,115.05509349751856,62,1
219,det,454537.34671125974,63,0,0.0,True,ok,823.733432429085,72.83909774436087,0.17081281347135605,210.1115621071131,140.70422514362917,62,1
219,det,507079.15273132664,63,0,0.0,True,ok,810.284723328201,74.04804542476528,0.22917071759157492,235.47545814380524,185.6935314986146,62,1
219,det,558717.9487179487,63,0,0.0,True,ok,777.370777370776,77.18324607329858,0.13539578929588747,133.44169298661512,105.25272997767382,62,1
219,det,608684.5039018951,63,0,0.0,True,ok,763.9220682698956,78.5420430854759,0.18079372499534038,204.96826748737251,138.11231632865915,62,1
219,det,657658.8628762541,63,0,0.0,True,ok,794.71253384297,75.49899799599186,0.1898755165829618,214.27764283499278,150.89645289838845,62,1
219,det,708450.3901895205,63,0,0.0,True,ok,775.9551237812118,77.32405929304437,0.19410748731789756,238.05773517447216,150.6186993486192,62,1
219,det,758171.6833890748,63,0,0.0,True,ok,785.1568721133942,76.41784989858009,0.18318212833605574,211.4430206265255,143.8267069114119,62,1
219,det,808394.6488294314,63,1,0.015873015873015872,True,ok,850.6850792965795,70.53138871274577,0.25723917817252556,314.23496520527635,218.82953068188186,60,2
219,det,864526.1984392419,63,0,0.0,True,ok,822.8486489356063,72.91741935483863,0.3164854538989371,343.9714143534548,260.4196281485125,62,1
219,det,917012.2630992195,63,0,0.0,True,ok,1162.7824671302944,51.60036524121133,0.2946883533715027,642.8360468504823,342.6584505678799,62,1
219,det,991070.2341137123,63,0,0.0,True,ok,1082.4441259223856,55.43011280039241,0.3430925314899505,475.22416153263924,371.378495359138,62,1
219,det,1060178.3723522853,63,0,0.0,True,ok,1022.6327617631945,58.672088596643135,0.31765204307190453,372.10800707417803,324.84138608634294,62,1
219,det,1125585.2842809362,63,0,0.0,True,ok,908.4956911043893,66.04324113751443,0.3082463587594063,270.7017395158882,280.04048873153835,62,1
219,det,1183678.9297658864,63,0,0.0,True,ok,918.5822229300448,65.31805047197102,0.33609000592552274,336.81627653693835,308.7263047476386,62,1
219,det,1242396.8784838351,63,0,0.0,True,ok,785.8646989081772,76.34902049088043,0.19679584821876375,204.92914393917914,154.6549100068181,62,1
219,det,1292909.6989966554,63,1,0.015873015873015872,True,ok,844.5715107706699,71.04194166489243,0.24794842694173705,287.9694548123364,209.41017753539393,60,2
219,det,1349944.2586399107,63,0,0.0,True,ok,992.3731662862092,60.46112696148363,0.35115405903450936,486.1192600190307,348.4758654183305,62,1
219,det,1413344.4816053512,63,0,0.0,True,ok,788.6960060873091,76.07493829930459,0.17406470870084478,182.98224547818623,137.28414055310716,62,1
219,det,1463924.1917502787,63,0,0.0,True,ok,779.4942577551267,76.97298524404093,0.16203812805625784,176.15589868924158,126.30779035724288,62,1
219,det,1514136.0089186176,63,0,0.0,True,ok,803.5603687777591,74.66769434045374,0.20437541387473426,230.87179570672913,164.2279829422886,62,1
219,det,1565596.4325529542,63,0,0.0,True,ok,808.5151563412436,74.21011162179906,0.16733997664326836,171.75389780816363,135.29690737787217,62,1
219,det,1617547.3801560758,63,0,0.0,True,ok,782.5025216329562,76.67706919945728,0.16217509372207614,176.50831315269372,126.90241978358559,62,1
219,det,1667625.4180602008,63,0,0.0,True,ok,836.6512714338762,71.71446700507647,0.1835682117749381,215.76926070520736,153.582577776345,62,1
219,det,1721170.568561873,63,0,0.0,True,ok,788.5190493886115,76.09201077199312,0.1648437246686681,191.1320709892234,129.98241707341617,62,1
220,ref,77.77777777777779,63,0,0.0,True,ok,832.4514991181659,72.07627118644066,0.05301454523297968,71.58962684247878,44.13203765426175,62,1
220,ref,53377.77777777778,63,0,0.0,True,ok,842.0194003527337,71.25726553908991,0.0187694490820492,18.415559063229036,15.804240261018235,62,1
220,ref,107280.55555555555,63,0,0.0,True,ok,840.8730158730161,71.35441245870692,0.014158128952124347,15.99606682043151,11.905188591091866,62,1
220,ref,161086.1111111111,63,0,0.0,True,ok,837.7425044091711,71.62105263157895,0.015695834390950757,19.105468242526378,13.149067611466686,62,1
220,ref,214708.33333333334,63,0,0.0,True,ok,866.6225749559082,69.23429152887306,0.02110890842566383,19.60697561156199,18.293456574357254,62,1
220,ref,270188.8888888889,63,0,0.0,True,ok,860.2733686067023,69.74527189790372,0.09005202914867776,103.96126702678848,77.46936246560196,62,1
220,ref,325222.22222222225,63,0,0.0,True,ok,866.446208112874,69.24838430614224,0.0659925744764588,78.12900726480746,57.17901591873416,62,1
220,ref,380708.3333333333,63,0,0.0,True,ok,782.0987654320992,76.71665351223358,0.23300408275116535,181.49397708913867,182.2322054603251,62,1
220,ref,430863.8888888889,63,0,0.0,True,ok,883.5978835978839,67.90419161676644,0.1048045190436841,84.64690523763714,92.60505121849339,62,1
220,ref,487427.7777777778,63,0,0.0,True,ok,920.458553791886,65.18490132209244,0.020598773329810974,22.957699227103607,18.96031710904468,62,1
220,ref,546338.8888888889,63,0,0.0,True,ok,912.8306878306865,65.72960440515877,0.04437273473106482,61.39049041846436,40.50479396548649,62,1
220,ref,604772.2222222222,63,0,0.0,True,ok,817.4603174603175,73.39805825242718,0.21473125389856845,184.82443206722348,175.5342789805758,62,1
220,ref,657194.4444444445,63,0,0.0,True,ok,954.4973544973533,62.86031042128611,0.01835688238895464,23.046971239494216,17.52159567707626,62,1
220,ref,718263.8888888889,63,0,0.0,True,ok,926.4550264550277,64.76299257567096,0.025903627219182008,25.89016564296992,23.998545640628443,62,1
220,ref,777588.8888888889,63,0,0.0,True,ok,910.6701940035277,65.88554275200927,0.08228985807296336,117.30124822662475,74.93892101582831,62,1
220,ref,835888.8888888889,63,0,0.0,True,ok,916.3580246913572,65.47659144493102,0.12539206454527518,130.67656254438523,114.90402457867954,62,1
220,ref,894550.0,63,0,0.0,True,ok,932.9805996472659,64.31001890359171,0.08250891255803042,113.87796083597449,76.97921471463505,62,1
220,ref,954313.8888888889,63,0,0.0,True,ok,952.7336860670198,62.976675305442406,0.07617961898395072,78.09634580054339,72.57888919776049,62,1
220,ref,1014775.0,63,0,0.0,True,ok,960.5379188712501,62.46499885242153,0.06282200808072885,86.79991021067136,60.34292090117615,62,1
220,ref,1076252.7777777778,63,0,0.0,True,ok,875.2204585537935,68.5541561712845,0.17006385086284637,180.99168446275712,148.84336153560434,62,1
220,ref,1132305.5555555557,63,0,0.0,True,ok,921.3844797178134,65.11939512848731,0.07555545350540162,83.56523884823741,69.61562221791792,62,1
220,ref,1191272.222222222,63,0,0.0,True,ok,847.927689594357,70.76075087098948,0.2056419079525341,192.8773900037914,174.36946789396768,62,1
220,ref,1245611.111111111,63,0,0.0,True,ok,882.760141093476,67.96863293541769,0.12473111172818808,149.0641020878828,110.10765378792144,62,1
220,ref,1302158.3333333333,63,0,0.0,True,ok,907.6278659612021,66.10638814670857,0.05826325664354971,76.14452606111259,52.881355291334856,62,1
220,ref,1360261.1111111112,63,0,0.0,True,ok,885.4497354497342,67.76217508216322,0.027944418164655503,25.57093973599786,24.743377671190963,62,1
220,ref,1416927.7777777778,63,0,0.0,True,ok,858.8624338624327,69.85984906822742,0.10877344641058236,110.00739901258825,93.42142692379765,62,1
220,ref,1471894.4444444445,63,0,0.0,True,ok,868.2098765432103,69.10771418414501,0.047283673567465954,64.8315603901394,41.05215239051907,62,1
220,ref,1527447.2222222222,63,0,0.0,True,ok,852.5573192239842,70.37649979313213,0.10601750538645133,126.0889445726666,90.38600018308725,62,1
220,ref,1582008.3333333335,63,0,0.0,True,ok,878.1746031745995,68.32354270221448,0.018398988554597328,21.82097427613915,16.157524472747507,62,1
220,ref,1638216.6666666667,63,0,0.0,True,ok,876.1022927689565,68.48515349773551,0.0323266701918828,41.357876091210315,28.321469872694408,62,1
220,ref,1694286.111111111,63,0,0.0,True,ok,876.1904761904761,68.47826086956522,0.05992173635188848,83.55928149827406,52.50285470832133,62,1
220,ref,1750363.8888888888,63,0,0.0,True,ok,871.8253968253969,68.82111970869367,0.0977359384296423,137.65265231071425,85.20867330552545,62,1
220,det,869.5652173913044,63,0,0.0,True,ok,833.4660508573552,71.98853503184714,0.05321733791552116,72.71920256879578,44.354844469590816,62,1
220,det,54236.34336677815,63,0,0.0,True,ok,841.9599723947548,71.26229508196722,0.019299084493945354,19.309373551493515,16.24905664776627,62,1
220,det,108127.09030100334,63,0,0.0,True,ok,840.7212755038844,71.36729109661123,0.01518183894853836,18.241718780125474,12.763695005309721,62,1
220,det,161928.65105908582,63,0,0.0,True,ok,837.8899683247511,71.60844772967263,0.01570773279670617,19.205279135208222,13.161351735485786,62,1
220,det,215574.1360089186,63,0,0.0,True,ok,866.9108669108666,69.21126760563382,0.021998349909044475,21.047855283189406,19.07060859025833,62,1
220,det,271070.2341137124,63,0,0.0,True,ok,859.6556422643379,69.79538904899135,0.08966905102808177,103.14216804477549,77.08450565277933,62,1
220,det,326075.80824972125,63,0,0.0,True,ok,867.2647803082594,69.18302387267897,0.06719816214760552,80.254071582437,58.278599332061894,62,1
220,det,381583.0546265329,63,0,0.0,True,ok,782.3255649342605,76.69441302872654,0.23456700932578284,184.3247918102128,183.507768085733,62,1
220,det,431415.83054626535,63,0,0.0,True,ok,889.0304542478453,67.48925159235671,0.09223006026603231,82.28895265749026,81.99533237361686,62,1
220,det,488327.7591973244,63,0,0.0,True,ok,920.882660013095,65.15488086087623,0.020916374894401787,23.90199450455058,19.261526950587836,62,1
220,det,547268.6733556299,63,0,0.0,True,ok,912.7426518730853,65.73594416440491,0.04428309249250796,61.11082399991278,40.41906727475283,62,1
220,det,605707.9152731327,63,0,0.0,True,ok,817.3629912760326,73.40679800822709,0.21372540520642863,182.80139773931958,174.69123651120867,62,1
220,det,658149.386845039,63,0,0.0,True,ok,954.1505193679117,62.88316023738866,0.019305658278450533,24.152283994807703,18.420503873123,62,1
220,det,719253.0657748049,63,0,0.0,True,ok,926.0144042752735,64.79380852283587,0.02529693390943143,26.335996850958963,23.42532518413311,62,1
220,det,778517.2798216277,63,0,0.0,True,ok,910.6191714887364,65.889234356782,0.08247266350357871,117.4628670573546,75.10118851009818,62,1
220,det,836778.1493868451,63,0,0.0,True,ok,917.1665693404825,65.41886938066756,0.12524374629812446,130.57164367640743,114.86937712360056,62,1
220,det,895473.801560758,63,0,0.0,True,ok,933.9774557165875,64.24137931034473,0.08237565325477782,113.68169683008834,76.93700303988922,62,1
220,det,955328.8740245262,63,0,0.0,True,ok,943.7100741448553,63.578848678042476,0.10206684512658125,79.32450488240057,96.32150998213746,62,1
220,det,1015808.2497212931,63,0,0.0,True,ok,959.4592203287858,62.53522685355956,0.06339735851604454,88.24847796382508,60.8271801727086,62,1
220,det,1077201.783723523,63,0,0.0,True,ok,874.6969616534853,68.59518511025678,0.17005617997924835,180.7724136093029,148.7476239382468,62,1
220,det,1133210.702341137,63,0,0.0,True,ok,921.590486807878,65.10483870967742,0.0763213962364497,84.91451454966615,70.33707271140663,62,1
220,det,1192229.6544035673,63,0,0.0,True,ok,847.4456300543259,70.80100229693045,0.20632355025523497,193.91729922348998,174.84799104109297,62,1
220,det,1246532.8874024525,63,0,0.0,True,ok,883.0139264921872,67.9490981963928,0.12586824969372407,151.0766346257039,111.14341738275432,62,1
220,det,1303054.6265328873,63,0,0.0,True,ok,908.141777706994,66.06897895557296,0.058534757987199794,77.49659420976133,53.15785917614429,62,1
220,det,1361192.8651059086,63,0,0.0,True,ok,884.7834934791447,67.81320000000008,0.02765170472490419,25.484975317783032,24.4657719071545,62,1
220,det,1417792.6421404681,63,0,0.0,True,ok,858.770858770861,69.86729857819887,0.10903618570885386,109.89811360076254,93.63709883829151,62,1
220,det,1472753.6231884058,63,0,0.0,True,ok,868.1495638017373,69.11251528740321,0.04661481556399561,63.238733297489055,40.46863179858122,62,1
220,det,1528350.05574136,63,0,0.0,True,ok,851.6925908230274,70.44795345938068,0.10578083422749832,126.16802657813574,90.09275276263922,62,1
220,det,1582876.254180602,63,0,0.0,True,ok,878.4130523260942,68.30499597099126,0.01922835025382865,23.436189103638792,16.890433837660854,62,1
220,det,1639074.6934225194,63,0,0.0,True,ok,876.4665286404428,68.45669291338574,0.03306049408032392,43.500846621520196,28.97641648171941,62,1
220,det,1695150.501672241,63,0,0.0,True,ok,876.4665286404392,68.45669291338602,0.0605900591789265,84.34604278947924,53.10515883867249,62,1
221,ref,611.1111111111112,63,0,0.0,True,ok,769.9294532627866,77.92921772992784,0.2515743421496886,293.11553429941233,193.69449570625497,62,1
221,ref,49750.0,63,0,0.0,True,ok,752.1164021164022,79.77488568413646,0.2645066485907232,314.49294811897846,198.93978887392228,62,1
221,ref,97852.77777777778,63,0,0.0,True,ok,732.583774250441,81.90189587721937,0.27670021032106057,304.23263633795807,202.70608441289338,62,1
221,ref,144813.8888888889,63,0,0.0,True,ok,742.9453262786593,80.75964391691397,0.2893975010720673,310.7861205780005,215.0065208582157,62,1
221,ref,192538.8888888889,63,0,0.0,True,ok,737.21340388007,81.3875598086125,0.2676818357052949,302.7607193248002,197.3386372571661,62,1
221,ref,239666.66666666666,63,0,0.0,True,ok,698.1040564373903,85.94707256994877,0.24719611213751955,292.16547209148627,172.5686086187544,62,1
221,ref,284141.6666666666,63,0,0.0,True,ok,733.8624338624345,81.75919250180237,0.3116451303091113,344.5571557987385,228.70465383001996,62,1
221,ref,331216.6666666666,63,0,0.0,True,ok,756.569664902998,79.3053208228918,0.2866385693418048,312.65856192351976,216.86204635520406,62,1
221,ref,379511.1111111111,63,0,0.0,True,ok,692.6366843033512,86.62550130498437,0.2343047011054324,264.66119772614854,162.28803129035444,62,1
221,ref,424150.0,63,0,0.0,True,ok,687.1693121693124,87.3147256977863,0.21821487632443254,242.21937578478995,149.95056646897189,62,1
221,ref,468102.77777777775,63,0,0.0,True,ok,744.047619047619,80.64,0.23878637953987686,273.6230507010515,177.66843715764648,62,1
221,ref,515447.2222222222,63,0,0.0,True,ok,688.2716049382709,87.17488789237677,0.23737008074164684,252.5691860610047,163.37508643638023,62,1
221,ref,559566.6666666667,63,0,0.0,True,ok,693.2539682539664,86.5483686319407,0.24432333138961543,264.20067414113566,169.37811902287976,62,1
221,ref,604247.2222222222,63,0,0.0,True,ok,711.5520282186944,84.32271656958736,0.22598876291538278,221.70302250346225,160.8027626070743,62,1
221,ref,649700.0,63,0,0.0,True,ok,692.8571428571429,86.59793814432989,0.22387221708133334,253.09538320324222,155.11146469206668,62,1
221,ref,694050.0,63,0,0.0,True,ok,683.2010582010595,87.82187802516924,0.23285795394202088,252.30345627870483,159.08880054372224,62,1
221,ref,737711.1111111111,63,0,0.0,True,ok,741.7548500881844,80.88925875289772,0.29188549601155955,243.00908413904648,216.5074823369697,62,1
221,ref,784947.2222222222,63,0,0.0,True,ok,768.8271604938274,78.04094741067843,0.3065493757001518,362.941151387871,235.68348607070317,62,1
221,ref,834008.3333333334,63,0,0.0,True,ok,705.7319223985875,85.01811820567306,0.26010429593189666,262.45483766927526,183.56390479214852,62,1
221,ref,878938.8888888889,63,0,0.0,True,ok,734.4797178130516,81.69047904910549,0.2945579730301723,316.3692167110193,216.3468569107854,62,1
221,ref,925797.2222222222,63,0,0.0,True,ok,708.2892416225753,84.71115537848601,0.24189884370817952,280.1751386604037,171.33434855944435,62,1
221,ref,971166.6666666666,63,0,0.0,True,ok,695.3262786596111,86.29042485732414,0.24367874765976777,258.70040787643825,169.43623679870075,62,1
221,ref,1015436.1111111111,63,0,0.0,True,ok,715.873015873014,83.8137472283816,0.2612436583143179,307.98965314378313,187.01728555516993,62,1
221,ref,1060997.2222222222,63,0,0.0,True,ok,777.8218694885358,77.13848421291314,0.31922143622233246,334.2585352970645,248.29741430327002,62,1
221,ref,1110927.7777777778,63,0,0.0,True,ok,735.5820105820118,81.56806329796785,0.3108270695088105,355.27350063708894,228.63880073260555,62,1
221,ref,1158138.888888889,63,0,0.0,True,ok,725.5291005290993,82.69826800364645,0.22460810203058104,249.57949501694137,162.95971423779562,62,1
221,ref,1205113.8888888888,63,0,0.0,True,ok,764.24162257496,78.50920210003996,0.29780566411511233,329.2693947650149,227.59548395534702,62,1
221,ref,1253738.8888888888,63,0,0.0,True,ok,790.9171075837738,75.86130003344859,0.32363540004725105,349.5694854664075,255.96877451708934,62,1
221,ref,1304163.8888888888,63,0,0.0,True,ok,799.0299823633173,75.09104955302931,0.29112768361539837,316.53163976534375,232.6197479046852,62,1
221,ref,1355369.4444444445,63,0,0.0,True,ok,828.924162257496,72.38297872340422,0.29807619032798655,356.9966525282435,247.0825563565322,62,1
221,ref,1408502.7777777778,63,0,0.0,True,ok,794.0035273368611,75.56641492669921,0.2692081608120336,301.874618912558,213.7522292726236,62,1
221,ref,1459241.6666666665,63,0,0.0,True,ok,791.8430335097022,75.77259312879318,0.2752136733385832,305.2219994310912,217.92602995977197,62,1
221,ref,1509944.4444444443,63,0,0.0,True,ok,795.3703703703728,75.43655413271222,0.23000845323301664,292.23319275642524,182.94190863626102,62,1
221,ref,1560869.4444444445,63,0,0.0,True,ok,783.8183421516746,76.54834899026841,0.259541177923241,244.7550669784897,203.4331357998876,62,1
221,ref,1610955.5555555555,63,0,0.0,True,ok,755.7760141093454,79.38860043171366,0.26252681082958546,279.57683539539477,198.41146668562223,62,1
221,ref,1659252.7777777778,63,0,0.0,True,ok,751.1463844797182,79.87790561164589,0.195783486158888,193.2325907547857,147.06205776908368,62,1
221,ref,1707308.3333333335,63,0,0.0,True,ok,805.335097001762,74.5031480974543,0.24862824144450515,278.98973958000687,200.22904894108808,62,1
221,det,613.1549609810479,63,0,0.0,True,ok,769.9385960255526,77.92829234658699,0.253284884352527,294.6427615185108,195.01380825287907,62,1
221,det,49754.73801560758,63,0,0.0,True,ok,752.0659694572738,79.78023529411765,0.2662228110247998,317.0388897682598,200.21711646500665,62,1
221,det,97859.53177257525,63,0,0.0,True,ok,732.6007326007326,81.9,0.28021426036026525,310.2675495414413,205.28517242510276,62,1
221,det,144816.0535117057,63,0,0.0,True,ok,742.8642211250905,80.76846117198669,0.2915643054763416,314.0690611792431,216.59269069556044,62,1
221,det,192541.80602006687,63,0,0.0,True,ok,737.2016067668243,81.38886221795485,0.2672738301930495,301.6752203585522,197.03469706503947,62,1
221,det,239665.55183946487,63,0,0.0,True,ok,698.0941763550462,85.948288973384,0.2531265008679568,300.0962638715994,176.7061361370512,62,1
221,det,284136.0089186176,63,0,0.0,True,ok,723.929854364637,82.88095820092887,0.27010537280220065,302.21628867751406,195.5373431958031,62,1
221,det,330379.04124860646,63,0,0.0,True,ok,760.5598909946737,78.88925081433224,0.2857056464669751,313.4525342409159,217.29625533348533,62,1
221,det,378885.1727982163,63,0,0.0,True,ok,694.908955778521,86.34224598930481,0.23704400504528456,269.5105963601397,164.72400201957714,62,1
221,det,423143.8127090301,63,0,0.0,True,ok,687.8306878306876,87.23076923076927,0.22201435964530533,243.97541438146308,152.70828970312002,62,1
221,det,467447.04570791527,63,0,0.0,True,ok,743.2181345224833,80.72999999999989,0.241131405749459,276.3194765828731,179.21323355589692,62,1
221,det,514983.2775919732,63,0,0.0,True,ok,682.1680734724209,87.95486381322962,0.24352931359835767,266.2291208025887,166.12792269145268,62,1
221,det,558807.1348940914,63,0,0.0,True,ok,697.7402629576538,85.99188435201629,0.24172888936473447,266.96599497260826,168.66397882981144,62,1
221,det,603244.1471571906,63,0,0.0,True,ok,727.4689883385556,82.47774264169279,0.24561207712158223,248.88860085920777,178.67516926736872,62,1
221,det,649698.9966555184,63,0,0.0,True,ok,692.9624320928668,86.58478038815117,0.2258814118136956,256.27731828522064,156.5273324949889,62,1
221,det,694046.8227424748,63,0,0.0,True,ok,683.2298136645973,87.81818181818169,0.235116104696492,254.37343119351766,160.63833240133016,62,1
221,det,737714.6042363433,63,0,0.0,True,ok,741.8024809329164,80.8840648854961,0.28727149300820587,267.28492621928854,213.09870621479007,62,1
221,det,784949.8327759197,63,0,0.0,True,ok,758.259453911628,79.12858809801631,0.3059437823074606,353.17558655171075,231.98476530011308,62,1
221,det,833389.0746934224,63,0,0.0,True,ok,715.6128895259351,83.84421364985138,0.25463167275614723,268.78442741749,182.21770710584886,62,1
221,det,878940.9141583054,63,0,0.0,True,ok,743.7490046185715,80.67237687366149,0.30674555873100745,332.6301265635142,228.14170397735433,62,1
221,det,926544.0356744705,63,0,0.0,True,ok,708.3576648794023,84.70297277042239,0.24266252475259437,281.3055381609265,171.8918593874879,62,1
221,det,971616.4994425863,63,0,0.0,True,ok,695.6167825733049,86.25438819638761,0.24445603677735125,255.89375727681627,170.0477217836826,62,1
221,det,1016332.2185061316,63,0,0.0,True,ok,708.8885349754931,84.63954068896635,0.2670150655303682,310.5452401678781,189.283918620208,62,1
221,det,1061761.4269788181,63,0,0.0,True,ok,780.3790412486072,76.88571428571422,0.3208981799101563,338.4193809734791,250.42221397671085,62,1
221,det,1111605.3511705687,63,0,0.0,True,ok,749.9424890729207,80.00613496932549,0.3181939724165896,360.3174123803765,238.62717968209748,62,1
221,det,1159487.1794871795,63,0,0.0,True,ok,743.5720479198739,80.69157544026656,0.25218495369450616,268.4448763321304,187.5176824732025,62,1
221,det,1206967.670011148,63,0,0.0,True,ok,755.2511900338004,79.44376757263338,0.2966330661347327,327.6909354893926,224.0324762016319,62,1
221,det,1255451.5050167225,63,0,0.0,True,ok,794.0047070481852,75.56630265210609,0.33541716160179713,359.0802195612394,266.3228051365687,62,1
221,det,1306644.370122631,63,0,0.0,True,ok,793.1199235547045,75.65060240963871,0.28562118170119927,315.695605994187,226.53184979645954,62,1
221,det,1357324.414715719,63,0,0.0,True,ok,827.6264798003951,72.4964720974982,0.29329351354396754,354.8205969223805,242.73747816268337,62,1
221,det,1410133.779264214,63,0,0.0,True,ok,796.836014227317,75.29780146568969,0.271810728212188,303.0045795305908,216.58857729282443,62,1
221,det,1461070.2341137123,63,0,0.0,True,ok,789.2268761833982,76.02376681614348,0.2741297946161144,303.6555244105237,216.3506014736725,62,1
221,det,1511516.1649944256,63,0,0.0,True,ok,802.4986285855882,74.76648291069431,0.23565508568176752,296.6598761232339,189.1128830788377,62,1
221,det,1562764.7714604237,63,0,0.0,True,ok,781.6177381394756,76.76386687797164,0.25526277641366535,240.8204895187136,199.5179139316518,62,1
221,det,1613288.740245262,63,0,0.0,True,ok,744.2798747146569,80.61483594864484,0.24973906407468227,273.460897214666,185.8757593208602,62,1
221,det,1661059.0858416944,63,0,0.0,True,ok,758.7903240077153,79.0732276119403,0.20627973054445062,217.0013644745769,156.5230635760479,62,1
221,det,1709565.2173913042,63,0,0.0,True,ok,805.683849162108,74.47089830880756,0.2368805758268762,264.8816899137379,190.8508541239342,62,1
222,ref,225.0,63,0,0.0,True,ok,801.3227513227513,74.87619676460878,0.07033688532621404,85.84694710564641,56.36254646907469,62,1
222,ref,51594.44444444444,63,0,0.0,True,ok,814.9911816578482,73.62042847868427,0.06175078300184785,76.65926409641634,50.326343606973346,62,1
222,ref,103663.88888888889,63,0,0.0,True,ok,824.4268077601412,72.77783720183976,0.06274105037265221,74.12791128973593,51.725403874243874,62,1
222,ref,156433.33333333334,63,0,0.0,True,ok,823.8536155202818,72.82847203639287,0.06336747760290345,84.28518513530314,52.20552552955249,62,1
222,ref,209258.3333333333,63,0,0.0,True,ok,821.340388007055,73.05132059265618,0.06752771768531482,91.54711439321501,55.46324184488735,62,1
222,ref,261836.1111111111,63,0,0.0,True,ok,815.7848324514995,73.54880553453677,0.06198491061066543,81.68242234575231,50.56634991704287,62,1
222,ref,314022.22222222225,63,0,0.0,True,ok,825.6172839506171,72.6728971962617,0.07348755636920373,92.21285632798198,60.67259669370986,62,1
222,ref,366922.2222222222,63,0,0.0,True,ok,812.7425044091716,73.82411978516785,0.06756733170765912,90.66603854586208,54.914842388328104,62,1
222,ref,419038.8888888889,63,0,0.0,True,ok,836.4638447971777,71.73053608138741,0.0746520088633495,98.35299906625127,62.4437063556703,62,1
222,ref,472663.8888888889,63,0,0.0,True,ok,805.5996472663135,74.4786820644738,0.06760103975812873,90.9545216575622,54.45937378398453,62,1
222,ref,524230.5555555556,63,0,0.0,True,ok,792.5044091710736,75.70935796150016,0.30226558849921087,344.3956636749276,239.54681162631397,62,1
222,ref,574497.2222222222,63,0,0.0,True,ok,777.8218694885358,77.13848421291314,0.292124220864041,271.637556986493,227.2206075953503,62,1
222,ref,623963.8888888889,63,0,0.0,True,ok,738.756613756615,81.21754700089511,0.273950878168102,125.48392983468236,202.38302309111802,62,1
222,ref,671252.7777777778,63,0,0.0,True,ok,727.9100529100535,82.42776667272389,0.38025069602157563,389.02007515930404,276.7883042601498,62,1
222,ref,718238.888888889,63,0,0.0,True,ok,644.4444444444426,93.10344827586233,0.4023893841136787,278.250717462159,259.3176030954811,62,1
222,ref,759377.7777777778,63,0,0.0,True,ok,763.6243386243392,78.57266585830585,0.3655139902614885,346.67250391417593,279.11537907137233,62,1
222,ref,808563.8888888889,63,0,0.0,True,ok,790.4320987654326,75.90784849668094,0.2585056952819313,197.56803696799034,204.33119926451434,62,1
222,ref,859130.5555555556,63,0,0.0,True,ok,724.6031746031746,82.8039430449069,0.35240770654771936,322.62268866792374,255.3557429191014,62,1
222,ref,905872.2222222222,63,0,0.0,True,ok,735.8024691358016,81.54362416107392,0.308201963386186,204.69736332833102,226.77576565205757,62,1
222,ref,953447.2222222222,63,0,0.0,True,ok,647.354497354498,92.6849203105843,0.360701973957495,264.30169560613086,233.5020450460294,62,1
222,ref,994961.1111111111,63,0,0.0,True,ok,583.6419753086428,102.80274986779467,0.22996500656110716,172.57161921783987,134.2172306811896,62,1
222,ref,1032136.1111111111,63,0,0.0,True,ok,588.7566137566168,101.90968321725401,0.2589998167269298,199.8586965987163,152.48785505973154,62,1
222,ref,1069800.0,63,0,0.0,True,ok,795.5026455026467,75.42401064183561,0.2617901054747166,295.1477702648827,208.25472147155398,62,1
222,ref,1120355.5555555555,63,0,0.0,True,ok,813.9329805996506,73.71614301191735,0.30394338231869333,444.4615252093652,247.3895431041932,62,1
222,ref,1172075.0,63,0,0.0,True,ok,737.6102292768968,81.34377428417709,0.32655687571747055,444.4307233545402,240.87169196991056,62,1
222,ref,1219547.2222222222,63,0,0.0,True,ok,676.1022927689603,88.74396765358017,0.43974788294819195,362.0167166667042,297.31455190156896,62,1
222,ref,1262575.0,63,0,0.0,True,ok,694.2239858906546,86.42743728167646,0.3617507672103758,230.27415136511217,251.1360595117894,62,1
222,ref,1307186.1111111112,63,0,0.0,True,ok,661.6402116402104,90.68372650939641,0.36561008944851425,304.4254516876348,241.90233696051124,62,1
222,ref,1349838.888888889,63,0,0.0,True,ok,742.5925925925914,80.7980049875313,0.41678688242097084,314.8722187456206,309.50285157557227,62,1
222,ref,1397769.4444444445,63,0,0.0,True,ok,770.0617283950597,77.91583166332686,0.32940115657231056,320.1659298245779,253.65922396540515,62,1
222,ref,1447286.111111111,63,0,0.0,True,ok,727.4250440917103,82.4827251788096,0.40668666633603096,292.2429875282236,295.834066190998,62,1
222,ref,1494061.1111111112,63,0,0.0,True,ok,674.9559082892383,88.8946955840088,0.2606386441166536,156.55004047662518,175.91959277503148,62,1
222,ref,1537013.888888889,63,0,0.0,True,ok,658.2451499118137,91.15145019760239,0.3705687459068362,155.56275584985758,243.92507970207816,62,1
222,ref,1579613.8888888888,63,0,0.0,True,ok,641.8871252204602,93.47437834867402,0.4081330930112507,197.50724016185055,261.9753777803264,62,1
222,ref,1620616.6666666665,63,0,0.0,True,ok,594.9294532627895,100.85229378196053,0.23151170147164277,174.6654365784695,137.73312998046256,62,1
222,ref,1658552.7777777778,63,0,0.0,True,ok,605.5555555555555,99.08256880733946,0.2279864299237238,210.3300373501849,138.0584492315883,62,1
222,ref,1697375.0,63,0,0.0,True,ok,590.3439153439128,101.63567107326953,0.24793169879812882,204.23721137581535,146.36496980635505,62,1
222,ref,1734969.4444444445,63,0,0.0,True,ok,622.7072310405636,96.35346597748367,0.22141065491921294,197.02682278526592,137.87401584762083,62,1
222,det,880.7134894091415,63,0,0.0,True,ok,804.9760223673268,74.53638162233457,0.13098788502586645,179.40328538375888,105.44210666643069,62,1
222,det,52396.878483835004,63,0,0.0,True,ok,813.8238573021181,73.72602739726028,0.1403044874012318,201.0481386179163,114.1831391336669,62,1
222,det,104537.34671125976,63,0,0.0,True,ok,821.7869087434302,73.01162790697677,0.13033436672414983,183.67657400615977,107.10707633327168,62,1
222,det,157112.59754738014,63,0,0.0,True,ok,827.6264798003928,72.4964720974984,0.13899407864259042,198.1709605837823,115.03518002006606,62,1
222,det,210089.1861761427,63,0,0.0,True,ok,821.432995346039,73.04308487720809,0.1744994663643356,255.06596911911134,143.33961934194159,62,1
222,det,262619.8439241917,63,0,0.0,True,ok,814.0008140008144,73.70999999999997,0.13483026913753432,188.9963322446822,109.75194882990183,62,1
222,det,314816.05351170566,63,0,0.0,True,ok,827.095609704305,72.54300385109117,0.1392968243365735,202.8447979470567,115.21179185453174,62,1
222,det,367569.6767001115,63,0,0.0,True,ok,815.062554192988,73.61398176291802,0.16643603771384866,242.54569365860348,135.65578200880998,62,1
222,det,419687.84838350053,63,0,0.0,True,ok,840.8982322025806,71.35227272727268,0.13598976661394213,197.3651473175072,114.35355434330546,62,1
222,det,473366.77814938687,63,0,0.0,True,ok,805.506892463414,74.48725834797892,0.160132629959111,230.75020651948495,128.9879371403573,62,1
222,det,524860.646599777,63,0,0.0,True,ok,787.8112225938304,76.16037735849065,0.31944188207105684,357.6482336682047,251.65989966207346,62,1
222,det,574972.1293199554,63,0,0.0,True,ok,777.7246907681692,77.14812286689418,0.30301788430394877,303.1500894653568,235.66449036751345,62,1
222,det,625016.7224080267,63,0,0.0,True,ok,732.0698625046468,81.95939086294398,0.2868864271968426,165.02188118078072,210.02090731244195,62,1
222,det,671995.5406911928,63,0,0.0,True,ok,734.0163861902981,81.74204435872721,0.38581722915232936,401.9965583946399,283.19616827234694,62,1
222,det,718717.9487179487,63,0,0.0,True,ok,645.3610801436876,92.971209213052,0.40203480912839523,264.1769440065145,259.4576186744624,62,1
222,det,759843.9241917502,63,0,0.0,True,ok,773.3007733007738,77.58947368421047,0.3653109133423559,348.199685387435,282.4952117828558,62,1
222,det,809598.6622073578,63,0,0.0,True,ok,784.2720886199155,76.50406137184108,0.2685462855079313,221.36839481322693,210.61335622642545,62,1
222,det,859721.293199554,63,0,0.0,True,ok,732.600732600734,81.89999999999985,0.3591477876331769,339.1146616596538,263.1119323319982,62,1
222,det,906365.663322185,63,0,0.0,True,ok,745.3416149068332,80.4999999999999,0.31101850915550877,218.01513666643962,231.81503787988262,62,1
222,det,954659.977703456,63,0,0.0,True,ok,639.6984657854238,93.79419087136908,0.34752627736266023,263.48552931467816,222.3120264490134,62,1
222,det,995618.72909699,63,0,0.0,True,ok,579.5331882288391,103.53160305343535,0.2350034883749622,172.26666672651257,136.19232086284077,62,1
222,det,1032753.6231884058,63,0,0.0,True,ok,588.0271097662422,102.03611194703547,0.25918950776902616,200.38899536299155,152.41045713515544,62,1
222,det,1070222.9654403569,63,0,0.0,True,ok,795.7742740351389,75.39826551034068,0.2745192793157186,321.9858389960233,218.4553802061155,62,1
222,det,1121571.906354515,63,0,0.0,True,ok,801.613845092104,74.84900662251674,0.3185062475386236,454.96257118814293,255.31901777529356,62,1
222,det,1173132.6644370123,63,0,0.0,True,ok,736.6707366707343,81.44751381215495,0.3268902941101385,446.2431926808457,240.81051377262872,62,1
222,det,1219988.851727982,63,0,0.0,True,ok,669.0732777689303,89.6762761174292,0.42519040239179695,372.75120869460665,284.48353620417004,62,1
222,det,1262575.2508361205,63,0,0.0,True,ok,692.0776485993845,86.69547430324766,0.3626765104939402,228.75218054138912,251.00030658487609,62,1
222,det,1307190.635451505,63,0,0.0,True,ok,661.6410964237053,90.6836052420433,0.36601515634345533,304.68032744195074,242.1706693507777,62,1
222,det,1349843.9241917501,63,0,0.0,True,ok,742.5103077276995,80.80695900857955,0.41327866547402237,310.173853627707,306.8636690784093,62,1
222,det,1397770.3455964325,63,0,0.0,True,ok,770.1155527242466,77.91038602941194,0.3349775667971067,332.265326057552,257.97143400417707,62,1
222,det,1447290.9698996656,63,0,0.0,True,ok,727.2920316398543,82.4978102189785,0.408000679690152,294.42497140347507,296.7356432422921,62,1
222,det,1493946.4882943144,63,0,0.0,True,ok,676.6824158128492,88.66788702928889,0.27254160206582895,193.3530959213284,184.42410969540933,62,1
222,det,1537012.2630992197,63,0,0.0,True,ok,658.2789191484843,91.1467741935484,0.3762677038339398,174.65307344819936,247.6890973902879,62,1
222,det,1579052.3968784837,63,0,0.0,True,ok,634.3897648245495,94.57907949790764,0.3968807379997275,230.8110091195964,251.77707804304077,62,1
222,det,1619397.9933110368,63,0,0.0,True,ok,595.4592911114636,100.76255572065403,0.23125356868084734,175.10012368991912,137.70208607369352,62,1
222,det,1657603.1215161649,63,0,0.0,True,ok,600.0601652775566,99.98997345915659,0.2337327509425451,210.9589623526082,140.2537131613616,62,1
222,det,1696120.4013377926,63,0,0.0,True,ok,589.9736334518936,101.69946010797852,0.2503487952801167,206.9343882860568,147.69918838171475,62,1
222,det,1733935.3400222964,63,0,0.0,True,ok,623.9493196014951,96.16165626772523,0.2231844913717285,196.5050313127136,139.25581153699574,62,1
223,ref,566.6666666666666,63,0,0.0,True,ok,749.8677248677247,80.01411183630272,0.029019249114488516,29.097246281031673,21.76059831085124,62,1
223,ref,48580.555555555555,63,0,0.0,True,ok,747.0017636684304,80.32109550230197,0.08305124327812924,102.02365492803727,62.039425203618414,62,1
223,ref,96383.33333333334,63,0,0.0,True,ok,742.8571428571429,80.76923076923076,0.16361131954979063,200.13529623254428,121.53983737984447,62,1
223,ref,143905.55555555556,63,0,0.0,True,ok,728.615520282187,82.34795763993948,0.08881332961654315,105.22550266826066,64.71077036655096,62,1
223,ref,190544.44444444444,63,0,0.0,True,ok,738.6243386243387,81.2320916905444,0.03968929266371017,41.43754206601986,29.315477544200746,62,1
223,ref,237811.1111111111,63,0,0.0,True,ok,727.2486772486781,82.50272826482347,0.04139382237061323,49.791730715338375,30.103602565295212,62,1
223,ref,284350.0,63,0,0.0,True,ok,726.7636684303353,82.55778681065338,0.06245131649263924,72.71937381301771,45.387347872494395,62,1
223,ref,330861.11111111107,63,0,0.0,True,ok,734.2151675485019,81.71991352390093,0.061542485784292444,64.58827109502478,45.18542651146557,62,1
223,ref,377855.55555555556,63,0,0.0,True,ok,714.7266313932977,83.94818013571874,0.036268467597376765,22.222222222226733,25.922039671670063,62,1
223,ref,423588.8888888889,63,0,0.0,True,ok,691.2698412698422,86.79678530424788,0.06584629622849075,75.09203830930869,45.51755874207581,62,1
223,ref,467819.44444444444,63,0,0.0,True,ok,691.5784832451508,86.75804909148857,0.05764405855320657,60.63885625648194,39.86539058232126,62,1
223,ref,512086.1111111111,63,0,0.0,True,ok,691.7548500881826,86.7359296322265,0.06053893555756209,59.35275815358017,41.87810229111951,62,1
223,ref,556333.3333333334,63,0,0.0,True,ok,629.0123456790119,95.38763493621204,0.13232788221079803,122.2995845093624,83.23587158815006,62,1
223,ref,596500.0,63,0,0.0,True,ok,550.6613756613768,108.95988469853448,0.06851430182279306,64.65567594341164,37.728179694218,62,1
223,ref,631697.2222222222,63,0,0.0,True,ok,686.4197530864205,87.41007194244594,0.09014359034441352,68.23498765608757,61.87634102653577,62,1
223,ref,675616.6666666666,63,0,0.0,True,ok,682.8483245149902,87.86724349454394,0.06108248424357787,49.2109686400146,41.71007202294044,62,1
223,ref,719327.7777777778,63,0,0.0,True,ok,674.0299823633155,89.01681167004647,0.2306646002579787,297.14558687765077,155.4748564437266,62,1
223,ref,762441.6666666667,63,0,0.0,True,ok,676.4991181657838,88.69191162093476,0.07385407321769376,77.73856538419435,49.96221540472106,62,1
223,ref,805577.7777777778,63,0,0.0,True,ok,696.693121693121,86.12113157395109,0.09227961590330619,98.38526057394533,64.29057367231657,62,1
223,ref,850177.7777777778,63,0,0.0,True,ok,685.0088183421527,87.59011328527278,0.09280697188383293,99.9919102661297,63.573594144057786,62,1
223,ref,894008.3333333334,63,0,0.0,True,ok,690.3439153439148,86.91320176278988,0.17013576033381006,210.75061183845563,117.45218692885635,62,1
223,ref,938397.2222222222,63,0,0.0,True,ok,688.6243386243392,87.13023434498648,0.11328699562654192,145.1715227155979,78.01218243806584,62,1
223,ref,982463.8888888889,63,0,0.0,True,ok,696.031746031746,86.20296465222349,0.15256654170819983,186.82258486551945,106.19115641118353,62,1
223,ref,1027019.4444444444,63,0,0.0,True,ok,605.5555555555574,99.08256880733916,0.17236770285679331,157.88742782313432,104.37822006328071,62,1
223,ref,1065822.2222222222,63,0,0.0,True,ok,663.6684303350991,90.40659048631383,0.17698448487046878,182.67504275764745,117.4590152676501,62,1
223,ref,1108341.6666666667,63,0,0.0,True,ok,691.0493827160477,86.82447521214849,0.08625255394778199,97.17100545468183,59.60477416329734,62,1
223,ref,1152647.222222222,63,0,0.0,True,ok,695.7671957671982,86.23574144486662,0.08704726703971363,95.05063208787298,60.56463288742002,62,1
223,ref,1197147.222222222,63,0,0.0,True,ok,694.9294532627895,86.33969925766095,0.020577386098387135,19.01732635550429,14.299831670929496,62,1
223,ref,1241619.4444444445,63,0,0.0,True,ok,697.2222222222222,86.05577689243029,0.032705037511818184,33.94744925670398,22.80267893185101,62,1
223,ref,1286244.4444444445,63,0,0.0,True,ok,694.664902998238,86.37258013329082,0.28270761576442904,387.9196190247523,196.38705848186024,62,1
223,ref,1330505.5555555555,63,0,0.0,True,ok,698.1481481481469,85.94164456233437,0.28285919403775645,389.3587151715769,197.47762250413703,62,1
223,ref,1374983.3333333333,63,0,0.0,True,ok,687.0370370370395,87.33153638813985,0.27354046385023906,371.7429576509724,187.93242979340565,62,1
223,ref,1418744.4444444445,63,0,0.0,True,ok,693.7830687830675,86.48236415633953,0.2413666584821721,329.18812219300366,167.45610102367596,62,1
223,ref,1463152.7777777778,63,0,0.0,True,ok,692.8130511463849,86.60344937313049,0.11350549885002585,129.58151095310677,78.63809098017889,62,1
223,ref,1507433.3333333335,63,0,0.0,True,ok,698.8977072310397,85.84947321935535,0.16848452804459677,194.34841458710994,117.75345035427249,62,1
223,ref,1551988.8888888888,63,0,0.0,True,ok,697.6631393298056,86.00139038109086,0.1523751465230539,158.41191535468025,106.30652307911289,62,1
223,ref,1596647.222222222,63,0,0.0,True,ok,698.9858906525631,85.8386425282274,0.11726059987390493,125.12339588396063,81.96350484131526,62,1
223,ref,1641433.3333333335,63,0,0.0,True,ok,690.3880070546709,86.90765104100176,0.25965880897741367,347.73707349370693,179.26532764410612,62,1
223,ref,1685413.8888888888,63,0,0.0,True,ok,692.1957671957659,86.68068029810831,0.21879737912554825,292.7106252859881,151.45061970423174,62,1
223,ref,1729716.6666666667,63,0,0.0,True,ok,695.2821869488532,86.29589701312707,0.12313896728489224,140.9987593541004,85.61633047246316,62,1
223,det,568.561872909699,63,0,0.0,True,ok,749.9424890729238,80.00613496932516,0.035940610961113596,40.04577525680628,26.953391242979137,62,1
223,det,48584.16945373467,63,0,0.0,True,ok,746.9342251950948,80.32835820895522,0.08318738911881671,102.29324687567899,62.13550803746621,62,1
223,det,96387.95986622073,63,0,0.0,True,ok,742.8642211250907,80.76846117198666,0.16677092593171713,202.93371946719552,123.88815399857523,62,1
223,det,143913.04347826086,63,0,0.0,True,ok,728.5307285307287,82.35754189944133,0.09024438454765146,107.06161435607095,65.74580722030775,62,1
223,det,190546.26532887403,63,0,0.0,True,ok,738.6172603563907,81.23287014853858,0.040840383933258964,42.944309673183724,30.16541249268689,62,1
223,det,237814.9386845039,63,0,0.0,True,ok,727.292031639858,82.49781021897807,0.04710205333206629,58.76981869685345,34.256948062287435,62,1
223,det,284347.8260869565,63,0,0.0,True,ok,726.9381182424665,82.53797468354425,0.07071707218871265,82.94407186343933,51.40693538447944,62,1
223,det,330869.5652173913,63,0,0.0,True,ok,734.016386190299,81.74204435872711,0.06058083907106998,63.20702673583375,44.46732856732286,62,1
223,det,377859.5317725752,63,0,0.0,True,ok,714.7281060324536,83.94800693240904,0.03728281991951685,24.317712531093594,26.647079268625316,62,1
223,det,423589.74358974356,63,0,0.0,True,ok,691.3698218046043,86.784233427182,0.06776496296294152,78.1534113235323,46.850650368284484,62,1
223,det,467826.0869565217,63,0,0.0,True,ok,691.5467785033001,86.76202661207782,0.058981061472755045,62.376999456900045,40.78816305418886,62,1
223,det,512095.87513935345,63,0,0.0,True,ok,691.7237352019948,86.73983115886432,0.06074797065175558,59.27924589603956,42.02081316517353,62,1
223,det,556343.3667781494,63,0,0.0,True,ok,628.9041071649759,95.40405177265066,0.1655144712778138,172.06290756578875,104.09273078185653,62,1
223,det,596454.8494983277,63,0,0.0,True,ok,551.3970731362047,108.8145057766365,0.13595939252007883,143.77492985287768,74.96761110094786,62,1
223,det,631661.0925306577,63,0,0.0,True,ok,687.1228610359054,87.32062838011835,0.09497651441926631,76.23173774788395,65.2605343189842,62,1
223,det,675618.72909699,63,0,0.0,True,ok,682.8759002672039,87.86369525783891,0.06192084814471305,50.29691981485968,42.28425492212974,62,1
223,det,719331.1036789297,63,0,0.0,True,ok,674.0280653324148,89.01706484641616,0.23681027445420472,304.71651138672036,159.6167711412058,62,1
223,det,762441.4715719062,63,0,0.0,True,ok,676.5054591141571,88.69108030342632,0.07929847115651831,82.6414215371116,53.645848636791165,62,1
223,det,805585.2842809365,63,0,0.0,True,ok,696.6785227654775,86.12293624587271,0.09639311991868203,104.61839031040009,67.15501638970292,62,1
223,det,850178.3723522853,63,0,0.0,True,ok,684.9993806515547,87.5913200723327,0.09605140542864049,103.28782857214084,65.79515322933011,62,1
223,det,894013.3779264215,63,0,0.0,True,ok,690.308081612427,86.91771340681906,0.17481339309746446,216.30743205462431,120.67509802926979,62,1
223,det,938405.7971014492,63,0,0.0,True,ok,688.5385146254714,87.14109483423282,0.11847184114807054,152.02897444455974,81.57242552903729,62,1
223,det,982463.768115942,63,0,0.0,True,ok,696.1476526693922,86.18861209964408,0.1535432909408251,186.79862575040661,106.88880157158896,62,1
223,det,1027023.4113712375,63,0,0.0,True,ok,605.3688662384308,99.11312481730499,0.17337486743757868,159.44304750474433,104.95574693492524,62,1
223,det,1065819.397993311,63,0,0.0,True,ok,663.7645768080542,90.39349506798199,0.17850890354599064,183.46909765171316,118.48788681867426,62,1
223,det,1108350.0557413602,63,0,0.0,True,ok,690.8389517085161,86.85092213114764,0.09599462651022629,108.24403423247593,66.31682714797526,62,1
223,det,1152597.5473801561,63,0,0.0,True,ok,696.5015660667799,86.14481707317117,0.09350140227560146,99.72322747905233,65.12387311439639,62,1
223,det,1197146.0423634336,63,0,0.0,True,ok,694.9089557785201,86.34224598930493,0.021562187327278538,20.808395212032202,14.983757079899968,62,1
223,det,1241627.6477146042,63,0,0.0,True,ok,697.2093928615666,86.05736040609139,0.03309817453275316,35.08293330044919,23.076358170806998,62,1
223,det,1286243.032329989,63,0,0.0,True,ok,694.7319990798262,86.3642384105959,0.29063291809989694,398.9305983295518,201.91198818994482,62,1
223,det,1330501.6722408028,63,0,0.0,True,ok,698.2711330537373,85.92650785605731,0.2940308074841199,405.0541582548259,205.31322509464172,62,1
223,det,1374983.277591973,63,0,0.0,True,ok,687.1228610359074,87.32062838011811,0.2818821825818406,383.05516240645983,193.68769177068032,62,1
223,det,1418740.2452619844,63,0,0.0,True,ok,693.8472155863457,86.47436878347365,0.2458796717577447,334.73872850237245,170.6029256183958,62,1
223,det,1463154.960981048,63,0,0.0,True,ok,692.7854753941712,86.60689655172412,0.12083170481187556,136.4571176815508,83.71045006078337,62,1
223,det,1507435.8974358975,63,0,0.0,True,ok,698.8020031498264,85.8612306913146,0.1794389404205673,206.4446135425131,125.39229100897478,62,1
223,det,1551984.392419175,63,0,0.0,True,ok,697.7402629576557,85.99188435201606,0.15385948483808876,160.12051727760172,107.35395740945748,62,1
223,det,1596655.5183946488,63,0,0.0,True,ok,698.978959848524,85.8394936708862,0.1257694030389722,133.9215388069227,87.91016651695058,62,1
223,det,1641438.127090301,63,0,0.0,True,ok,690.3080816124307,86.9177134068186,0.26824105956827565,357.2304250821618,185.1689712402621,62,1
223,det,1685406.911928651,63,0,0.0,True,ok,692.4315619967833,86.65116279069719,0.22838964403788814,305.29158821863376,158.1441979650442,62,1
223,det,1729721.293199554,63,0,0.0,True,ok,695.2628691759115,86.29829473148398,0.13631100412817201,154.44903277221937,94.77197983040239,62,1
228,ref,444.4444444444444,63,0,0.0,True,ok,836.1992945326278,71.75322963353547,0.19784098204332712,288.58070479160045,165.43448961427242,62,1
228,ref,53911.11111111111,63,0,0.0,True,ok,855.0705467372132,70.16964884236582,0.263285917263502,388.82151874205033,225.12803322271134,62,1
228,ref,108805.55555555556,63,0,0.0,True,ok,871.1199294532624,68.87685377334618,0.21720297400247654,309.2655190775782,189.20983939007616,62,1
228,ref,164802.77777777778,63,0,0.0,True,ok,867.3721340388006,69.17446116307443,0.16256310027174747,222.61977208491984,141.00270319866914,62,1
228,ref,220305.55555555553,63,0,0.0,True,ok,863.6684303350968,69.47110475801513,0.15651430144926956,210.12965124072184,135.1764610576848,62,1
228,ref,275552.7777777778,63,0,0.0,True,ok,831.3051146384474,72.17566564124328,0.14247498967138417,203.06602971773145,118.44018762188162,62,1
228,ref,328463.8888888889,63,0,0.0,True,ok,874.7795414462083,68.58870967741933,0.3069331394921473,486.8845613339008,268.4988310195857,62,1
228,ref,384147.22222222225,63,0,0.0,True,ok,860.8024691358025,69.70240229472928,0.2974142412208902,499.96913484979234,256.0149131990935,62,1
228,ref,439258.3333333333,63,0,0.0,True,ok,859.3474426807767,69.82042072857871,0.21337358746926044,334.645342083387,183.36204672733197,62,1
228,ref,494725.0,63,0,0.0,True,ok,894.79717813051,67.0543017640683,0.2820520782563781,466.77519432702417,252.3794037096529,62,1
228,ref,551908.3333333333,63,0,0.0,True,ok,850.3527336860693,70.55895468215266,0.170642033056952,250.14904955494794,145.10591929172773,62,1
228,ref,606330.5555555555,63,0,0.0,True,ok,869.7971781305118,68.98159882394684,0.1921346595963693,297.015931827649,167.11818473798849,62,1
228,ref,661961.1111111111,63,0,0.0,True,ok,874.4708994708989,68.61291786416584,0.2505766626639203,419.0407276408309,219.1219995861344,62,1
228,ref,717936.1111111111,63,0,0.0,True,ok,887.1693121693115,67.63083345758169,0.23360154631241575,369.82456796607124,207.24412316367346,62,1
228,ref,774358.3333333334,63,0,0.0,True,ok,878.2627865961191,68.31668256438583,0.2352110927396061,395.6890732534404,206.57714974780467,62,1
228,ref,830516.6666666666,63,0,0.0,True,ok,887.3897707231051,67.61403160091416,0.14869153278100675,205.61124887291712,131.94734518300464,62,1
228,ref,887558.3333333333,63,0,0.0,True,ok,920.282186948855,65.19739363740887,0.10607235704915204,141.5225213672906,97.61650072001343,62,1
228,ref,946508.3333333334,63,0,0.0,True,ok,891.9312169312163,67.2697612338722,0.13650451209335007,185.67058546858829,121.75263558802367,62,1
228,ref,1003616.6666666666,63,0,0.0,True,ok,926.2786596119939,64.7753236862147,0.19256355887118812,305.65553105394446,178.3675152013194,62,1
228,ref,1062858.3333333333,63,0,0.0,True,ok,912.6102292769004,65.74548265532869,0.16958538642977558,249.11407143995694,154.76535839168926,62,1
228,ref,1121277.7777777778,63,0,0.0,True,ok,921.7372134038809,65.09447500597938,0.17150188700783478,253.1885472566797,158.07967142410888,62,1
228,ref,1180519.4444444445,63,0,0.0,True,ok,916.0052910052934,65.50180505415145,0.16805451232581348,245.6929362370856,153.93882246775945,62,1
228,ref,1239266.6666666667,63,0,0.0,True,ok,860.0970017636668,69.7595734864409,0.1803974044671944,246.52679968501783,155.1592667081814,62,1
228,ref,1294238.8888888888,63,0,0.0,True,ok,910.8024691358054,65.87597424601809,0.2396705062324568,331.62195084104223,218.2924888555501,62,1
228,ref,1352516.6666666667,63,0,0.0,True,ok,902.9982363315676,66.44531250000016,0.1826946550786104,262.2335366005644,164.97295132318925,62,1
228,ref,1409922.2222222222,63,0,0.0,True,ok,913.8447971781309,65.65666312843769,0.3270642310653354,570.5699603463622,298.8859459021227,62,1
228,ref,1468455.5555555555,63,0,0.0,True,ok,878.4832451499126,68.2995382453322,0.17654932142738683,258.0894520758235,155.0956208165458,62,1
228,ref,1524602.777777778,63,0,0.0,True,ok,873.941798941794,68.65445739367377,0.2055025677583594,302.4181136306932,179.59728375389852,62,1
228,ref,1580577.7777777778,63,0,0.0,True,ok,871.2962962962976,68.86291179596164,0.24015744176535286,380.81251299268223,209.2482895381457,62,1
228,ref,1636369.4444444445,63,0,0.0,True,ok,854.1005291005279,70.24934179959743,0.22537926823157206,351.47042773058064,192.4965522448755,62,1
228,ref,1691177.7777777778,63,0,0.0,True,ok,869.4885361552024,69.00608519269781,0.22131814935993477,346.53408513818397,192.43359371154813,62,1
228,ref,1746777.7777777778,63,0,0.0,True,ok,847.0899470899483,70.83073079325412,0.2188810796574689,329.7271705051215,185.41196218603608,62,1
228,det,445.9308807134894,63,0,0.0,True,ok,802.498628585585,74.7664829106946,0.23040562264846998,307.0070908512894,184.90019619380496,62,1
228,det,51850.613154960985,63,0,0.0,True,ok,847.2686733556297,70.81578947368422,0.26583947822578996,359.04672275123795,225.23746204191787,62,1
228,det,105953.17725752508,63,0,0.0,True,ok,867.9726071030417,69.12660550458718,0.22237979280847214,312.5046167645425,193.0195685310038,62,1
228,det,161638.79598662205,63,0,0.0,True,ok,865.3182566226048,69.33865030674843,0.15988640719841404,210.46902870009475,138.35262713458354,62,1
228,det,216700.11148272015,63,0,0.0,True,ok,867.0878236095623,69.1971428571429,0.18003620439060097,252.95097083230092,156.10720063597253,62,1
228,det,272151.6164994426,63,0,0.0,True,ok,820.9021252499513,73.09032118991162,0.21958017511558853,257.6580781554248,180.25383241514308,62,1
228,det,324648.8294314381,63,0,0.0,True,ok,849.39215373998,70.63874999999999,0.3142304106990057,472.51045213675883,266.9048453142269,62,1
228,det,378717.94871794875,63,0,0.0,True,ok,862.309992744775,69.58054586497028,0.30687534130064886,518.2331806174814,264.62167333051286,62,1
228,det,433868.4503901895,63,0,0.0,True,ok,857.7091185786837,69.95378584691562,0.2048996613560411,309.6855306151186,175.74430793876078,62,1
228,det,489152.73132664437,63,0,0.0,True,ok,893.1004583178493,67.18169209431348,0.2993918373729234,492.93730518594015,267.3869871743809,62,1
228,det,546510.5908584169,63,0,0.0,True,ok,855.4086814956399,70.14191146048805,0.17984444944243302,258.1594005210994,153.8405033718609,62,1
228,det,601181.7168338908,63,0,0.0,True,ok,868.1495638017373,69.11251528740321,0.1940587404674257,299.07921229277173,168.47201088871014,62,1
228,det,656811.5942028986,63,0,0.0,True,ok,875.9356585443537,68.49818181818186,0.23190999274447446,386.2004475413816,203.13823221764753,62,1
228,det,712608.6956521738,63,0,0.0,True,ok,884.429580081755,67.84033613445371,0.2252925549850719,348.97601284758474,199.25539980099285,62,1
228,det,768862.8762541806,63,0,0.0,True,ok,884.2526233830574,67.8539123474085,0.26104176107160787,443.35665084492825,230.82686204010255,62,1
228,det,825440.3567447045,63,0,0.0,True,ok,888.8534975491505,67.50268763687033,0.15576334611817425,222.64154559076331,138.45079498709808,62,1
228,det,882240.8026755851,63,0,0.0,True,ok,918.9361363274419,65.29289428076248,0.12390596162354847,177.640368838258,113.86166564227992,62,1
228,det,941092.5306577481,63,0,0.0,True,ok,887.2608872608869,67.6238532110092,0.13292824256275731,168.2220494035325,117.94203043826244,62,1
228,det,998193.9799331103,63,0,0.0,True,ok,924.9526640831027,64.86818442701332,0.2017977396591387,320.76328514531207,186.65335690366874,62,1
228,det,1057324.414715719,63,0,0.0,True,ok,910.4422147900443,65.90204081632628,0.1404250797409444,208.98274478269738,127.848920611414,62,1
228,det,1115596.4325529542,63,0,0.0,True,ok,916.281785847002,65.48203939745085,0.2075264277167489,311.7692843208596,190.15268579875143,62,1
228,det,1174459.3088071349,63,0,0.0,True,ok,909.9113446939551,65.94049008168015,0.18761941047533798,268.0712472728561,170.7170300763019,62,1
228,det,1232630.9921962095,63,0,0.0,True,ok,862.4869494434697,69.56627000410353,0.17356132207366362,243.4819360963907,149.69437521668968,62,1
228,det,1287993.3110367893,63,0,0.0,True,ok,891.1539346321952,67.32843526608421,0.270219248132909,368.5680101408803,240.80694618699528,62,1
228,det,1344927.536231884,63,0,0.0,True,ok,898.2322025800249,66.79787234042581,0.16540358726115942,224.4975590135034,148.57082850022857,62,1
228,det,1402497.2129319955,63,0,0.0,True,ok,895.9317654969822,66.96938573968009,0.3253809063637298,558.5793542311166,291.51908989746465,62,1
228,det,1459487.1794871795,63,0,0.0,True,ok,885.4913202739314,67.75899280575521,0.21422833447236594,322.09165813313064,189.69733073202067,62,1
228,det,1516209.5875139353,63,0,0.0,True,ok,867.2647803082567,69.18302387267919,0.2069661177049866,300.87678432137636,179.494424602668,62,1
228,det,1571917.5027870678,63,0,0.0,True,ok,872.3965245704388,68.77606490872202,0.22925144323673083,364.90579702850704,199.9981623324812,62,1
228,det,1627692.3076923075,63,0,0.0,True,ok,822.4947355382167,72.94879518072264,0.24980223050409545,346.9828354295125,205.46101951532262,62,1
228,det,1680635.4515050165,63,0,0.0,True,ok,865.6721700200005,69.31030253475026,0.22395593131076355,346.5145683796207,193.87241704663887,62,1
228,det,1735752.508361204,63,0,0.0,True,ok,860.8943391552062,69.69496402877718,0.20095771869114704,299.0591040994816,173.00336243075287,62,1
230,ref,208.33333333333334,63,0,0.0,True,ok,753.4391534391535,79.63483146067415,0.04135089005103986,18.337677339159995,31.15537959401099,62,1
230,ref,48475.0,63,0,0.0,True,ok,801.1022927689594,74.89680224558315,0.03992804995421232,24.185250136679315,31.986452364113035,62,1
230,ref,99852.77777777778,63,0,0.0,True,ok,808.1128747795412,74.24705368834572,0.05475925435168212,27.104290669199873,44.251658454921944,62,1
230,ref,151516.6666666667,63,0,0.0,True,ok,702.954144620811,85.35407388822684,0.0795235609083424,22.94414286384173,55.90141673552479,62,1
230,ref,196483.3333333333,63,0,0.0,True,ok,699.7354497354498,85.74669187145557,0.04413461422851928,19.193205355540748,30.882554136093525,62,1
230,ref,241261.11111111112,63,0,0.0,True,ok,726.3227513227511,82.60790384265164,0.07707213775447286,31.47642977248825,55.979247144154805,62,1
230,ref,287908.3333333334,63,0,0.0,True,ok,934.7442680776003,64.1886792452831,0.04778882405363452,44.46404137847118,44.67032936230382,62,1
230,ref,347644.44444444444,63,0,0.0,True,ok,923.3245149911816,64.98257007783774,0.06627090000668816,43.16020926593518,61.18954660670444,62,1
230,ref,406788.8888888889,63,0,0.0,True,ok,893.9153439153442,67.12044983722993,0.06697293815265216,45.1211365698175,59.868137041749144,62,1
230,ref,463994.4444444445,63,0,0.0,True,ok,895.5908289241609,66.99487987396623,0.05212259562245765,37.51741929155528,46.68051861919568,62,1
230,ref,521375.0,63,0,0.0,True,ok,879.0123456790119,68.25842696629216,0.08535658731060984,38.91128387425942,75.02949403105454,62,1
230,ref,577741.6666666666,63,0,0.0,True,ok,898.4126984127003,66.78445229681965,0.04269701251528838,28.863201979574736,38.359538228021066,62,1
230,ref,635219.4444444444,63,0,0.0,True,ok,876.895943562611,68.42316975060332,0.04581605957931753,31.943470454211305,40.17591679512645,62,1
230,ref,691380.5555555556,63,0,0.0,True,ok,868.1657848324505,69.11122397155924,0.053852563988179634,32.66199708170712,46.75295348003773,62,1
230,ref,746930.5555555555,63,0,0.0,True,ok,877.0282186948849,68.41285003267814,0.042619523419595746,33.11419905735679,37.37852470631299,62,1
230,ref,803075.0,63,0,0.0,True,ok,853.5714285714286,70.2928870292887,0.049376152345059855,32.09505557859221,42.14607289453323,62,1
230,ref,857694.4444444445,63,0,0.0,True,ok,861.1111111111111,69.6774193548387,0.058203095123577464,31.525813890480027,50.11933191196948,62,1
230,ref,912819.4444444445,63,0,0.0,True,ok,877.2927689594346,68.39221993265325,0.0568160283204071,30.594224472754302,49.8442908064876,62,1
230,ref,968950.0,63,0,0.0,True,ok,810.58201058201,74.02088772845958,0.060071949094635646,30.69169735838447,48.69324127670991,62,1
230,ref,1020800.0,63,0,0.0,True,ok,834.4356261022936,71.90488771466308,0.055862386608843954,26.820419950553617,46.61356554551909,62,1
230,ref,1074211.1111111112,63,0,0.0,True,ok,748.1481481481469,80.19801980198034,0.12893015496449792,24.99502140789698,96.45885667714273,62,1
230,ref,1122025.0,63,0,0.0,True,ok,704.2328042328055,85.19909842223876,0.05387305859423834,21.32192888861828,37.93917512641871,62,1
230,ref,1167088.888888889,63,0,0.0,True,ok,747.0899470899446,80.31161473087845,0.07051630374063327,21.749565699669162,52.68202163056817,62,1
230,ref,1214963.888888889,63,0,0.0,True,ok,818.1657848324523,73.3347704246604,0.047581934946314644,23.6913563644765,38.92991114919821,62,1
230,ref,1267188.8888888888,63,0,0.0,True,ok,781.6137566137616,76.7642579116597,0.044814932519897425,25.42451207824479,35.02796775926925,62,1
230,ref,1317227.777777778,63,0,0.0,True,ok,775.6613756613732,77.35334242837678,0.03876681369020733,20.384960019166012,30.069920036954375,62,1
230,ref,1366883.3333333335,63,0,0.0,True,ok,756.5255731922382,79.30994288378616,0.06597359216016867,21.7123404265621,49.91070962452255,62,1
230,ref,1415200.0,63,0,0.0,True,ok,772.1781305114642,77.70227830754293,0.08407110788177995,24.565620960410826,64.91787091418047,62,1
230,ref,1464522.222222222,63,0,0.0,True,ok,756.1287477954165,79.35156568896124,0.04014656753943077,23.181576818320895,30.355973841873904,62,1
230,ref,1513005.5555555555,63,0,0.0,True,ok,785.4497354497342,76.3893566857529,0.05504399688987286,23.74382897883252,43.23429279524663,62,1
230,ref,1563191.6666666665,63,0,0.0,True,ok,727.9100529100554,82.42776667272369,0.0616792824994847,19.632348609039447,44.89696978765416,62,1
230,ref,1609744.4444444445,63,0,0.0,True,ok,702.821869488532,85.37013801756638,0.04439587420629624,16.065935923384774,31.20239130724682,62,1
230,ref,1654775.0,63,0,0.0,True,ok,724.5149911816586,82.81402142161627,0.07350835857890481,21.266406742918942,53.25790776757342,62,1
230,ref,1701108.3333333333,63,0,0.0,True,ok,716.0934744268094,83.78794409211237,0.04326377261400201,16.903926525497997,30.980905247972142,62,1
230,ref,1746944.4444444443,63,0,0.0,True,ok,738.5361552028252,81.24179104477575,0.06680067254826183,30.893778138562954,49.3347118687562,62,1
230,det,969.8996655518395,63,0,0.0,True,ok,754.0124931429278,79.57427833841822,0.04276128583309128,20.904508403399902,32.242543741006514,62,1
230,det,49253.065774804905,63,0,0.0,True,ok,803.2064553803683,74.70059484467946,0.042992318093021925,24.7669441865353,34.53170742408142,62,1
230,det,100724.63768115942,63,0,0.0,True,ok,806.2147192581971,74.42186128182621,0.05524614487209735,28.87741921082585,44.54025517815565,62,1
230,det,152285.39576365662,63,0,0.0,True,ok,701.633310328963,85.5147540983606,0.0793360516885748,25.28756742398146,55.66481657468445,62,1
230,det,197212.93199554068,63,0,0.0,True,ok,699.1559165472207,85.81776765375857,0.044313970065903825,21.095421118518086,30.98237435727309,62,1
230,det,241950.94760312152,63,0,0.0,True,ok,729.5924687229036,82.23769100169778,0.08218428604227047,34.39043886737763,59.96103614380939,62,1
230,det,288829.43143812707,63,0,0.0,True,ok,933.6235423191952,64.26573161485969,0.04978935593158186,45.6592088268588,46.48451485463469,62,1
230,det,348528.42809364543,63,0,0.0,True,ok,924.7757073844033,64.88059701492536,0.06639772582396579,43.29298367495082,61.403003867573624,62,1
230,det,407781.49386845034,63,0,0.0,True,ok,892.3926315230672,67.23497917906002,0.06539343742899084,45.725016032031945,58.356621711596176,62,1
230,det,464849.4983277592,63,0,0.0,True,ok,897.3474190865489,66.86373496351808,0.05312622828896936,40.592670263319,47.67268384090946,62,1
230,det,522240.8026755853,63,0,0.0,True,ok,881.0674028065313,68.09921671018292,0.08716040232864397,40.8633730949947,76.79418930727068,62,1
230,det,578717.9487179487,63,0,0.0,True,ok,896.8165489904609,66.90331491712716,0.04163648036295713,29.867007959949284,37.340284631216306,62,1
230,det,636142.6978818283,63,0,0.0,True,ok,876.8204420378343,68.4290615539858,0.04641672668586729,34.79606885150889,40.69913481065149,62,1
230,det,692274.2474916388,63,0,0.0,True,ok,867.61869370565,69.1548031817255,0.05444347999537902,33.32472655960645,47.23618099438043,62,1
230,det,747803.7904124861,63,0,0.0,True,ok,877.3513121339215,68.3876563130294,0.042977775120145625,33.26451923572249,37.70660739425637,62,1
230,det,804002.2296544035,63,0,0.0,True,ok,852.4004176178086,70.38945401702307,0.048982450380242036,34.15648758771918,41.7526611600619,62,1
230,det,858494.9832775919,63,0,0.0,True,ok,862.3099927447777,69.58054586497006,0.058103930434441654,32.65634145286128,50.10359983136645,62,1
230,det,913701.2263099219,63,0,0.0,True,ok,876.99739873653,68.41525423728807,0.05766851181180742,32.65634145284846,50.57513484796196,62,1
230,det,969810.4793756967,63,0,0.0,True,ok,809.3999398347241,74.12898994315682,0.06026822796223248,31.43657124170016,48.78110008657641,62,1
230,det,1021571.906354515,63,0,0.0,True,ok,835.5895312417036,71.80559085133432,0.05518832007480902,27.88865533188553,46.11478250132677,62,1
230,det,1075083.612040134,63,0,0.0,True,ok,745.1646582081337,80.51911659938287,0.12845090609436963,25.524273683961816,95.71707553633603,62,1
230,det,1122675.585284281,63,0,0.0,True,ok,704.9954876041794,85.10692771084383,0.05401609736702428,24.645238564517143,38.08110490174011,62,1
230,det,1167792.6421404681,63,0,0.0,True,ok,748.8807488807499,80.1195652173912,0.07041248977396185,21.425425390881244,52.730558072482694,62,1
230,det,1215785.9531772574,63,0,0.0,True,ok,815.9473376864686,73.53415744957705,0.05250849578986877,24.847750091924965,42.844167345664566,62,1
230,det,1267881.8283166108,63,0,0.0,True,ok,783.3873051264368,76.59046758527208,0.04301319206880284,27.67218125393701,33.69598861966528,62,1
230,det,1317993.3110367893,63,0,0.0,True,ok,776.1320804799057,77.3064295485637,0.03924637619558602,21.37859380400647,30.460371607977223,62,1
230,det,1367692.3076923075,63,0,0.0,True,ok,754.189449841626,79.55560769591717,0.06831676795405435,24.563766478543585,51.52378563822627,62,1
230,det,1415875.1393534,63,0,0.0,True,ok,772.2390331085993,77.6961503208065,0.08394568041795904,24.726442206566766,64.82613107960816,62,1
230,det,1465228.5395763656,63,0,0.0,True,ok,758.4364106103238,79.11012599160054,0.042402422390434596,25.406196225692366,32.159541038984045,62,1
230,det,1513868.4503901894,63,0,0.0,True,ok,783.0333917290416,76.62508474576293,0.05577242449993942,25.563511637428956,43.671670721139456,62,1
230,det,1563857.3021181717,63,0,0.0,True,ok,728.3537718320288,82.3775510204086,0.06110092864111326,20.80839521188734,44.50309183819448,62,1
230,det,1610445.9308807133,63,0,0.0,True,ok,703.7567907133147,85.2567261755089,0.045654756977925134,17.340329343362985,32.1298452515809,62,1
230,det,1655507.2463768115,63,0,0.0,True,ok,723.9298543646407,82.88095820092843,0.07400281142789802,21.518782806504838,53.572844499572184,62,1
230,det,1701817.1683389074,63,0,0.0,True,ok,716.3207163207181,83.76136363636343,0.04339094554886454,17.909015137147534,31.08183319739592,62,1
230,det,1747636.5663322185,63,0,0.0,True,ok,739.3250871511723,81.15509813307823,0.06893190038960804,35.53710020936545,50.9630832630429,62,1
231,ref,500.0,63,0,0.0,True,ok,950.2204585537919,63.143241612918196,0.11745213444942537,166.240868872467,111.6054210546546,62,1
231,ref,61277.77777777778,63,0,0.0,True,ok,1248.3245149911816,48.06442497880758,0.28207730635539985,190.43419649303405,352.12401664612344,62,1
231,ref,141583.33333333334,63,0,0.0,True,ok,990.4320987654321,60.57961981925833,0.15392414009112887,126.98983722120508,152.45140912112115,62,1
231,ref,204980.55555555556,63,0,0.0,True,ok,944.2239858906519,63.54424468830264,0.04618456683829959,60.26313764367922,43.60857578669246,62,1
231,ref,265352.77777777775,63,0,0.0,True,ok,943.9153439153442,63.565022421524645,0.040841524685957815,60.82124149476089,38.55094181997289,62,1
231,ref,325702.7777777778,63,0,0.0,True,ok,1590.917107583774,37.71409567097168,0.13625988948807985,183.58466805940168,216.77818926406067,62,1
231,ref,427630.5555555555,63,0,0.0,True,ok,1671.649029982365,35.89270171181386,0.02864833565533559,46.56003135000082,47.889962508850935,62,1
231,ref,534555.5555555555,63,0,0.0,True,ok,1135.9347442680773,52.819935566510125,0.2748608077795199,113.18461762215269,312.22394139434607,62,1
231,ref,607147.2222222222,63,0,0.0,True,ok,942.7689594356251,63.642315966701034,0.05259394754455513,62.25609517067201,49.58394119919209,62,1
231,ref,667561.1111111111,63,0,0.0,True,ok,954.1446208112877,62.88354898336412,0.11800298854286947,167.43067123276015,112.59191675783492,62,1
231,ref,728566.6666666667,63,0,0.0,True,ok,945.546737213401,63.45535089764533,0.04398255181491509,48.23781398992505,41.58755836291231,62,1
231,ref,789105.5555555556,63,0,0.0,True,ok,1533.7742504409166,39.11918587937677,0.18451234354946075,112.64454849240605,283.0002814246711,62,1
231,ref,887391.6666666666,63,0,0.0,True,ok,1668.342151675486,35.96384586923197,0.02143220494137761,46.290620918561885,35.75625090704791,62,1
231,ref,994111.1111111111,63,0,0.0,True,ok,1308.1569664902995,45.86605547878258,0.2784100443784307,115.51046387248878,364.20403909451755,62,1
231,ref,1077494.4444444445,63,0,0.0,True,ok,949.8677248677261,63.166689876061746,0.04885934354780415,57.70484092232506,46.40991349428334,62,1
231,ref,1138200.0,63,0,0.0,True,ok,967.9453262786625,61.98697216781287,0.04904896474352025,61.85398911731361,47.476716182297324,62,1
231,ref,1200186.1111111112,63,0,0.0,True,ok,1275.7936507936508,47.02954898911353,0.27844451409975285,188.41688074009792,355.23774318678784,62,1
231,ref,1282208.3333333333,63,0,0.0,True,ok,1679.453262786599,35.72591231294297,0.025947642038553483,42.77498478065279,43.577852083267366,62,1
231,ref,1389752.7777777778,63,0,0.0,True,ok,1111.0229276895952,54.00428605444872,0.25408231168522416,115.42585601052198,282.291273802658,62,1
231,ref,1460805.5555555557,63,0,0.0,True,ok,977.2486772486748,61.39685977260438,0.04767504890472116,64.27633028423811,46.59037847990463,62,1
231,ref,1523300.0,63,0,0.0,True,ok,971.9576719576708,61.73108328796959,0.05411996687560134,72.70910464892192,52.60231701083573,62,1
231,ref,1585500.0,63,0,0.0,True,ok,967.063492063492,62.04349610176447,0.11453093886496041,165.92877275041567,110.75868968805894,62,1
231,ref,1647344.4444444445,63,0,0.0,True,ok,964.7266313932977,62.19378427787937,0.03630209149299694,49.96514117397858,35.021594438570226,62,1
231,ref,1709172.2222222222,63,0,0.0,True,ok,975.7495590828928,61.49118843199275,0.10926485934685788,159.61914236493112,106.61513833095087,62,1
231,det,501.67224080267556,63,0,0.0,True,ok,934.8622392100652,64.18057921635435,0.06218076741508732,88.97239455136123,58.13045146146879,62,1
231,det,60367.89297658863,63,0,0.0,True,ok,903.3639468422075,66.41841332027425,0.1319684546915721,204.46397952171301,119.2155440888456,62,1
231,det,118851.72798216276,63,0,0.0,True,ok,901.4174231565535,66.5618374558304,0.20204810005369772,277.30795790706816,182.1296777040817,62,1
231,det,176588.62876254178,63,0,0.0,True,ok,961.0518306170485,62.43159639108816,0.0450310562981487,58.957119767281256,43.277179089955176,62,1
231,det,237993.3110367893,63,0,0.0,True,ok,943.8870308435525,63.566929133858274,0.043937499485149904,63.30209877761722,41.47203593172826,62,1
231,det,298405.7971014493,63,0,0.0,True,ok,896.4626355930702,66.9297275957363,0.13209359358179482,205.359093025786,118.41697104729565,62,1
231,det,355574.13600891863,63,0,0.0,True,ok,932.5618021270188,64.33889943074008,0.35235189142161016,463.03982888950844,328.58991484700044,62,1
231,det,414994.4258639911,63,0,0.0,True,ok,883.0139264921872,67.9490981963928,0.3403772756574616,516.7980607602339,300.5578746670088,62,1
231,det,471304.3478260869,63,0,0.0,True,ok,898.0552458813347,66.81103448275849,0.332692178696455,512.1907882448061,298.77595634204187,62,1
231,det,529542.9208472687,63,0,0.0,True,ok,889.0304542478463,67.48925159235664,0.23573042190592136,350.31471061127854,209.5715240670577,62,1
231,det,586510.5908584169,63,0,0.0,True,ok,962.4674842066154,62.33976833976829,0.054725998089565395,61.43797207626723,52.67199370196005,62,1
231,det,648049.0523968785,63,0,0.0,True,ok,936.6318061970219,64.05932363498972,0.043627585025469366,58.87205678868324,40.86298376241952,62,1
231,det,707982.1627647715,63,0,0.0,True,ok,937.162676293111,64.02303625377644,0.052416034608680453,69.99424172127146,49.1223512745433,62,1
231,det,767959.8662207357,63,0,0.0,True,ok,893.9852418113289,67.11520190023752,0.14265638616128332,215.00609926577584,127.53270387832518,62,1
231,det,824938.6845039019,63,0,0.0,True,ok,841.7830156960603,71.27727559386159,0.28737010673840724,447.87534131669014,241.90327507115515,62,1
231,det,878974.3589743589,63,0,0.0,True,ok,835.2356178443158,71.83601694915234,0.2883941894481631,465.2381602206687,240.87709900644717,62,1
231,det,932608.6956521738,63,0,0.0,True,ok,846.5608465608472,70.87499999999996,0.29114948312256156,463.08311860929047,246.47575290798878,62,1
231,det,986644.370122631,63,0,0.0,True,ok,838.4208384208374,71.56310679611659,0.27733761702092385,451.08637395535015,232.5256373883201,62,1
231,det,1041181.7168338908,63,0,0.0,True,ok,941.0557236644191,63.75817976682965,0.10823379122785515,133.75678597072977,101.85402872887289,62,1
231,det,1101348.9409141582,63,0,0.0,True,ok,948.8418184070338,63.23498694516985,0.04521596402095632,55.59732532626865,42.90279752267121,62,1
231,det,1162040.133779264,63,0,0.0,True,ok,925.8374475765796,64.80619266055035,0.1298945224316987,182.1532611795628,120.26121310234268,62,1
231,det,1221360.0891861762,63,0,0.0,True,ok,924.5987506857075,64.89301435406696,0.22717781886855,297.90060019200763,210.0483275093653,62,1
231,det,1280557.4136008918,63,0,0.0,True,ok,827.9803931977829,72.46548407779454,0.2152025866451465,340.0650357787695,178.18352230762832,62,1
231,det,1333991.0813823857,63,0,0.0,True,ok,841.4291022986669,71.30725552050478,0.26887546882734203,439.165879231365,226.23964436552362,62,1
231,det,1388015.607580825,63,0,0.0,True,ok,916.8126559430874,65.4441227562249,0.1504991788706247,230.83272045255177,137.9795518976312,62,1
231,det,1446755.8528428094,63,0,0.0,True,ok,981.2248942683717,61.148061316501405,0.04560604884693986,59.279245896057745,44.74979045783676,62,1
231,det,1509587.5139353399,63,0,0.0,True,ok,976.093150006197,61.4695431472079,0.054496603412071694,75.33237279017918,53.19376128912752,62,1
231,det,1571973.244147157,63,0,0.0,True,ok,953.796605970522,62.906493506493305,0.05984899304917032,83.34188744007696,57.08376644105201,62,1
231,det,1632987.7369007803,63,0,0.0,True,ok,961.5827007131348,62.39712918660291,0.03671961305550766,47.46733701044508,35.30894469105634,62,1
231,det,1694537.3467112598,63,0,0.0,True,ok,966.3605315779217,62.08862845632675,0.03847575479591803,52.001717428022374,37.181450857445114,62,1
232,ref,1363.888888888889,63,3,0.047619047619047616,True,ok,959.537037037037,62.53015536041687,0.47109105275870666,718.6915761087402,452.02931293874786,56,4
232,ref,67733.33333333333,63,1,0.015873015873015872,True,ok,987.5896057347669,60.753980855600425,0.504706516712082,785.978182060355,498.4429098514526,60,2
232,ref,131775.0,63,2,0.031746031746031744,True,ok,996.4025500910748,60.21662629678716,0.4756462814716688,797.772464869869,473.9351677997079,58,3
232,ref,198205.55555555556,63,2,0.031746031746031744,True,ok,924.2258652094704,64.91919590067018,0.47087438523516884,653.2677300448325,435.1942860989514,58,3
232,ref,260127.77777777778,63,2,0.031746031746031744,True,ok,964.6174863387986,62.200821413397485,0.471435076691122,692.673028056806,454.7545186497288,58,3
232,ref,326263.88888888893,63,3,0.047619047619047616,True,ok,924.4444444444448,64.90384615384613,0.44497188809571325,630.2639875508676,411.3517898840373,56,4
232,ref,390438.8888888889,63,3,0.047619047619047616,True,ok,888.7037037037031,67.51406543029802,0.4357770494882272,613.1423673260662,387.27667786925946,56,4
232,ref,452013.88888888893,63,2,0.031746031746031744,True,ok,910.018214936247,65.93274619695762,0.45520881672327995,647.1065910553881,414.24831481776044,58,3
232,ref,512994.44444444444,63,1,0.015873015873015872,True,ok,961.5591397849447,62.398658093374436,0.4750903734824206,731.5833848381168,456.8274908458645,60,2
232,ref,575491.6666666666,63,2,0.031746031746031744,True,ok,923.2695810564652,64.98643649815051,0.44258052881061377,639.8878164370399,408.6211394187242,58,3
232,ref,638994.4444444444,63,1,0.015873015873015872,True,ok,858.3781362007177,69.8992640534474,0.3793014392977419,488.2603282554973,325.58406252264535,60,2
232,ref,696025.0,63,0,0.0,True,ok,910.8906525573194,65.86959678590443,0.4357870486329794,630.8606149474405,396.9543491053229,62,1
232,ref,754130.5555555556,63,2,0.031746031746031744,True,ok,949.8178506375207,63.170006712053066,0.48547815287784696,728.2850444726789,461.11581569791025,58,3
232,ref,817016.6666666666,63,3,0.047619047619047616,True,ok,991.3425925925956,60.523980759351616,0.4945194785319252,777.5643678257167,490.2382219353771,57,3
232,ref,884186.1111111111,63,4,0.06349206349206349,True,ok,898.5875706214682,66.77145551713303,0.42425717527967677,600.7560061462981,381.23222445329117,54,5
232,ref,948977.7777777778,63,6,0.09523809523809523,True,ok,840.8382066276819,71.35736640778937,0.34510570605365476,435.8791342845792,290.178062975135,51,6
232,ref,1016619.4444444444,63,5,0.07936507936507936,True,ok,879.7413793103468,68.20186183243493,0.3889605704023713,464.355775250252,342.1847087031214,54,4
232,ref,1084966.6666666667,63,8,0.12698412698412698,True,ok,810.6060606060591,74.01869158878517,0.3115492318909689,371.4978822185105,252.5436955479819,49,6
232,ref,1153097.2222222222,63,7,0.1111111111111111,True,ok,805.8531746031658,74.45525052320653,0.2393490608853797,230.49510176475906,192.88020055276965,49,7
232,ref,1220169.4444444445,63,9,0.14285714285714285,True,ok,796.0905349794344,75.36831222538024,0.3297251448861984,368.81342308739954,262.4910669886252,48,6
232,ref,1290966.6666666667,63,3,0.047619047619047616,True,ok,848.5185185185168,70.71147970318653,0.3861086321898603,433.40343984167004,327.6203245729512,56,4
232,ref,1356975.0,63,8,0.12698412698412698,True,ok,797.6262626262551,75.22320015196678,0.2843877119709175,256.43989501061543,226.83510783619482,50,5
232,ref,1428341.6666666667,63,7,0.1111111111111111,True,ok,813.0952380952409,73.79209370424572,0.3233230567613462,334.87025488515565,262.89243781904787,52,4
232,ref,1493894.4444444445,63,7,0.1111111111111111,True,ok,795.982142857147,75.37857543466029,0.23752202220198324,221.52285783463174,189.06328820809745,50,6
232,ref,1559180.5555555557,63,4,0.06349206349206349,True,ok,827.4952919020641,72.50796540737434,0.2900458313655664,282.9492878538712,240.01155989082622,54,5
232,ref,1620547.2222222222,63,7,0.1111111111111111,True,ok,849.950396825389,70.5923548292974,0.3361452405898849,322.61001764046154,285.7067806303385,49,7
232,ref,1687255.5555555555,63,8,0.12698412698412698,True,ok,822.9797979798041,72.90579932494576,0.34493456480418044,350.0129679099538,283.87417845879605,51,4
232,det,468.22742474916384,63,0,0.0,True,ok,847.6225867530214,70.78622129436326,0.40463999865994366,518.4690813062723,342.98200236788057,62,1
232,det,54581.9397993311,63,0,0.0,True,ok,882.6600130947958,67.97634322373696,0.383583240721675,480.8162007990444,338.57358827833787,62,1
232,det,110858.41694537346,63,2,0.031746031746031744,True,ok,953.6341539192567,62.91720965887317,0.47603880366973444,715.8670691272209,453.9668617703224,58,3
232,det,174648.82943143812,63,0,0.0,True,ok,994.4966466705599,60.332028469750874,0.4867615153113485,772.7459874002355,484.0826947054165,62,1
232,det,238060.2006688963,63,3,0.047619047619047616,True,ok,912.8576737272393,65.7276613067372,0.44711352358483214,634.6826753022855,408.15101103163903,56,4
232,det,300445.9308807135,63,2,0.031746031746031744,True,ok,911.2341685399412,65.84476534296034,0.41973722459635165,571.4527726170472,382.478900860319,58,3
232,det,362095.8751393534,63,3,0.047619047619047616,True,ok,867.7071720549992,69.14775160599564,0.41943607591388465,567.970191365829,363.9476912890828,56,4
232,det,423868.4503901895,63,0,0.0,True,ok,871.5117410769583,68.84588832487312,0.37904769142313377,510.3146287969628,330.34451350337696,62,1
232,det,480791.5273132664,63,0,0.0,True,ok,919.8209198209187,65.2300884955753,0.46336139736590815,677.3908901571915,426.20950673461584,62,1
232,det,539476.0312151616,63,2,0.031746031746031744,True,ok,926.4031288265098,64.7666206352336,0.4618882869130005,669.3158514698307,427.89475416452035,58,3
232,det,600925.3065774804,63,3,0.047619047619047616,True,ok,927.5362318840596,64.68749999999989,0.42623155332806173,637.6602073410812,395.345208884,56,4
232,det,666655.5183946488,63,0,0.0,True,ok,790.8194864716598,75.87066457820546,0.28453234691332224,342.08387146826084,225.01372447056966,62,1
232,det,717224.0802675586,63,1,0.015873015873015872,True,ok,891.1425180709864,67.32929782082347,0.45096022531324936,610.7550750576382,401.8698307355084,60,2
232,det,775295.4292084727,63,2,0.031746031746031744,True,ok,960.7617376683638,62.45044702301709,0.48274925082543746,753.5164408610609,463.8070090811481,58,3
232,det,838896.3210702341,63,4,0.06349206349206349,True,ok,879.0129055420107,68.25838349097187,0.4306384062616576,591.1681162381402,378.5367167260405,55,4
232,det,901928.6510590859,63,4,0.06349206349206349,True,ok,899.2309581845292,66.72368144568209,0.4221303346710024,597.0351967473649,379.5926653249615,54,5
232,det,968361.2040133779,63,7,0.1111111111111111,True,ok,841.4954610606843,71.30163236337779,0.34547907147446405,439.1938131873682,290.7190705372212,50,6
232,det,1035875.1393534003,63,3,0.047619047619047616,True,ok,905.6112969156354,66.25359048009916,0.41223649698964404,534.4728727052592,373.32602867475,57,3
232,det,1105707.9152731325,63,6,0.09523809523809523,True,ok,798.3727434528379,75.15286624203794,0.2727115125048194,288.6114170622695,217.72543840964556,52,5
232,det,1168550.724637681,63,5,0.07936507936507936,True,ok,832.4683811940245,72.07480951281407,0.31437044795045127,371.6065660379499,261.7034579005525,52,6
232,det,1232720.1783723522,63,9,0.14285714285714285,True,ok,778.7274453941112,77.04878048780496,0.2748737385648075,207.4782086012114,214.05172423850135,47,7
232,det,1302987.7369007803,63,4,0.06349206349206349,True,ok,840.2773841241004,71.4049921295259,0.3807965751850682,411.41366956462736,319.97475007992546,55,4
232,det,1365942.0289855073,63,10,0.15873015873015872,True,ok,792.3686922866597,75.7223254579239,0.27957028718987076,247.5265792993239,221.52274286284376,48,5
232,det,1440880.713489409,63,3,0.047619047619047616,True,ok,840.2081010776611,71.41088014153074,0.3376713329823905,356.2064432739182,283.7141894734969,57,3
232,det,1500345.596432553,63,4,0.06349206349206349,True,ok,849.3471647487851,70.64249165739719,0.3337295810671551,333.4873533789061,283.45227347218804,55,4
232,det,1561404.6822742475,63,3,0.047619047619047616,True,ok,821.6276477146079,73.02578018995898,0.24518082627482188,263.5511395645654,201.44734555690582,56,4
232,det,1620546.2653288739,63,6,0.09523809523809523,True,ok,861.9374523264675,69.61061946902662,0.3439956161164925,319.0656845472626,296.50270496692303,52,5
232,det,1686566.332218506,63,6,0.09523809523809523,True,ok,854.5052709812462,70.216067750057,0.37302793116689176,378.76893993175383,318.7543334053385,53,4
233,ref,116.66666666666667,63,0,0.0,True,ok,587.3456790123457,102.15449290593799,0.20490201231286218,210.04968026637886,120.34831155289406,62,1
233,ref,37677.777777777774,63,0,0.0,True,ok,569.84126984127,105.29247910863506,0.19869302903907599,200.78251933792842,113.22348797623539,62,1
233,ref,73977.77777777778,63,0,0.0,True,ok,563.2275132275131,106.5288868013152,0.18153531739455528,170.661502591375,102.24568537910267,62,1
233,ref,110011.11111111111,63,0,0.0,True,ok,574.867724867725,104.37183617119189,0.2418327204104627,261.00933157046677,139.02182578093533,62,1
233,ref,146997.22222222225,63,0,0.0,True,ok,583.2451499118165,102.87269428485033,0.2570934786545527,272.89001734965984,149.94852449922496,62,1
233,ref,184433.33333333334,63,1,0.015873015873015872,True,ok,583.0197132616482,102.91247214324146,0.19775824715723747,207.2837759835809,115.29695655273875,60,2
233,ref,221369.44444444444,63,0,0.0,True,ok,583.2451499118165,102.87269428485033,0.1742608641011131,175.80707958264654,101.6368038064164,62,1
233,ref,258694.44444444447,63,0,0.0,True,ok,591.6666666666662,101.40845070422543,0.21775588871697668,225.38850921822754,128.8389008242111,62,1
233,ref,296550.0,63,0,0.0,True,ok,597.0017636684305,100.50221565731164,0.26136052710731156,279.58529303460915,156.03269563637565,62,1
233,ref,334758.3333333333,63,0,0.0,True,ok,596.73721340388,100.54677109501996,0.22107152678143413,222.41423156405037,131.92160685449423,62,1
233,ref,372758.3333333333,63,0,0.0,True,ok,600.7495590828928,99.8752293577981,0.24444317606202082,252.40825328059742,146.84913024008094,62,1
233,ref,411211.1111111111,63,0,0.0,True,ok,589.2857142857143,101.81818181818181,0.18650128220410211,190.31685363879788,109.9025412988459,62,1
233,ref,448875.0,63,0,0.0,True,ok,594.708994708994,100.8896797153026,0.2264181134013656,230.95762109084836,134.65288860483315,62,1
233,ref,487100.0,63,0,0.0,True,ok,591.7548500881844,101.39333879740688,0.24984546108024516,251.47117903035317,147.8472633667538,62,1
233,ref,524733.3333333334,63,0,0.0,True,ok,595.7231040564366,100.71793353563777,0.20093278530136816,202.11939565407724,119.70030256643656,62,1
233,ref,562877.7777777778,63,0,0.0,True,ok,598.2804232804245,100.28741985407893,0.2132026314048197,220.18245077394852,127.55496056137586,62,1
233,ref,601177.7777777778,63,0,0.0,True,ok,592.1075837742519,101.33293618288754,0.24331469834138042,249.03762396898304,144.06847813167573,62,1
233,ref,639063.8888888889,63,0,0.0,True,ok,590.740740740742,101.56739811912203,0.19794849263194594,210.52964159009036,116.93623916590906,62,1
233,ref,676741.6666666666,63,0,0.0,True,ok,584.3474426807758,102.67863879876259,0.23593563490936578,256.78928280329626,137.86838489655307,62,1
233,ref,714238.888888889,63,0,0.0,True,ok,591.7989417989405,101.38578453285672,0.20616914217772153,211.21866954417106,122.01068017237091,62,1
233,ref,752111.1111111111,63,1,0.015873015873015872,True,ok,589.0681003584234,101.85579555825973,0.17075710962478707,169.08127443997427,100.58756618936837,60,2
233,ref,789661.1111111111,63,0,0.0,True,ok,579.541446208113,103.53012781497259,0.1614892607715667,160.821950371277,93.58971973463285,62,1
233,ref,826763.8888888889,63,0,0.0,True,ok,584.7001763668433,102.61669557348613,0.24567762148364258,258.54401360182226,143.64774861087238,62,1
233,ref,864061.1111111111,63,0,0.0,True,ok,590.0352733686071,101.6888357495142,0.22454795298582367,242.50872947375564,132.4912128243516,62,1
233,ref,901719.4444444444,63,0,0.0,True,ok,572.0458553791904,104.8866964698625,0.17835806029086962,186.6906399949409,102.02898916286371,62,1
233,ref,938175.0,63,0,0.0,True,ok,569.2239858906528,105.40666150271103,0.1773950668807024,170.5480687883042,100.97752704717234,62,1
233,ref,974608.3333333334,63,0,0.0,True,ok,580.3791887125218,103.38068829294238,0.23758857781015838,246.26238301926054,137.89146603682158,62,1
233,ref,1011927.7777777778,63,0,0.0,True,ok,575.9700176366864,104.17208910663669,0.20487195163692487,206.94519616903497,118.00010159758199,62,1
233,ref,1048913.8888888888,63,0,0.0,True,ok,577.2927689594364,103.93339952646437,0.20923678203549906,211.48865034187813,120.79088126943532,62,1
233,ref,1085858.3333333333,63,1,0.015873015873015872,True,ok,583.781362007173,102.77820414428162,0.19171963548808293,190.79848999924914,111.9223499287518,60,2
233,ref,1122905.5555555555,63,0,0.0,True,ok,579.8500881834244,103.47502091095683,0.19759080902670348,193.22904841998223,114.57304803836819,62,1
233,ref,1159894.4444444445,63,0,0.0,True,ok,586.3756613756626,102.32348296864404,0.21334994879085756,217.93695265497504,125.10321732670285,62,1
233,ref,1197261.1111111112,63,0,0.0,True,ok,585.8465608465597,102.41589523594511,0.17091121719630992,173.27620026145124,100.12774880455756,62,1
233,ref,1234747.2222222222,63,0,0.0,True,ok,590.9171075837738,101.53708401731092,0.22899828040002515,226.23037417274793,135.31900149564086,62,1
233,ref,1272775.0,63,0,0.0,True,ok,592.9453262786587,101.18976799524107,0.22879838750643514,231.06213509531133,135.66493453203418,62,1
233,ref,1310897.222222222,63,0,0.0,True,ok,578.9241622574997,103.64051789794291,0.21172837824814694,214.45428692107248,122.57467400344748,62,1
233,ref,1347947.2222222222,63,0,0.0,True,ok,575.1763668430356,104.31582981985397,0.2309152282129558,228.14464729120255,132.81698201225834,62,1
233,ref,1384591.6666666667,63,0,0.0,True,ok,587.4338624338612,102.13915784733189,0.19663084438427314,195.7018992580043,115.50761639028508,62,1
233,ref,1422380.5555555555,63,0,0.0,True,ok,593.2980599647299,101.12960760998756,0.2011939477905837,209.0388293557678,119.36797890079846,62,1
233,ref,1460538.8888888888,63,0,0.0,True,ok,591.6225749559123,101.41600834699588,0.22067773716958547,219.27736255348333,130.5579310997142,62,1
233,ref,1498197.2222222222,63,0,0.0,True,ok,588.9770723104049,101.87153765533776,0.20790984225399853,212.59295294053933,122.45413019527817,62,1
233,ref,1535677.7777777778,63,0,0.0,True,ok,600.9700176366827,99.83859134262683,0.2495193735209073,254.66745130203498,149.95366230555368,62,1
233,ref,1573944.4444444443,63,0,0.0,True,ok,586.9488536155236,102.22355769230711,0.22798038874546397,225.10285714821646,133.8128278209715,62,1
233,ref,1611680.5555555557,63,0,0.0,True,ok,588.9770723104011,101.8715376553384,0.22545373908727512,224.16323008827686,132.78708318905635,62,1
233,ref,1649547.2222222222,63,0,0.0,True,ok,593.9153439153451,101.02449888641405,0.234786340654395,242.68417607864484,139.44321025638038,62,1
233,ref,1687644.4444444445,63,0,0.0,True,ok,599.7795414462101,100.03675659780897,0.21180234890094682,217.84670842390508,127.0347157010401,62,1
233,ref,1725825.0,63,0,0.0,True,ok,598.8977072310435,100.18405359640678,0.24544417591764528,259.52460712713537,146.99595421029065,62,1
233,ref,1764252.7777777778,63,0,0.0,True,ok,584.2592592592617,102.6941362916002,0.23018956939515922,243.536007476291,134.49038730402415,62,1
233,det,891.8617614269788,63,0,0.0,True,ok,583.957105696236,102.74727272727274,0.23385084350670557,240.90787524507095,136.5588617387992,62,1
233,det,38138.23857302118,63,0,0.0,True,ok,568.2079595123073,105.59514170040487,0.23748787644933034,235.815728482268,134.94250168618493,62,1
233,det,74715.71906354516,63,0,0.0,True,ok,569.2696997044823,105.39819707802302,0.21205731750155993,201.00825207082252,120.71780545425108,62,1
233,det,110992.1962095875,63,0,0.0,True,ok,577.5866645431864,103.88051470588232,0.272343795072291,295.8377412134166,157.30214420483765,62,1
233,det,148193.97993311036,63,0,0.0,True,ok,584.1340623949317,102.71614662223574,0.30196745601152636,322.7382668805522,176.3894767910757,62,1
233,det,185574.1360089186,63,0,0.0,True,ok,588.2040664649362,102.00541516245484,0.2666871077133412,272.8481215277717,156.86644123075973,62,1
233,det,223221.85061315494,63,0,0.0,True,ok,575.2862274601404,104.295908951092,0.2070109856460511,199.65740848125134,119.09056897512201,62,1
233,det,260412.48606465996,63,0,0.0,True,ok,592.4510272336358,101.27419354838712,0.2410928788685828,247.95660431649767,142.8357237444064,62,1
233,det,298327.7591973244,63,0,0.0,True,ok,597.5827714958143,100.40450103642297,0.27865900264857146,297.52016744819997,166.5218191049928,62,1
233,det,336577.480490524,63,0,0.0,True,ok,595.9901612075516,100.67280285035645,0.2590560239320555,263.89983591139975,154.3948414650531,62,1
233,det,374715.7190635451,63,0,0.0,True,ok,598.2905982905983,100.28571428571429,0.2798835319279603,287.6997024033713,167.4516857688651,62,1
233,det,412931.9955406912,63,0,0.0,True,ok,589.6197200545031,101.7605042016806,0.20279261949846883,212.03944932470847,119.57052753780656,62,1
233,det,450668.89632107026,63,0,0.0,True,ok,597.4058147971185,100.43424170616125,0.25394357475055934,262.28454283967875,151.7073681863509,62,1
233,det,488662.20735785953,63,0,0.0,True,ok,595.4592911114645,100.76255572065388,0.28054275785058524,282.13804698038564,167.05179171616473,62,1
233,det,526767.0011148271,63,0,0.0,True,ok,590.1505901505911,101.6689655172412,0.2075985994625492,211.07770678235968,122.51443598725959,62,1
233,det,564515.0501672241,63,0,0.0,True,ok,597.0519013997271,100.49377593361002,0.24084960457163287,246.02906750090722,143.7997143608658,62,1
233,det,602965.4403567447,63,0,0.0,True,ok,591.3892870414595,101.45601436265734,0.25987443927749054,266.5978124769613,153.6869593646142,62,1
233,det,640813.8238573021,63,0,0.0,True,ok,590.6814602466784,101.57759137207896,0.21102640289164168,223.5625119574787,124.64938381063878,62,1
233,det,678383.5005574136,63,0,0.0,True,ok,588.2040664649362,102.00541516245484,0.27369909110342067,301.38270608248837,160.9909183747891,62,1
233,det,715930.8807134894,63,0,0.0,True,ok,592.9818973297231,101.18352730528206,0.24094803008348387,244.754720179482,142.87782003676347,62,1
233,det,753890.7469342252,63,0,0.0,True,ok,594.0436375218976,101.00268096514759,0.21281407841294098,215.2809628138307,126.4208492562938,62,1
233,det,791828.3166109252,63,0,0.0,True,ok,579.1792748314494,103.59486709440867,0.19468888794200326,190.2121632158893,112.75976893599076,62,1
233,det,829119.2865105909,63,0,0.0,True,ok,581.1257985171009,103.24786845310632,0.2813440972104631,296.52132185647315,163.49631314950324,62,1
233,det,866532.8874024526,63,0,0.0,True,ok,587.4962396701513,102.12831325301228,0.2605109567514405,282.25170348208985,153.0492074843447,62,1
233,det,904002.2296544035,63,0,0.0,True,ok,571.9240501849202,104.90903465346526,0.20391863455946252,213.14737719241305,116.62597138542645,62,1
233,det,940401.3377926422,63,0,0.0,True,ok,579.7101449275349,103.50000000000024,0.22040411270117716,214.07641456420998,127.77050011662413,62,1
233,det,977268.6733556299,63,0,0.0,True,ok,596.6979880023356,100.55338078291818,0.29399204438122156,307.19964853744005,175.42446137096826,62,1
233,det,1015429.2084726867,63,0,0.0,True,ok,576.8788377484029,104.00797546012271,0.23257537916232632,236.16399677237163,134.16781442005694,62,1
233,det,1052329.988851728,63,0,0.0,True,ok,577.4097078444902,103.91235059760962,0.22960733800168123,230.42420510423767,132.57750595450187,62,1
233,det,1089130.4347826086,63,0,0.0,True,ok,590.6814602466803,101.57759137207863,0.23161233376154372,226.9574660664526,136.80911151741014,62,1
233,det,1126722.4080267558,63,0,0.0,True,ok,583.9571056962346,102.74727272727299,0.243843195788315,249.76495772879238,142.3939668562647,62,1
233,det,1164091.4158305463,63,0,0.0,True,ok,584.1340623949321,102.71614662223566,0.25136568507613444,255.95250285047172,146.83125877020757,62,1
233,det,1201460.4236343366,63,0,0.0,True,ok,585.1958025871104,102.52978530390021,0.21218905461885304,218.4697994003012,124.17214411787991,62,1
233,det,1238740.2452619844,63,0,0.0,True,ok,597.936684893204,100.34507250665922,0.25759258835963567,262.3647796401265,154.02405833682027,62,1
233,det,1276767.001114827,63,0,0.0,True,ok,598.1136415919052,100.31538461538416,0.26879871215487616,271.63687259567905,160.7721765821673,62,1
233,det,1314838.3500557414,63,0,0.0,True,ok,574.401443966657,104.45656192236679,0.260971727819197,255.21132041513138,149.90253729382013,62,1
233,det,1351872.9096989967,63,0,0.0,True,ok,577.9405779405756,103.81690140845112,0.25272521369438355,251.69972367761198,146.0601560626875,62,1
233,det,1388851.7279821627,63,0,0.0,True,ok,589.4427633558046,101.79105373761672,0.23540647150398664,242.24797985107432,138.75864107514934,62,1
233,det,1426588.6287625418,63,0,0.0,True,ok,592.2740705349364,101.3044517478345,0.2507291113218661,261.9863052934447,148.50035136420885,62,1
233,det,1464738.0156075808,63,0,0.0,True,ok,590.3275468492851,101.63848920863325,0.2515544041373934,254.75534689433934,148.4994942935611,62,1
233,det,1502519.5094760312,63,0,0.0,True,ok,587.4962396701532,102.12831325301197,0.26696318443678907,273.00970485972823,156.83986698698314,62,1
233,det,1540133.779264214,63,0,0.0,True,ok,596.5210313036417,100.58320973005014,0.2817728682535291,288.39214658476374,168.08344196398036,62,1
233,det,1578283.166109253,63,0,0.0,True,ok,585.7266726831957,102.43685800604207,0.26597857458445995,267.3674111540538,155.79074549637494,62,1
233,det,1615540.6911928651,63,0,0.0,True,ok,594.3975509192891,100.94254242334044,0.27405653407902236,274.37201526664984,162.89853266999958,62,1
233,det,1653690.0780379039,63,0,0.0,True,ok,591.2123303427657,101.4863813229571,0.26742398133745704,272.3664763187363,158.10435519605824,62,1
233,det,1691895.2062430324,63,0,0.0,True,ok,598.8214683866845,100.1968085106385,0.2522551218603352,268.1273248228072,151.05578248046797,62,1
233,det,1730312.1516164995,63,0,0.0,True,ok,595.282334412766,100.79250891795536,0.2659270242301465,282.7944923097432,158.3016597671618,62,1
233,det,1768294.314381271,63,0,0.0,True,ok,589.088849958413,101.85220787023168,0.2745215648264741,293.8968422142552,161.71759291241156,62,1
234,ref,375.0,63,0,0.0,True,ok,653.3068783068783,91.84045353310387,0.02124368335339124,17.653012013087274,13.878644455343826,62,1
234,ref,42180.555555555555,63,0,0.0,True,ok,645.5026455026457,92.95081967213112,0.021480668385052554,18.99768373397255,13.865828269716467,62,1
234,ref,83488.88888888889,63,0,0.0,True,ok,645.7231040564375,92.91908501194946,0.020070862508355665,16.87076347693786,12.960219639985395,62,1
234,ref,124811.11111111112,63,0,0.0,True,ok,648.9417989417991,92.45821443130858,0.020663712976212643,16.81904654144156,13.40954707160043,62,1
234,ref,166338.8888888889,63,0,0.0,True,ok,648.015873015873,92.59032455603185,0.0206071274463378,18.126068542629792,13.353745682487947,62,1
234,ref,207816.66666666666,63,0,0.0,True,ok,653.3509700176369,91.83425563503845,0.021410422272670152,16.216286290623493,13.988520160336261,62,1
234,ref,249636.11111111112,63,0,0.0,True,ok,651.0582010582004,92.1576594880131,0.026148890414207596,15.839698777049716,17.02444955274202,62,1
234,ref,291286.1111111111,63,0,0.0,True,ok,651.5432098765427,92.08905731880633,0.022017490963151917,17.518551354985206,14.345346735559772,62,1
234,ref,332975.0,63,0,0.0,True,ok,668.1216931216934,89.80399920807757,0.021052594232610744,17.29332645227145,14.065694903295887,62,1
234,ref,375708.3333333333,63,0,0.0,True,ok,657.3192239858918,91.27984974510315,0.020056808737360706,15.843626786727144,13.183725954875394,62,1
234,ref,417788.8888888889,63,0,0.0,True,ok,663.0511463844801,90.49075674956771,0.0221379298052751,17.293326452265116,14.678579735966807,62,1
234,ref,460225.0,63,0,0.0,True,ok,646.1640211640208,92.85568065506658,0.019569796227175074,17.824898350187894,12.64529822351193,62,1
234,ref,501591.6666666666,63,0,0.0,True,ok,640.740740740742,93.64161849710965,0.01807709731331785,14.225316083744685,11.582732722977758,62,1
234,ref,542630.5555555556,63,0,0.0,True,ok,642.7248677248671,93.35254167524191,0.021892337867419988,14.41218482000514,14.07074996002561,62,1
234,ref,583775.0,63,0,0.0,True,ok,657.6278659611985,91.23700972175673,0.019665763989135884,17.98130583738293,12.932754404672018,62,1
234,ref,625891.6666666666,63,0,0.0,True,ok,652.8218694885358,91.9086856679725,0.020413455706749142,17.74793081426147,13.326350317201394,62,1
234,ref,667652.7777777779,63,0,0.0,True,ok,651.6754850088175,92.07036535859281,0.019269576935281085,14.481101817079026,12.557510895214024,62,1
234,ref,709355.5555555556,63,0,0.0,True,ok,651.2786596119903,92.12646401733163,0.019587576129873344,15.47003501203479,12.756970326911727,62,1
234,ref,751038.8888888889,63,0,0.0,True,ok,655.3791887125218,91.55005382131327,0.021542982884849363,16.588076355647413,14.118822645520318,62,1
234,ref,792966.6666666667,63,0,0.0,True,ok,653.1746031746013,91.85905224787389,0.0247015124574017,18.77694532731096,16.134400597175826,62,1
234,ref,834788.8888888889,63,0,0.0,True,ok,553.4832451499108,108.40436549032124,0.16703191916424504,41.06798086308347,92.44936866264392,62,1
234,ref,870075.0,63,0,0.0,True,ok,665.6966490299822,90.13114319777456,0.0982150444987128,82.62919358201853,65.3814260071237,62,1
234,ref,912663.8888888889,63,0,0.0,True,ok,658.0246913580239,91.18198874296446,0.02016128890319782,16.162475284662158,13.266625907906699,62,1
234,ref,954802.7777777778,63,0,0.0,True,ok,663.0952380952381,90.48473967684022,0.019784013696632345,16.380457706171953,13.118685272647875,62,1
234,ref,997236.1111111111,63,0,0.0,True,ok,658.2010582010575,91.15755627009655,0.05715811136278901,64.22984445840379,37.62152938376162,62,1
234,ref,1039363.8888888889,63,0,0.0,True,ok,659.6119929453273,90.96256684491965,0.025569253597579517,18.462804482091215,16.865786323623905,62,1
234,ref,1081602.777777778,63,0,0.0,True,ok,664.8148148148099,90.25069637883075,0.02371912739414271,19.482809054823356,15.768827286105871,62,1
234,ref,1124147.222222222,63,0,0.0,True,ok,661.9929453262853,90.63540695350915,0.020163542842867595,15.36509748188938,13.34812311476266,62,1
234,ref,1166547.2222222222,63,0,0.0,True,ok,668.2980599647262,89.78029953156963,0.021938733326869263,18.51329077949077,14.661612920430212,62,1
234,ref,1209352.777777778,63,0,0.0,True,ok,664.1975308641946,90.33457249070672,0.022660349494289366,14.787254082907232,15.050948182626698,62,1
234,ref,1251858.3333333333,63,0,0.0,True,ok,667.5485008818334,89.88110964332904,0.06199463340035697,68.54525375275907,41.384424589127136,62,1
234,ref,1294575.0,63,0,0.0,True,ok,668.9594356261031,89.69153704191922,0.0179538857735254,15.65397055395206,12.010421294353073,62,1
234,ref,1337408.3333333333,63,0,0.0,True,ok,673.8977072310397,89.034284218791,0.01984486059286603,18.68725396555044,13.37340605385203,62,1
234,ref,1380558.3333333335,63,0,0.0,True,ok,637.0811287477901,94.17952799501774,0.026080671103814672,17.181417726514063,16.615503385318124,62,1
234,ref,1421302.7777777778,63,0,0.0,True,ok,651.4109347442698,92.1077568701771,0.039677343725239025,18.327494454188894,25.84625556422764,62,1
234,ref,1463041.6666666667,63,0,0.0,True,ok,672.7513227513215,89.18600078647283,0.022939589582524973,17.786456215111514,15.43263923501611,62,1
234,ref,1506091.6666666667,63,0,0.0,True,ok,667.4162257495595,89.89892316839526,0.019836719845241192,16.154773366071325,13.239348690362263,62,1
234,ref,1548794.4444444445,63,0,0.0,True,ok,661.0670194003494,90.7623557660246,0.01932212469156158,17.525653950631124,12.773219378332508,62,1
234,ref,1591116.6666666665,63,0,0.0,True,ok,667.3280423280436,89.9108027750246,0.019634140206634364,18.971461935822408,13.102412346887638,62,1
234,ref,1633844.4444444445,63,0,0.0,True,ok,669.7971781305118,89.57935619774862,0.020432631409404434,17.529204169175646,13.685718859799952,62,1
234,ref,1676738.8888888888,63,0,0.0,True,ok,662.6984126984127,90.53892215568862,0.059334386711108335,64.08532991370521,39.320803891885284,62,1
234,ref,1719138.888888889,63,0,0.0,True,ok,665.8289241622579,90.1132375339381,0.03355675339098767,29.178398391543947,22.343057008699517,62,1
234,ref,1761730.5555555555,63,0,0.0,True,ok,675.1763668430356,88.86566969241794,0.020898251094281287,17.803940202571003,14.110005247210331,62,1
234,det,379.041248606466,63,0,0.0,True,ok,653.1471748863053,91.86290978054728,0.021379116954509163,17.852961744170592,13.96370984040157,62,1
234,det,42185.0613154961,63,0,0.0,True,ok,645.3610801436887,92.97120921305185,0.021742717300226557,19.412909808704203,14.031903522133078,62,1
234,det,83489.40914158305,63,0,0.0,True,ok,645.7149935410806,92.92025212386953,0.022638930715019222,19.87214856388011,14.618297000425608,62,1
234,det,124816.05351170567,63,0,0.0,True,ok,648.9002141176059,92.46413962367052,0.021413433351988982,17.96489363532959,13.895181487098732,62,1
234,det,166343.3667781494,63,0,0.0,True,ok,648.0154306241265,92.59038776624793,0.022386602364428396,20.271628688985203,14.506863771396153,62,1
234,det,207814.9386845039,63,0,0.0,True,ok,653.3241315850012,91.83802816901408,0.021352389153455206,16.38943987499672,13.95003110094612,62,1
234,det,249632.10702341134,63,0,0.0,True,ok,651.0236945019556,92.16254416961128,0.02811100193103753,19.618343146671975,18.30092833329566,62,1
234,det,291282.05128205125,63,0,0.0,True,ok,651.5545645980433,92.08745247148283,0.023156083860885912,19.30937355150605,15.087452137775298,62,1
234,det,332976.5886287626,63,0,0.0,True,ok,668.1884942754506,89.7950211864407,0.021994462905518826,18.78313353789531,14.696447051235877,62,1
234,det,375707.9152731326,63,0,0.0,True,ok,657.3941356550056,91.26944818304167,0.020424615849248744,16.871585004837275,13.427022682302406,62,1
234,det,417792.64214046823,63,0,0.0,True,ok,663.0567500132713,90.48999199359494,0.02336329006276363,18.676106264740017,15.491187178633409,62,1
234,det,460222.96544035675,63,0,0.0,True,ok,646.2458636371681,92.84392113910185,0.02007194158337193,18.83641913014987,12.97140922342098,62,1
234,det,501594.20289855066,63,0,0.0,True,ok,640.7602059775982,93.63877381938678,0.018971078045488567,15.892674358237594,12.155911876044344,62,1
234,det,542630.9921962096,63,0,0.0,True,ok,642.7067296632514,93.35517621145375,0.022714394367121398,17.740323637118088,14.598694119973972,62,1
234,det,583779.2642140468,63,0,0.0,True,ok,657.5710923537032,91.2448869752419,0.020762201820982602,19.821647469350907,13.652623731091575,62,1
234,det,625897.4358974359,63,0,0.0,True,ok,652.7932614889144,91.91271347248566,0.020061350113029536,16.692412651857182,13.09591417015555,62,1
234,det,667647.7146042363,63,0,0.0,True,ok,651.7315212967399,92.06244909041526,0.02033859331055244,16.511296124368137,13.255302359322037,62,1
234,det,709353.4002229654,63,0,0.0,True,ok,651.3776078993466,92.11246943765288,0.021673771332082047,18.131495905295733,14.117809324449038,62,1
234,det,751036.7892976588,63,0,0.0,True,ok,655.4476119693524,91.540496760259,0.023693982032253726,19.669366231925842,15.530163941085446,62,1
234,det,792965.4403567447,63,0,0.0,True,ok,653.1471748863058,91.8629097805472,0.025211643051145403,19.412909808697933,16.466913433097584,62,1
234,det,834793.7569676699,63,0,0.0,True,ok,553.3435968218597,108.43172369683363,0.16701380357767673,40.642023072116764,92.41601879057123,62,1
234,det,870078.0379041248,63,0,0.0,True,ok,665.7111004937093,90.1291866028708,0.09849747541343236,82.0694174882551,65.57086275332813,62,1
234,det,912664.4370122631,63,0,0.0,True,ok,658.1019624497867,91.17128260285048,0.02040264799137332,17.57001258718591,13.42702268229498,62,1
234,det,954804.9052396879,63,0,0.0,True,ok,663.0567500132713,90.48999199359494,0.021322577565002634,18.351279637758662,14.138078982156538,62,1
234,det,997235.2285395764,63,0,0.0,True,ok,658.2789191484843,91.1467741935484,0.057986419905236265,65.26662859311952,38.171237820509084,62,1
234,det,1039364.5484949832,63,0,0.0,True,ok,659.5176160393563,90.97558357928614,0.02701968663191876,20.32101153615392,17.819959313613527,62,1
234,det,1081605.3511705687,63,0,0.0,True,ok,664.8263170002288,90.24913494809707,0.024707634093035762,20.222125248300074,16.426285375862253,62,1
234,det,1124147.1571906353,63,0,0.0,True,ok,661.9950098211004,90.63512429831546,0.02083013171770761,16.752349694507952,13.789443251038666,62,1
234,det,1166544.0356744705,63,0,0.0,True,ok,668.3654509741436,89.77124702144599,0.021691856853673412,18.460190265380664,14.498087688471998,62,1
234,det,1209353.4002229653,63,0,0.0,True,ok,664.1184902054495,90.34532374100682,0.023492356523639513,16.632259617856523,15.601708345847614,62,1
234,det,1251861.7614269787,63,0,0.0,True,ok,667.4806674806667,89.89024390243912,0.061950311637316006,68.91190291429623,41.350635362311,62,1
234,det,1294570.7915273134,63,0,0.0,True,ok,669.0732777689266,89.67627611742971,0.019276826656657715,17.51287418363837,12.897609596153394,62,1
234,det,1337413.6008918618,63,0,0.0,True,ok,673.8511086337136,89.04044117647108,0.020322753804320443,19.153019775429687,13.694510181531351,62,1
234,det,1380557.4136008918,63,0,0.0,True,ok,637.0441153049838,94.18500000000014,0.026270153553848555,16.871585004881936,16.73524672963753,62,1
234,det,1421304.347826087,63,0,0.0,True,ok,651.3776078993448,92.11246943765313,0.0400454414348745,19.872148563851532,26.084703849121855,62,1
234,det,1463043.4782608694,63,0,0.0,True,ok,672.7893684415427,89.18095739084687,0.023083248145017065,18.13149590524955,15.530163941065444,62,1
234,det,1506086.956521739,63,0,0.0,True,ok,667.4806674806704,89.89024390243864,0.019322821205885545,14.91671532486689,12.897609596114135,62,1
234,det,1548795.9866220735,63,0,0.0,True,ok,661.1102263276163,90.75642398286956,0.021973023550640156,21.19023247766417,14.526590572665755,62,1
234,det,1591114.827201784,63,0,0.0,True,ok,667.3037107819691,89.91408114558507,0.02097332096649691,20.56614719808803,13.995574908364663,62,1
234,det,1633846.1538461538,63,0,0.0,True,ok,669.7811045637133,89.58150594451783,0.02141209788200354,18.94254064098807,14.341418570434676,62,1
234,det,1676744.7045707915,63,0,0.0,True,ok,662.5258799171859,90.56249999999979,0.0590463517492494,63.7596152266935,39.11973614857113,62,1
234,det,1719141.5830546264,63,0,0.0,True,ok,665.8880571924069,90.1052351846928,0.03378050099189418,29.664974019962006,22.49403217647859,62,1
234,det,1761727.9821627648,63,0,0.0,True,ok,675.2667622232832,88.85377358490577,0.022330454878503284,19.720257303336822,15.07901396478003,62,1
