record,cv_ref,cv_det,rmssd_ref,rmssd_det,usable_ref,usable_det,d_cv
100,0.048219551756096,0.05035893323345067,58.40795704726972,62.08709703826863,True,True,0.0021393814773546724
100,0.03038339829001703,0.0308744455404725,25.034822422612706,24.928294063542562,True,True,0.0004910472504554703
100,0.03189434105760824,0.032938934806201095,27.49633406650317,29.290959390508444,True,True,0.0010445937485928578
100,0.059062327580420806,0.06108564570141758,71.23323406951009,74.87863957953111,True,True,0.0020233181209967713
100,0.049801359222739934,0.05027926926331168,58.073538227782066,54.02470445056778,True,True,0.0004779100405717454
100,0.056681783681015674,0.056682614827905896,72.64317630252582,72.73298428077655,True,True,8.311468902219565e-07
100,0.0626764778893994,0.06404567675911255,70.83465105245433,72.24906018291189,True,True,0.0013691988697131507
100,0.04847109248451064,0.049080551048218846,23.913569812694863,25.048624420378186,True,True,0.0006094585637082053
100,0.04688239980663864,0.04781803085709201,24.855215956720457,28.03204267977621,True,True,0.0009356310504533699
100,0.06113207831362024,0.06333028231354464,61.28802999338991,65.09748402446712,True,True,0.002198203999924396
100,0.03925439665697843,0.03880946283656466,24.845199749992265,25.79768609986891,True,True,-0.0004449338204137662
100,0.03177813535929316,0.03219229815670757,24.68438770586956,25.602689456013533,True,True,0.0004141627974144149
100,0.03092823551149725,0.03149066396469635,25.6802125653931,25.952628550601776,True,True,0.0005624284531991035
100,0.04693822766135312,0.047741568028528705,25.993309343460023,27.599645922759656,True,True,0.0008033403671755882
100,0.045317793145765804,0.04576323812209929,29.401469957874067,28.703352409674228,True,True,0.0004454449763334825
100,0.059455476050304,0.05980683564607449,68.87761498684132,69.89393259160416,True,True,0.000351359595770491
100,0.05786603106628075,0.05897568400884572,67.14286319523102,69.50566990688202,True,True,0.0011096529425649732
100,0.08564844295013804,0.08570372773031959,106.91389267084831,106.85545613272728,True,True,5.528478018154703e-05
100,0.03084931616595983,0.031175793494642307,26.580374868625935,28.281221292821893,True,True,0.0003264773286824757
100,0.0680881503134468,0.06873814340571387,82.1533846782943,84.09612803931591,True,True,0.0006499930922670705
100,0.0525992571245395,0.05275040854854322,58.16561483816582,59.12687859765719,True,True,0.00015115142400372317
100,0.05979010455126215,0.05897878523231459,74.60068929629482,73.50063598701867,True,True,-0.0008113193189475607
100,0.030115302210865016,0.030094335360758184,24.785017506410682,25.797686099840913,True,True,-2.0966850106832885e-05
100,0.09666366376256987,0.09595021600255985,126.77797646519372,125.3551106092437,True,True,-0.0007134477600100192
100,0.07961456020941063,0.07900246424306882,104.53608330165714,103.55918006248734,True,True,-0.0006120959663418052
100,0.04922477303836884,0.05086984602124364,61.79460557024652,64.43202216355881,True,True,0.0016450729828747998
100,0.03278364240900139,0.03343562602719331,24.52505850398837,26.63871940042318,True,True,0.0006519836181919231
100,0.05596647198254067,0.0561383628666179,69.66809862876339,69.23114274982257,True,True,0.00017189088407722902
100,0.05591340224016531,0.05702186520866357,72.99012769911587,74.3412904076999,True,True,0.0011084629684982583
100,0.07294897986878904,0.13572235100945249,97.29899682403357,159.81977414039685,True,True,0.06277337114066345
100,0.0789307975054676,0.07821317063990309,103.40070837020708,101.96939350402049,True,True,-0.0007176268655645079
100,0.07199904460721622,0.07204746524606405,76.96629284925409,75.42544962551102,True,True,4.842063884782921e-05
100,0.06544801857421723,0.06660614189347308,54.39422378381966,54.44973860632448,True,True,0.0011581233192558549
100,0.03247703805740977,0.03321333130292226,24.724688773947666,25.008578632267838,True,True,0.0007362932455124913
100,0.06284601536970064,0.06502363855801255,66.14660503178183,68.45953826004072,True,True,0.0021776231883119113
101,0.058239818985841726,0.058703623185711054,26.146072072622605,26.638719400414704,True,True,0.00046380419986932764
101,0.03879836349055745,0.039774120903854106,29.66903927795426,31.816866174622497,True,True,0.0009757574132966546
101,0.05507495606239334,0.05471400822259038,26.899187873311565,30.03433144260532,True,True,-0.00036094783980296363
101,0.03624529643816801,0.1269385620871547,36.131783440504044,159.29210738176758,True,True,0.09069326564898669
101,0.046405288481982394,0.04782723181162314,38.506181394364596,36.40092685327023,True,True,0.0014219433296407472
101,0.1305999608812612,0.07793825199341091,167.35818309725624,105.505609067106,True,True,-0.05266170888785028
101,0.0848248777547883,0.08374775848160487,116.11814216164207,114.03381691391924,True,True,-0.0010771192731834217
101,0.03427154738654939,0.03785556445732425,38.596571615897616,39.262222701062534,True,True,0.00358401707077486
101,0.050297207673560315,0.05003339012953303,42.12117695871104,40.66667701621523,True,True,-0.000263817544027288
101,0.04497583214368188,0.045199440601416487,33.07283214672441,31.816866174613864,True,True,0.0002236084577346073
101,0.048636830964559605,0.04898802627394236,57.34245467996103,56.96854618640096,True,True,0.0003511953093827541
101,0.0369921960996483,0.037387344031007526,40.016610947621004,41.544476224376346,True,True,0.0003951479313592243
101,0.031299217144262606,0.031533596021905155,39.39127619643125,40.04577525681616,True,True,0.00023437887764254928
101,0.03967822403659055,0.03936724004008858,39.629092270715,40.493784196156376,True,True,-0.00031098399650196507
101,0.05332760743005085,0.10588293648851325,42.10787903353061,99.80360083682886,True,True,0.052555329058462406
101,0.03456569303246682,0.03447907102740115,36.804076185858264,37.29850694810701,True,True,-8.662200506567158e-05
101,0.04140113692996279,0.04143830397699367,38.09187106430448,38.69652914982682,True,True,3.7167047030876865e-05
101,0.040737244102995195,0.04129792784215792,36.62611801582953,38.33219594815802,True,True,0.0005606837391627234
103,0.03376580555542031,0.03375468149086152,28.28391924069875,28.91210681396888,True,True,-1.1124064558790114e-05
103,0.03605916200340708,0.036243222382084175,26.542891508003066,27.852693156598946,True,True,0.0001840603786770964
103,0.036747754248105016,0.036782767273550426,30.867582450782493,31.94262502915497,True,True,3.501302544541007e-05
103,0.04144818657896517,0.042045515916780934,28.40904565362599,30.167522035858408,True,True,0.0005973293378157621
103,0.03647896034224181,0.0366322447157521,31.268164772442933,31.87980761335069,True,True,0.00015328437351028873
103,0.04576352621454039,0.04636450092183017,29.105799263670498,30.39920141710265,True,True,0.0006009747072897795
103,0.038794054919724895,0.03949996084543311,32.45558801115274,33.354789467467306,True,True,0.0007059059257082181
103,0.03811499777692343,0.03796601677866338,27.473694018133383,27.74452694933352,True,True,-0.00014898099826005096
103,0.037039371320511154,0.03793656411502509,32.600975081477294,34.12713091056122,True,True,0.0008971927945139388
103,0.04012270891587828,0.04037466810037186,33.05965909290444,34.36128206784011,True,True,0.0002519591844935762
103,0.036134239301127344,0.03612236675384766,31.935677463013057,32.40987497551989,True,True,-1.1872547279682955e-05
103,0.09258531881800738,0.09252893915540035,30.26499187464104,30.16752203585338,True,True,-5.6379662607033976e-05
103,0.07993580754401453,0.08001585440948486,32.798881487642625,33.97996709032589,True,True,8.004686547033457e-05
103,0.04246854569013295,0.04318869328185054,31.624350774831182,32.5333416129377,True,True,0.0007201475917175959
103,0.08422932483070235,0.08483206160906616,63.646884652177285,65.25126993217796,True,True,0.0006027367783638105
103,0.03907960969219702,0.03953787922212746,32.48433436735908,32.778879750015165,True,True,0.00045826952993043707
103,0.03920017033106784,0.03955198249945287,36.01448334706042,37.40584100294238,True,True,0.0003518121683850281
103,0.04438822693979628,0.04487329498483952,30.67750185186634,31.56384532991984,True,True,0.0004850680450432382
105,0.09965943274462842,0.09765438903299584,121.55088106048005,118.82027588134297,True,True,-0.002005043711632584
105,0.12882661882408084,0.12805592160305593,154.8655812878453,153.85084449218436,True,True,-0.0007706972210249075
105,0.08570452031162594,0.08457254364872317,104.55453474985933,103.02549134671844,True,True,-0.0011319766629027672
105,0.1117506314131422,0.11139463896691448,133.99718994655686,133.68932856406911,True,True,-0.00035599244622772086
105,0.07885142569945347,0.07795245366243755,92.66924843620043,91.35133903350201,True,True,-0.000898972037015916
105,0.07360859560814835,0.07295539077046512,86.68513152255076,86.30770428206235,True,True,-0.0006532048376832328
105,0.029150973725229682,0.02914205561153064,21.072403677173234,21.378593804028995,True,True,-8.918113699043356e-06
105,0.032031638353103624,0.0330701654375904,20.873616967480686,23.264493098332295,True,True,0.0010385270844867761
105,0.0796770717138652,0.07942201199898559,89.41934018461411,89.08497512854608,True,True,-0.00025505971487961576
105,0.15459446897023935,0.2509087366477418,150.74073707135022,275.1708665779728,True,True,0.09631426767750248
105,0.06717301599409063,0.1444477947602498,70.18600479312082,131.94611990670606,True,True,0.07727477876615917
105,0.165560034600173,0.3776526934305446,162.50363779896205,324.43566207864274,True,True,0.2120926588303716
106,0.23065381300660162,0.2319502564925259,338.84647040477466,341.379958234149,True,True,0.0012964434859242813
106,0.1157420747320219,0.11653024258250931,122.34282498769603,123.92372044959416,True,True,0.000788167850487409
106,0.0600271620469646,0.05965491313410887,67.22622103691523,66.1664797042864,True,True,-0.0003722489128557341
106,0.062312184483063894,0.06226259595262285,58.194492562069264,57.737481595276925,True,True,-4.95885304410415e-05
106,0.3887069762274164,0.4052197259435896,536.7050584752601,501.5363653237358,True,True,0.016512749716173225
107,0.060554071452282705,0.029112902414250335,48.6296687567692,25.524273683925195,True,True,-0.031441169038032374
107,0.03361209296028623,0.03843639357180221,32.02518237035397,44.57060604921389,True,True,0.00482430061151598
107,0.02918548761328557,0.029481851319774675,24.87523627083784,25.952628550609237,True,True,0.0002963637064891042
107,0.028399030734865372,0.02957559353191751,24.133737298351946,26.601067481383232,True,True,0.0011765627970521386
107,0.041302535670753884,0.04187163325407957,48.547705704706786,49.066289385113954,True,True,0.0005690975833256839
107,0.028362148444963518,0.02939664450985635,24.36979478063192,25.758804862829365,True,True,0.0010344960648928335
107,0.028300229127334927,0.02974058663417959,23.6729634714786,25.287567423990772,True,True,0.0014403575068446632
107,0.027555345487777768,0.02851647467325207,24.089864778089453,25.75880486283383,True,True,0.0009611291854743007
107,0.028068814929508485,0.028985793544350383,24.686908450129035,26.10665143722979,True,True,0.0009169786148418985
107,0.03534390004009397,0.03562819017804578,38.03628871564184,37.379036383960326,True,True,0.00028429013795180924
107,0.04602100769033563,0.045778171405566746,55.427720306830246,54.72515634038933,True,True,-0.0002428362847688853
107,0.04252036812526469,0.0414383568321454,50.99200123123597,49.16831962500656,True,True,-0.0010820112931192935
107,0.029156605089299133,0.030505232244101108,24.39276469234111,26.788797880331067,True,True,0.0013486271548019749
107,0.045435083307022964,0.04662986647275832,41.80681329158107,45.79072866380595,True,True,0.0011947831657353539
107,0.03678879667292152,0.03716253599201003,31.93178025421941,34.73841169699365,True,True,0.0003737393190885105
107,0.05257675119956132,0.05580487140293155,48.06464475751717,55.39866606553816,True,True,0.0032281202033702314
107,0.0547708014053365,0.05869930961028722,51.12849361579404,58.23872942610639,True,True,0.00392850820495072
107,0.05006715188470919,0.05178914127794515,46.23143604748512,50.55531312080588,True,True,0.0017219893932359578
107,0.06945426164078267,0.07158022919183439,73.29384866206945,77.41895525802936,True,True,0.0021259675510517245
107,0.052257024732548465,0.05542024162142265,52.96373578070636,59.8178531765483,True,True,0.003163216888874186
107,0.050967586539451146,0.05565833620101142,53.37685835983258,62.71352521014748,True,True,0.004690749661560273
107,0.06381724637645027,0.0692132743636674,62.69930388832887,73.98992077115325,True,True,0.005396027987217139
107,0.05152571406802343,0.055006775721835495,60.04072360183484,67.2333862507559,True,True,0.0034810616538120676
107,0.032151253647536224,0.03965911097904276,30.970223106019255,47.36164251946481,True,True,0.007507857331506537
107,0.028768140750662956,0.028154631411167082,24.241787829692104,24.56376647856915,True,True,-0.000613509339495874
107,0.05093772423582738,0.05147724216500081,50.63318707737694,53.46523437363037,True,True,0.0005395179291734289
107,0.07286379396563263,0.07692028982693372,76.4959334704984,84.41731111042404,True,True,0.004056495861301093
107,0.04362038908556412,0.04982822636914744,45.130789182251014,55.97462609501047,True,True,0.006207837283583317
107,0.04877969172965878,0.05839961195142939,54.09136848855272,71.76187283116889,True,True,0.009619920221770613
107,0.06659620315366982,0.07157778356465319,69.62253150853056,78.14058562203319,True,True,0.004981580410983372
107,0.028694304899655746,0.030122142438638068,24.459001042168747,25.952628550590486,True,True,0.0014278375389823218
107,0.052848967848281705,0.056231947085221154,51.80796380384836,65.14365791655504,True,True,0.0033829792369394485
107,0.061727279037121933,0.07056400581322672,66.87728081316155,83.0165437618297,True,True,0.008836726776104788
108,0.1354611197852472,0.14997102470614634,222.53590092458884,256.87589848998,True,True,0.014509904920899153
108,0.12300771394557415,0.15994183357515934,182.74996792500787,255.93292249081628,True,True,0.03693411962958519
108,0.07635728147872553,0.07408533678435796,94.18845763451016,94.34159126994605,True,True,-0.0022719446943675753
108,0.14467533084332365,0.14360237428034647,234.2308646804208,233.00224047051205,True,True,-0.0010729565629771787
108,0.07083058837441009,0.12162014797654767,73.19189820305246,116.58067327996496,True,True,0.05078955960213759
108,0.08527203262020733,0.11148671765540855,140.24916312716135,161.36136929911066,True,True,0.02621468503520122
108,0.11740580804594193,0.13091955866891095,190.2942919867206,160.95711786888913,True,True,0.013513750622969015
108,0.06804440795758113,0.1832876457882507,91.40698527679935,221.47562853419043,True,True,0.11524323783066959
109,0.054532918405258604,0.054777245099199075,40.27082500860572,39.995686712804094,True,True,0.00024432669394047063
109,0.05279175015514033,0.05330815329299143,54.45253578964783,55.99252938224084,True,True,0.0005164031378510972
109,0.052973172721919114,0.05343878394043479,55.61824420109324,56.099829121760315,True,True,0.0004656112185156755
109,0.03503744972485622,0.03491708719750581,23.657186752986085,25.0085786323099,True,True,-0.0001203625273504122
109,0.0333867354762685,0.03225400050798628,23.543810895043993,21.518782806461306,True,True,-0.0011327349682822146
109,0.05173140794037593,0.06190921254004171,44.09021019236063,59.02508188756097,True,True,0.010177804599665781
109,0.0354546618827822,0.03598521795029218,27.049135196070452,27.012352225281514,True,True,0.0005305560675099782
109,0.057164894208114554,0.057607372500615546,26.517090962282477,26.563362193141113,True,True,0.0004424782925009918
109,0.037931445864549634,0.03896111546257239,23.968152239672342,26.601067481378905,True,True,0.0010296695980227533
109,0.07144863593619223,0.06999994258085902,79.26682025480417,76.55973056172724,True,True,-0.0014486933553332082
109,0.035020777738514544,0.03522704717670108,29.052301811413663,31.59558374455223,True,True,0.00020626943818653765
109,0.06362430303390072,0.06488022917155199,67.241954804001,68.91190291426706,True,True,0.0012559261376512698
109,0.03535407735065264,0.036768712116320795,24.782506741287417,27.23407155773633,True,True,0.0014146347656681518
109,0.06056455776444684,0.07347429049803196,67.22159275750778,85.1502576866116,True,True,0.012909732733585123
109,0.042902017522623424,0.04219027529289111,43.553457084995635,41.47203593169772,True,True,-0.0007117422297323109
109,0.04876481225695612,0.04880486546999962,56.682125939609804,56.52699134901202,True,True,4.005321304349774e-05
109,0.034673274166381066,0.03411071251966588,26.088890873380223,25.366714933384745,True,True,-0.0005625616467151845
109,0.030056104238529946,0.030208207331238433,23.04157066031547,24.15228399478517,True,True,0.00015210309270848738
109,0.038834543260914255,0.05165069494007384,33.89792170587356,54.61515591489383,True,True,0.012816151679159588
109,0.032073920750929574,0.032854610401926714,24.346803198084704,24.968468616706918,True,True,0.0007806896509971392
109,0.06235476681467469,0.06115811405218281,70.48150376912501,68.7663039708847,True,True,-0.0011966527624918746
109,0.03415117518307756,0.03463935818040302,25.52466186262953,26.41200277193072,True,True,0.000488182997325462
109,0.039856504007012135,0.039741138870415915,37.279485722805155,36.56576208211427,True,True,-0.00011536513659621966
109,0.06326041102167401,0.06324659084131957,66.0486964795675,67.11401929250859,True,True,-1.3820180354437439e-05
109,0.07154509181896715,0.07014530096950998,86.15156871302763,83.91716182658186,True,True,-0.0013997908494571693
109,0.04986689889708865,0.07454660398930645,51.92553754771396,86.3773540883958,True,True,0.024679705092217792
109,0.03046224219456452,0.031126226956285055,23.92657692261583,25.8752733008392,True,True,0.0006639847617205333
109,0.033244231482474684,0.0330521820534738,24.400416524396658,25.60268945604133,True,True,-0.00019204942900088312
109,0.04170312355464377,0.04263766464859617,39.35018269003927,40.49378419624839,True,True,0.0009345410939523985
109,0.030733711465634573,0.03149962310289388,24.633918653543713,25.247900627191914,True,True,0.0007659116372593054
109,0.03245441464863288,0.032707139928566324,23.798800708727853,26.37402719115432,True,True,0.00025272527993344673
109,0.042724233668485184,0.046198367155554865,41.38344603505477,49.45288441312591,True,True,0.0034741334870696805
109,0.04749534203502855,0.04798356466966624,24.31099529499135,26.412002771969558,True,True,0.0004882226346376861
109,0.043813554358345254,0.04437834286644482,43.46764865379259,44.90665458220511,True,True,0.000564788508099566
109,0.059250933273162255,0.12276416100784704,33.03894796800985,119.83660608539918,True,True,0.06351322773468479
109,0.04958438420615412,0.058813158690635296,50.66267355201045,65.05127735779435,True,True,0.00922877448448118
109,0.05542078411659859,0.061410012742994506,62.83413272873814,72.55361783197742,True,True,0.0059892286263959135
109,0.042751344050263256,0.052768393771648985,43.00711230106735,59.54915848538718,True,True,0.010017049721385729
109,0.04011027428294438,0.04096285986907051,40.24300191968608,39.84504328971593,True,True,0.0008525855861261297
111,0.03281743140952816,0.03333647835832084,32.717199960232065,33.50469938893527,True,True,0.0005190469487926785
111,0.03452299595803669,0.034807150761094974,35.820445850101855,36.72985757550555,True,True,0.00028415480305828134
111,0.03525398032585456,0.03421551222963355,32.11443782298322,30.922236806485518,True,True,-0.001038468096221011
111,0.03810563032226558,0.0373440540665141,37.421097131872806,37.2985069481463,True,True,-0.0007615762557514755
111,0.03040468017128059,0.030893051111651998,31.110551070247492,31.911231778327732,True,True,0.0004883709403714076
111,0.03406270818788356,0.0347373003263236,30.76864440133134,32.53334161297887,True,True,0.0006745921384400388
111,0.03471581923009294,0.034386818791664026,30.135182617372738,30.857342219105377,True,True,-0.00032900043842891413
111,0.04321178582193874,0.04279507648786575,33.77102130118356,31.753799975496317,True,True,-0.0004167093340729927
111,0.03870987552965605,0.03701757300446949,35.51338785371191,30.986995488522783,True,True,-0.0016923025251865606
111,0.035306681336676554,0.0366464635769424,29.29120875607153,31.46843802258561,True,True,0.0013397822402658466
111,0.03483242566037172,0.03677795772907583,32.55322205297411,35.48064727420314,True,True,0.0019455320687041047
111,0.03318245575395204,0.032758499706609726,31.168501853092998,32.409874975444325,True,True,-0.00042395604734231374
111,0.03722315395875627,0.03902419126786519,30.649091114449398,33.083239852107454,True,True,0.0018010373091089174
111,0.038595822252227255,0.038790127741481266,32.034896096368264,32.34796493811456,True,True,0.0001943054892540111
111,0.04974637215845039,0.049605428057368034,31.941522384635032,30.233897302056757,True,True,-0.00014094410108235478
111,0.050481954765566904,0.04980890145670922,56.26783535118393,53.18329234312054,True,True,-0.0006730533088576823
112,0.023984320647868693,0.025436315250569677,23.64666309287805,26.221574889775873,True,True,0.0014519946027009845
112,0.017372031992601296,0.018292903080016142,16.45625847060945,17.909015137178802,True,True,0.0009208710874148464
112,0.017427644479446152,0.017032671264173856,15.2145154862521,14.158319620976187,True,True,-0.00039497321527229637
112,0.020848557593467352,0.021913083724404755,19.351415965778962,21.095421118509158,True,True,0.001064526130937403
112,0.022117696272849707,0.02336148744135099,19.68615764610213,21.518782806445987,True,True,0.0012437911685012834
112,0.022819077244048896,0.02371380606271209,20.09287475920803,21.047855283195624,True,True,0.0008947288186631937
112,0.02026094800065502,0.022915264961421763,16.223959007543737,20.95239966524292,True,True,0.0026543169607667443
112,0.01705076089450522,0.018920802109260962,17.217596789014237,20.46844523365999,True,True,0.0018700412147557403
112,0.01849963002082028,0.01972152429516322,19.441243976262562,20.80839521197889,True,True,0.0012218942743429419
112,0.06256434704718927,0.06370562548407527,52.764806932843065,54.449738606407905,True,True,0.0011412784368859952
112,0.014401936713970461,0.01579089794925419,15.78460400569893,17.224339216507854,True,True,0.0013889612352837293
112,0.01886520263733644,0.020549321127704995,15.218604860228188,17.740323637069707,True,True,0.0016841184903685531
112,0.023323519209014314,0.024359119191855808,18.97802078193688,20.419418947126644,True,True,0.0010355999828414938
112,0.019901895895712517,0.022954402450967856,14.808279621951366,20.32101153607873,True,True,0.003052506555255338
112,0.021686013497504444,0.02153033617201746,20.533990431506112,20.517354372022385,True,True,-0.00015567732548698449
112,0.014391350170769488,0.016437414667305517,13.644808700055119,17.340329343276068,True,True,0.0020460644965360295
112,0.014257848422213398,0.015616271299799273,13.969301268711655,16.752349694470464,True,True,0.0013584228775858753
112,0.01409020430120584,0.015222753953622624,14.833470929527268,16.389439874980756,True,True,0.0011325496524167838
112,0.01931446785449893,0.020147294795951846,17.37947057908945,18.568462104444265,True,True,0.0008328269414529174
112,0.017307589401452467,0.017763997462509267,16.852311362156605,17.85296174416576,True,True,0.0004564080610568004
112,0.014446163776084337,0.015181810081363973,13.947011001994541,15.37987181669669,True,True,0.0007356463052796362
112,0.017841643255811744,0.020360773249073868,18.170642314874073,22.475635619822942,True,True,0.0025191299932621238
112,0.018021296730098037,0.01853241428618277,17.27172328776885,17.796731803682402,True,True,0.0005111175560847322
112,0.01623906433449149,0.018032523523601872,17.170549142789508,19.669366231904558,True,True,0.0017934591891103809
112,0.016898542237867818,0.019031273432045134,13.94701100194817,17.455548745973978,True,True,0.0021327311941773154
112,0.017620396058479117,0.017815949854532605,19.370699892742266,19.821647469404763,True,True,0.0001955537960534881
113,0.08728400179890511,0.433578395859762,122.30670752210801,402.6990496164355,True,True,0.3462943940608569
113,0.10981732317481319,0.2652607845125815,83.74153309314983,245.5152234732156,True,True,0.15544346133776832
114,0.03889449969805741,0.039054618742503204,47.52040581201347,48.73835729386552,True,True,0.0001601190444457945
114,0.13349913316060988,0.16869660289346,239.11566089061037,273.24823266953933,True,True,0.03519746973285012
114,0.06345235025646621,0.061733774101067486,68.48622055140173,67.6346944301141,True,True,-0.001718576155398728
115,0.06065718088543306,0.06090734457341686,73.88154489603131,74.54325027564876,True,True,0.00025016368798379957
115,0.12311168115723216,0.11957109013788876,65.83543166202789,62.280515254597006,True,True,-0.0035405910193433976
116,0.01641611215229499,0.017052325116266524,15.7055619265314,16.871585004840824,True,True,0.0006362129639715351
116,0.04995871944601224,0.0509548783344857,42.06204288917582,44.322551167551445,True,True,0.0009961588884734585
116,0.06714956161459303,0.0679077136868772,89.08468579129277,90.24748821280993,True,True,0.0007581520722841767
116,0.08641187362434814,0.08860774303154792,112.4958515098691,115.59641536782667,True,True,0.002195869407199777
116,0.06780843343547176,0.07007800468482749,86.01494804009282,89.06247039782146,True,True,0.0022695712493557285
116,0.06925151513400364,0.0691947033670272,79.80352840669711,79.41290282976034,True,True,-5.681176697644452e-05
116,0.1365347406690549,0.13520816037336877,174.24418624350616,172.0163001544916,True,True,-0.0013265802956861361
116,0.13960749937246114,0.1409062649408887,175.83928571463707,177.59522516058937,True,True,0.0012987655684275623
116,0.12573780273422153,0.12976555340717025,160.47062468224493,165.81562431634464,True,True,0.004027750672948721
116,0.20417217248081543,0.20533687065414152,256.076831221892,257.4051039302044,True,True,0.0011646981733260953
116,0.12698439945748796,0.12753537020298913,166.89575056644532,167.91194042711714,True,True,0.0005509707455011725
116,0.11730057722546221,0.11726898139031319,154.22538356794723,153.91597757352866,True,True,-3.159583514901476e-05
116,0.09575356983822239,0.09626335864104336,127.32065263034494,128.02127660936736,True,True,0.0005097888028209735
116,0.10118899944495195,0.10223908583400423,134.24401511939195,135.94936166075757,True,True,0.0010500863890522821
116,0.10643182628804598,0.10569817071809583,137.03057881387306,136.0967322857539,True,True,-0.0007336555699501562
116,0.1226486893712219,0.11660996035753797,153.8812382452183,142.73945702836198,True,True,-0.0060387290136839356
116,0.12485451031308109,0.12615249004346882,161.48724786376374,163.2510123289569,True,True,0.0012979797303877272
116,0.12668028142952134,0.11780577524412073,160.94997194399065,147.27374907908532,True,True,-0.008874506185400616
116,0.06116487410012023,0.04490516806053918,70.63759940723641,36.15226485948236,True,True,-0.016259706039581052
116,0.1341443637712006,0.12517887909577013,166.58861673059468,152.4240265816534,True,True,-0.008965484675430457
116,0.11984368028368789,0.11932973261666546,153.7036137381066,152.69737246649925,True,True,-0.0005139476670224241
117,0.01865271024627393,0.019527710448925126,33.92911414909963,36.53834118437433,True,True,0.0008750002026511952
118,0.03678999209329882,0.04838446115354576,39.929435468162204,61.19277498749482,True,True,0.011594469060246942
118,0.04850166338504288,0.058362316483632264,56.99195937055525,63.90093704444681,True,True,0.009860653098589384
118,0.05603520909345506,0.05477396662879844,72.84249086014918,64.19826148667038,True,True,-0.0012612424646566214
118,0.1525327203599662,0.15243866599105882,181.21158734115164,181.24861217286954,True,True,-9.405436890738694e-05
118,0.03708654647696454,0.04642304050616163,35.85690786301906,54.7983672845922,True,True,0.00933649402919709
118,0.12553229027682464,0.12590037444965096,138.62115772270926,139.35699639334217,True,True,0.00036808417282632733
118,0.09371170853783578,0.09475189241114933,128.00499900011135,129.07387645938798,True,True,0.0010401838733135466
118,0.042804801977472565,0.0436577588264701,28.189158093333237,29.83343064978184,True,True,0.0008529568489975339
118,0.054526567762248505,0.053287742514432135,56.41362435743434,54.117387147731634,True,True,-0.0012388252478163705
118,0.09298561568704028,0.09408374629305052,106.27056926017839,101.29879447325514,True,True,0.0010981306060102447
118,0.07053439046205702,0.07386027627717508,74.66738937612406,78.21750828444925,True,True,0.003325885815118057
118,0.09263215689789855,0.09396700651863081,119.44027666312851,122.27903868119694,True,True,0.0013348496207322563
118,0.058443366554085094,0.059148762356311446,71.48698683768058,72.04066903590738,True,True,0.0007053958022263523
118,0.08628193796627341,0.08601579223572571,95.3839262616646,95.00854904944353,True,True,-0.0002661457305477011
118,0.1279939631370941,0.12974857199354,155.79139188593223,158.31381983789234,True,True,0.001754608856445905
118,0.08606049920225402,0.08779462134270824,95.42566920534387,97.72317949338428,True,True,0.0017341221404542223
118,0.1479764705609594,0.1482428022484347,165.0266532906196,167.46365643661383,True,True,0.00026633168747530744
118,0.11788508813054996,0.11947310011539986,131.0693010913175,133.64433804336673,True,True,0.0015880119848498964
118,0.1108457838175866,0.11209629402890911,131.64770442525753,133.11079558307662,True,True,0.0012505102113225114
118,0.0955391249270274,0.09800044443548155,121.27822560041369,127.22020315151394,True,True,0.0024613195084541434
118,0.1557831837621874,0.15656994412355843,179.85354289995624,180.86110362500136,True,True,0.0007867603613710417
118,0.04242618418476785,0.04260752294847779,48.98537440519723,47.95053103142333,True,True,0.00018133876370993868
118,0.10782712246716106,0.10789036680110897,124.21497821288575,124.92260175013678,True,True,6.324433394791495e-05
118,0.05393687962425311,0.05474666237398663,61.80769498128219,62.264420018405886,True,True,0.0008097827497335203
118,0.05000847096435397,0.05038688819405459,52.06436333142595,51.36173157790657,True,True,0.0003784172297006186
118,0.022556788219967455,0.023327238353464754,22.514321297367385,23.649056226914862,True,True,0.0007704501334972989
118,0.13548350695269876,0.13621893336417581,173.4373682598324,175.3803801550183,True,True,0.0007354264114770581
118,0.1434769222715727,0.14531030694395905,204.77030822806984,207.37467986353494,True,True,0.0018333846723863623
118,0.0686492539765564,0.07031183617485932,99.38330352481526,101.68394360658854,True,True,0.0016625821983029254
118,0.041111269264634334,0.04276895519122603,51.2973853557083,53.876080497867385,True,True,0.0016576859265916982
118,0.09959331734545233,0.10664255556961799,136.2870087188064,148.7028028597977,True,True,0.007049238224165658
118,0.1033509754974927,0.10313994022708227,52.19805167784562,51.26406704463406,True,True,-0.00021103527041042847
118,0.0391148338999449,0.04047411921461888,40.45889940198604,42.47495886289604,True,True,0.001359285314673983
118,0.1006744073436753,0.10037912106881414,112.05524058005709,111.68033695128736,True,True,-0.0002952862748611673
118,0.11620672187622919,0.11125692258275778,120.59388997903805,116.09822089206703,True,True,-0.004949799293471405
119,0.31704843366428254,0.316477225448679,533.3748677076834,532.926748727563,True,True,-0.0005712082156035247
119,0.2029898237992834,0.20052238366782668,328.1085066780815,324.117304495664,True,True,-0.002467440131456722
119,0.32622507796831096,0.323164238757396,564.1624951976601,559.006247771672,True,True,-0.003060839210914934
119,0.3184811315488417,0.3152656070424994,513.3228501311227,508.0746088511652,True,True,-0.0032155245063423266
119,0.3264333215389603,0.3217038673015318,526.7633147865038,518.8285267576671,True,True,-0.004729454237428543
119,0.26122631799275964,0.25822217928309427,408.21064038255844,403.2139291393312,True,True,-0.0030041387096653716
119,0.15442924745672673,0.15403577551772193,242.25842146726,241.5311395593257,True,True,-0.00039347193900479693
119,0.24577483016547969,0.2434378369128487,374.0601191253041,370.3043469794924,True,True,-0.002336993252630981
119,0.28643821886239085,0.28202250587081473,456.1733615660203,448.6177013534258,True,True,-0.004415712991576115
119,0.2863284666034596,0.28411847814550395,470.2188423037665,466.3248424636477,True,True,-0.0022099884579556694
119,0.26336458103630167,0.26181434866672376,427.3689744734656,425.16469649578534,True,True,-0.0015502323695779086
119,0.29073153849768846,0.28819870972277,475.34781539352656,470.9126066580903,True,True,-0.0025328287749184497
119,0.2843512360988627,0.28241569954495727,485.1911417639839,481.4453262360938,True,True,-0.001935536553905437
119,0.32399638479849135,0.32369697109144724,503.94970251831967,503.6144341190816,True,True,-0.0002994137070441161
119,0.3048585168755717,0.30323663430690306,452.4699626547086,450.0230299206058,True,True,-0.0016218825686686311
119,0.37166937815270357,0.3687458955397819,653.1548708725568,648.3644754506224,True,True,-0.0029234826129216906
119,0.3214878051325622,0.3208854697317736,549.9184210524687,548.7933442653866,True,True,-0.0006023354007885784
119,0.35101581024263057,0.3485831837583511,600.9362923961684,596.813059195681,True,True,-0.002432626484279443
119,0.3198523409614312,0.3170752931137322,549.9567793742174,545.1523034547388,True,True,-0.002777047847698999
119,0.31376034824360605,0.3101670319834611,474.17947743654287,468.16748396616305,True,True,-0.003593316260144974
119,0.32821363821475946,0.32773394253416416,524.1773769831208,523.566925669025,True,True,-0.00047969568059530454
119,0.22404279816322847,0.22102883233457032,371.954980832118,366.5883971349335,True,True,-0.0030139658286581494
119,0.1788798670780023,0.17815248399983072,286.47061312885444,285.8613468218145,True,True,-0.0007273830781715784
121,0.024308147915358545,0.024856502296011797,23.001025897850862,24.19374717381095,True,True,0.0005483543806532529
121,0.023479487026195834,0.024652941148968006,18.955054891347306,22.69751301880509,True,True,0.0011734541227721718
121,0.024351672552229794,0.025016056285984127,16.807943637902234,18.99537907180367,True,True,0.0006643837337543326
121,0.028698271866527014,0.02883923368715331,21.435444840261244,20.663387206930807,True,True,0.00014096182062629456
121,0.022339107879639705,0.023064598900904402,16.418401833209707,19.10061743429965,True,True,0.0007254910212646966
121,0.0448974923238105,0.045375516410528324,19.60380167781933,21.933974440935387,True,True,0.00047802408671782093
121,0.02691391998315846,0.02774011129085556,22.854469196343207,24.276461080636835,True,True,0.0008261913076971009
121,0.021839856362431978,0.022569416256954758,19.35463128786373,21.378593803998154,True,True,0.0007295598945227799
121,0.02226523228889937,0.022524437856259207,22.166147890519454,22.829604413422178,True,True,0.00025920556735983813
121,0.019016194186085203,0.020438232414554603,20.989557624480252,23.9438911090349,True,True,0.0014220382284694001
121,0.02130021519586999,0.021951759136598192,20.730030623528663,22.829604413396506,True,True,0.0006515439407282012
121,0.01708616695012813,0.018184897023527505,16.376658458079007,19.720257303334698,True,True,0.001098730073399376
121,0.013434735920205516,0.013895431190483804,15.283886038575464,17.04887447925602,True,True,0.00046069527027828815
121,0.025464707506851113,0.026076054248999992,18.21852287829201,20.61482453765238,True,True,0.0006113467421488793
121,0.02949695213935888,0.029755590101130467,22.696002346244757,23.04807450520707,True,True,0.0002586379617715885
121,0.020430354078366207,0.021099412420560116,20.92720785658689,23.17816815093051,True,True,0.0006690583421939088
121,0.03572133104399652,0.035559131606650946,22.255799006278295,23.6066363610627,True,True,-0.00016219943734557124
121,0.037691102531051186,0.03808054408807917,20.244055526276703,22.070636040031353,True,True,0.00038944155702798355
121,0.04485283621234308,0.04523858277041671,16.135502485575085,18.460190265401074,True,True,0.0003857465580736283
121,0.029114329623354685,0.02942210367599645,16.922322359094895,18.405815507295905,True,True,0.0003077740526417662
121,0.021424402197696982,0.022757040909355538,17.758446030404247,20.90450840339406,True,True,0.0013326387116585556
121,0.02770568871640532,0.027883345582912864,19.280543220446624,19.618343146634363,True,True,0.00017765686650754453
122,0.03192071467774265,0.031439374128086284,20.96582719560635,21.56530995873686,True,True,-0.0004813405496563658
122,0.024718652593216973,0.024149699600014098,21.222470864951482,20.072882431892626,True,True,-0.0005689529932028752
122,0.03449503694681302,0.034158560062644984,17.99168465836029,20.56614719808727,True,True,-0.0003364768841680327
122,0.036935471342872866,0.03805805822197342,19.749274696948277,20.02288762840311,True,True,0.001122586879100551
122,0.08429238188819227,0.08487784117823742,21.31317184994575,23.004546469184938,True,True,0.0005854592900451511
122,0.026148845627574576,0.026050371666055117,16.692781213554294,15.766037484648006,True,True,-9.84739615194595e-05
122,0.043300309613270284,0.04556101899225665,21.26933257448268,25.484975317759204,True,True,0.0022607093789863628
122,0.03859070275461482,0.039139482648950535,18.597130039837825,20.022887628403893,True,True,0.0005487798943357158
122,0.040884698941757766,0.04049922982768749,23.493540296924458,22.475635619813165,True,True,-0.00038546911407027346
122,0.04731662040192689,0.04817152207067171,20.555192285843802,23.436189103654424,True,True,0.0008549016687448216
122,0.03741917800253458,0.03864997441241643,16.342425479972114,19.257396677795043,True,True,0.00123079640988185
122,0.051424535393601006,0.05034968760285929,20.102163398930177,20.12275302413932,True,True,-0.001074847790741719
122,0.02483420946766954,0.024893704468082707,17.2356578416502,18.83641913014931,True,True,5.9495000413165716e-05
122,0.044476518506244136,0.043873783773552305,20.40021708291614,21.611736944536553,True,True,-0.0006027347326918314
122,0.031026450757118833,0.03329980176906334,16.550521233079547,19.10061743429855,True,True,0.0022733510119445043
122,0.042416614449839775,0.04084310248821116,20.323817229901067,19.821647469350903,True,True,-0.0015735119616286167
122,0.032852480203542506,0.03412763452304229,19.183476603388247,21.704292986674254,True,True,0.0012751543194997814
122,0.027645776937124285,0.02851965444045706,21.292724753711074,22.960935915347715,True,True,0.0008738775033327768
122,0.0415985904682028,0.04283394893779301,19.58792429473087,23.091520490060653,True,True,0.001235358469590206
122,0.03175850924880762,0.03350150711379551,14.583866691059363,18.99537907179251,True,True,0.00174299786498789
122,0.025715032405319003,0.027451596562676022,17.57175084386207,19.9225216448711,True,True,0.0017365641573570192
122,0.05012869575341876,0.05003520177973864,19.76817051503081,20.808395211984923,True,True,-9.349397368011575e-05
122,0.030239458527636674,0.030923310871402057,17.490112129483055,21.142879943641013,True,True,0.0006838523437653829
122,0.0355527456611928,0.03661857028105494,19.076132864943446,20.370274666612932,True,True,0.0010658246198621407
122,0.03698311027331542,0.03746465948709422,18.303712358450166,21.284621508215732,True,True,0.00048154921377880494
122,0.04706787246100025,0.04898804802050264,19.565674312724205,22.296544035660073,True,True,0.001920175559502392
122,0.044966583484342924,0.045221403641966515,21.64057338816566,23.2213707385044,True,True,0.0002548201576235906
122,0.02832862640826288,0.028458959306547522,16.84492485670475,16.511296124332638,True,True,0.00013033289828464148
122,0.038996466764837916,0.040200398604040226,17.649486698658485,20.12275302415752,True,True,0.0012039318392023102
122,0.0598643298217573,0.05956886567131852,18.747095885507278,20.370274666691028,True,True,-0.0002954641504387817
122,0.030850463709850232,0.03157038885250311,18.964900821387594,20.517354372108088,True,True,0.0007199251426528754
122,0.03831932146749378,0.03919765249583909,19.931183878607495,21.97962272013887,True,True,0.0008783310283453083
122,0.03552788928210729,0.03724576266626366,17.600058153106126,20.27162868901308,True,True,0.0017178733841563681
122,0.05182601276536375,0.05353112008207555,21.522357393677034,23.606636361002405,True,True,0.0017051073167118
122,0.02558287211440701,0.02565866306006069,16.700235012200285,17.683735538673332,True,True,7.579094565367955e-05
122,0.022892059780201514,0.02383473532725771,14.53257509008606,16.812073055774196,True,True,0.0009426755470561959
122,0.0497924249764195,0.05069250863166406,23.408630002299795,25.952628550592102,True,True,0.000900083655244556
122,0.03265806756757148,0.03342250564791024,16.58057213612375,18.51440533152943,True,True,0.0007644380803387557
123,0.08031506015303791,0.08314580336143657,101.59642676150041,102.07745879077008,True,True,0.002830743208398656
123,0.10590882248224824,0.10282387308154994,119.83089521832528,120.32905877883155,True,True,-0.0030849494006982975
123,0.10277788436109052,0.10523162272794385,130.01298069555688,126.02495184696772,True,True,0.0024537383668533364
123,0.0932622060709735,0.0920238380582055,108.30748244092246,110.82446727953891,True,True,-0.0012383680127679986
123,0.09610071454632889,0.09847304409029503,107.6279766696784,106.31003177940957,True,True,0.0023723295439661424
123,0.1287769176652814,0.1279675084544259,136.5707074894385,137.52532009456044,True,True,-0.0008094092108555107
123,0.10880695095833819,0.10903089580207033,89.68269544459208,88.8822274194524,True,True,0.0002239448437321434
123,0.13314363105159377,0.16555784920570518,98.16554646181976,144.76146184245582,True,True,0.03241421815411141
123,0.06148129929743493,0.06165497654568869,102.49707380891003,103.20045692652565,True,True,0.00017367724825376185
123,0.1044281462419517,0.10436233078572882,108.39018359447134,108.24403423251267,True,True,-6.581545622287577e-05
123,0.0696338690013899,0.06996325286170552,98.48198168623584,99.63272995124547,True,True,0.00032938386031561295
123,0.05817369556911299,0.05924873442404373,98.4977767621152,101.2493104223971,True,True,0.0010750388549307377
123,0.09080015764766346,0.09072566128139337,86.00409583384176,85.78352820869262,True,True,-7.449636627009093e-05
123,0.09025373320475705,0.08944050497495744,113.1120238888733,109.75209378726079,True,True,-0.0008132282297996091
123,0.08056328413278738,0.08081754899259591,98.8874290094372,99.61260822428049,True,True,0.00025426485980853397
123,0.06352957582821694,0.06364960027642992,104.8184506971136,105.22022685903464,True,True,0.00012002444821297698
123,0.10130199724212093,0.10179313402819457,102.25637870205817,103.72358284246059,True,True,0.0004911367860736399
123,0.09696486780131128,0.09659114451530729,106.31681725495386,105.33447252451884,True,True,-0.00037372328600399074
123,0.13914992140516025,0.13915531083630842,142.49005219349678,142.89385345753126,True,True,5.389431148167256e-06
123,0.07638285540975359,0.07674642698321132,87.34233676358505,88.47533817861606,True,True,0.0003635715734577327
124,0.0282747951859484,0.028907678624504166,43.26101400264509,45.26235641331437,True,True,0.0006328834385557654
124,0.026083586178955318,0.026007053301167878,43.97574319605784,43.54690364507846,True,True,-7.653287778744064e-05
124,0.024444238865086128,0.024415889376793978,38.08860375965443,37.32536939809595,True,True,-2.83494882921502e-05
124,0.09977218826349912,0.10185384595332514,43.28545972373866,59.17771128673721,True,True,0.0020816576898260164
124,0.03246141569730246,0.04501711176803816,36.89526330035127,68.86825555236723,True,True,0.0125556960707357
124,0.05418817381125717,0.11154508783018759,46.01287198916952,109.11095948873961,True,True,0.057356914018930415
124,0.05406209015366852,0.08790256861601498,47.643336312816444,82.41066393929988,True,True,0.03384047846234645
200,0.10743354418046404,0.11441337902617225,116.28147283179517,126.30300389579564,True,True,0.006979834845708216
200,0.10997100368898742,0.13857899086578676,110.20011846236899,146.55057718222395,True,True,0.02860798717679934
200,0.10556503199472521,0.14881132850840167,109.51815104447434,165.18578913560074,True,True,0.043246296513676466
200,0.10999286421509946,0.13210960612532419,119.70516265289002,150.90404383595992,True,True,0.022116741910224724
200,0.2477376681088136,0.27462787112510423,309.2554585934662,349.0420646373907,True,True,0.026890203016290637
200,0.23066402346147966,0.2643974831452788,300.91581639114935,352.1752159439191,True,True,0.03373345968379912
200,0.1202742165989517,0.1520483227884978,149.51509635559458,198.5347813083422,True,True,0.03177410618954611
200,0.19465578675028308,0.20894388886181017,217.3743153890407,235.47545814383693,True,True,0.01428810211152709
200,0.21595981130131658,0.25473716005141905,301.53905464045357,358.7842228760869,True,True,0.03877734875010247
201,0.18292526427353192,0.18209274061788558,171.04756069792154,170.30640069161618,True,True,-0.0008325236556463445
201,0.21717671150306386,0.21716499191478267,193.9083110503106,194.14458649296049,True,True,-1.1719588281194904e-05
201,0.25545338587465327,0.25554520209484244,219.18795409290976,218.93267422809046,True,True,9.181622018916702e-05
201,0.26819084773329555,0.26788315949490443,263.7525586347575,263.42846364067753,True,True,-0.0003076882383911128
201,0.1935009426939622,0.19465948775405217,154.2189278205872,155.74795129764522,True,True,0.0011585450600899716
201,0.27428989097777623,0.27437310470293735,261.91679633788857,261.967175922091,True,True,8.321372516112424e-05
201,0.36140796462290414,0.3623461320296322,278.1849652105916,281.1487226960648,True,True,0.0009381674067280299
201,0.3407916026577612,0.3425934284544585,382.97588003862995,387.7131162158146,True,True,0.0018018257966972984
201,0.4685750195997347,0.4698665613725018,378.7884764305103,381.2345009688995,True,True,0.0012915417727671352
201,0.2829356729022681,0.28470443655633937,364.013528956337,404.9378419617766,True,True,0.0017687636540712481
202,0.07807042675183264,0.07821975473392188,148.91458145090382,149.63006261566812,True,True,0.0001493279820892479
202,0.034370244705569264,0.034608988680509344,41.99097208162761,42.733739738083294,True,True,0.00023874397494007965
202,0.03587890245024169,0.036081025403370694,43.91343853118317,44.390339967553416,True,True,0.0002021229531290053
202,0.12948834083337712,0.12990600808815023,247.071910730624,248.17074842101835,True,True,0.00041766725477310196
202,0.08107195003744966,0.08159505871523395,156.1564335541337,157.11907740444732,True,True,0.0005231086777842953
202,0.09650323807234086,0.09669516105895443,167.94314051736941,168.57915859981435,True,True,0.00019192298661356577
202,0.04462970697530097,0.04493926740434128,41.01036284421012,42.26205046024068,True,True,0.0003095604290403106
202,0.11105796753049266,0.16171521817061438,165.24144204665396,194.05680251428063,True,True,0.05065725064012172
202,0.22684829989311472,0.22639041199686435,209.4866523360167,209.03549459003688,True,True,-0.00045788789625036963
203,0.2882397018559086,0.25966742668632115,207.84500714048878,202.85468004084046,True,True,-0.028572275169587436
203,0.38098939853803043,0.3801548278722625,290.8605946218631,291.4482442217108,True,True,-0.0008345706657679197
203,0.32864251518292736,0.37466001386791487,283.31472342659845,340.10924312837585,True,True,0.0460174986849875
203,0.28030814262639325,0.348645672441769,220.96606772628624,282.7306888862328,True,True,0.06833752981537572
203,0.2884749896066374,0.3065473653854492,215.60736727715664,235.20828512960858,True,True,0.018072375778811767
203,0.29985193512719277,0.30115577531742177,235.54512597797302,254.5428047369915,True,True,0.0013038401902289998
205,0.0158650963879011,0.0174506790224868,13.293698557816812,15.50966206555732,True,True,0.001585582634585702
205,0.015692058373647087,0.01692666039533248,12.387486459666398,14.781719649415358,True,True,0.0012346020216853944
205,0.017931082878372803,0.019414902819317133,15.169459613912025,17.852961744176312,True,True,0.0014838199409443302
205,0.05527928327357024,0.0645282491056821,60.79361152220676,71.80376127110087,True,True,0.009248965832111856
205,0.02903586272913856,0.030693582213775907,14.255903498126434,17.909015137191368,True,True,0.001657719484637346
207,0.3799469483573091,0.4202357418225002,608.6477257540374,643.7142543638151,True,True,0.0402887934651911
207,0.1998326082667073,0.2537822393848022,285.7359129466109,389.00654137823574,True,True,0.05394963111809492
207,0.03548302458591994,0.12744224797145576,42.74005691565907,174.07019169928108,True,True,0.09195922338553582
207,0.028896017683137983,0.23593518536818542,33.9950742560435,349.13107119080877,True,True,0.20703916768504743
208,0.20011882361340938,0.19353086876898237,180.50867877832678,171.21617925591124,True,True,-0.0065879548444270075
208,0.14144514323717378,0.1347170153215808,127.87757128501757,123.39688318854336,True,True,-0.006728127915592963
208,0.18521454163575124,0.17775467444664866,178.498762025413,173.14878182389563,True,True,-0.007459867189102576
208,0.23790653265473433,0.23140649710829517,247.2934434884062,239.80281611502605,True,True,-0.006500035546439159
208,0.20395896057337343,0.20024418178926162,199.7132427530642,193.59140060709697,True,True,-0.003714778784111805
208,0.18168450659049312,0.1777374146925539,174.51467378414364,171.90555690869988,True,True,-0.003947091897939209
208,0.15915646210175033,0.15093779536581273,147.60086899228486,141.540714877783,True,True,-0.008218666735937602
208,0.18219221703274086,0.17569996924429226,176.2178848218934,173.77282670989914,True,True,-0.006492247788448591
208,0.15803259344541523,0.15371139161257655,152.3556403254719,150.82431993649772,True,True,-0.004321201832838684
208,0.09116547758782738,0.08558666637478622,77.6232143178391,70.63568489547717,True,True,-0.005578811213041157
208,0.20351262448783683,0.19869567869593086,199.2724970397707,198.0748408959223,True,True,-0.004816945791905974
208,0.24325857807685855,0.2411305075969786,258.71989038455126,252.6496498196618,True,True,-0.002128070479879951
208,0.25744781619231544,0.25320297276680415,278.3732416892221,270.36459639477306,True,True,-0.004244843425511291
208,0.28588663819499777,0.2789242643103283,310.7404666189829,304.0480595930114,True,True,-0.0069623738846694705
208,0.27065628703233,0.2647431217141082,280.9806389670333,276.5297792054927,True,True,-0.005913165318221836
208,0.24940518523321112,0.2463189328515812,264.3812610883219,261.8982986160593,True,True,-0.003086252381629906
208,0.20061762221440785,0.1919432180400392,192.65400724449614,184.67247224517172,True,True,-0.008674404174368655
208,0.2215485527821201,0.2159979536533872,226.8311257691045,222.66855481615687,True,True,-0.005550599128732903
208,0.2391301898752191,0.23375555256024882,249.6986435378513,239.24208843194987,True,True,-0.0053746373149702875
208,0.25832186799493273,0.2560050088805547,278.613215006476,277.70525262320746,True,True,-0.0023168591143780115
208,0.2564596854986461,0.25524755205044486,270.4085217186652,272.8481215277539,True,True,-0.001212133448201258
208,0.23883355559810054,0.24143479835921647,251.63098008668683,250.99390473418862,True,True,0.002601242761115924
208,0.247284257837113,0.2432542484318934,263.10319745862495,257.5218921444992,True,True,-0.004030009405219609
208,0.19085723632421148,0.19078282825799053,189.79758496266604,180.4061064170856,True,True,-7.440806622094343e-05
208,0.22036621854286795,0.2141295441887209,238.64730011262702,231.22751052746943,True,True,-0.006236674354147043
208,0.23882490071744086,0.22881348109474875,270.488361309962,258.376726052364,True,True,-0.010011419622692114
208,0.18421021349286829,0.1774507712217654,183.39882885698307,174.8194179407395,True,True,-0.0067594422711028945
208,0.22052658354855345,0.21975075194602328,208.18274127182647,207.78992213521616,True,True,-0.0007758316025301693
208,0.11919934611397649,0.11763731112690674,129.54260818638284,127.70772904918918,True,True,-0.0015620349870697492
208,0.12377472056168427,0.12215760367337,50.0497562069739,47.65699638217134,True,True,-0.0016171168883142711
208,0.11386466204848551,0.11650193944461142,94.6382814772841,100.6539361955433,True,True,0.0026372773961259033
208,0.11698452686589039,0.11577688287964197,95.02575160840426,91.81099884713237,True,True,-0.0012076439862484245
208,0.15472528468992108,0.14944979427880686,153.36113780935844,148.7432387009375,True,True,-0.00527549041111422
208,0.14243323010103495,0.1420868835586987,118.58593699257688,112.39868970405057,True,True,-0.0003463465423362566
208,0.1273630777181611,0.1370703797521132,114.4296106891772,127.52709012426313,True,True,0.009707302033952092
208,0.13016581997684254,0.12694077253565042,118.15487072775454,115.10983779753234,True,True,-0.0032250474411921193
208,0.14207577448231637,0.12722317725221963,130.95198335053266,109.70642273803134,True,True,-0.014852597230096742
208,0.13033676383360315,0.12252807025155575,125.91659164925994,126.35060852237318,True,True,-0.007808693582047402
208,0.2561539376416485,0.24673815140227168,289.77067657376824,292.20727450208324,True,True,-0.009415786239376833
209,0.06348489556048652,0.06326574215132126,55.878318688042455,56.010426946830535,True,True,-0.00021915340916525694
209,0.05434370049118609,0.05603930767174803,48.965045359571214,51.087800389702075,True,True,0.0016956071805619422
209,0.04576481357473755,0.046828259650353386,37.7703318616206,39.618004157906775,True,True,0.0010634460756158357
209,0.043689613255333916,0.043972780838074293,25.21068136323879,26.29791151383756,True,True,0.0002831675827403776
209,0.07408816236396204,0.07394101429936051,58.23190533448884,57.51136617297317,True,True,-0.00014714806460153218
209,0.06901511757646799,0.06801806151157042,51.775524125277094,49.99711432361746,True,True,-0.0009970560648975696
209,0.08082253120427213,0.08323978240967124,69.0877938399024,70.94716868092104,True,True,0.0024172512053991096
209,0.22153334789924448,0.22152745538586524,58.39410556822007,58.97411763985439,True,True,-5.8925133792353535e-06
209,0.0658349123420872,0.06569494032272337,68.07429703175309,68.2836248088466,True,True,-0.00013997201936383208
209,0.09087563035472512,0.0911883727199697,72.91421313502926,72.67784175253087,True,True,0.00031274236524457544
209,0.2646493801468261,0.26541487980530537,48.18360403013422,50.950282507980674,True,True,0.0007654996584792739
209,0.2723626272424973,0.2730750595053111,55.223019112543874,55.3986660655204,True,True,0.0007124322628137558
209,0.08211561913915817,0.08200767224575234,76.90320505044859,76.4155871670642,True,True,-0.00010794689340583308
209,0.04489656729469969,0.044921863269508804,37.44436999453235,37.21780326838626,True,True,2.529597480911694e-05
209,0.2072750150898429,0.20749826745615815,68.98503955928074,68.85370028315607,True,True,0.00022325236631526302
209,0.2115795597368665,0.21090919933754618,70.93560330896346,68.67879644361962,True,True,-0.0006703603993203355
209,0.058266861759400594,0.05742302547457013,57.04216198329252,56.29601414920399,True,True,-0.0008438362848304654
209,0.18106559714697948,0.18109903671805724,62.081935107285986,61.957816112897156,True,True,3.343957107776463e-05
209,0.07008708475428334,0.0712846800347312,67.10392743244522,68.6787964436126,True,True,0.0011975952804478551
209,0.08896647471634997,0.08910905193137822,83.85588849832394,83.67794480106679,True,True,0.00014257721502825005
209,0.05019389800279759,0.05065676011515012,41.970220426244424,41.47203593171236,True,True,0.00046286211235253144
209,0.07351154327635162,0.0733460007010769,70.34098691707527,70.6214938989283,True,True,-0.00016554257527472138
209,0.061285340842777085,0.061813767896733623,58.30132250213357,59.3806068920658,True,True,0.0005284270539565386
209,0.07649794128355952,0.0762000762001209,75.93093421144349,75.7172319516026,True,True,-0.0002978650834386254
209,0.07088558103617042,0.0730654326295203,72.36854490945107,75.03909399116455,True,True,0.0021798515933498797
209,0.06391009592905239,0.06617258096594275,67.05661789841831,69.72163832973528,True,True,0.0022624850368903604
209,0.061234737555986574,0.06281277004976245,56.082847134711336,58.29033663994064,True,True,0.0015780324937758744
209,0.0737968855041746,0.07509598658143447,66.46755660646257,69.12972635152039,True,True,0.001299101077259876
209,0.04262259884997213,0.04248170647289234,33.85751235651037,33.74317000964725,True,True,-0.00014089237707979457
209,0.11124553946948856,0.11141992621749706,84.50785206675836,86.38895692998236,True,True,0.00017438674800850096
209,0.05750676417723466,0.05901369063129848,54.38049422469597,56.27820740691126,True,True,0.00150692645406382
209,0.17541692653221633,0.1752415369392275,88.56839061879514,88.69031789654031,True,True,-0.00017538959298882273
209,0.14281470258845416,0.1439671238651414,92.83495759066115,94.88187092770215,True,True,0.0011524212766872433
210,0.18535520132435893,0.21398664064494902,179.67250285881917,213.65931676331988,True,True,0.02863143932059009
210,0.16665705167643827,0.17257384540483536,159.23624837234507,175.18596410212945,True,True,0.005916793728397096
210,0.16895574123213164,0.20377680267778037,174.11664747952577,223.29335400780636,True,True,0.03482106144564873
210,0.139957084339082,0.13945015412557657,140.17549235834122,140.8308061243097,True,True,-0.0005069302135054243
210,0.15418202026073977,0.1571478782874173,136.9138242138177,146.23563514333773,True,True,0.002965858026677537
210,0.16763393526241038,0.18824936721378982,171.88080390982455,199.41127434111303,True,True,0.020615431951379437
210,0.17484585528999957,0.19024786385229697,168.74820234451263,198.8021683403136,True,True,0.015402008562297398
210,0.15735926766443023,0.16014646578340078,151.2040155584046,161.21222527650696,True,True,0.0027871981189705464
210,0.19992384238317717,0.17132557036148266,155.04067052912646,163.3453297199487,True,True,-0.028598272021694515
212,0.051733375896228694,0.05345244775996628,27.945283483560292,30.300127167444582,True,True,0.001719071863737584
212,0.06357107011589898,0.06368975787049756,36.42338100986151,35.79003649886429,True,True,0.00011868775459858427
212,0.058085796279813695,0.05843730751002033,24.504752097262184,26.145015383628284,True,True,0.00035151123020663727
212,0.048669432118089655,0.04898478779963138,19.8717763428898,21.378593804011615,True,True,0.00031535568154172217
212,0.042060345944113,0.042124956687724584,20.512766663144568,21.378593803994725,True,True,6.46107436115817e-05
212,0.04296012511952722,0.043942242114670925,18.435821925475388,19.872148563874184,True,True,0.0009821169951437017
212,0.05313621676232991,0.05276037300355672,27.34883874109349,26.788797880329504,True,True,-0.0003758437587731908
212,0.06047533498707792,0.060917799314001674,25.78660938194247,27.270849523932828,True,True,0.0004424643269237555
212,0.050490847453670704,0.05144449097709438,23.304727301889695,24.88805466031982,True,True,0.0009536435234236765
212,0.05510487030973922,0.055481300590110944,22.78356863183314,23.817980204173953,True,True,0.0003764302803717229
212,0.07633823059256817,0.07606461001509156,30.67344478622794,31.18046456158403,True,True,-0.0002736205774766104
212,0.04861573994527905,0.04819568186679839,22.690518232994386,23.04807450522705,True,True,-0.0004200580784806604
212,0.04822598812985565,0.04909816130568756,24.95765031089672,26.374027191145586,True,True,0.0008721731758319085
212,0.05420661476986259,0.05388290823125023,27.94082969703602,28.245758932438328,True,True,-0.00032370653861236304
212,0.06461441833986996,0.06472253329989763,28.542345242181373,29.73247120407054,True,True,0.00010811496002767484
212,0.05010895331447759,0.0511715461903081,21.582987939088312,23.436189103654872,True,True,0.0010625928758305134
212,0.05596112310750588,0.05702359398827156,23.8875343451735,26.068231031648544,True,True,0.0010624708807656785
212,0.0364762791911517,0.03721698439047658,20.83183985089558,22.60902335240365,True,True,0.0007407051993248842
212,0.04544056718713539,0.04572456975281791,20.772012502079342,21.51878280646398,True,True,0.00028400256568252014
212,0.050853388090036485,0.05088825471248999,25.141475440761784,25.36671493340125,True,True,3.486662245350686e-05
212,0.030575101847102392,0.03201938329645457,19.125000162670585,20.71183601252342,True,True,0.0014442814493521756
212,0.037926639148699606,0.03882183354092382,20.61866703994653,22.116002246206442,True,True,0.0008951943922242134
212,0.04488537579654128,0.04536331636510413,25.909386258559778,26.676318176185337,True,True,0.0004779405685628457
212,0.10183006533999034,0.10209739132373341,42.050206096252666,43.33926159696429,True,True,0.0002673259837430719
212,0.045770737788792155,0.04646961803778424,25.624420227305855,27.197243857907043,True,True,0.0006988802489920828
212,0.05598358326091412,0.05594345163002879,32.286427196635906,32.28593618508858,True,True,-4.0131630885328895e-05
212,0.049832228547517426,0.05037057639861856,26.615467576105555,28.28122129280635,True,True,0.0005383478511011355
213,0.03723265772557651,0.029145291631086787,30.435165239474767,19.9727676808885,True,True,-0.008087366094489724
213,0.03711909654814996,0.03741072491281412,32.34996616123691,32.809442814689476,True,True,0.0002916283646641621
213,0.01929190868128682,0.019025863742580827,15.646018320548517,15.50966206555597,True,True,-0.0002660449387059914
213,0.027527713753786758,0.0277631852425487,20.56427210325651,23.436189103652975,True,True,0.00023547148876194163
213,0.03880359743267907,0.028660514196729773,36.22466293424262,27.380887023463014,True,True,-0.010143083235949295
213,0.04110771798468733,0.030565491567797923,37.324526397642295,26.60106748138795,True,True,-0.010542226416889403
213,0.04814185357308609,0.04611477887904709,42.7531582089271,40.14576486378095,True,True,-0.0020270746940390036
213,0.040512845430795176,0.032970576743489285,37.91667487232271,31.308779772711347,True,True,-0.0075422686873058906
213,0.04420322089716648,0.0422985657063499,42.591293938967056,39.41509371162237,True,True,-0.001904655190816583
213,0.06987691394844872,0.061757233524439896,64.13483127782494,56.42050398656343,True,True,-0.008119680424008825
213,0.07490004826997636,0.07700826379907832,68.46804624954214,70.91890850506374,True,True,0.002108215529101967
213,0.0409652750888996,0.04111787745555153,37.34286072748029,38.0434864939833,True,True,0.00015260236665193272
213,0.03674167871983825,0.03907568179577104,32.741915865736686,34.997120860609265,True,True,0.002334003075932789
213,0.04170672037779475,0.0403217608036312,37.8608353242751,36.838848490355055,True,True,-0.0013849595741635481
213,0.05892964603473172,0.04826994356287335,58.372789182339886,47.8459039571118,True,True,-0.010659702471858372
213,0.04727867353394663,0.04029702672960303,44.441644177045156,37.64622374742603,True,True,-0.0069816468043436
213,0.054481436696641655,0.040898767928746735,52.886136641118824,38.462711123076545,True,True,-0.01358266876789492
213,0.048854473901919854,0.03831813520265596,48.49255897132021,36.81163101458215,True,True,-0.010536338699263896
213,0.06720516149229432,0.06642823049492823,63.29984022883439,63.15943704900167,True,True,-0.0007769309973660876
213,0.02180451557809113,0.02262599618276557,18.187756985940077,19.720257303361237,True,True,0.0008214806046744384
213,0.023172218268703058,0.02289592480730305,17.614194748309593,17.96489363534547,True,True,-0.00027629346140000885
213,0.02184102166277594,0.024413232362121878,18.543516580404283,21.472154836610503,True,True,0.002572210699345937
213,0.057078567185034026,0.03397629308173283,54.69426445905114,31.973987456971408,True,True,-0.023102274103301193
213,0.044555676513305935,0.03925562873139108,40.68894692949255,36.09677401352465,True,True,-0.0053000477819148545
213,0.05273137259083601,0.057735863207444366,51.17593676118074,57.23184390500632,True,True,0.005004490616608355
213,0.09978671993885652,0.1604850130819879,83.37737784676224,139.04738579903656,True,True,0.06069829314313138
213,0.07262457602835144,0.07496417390284361,69.66184608290357,71.70598351367583,True,True,0.002339597874492172
213,0.02338776678646683,0.02577245286705606,17.090635004557384,19.972767680888683,True,True,0.00238468608058923
213,0.04416930088111208,0.04621252800338675,40.22908315910461,42.920964028781555,True,True,0.002043227122274671
213,0.052914934050913624,0.05591306675933227,51.000542707242545,49.168319624993785,True,True,0.0029981327084186438
213,0.11210847091652988,0.11682115155303435,96.01075727099533,101.10071294921359,True,True,0.004712680636504471
213,0.04464795257121715,0.03883755153248698,44.057737452037685,35.762020810423046,True,True,-0.005810401038730165
213,0.04202089011151766,0.032573379095084135,33.8575123565455,29.529516809976933,True,True,-0.009447511016433527
213,0.0635523421479995,0.04498424282872609,59.02790955072203,33.891362071005624,True,True,-0.01856809931927341
213,0.024899706503450504,0.02461168949383261,20.959890390354424,20.072882431931273,True,True,-0.0002880170096178948
213,0.023948544593032597,0.02558082778201469,19.079394578724553,21.425425390920324,True,True,0.0016322831889820921
213,0.02491408992992738,0.02648472406445053,21.140212916437502,21.70429298668486,True,True,0.0015706341345231509
213,0.03127864050607957,0.03597485467486025,25.892569000189937,31.690608271067777,True,True,0.004696214168780681
213,0.05328934456755649,0.03295246330253597,47.38271272891448,28.352012946215865,True,True,-0.02033688126502052
213,0.04535824619088171,0.12186576630996036,44.07609454928448,96.88884775121855,True,True,0.07650752011907866
213,0.06885760325075693,0.12771042437171834,65.87700636890096,104.82894807418812,True,True,0.05885282112096141
213,0.05266981758682005,0.054865220834095826,49.937735025969126,51.75054660178276,True,True,0.002195403247275775
213,0.10026704731514786,0.07524979241970714,87.01971789351619,65.96926174042393,True,True,-0.025017254895440724
213,0.028154551818403456,0.02994322833803324,21.536808719723087,23.30753567556082,True,True,0.001788676519629783
213,0.07098110837786031,0.07238771158235158,50.311405811813295,51.12702327482843,True,True,0.0014066032044912635
213,0.08383655203915234,0.09067227362254167,75.46896392633317,86.11005722892594,True,True,0.006835721583389326
213,0.06629814149898376,0.06338252818611345,62.87571261589356,59.2285003489073,True,True,-0.0029156133128703104
213,0.05309132249893693,0.05968115520044239,50.585234897521964,56.224753343205286,True,True,0.006589832701505462
213,0.050250074620022914,0.03650639714227033,46.95528601664705,34.127130910575936,True,True,-0.013743677477752583
213,0.052152816163019027,0.05260602962887272,47.699464867274656,47.36164251943474,True,True,0.0004532134658536968
214,0.12451419360226018,0.1299778837527017,162.42933395931288,170.31817071828644,True,True,0.005463690150441514
214,0.17124814516400658,0.17327229754896012,211.71038316554785,214.46466241479433,True,True,0.0020241523849535425
214,0.2390209519271421,0.24095849010302894,323.4602267967323,325.05602507504506,True,True,0.0019375381758868493
214,0.24725231913923557,0.2503461138604853,314.8200417726093,320.05632314398184,True,True,0.0030937947212497097
214,0.22780829947268375,0.23264103079312287,270.8228791291749,277.0295125928527,True,True,0.0048327313204391265
214,0.27500182417221847,0.27098171520235237,355.28961408482064,350.514931323639,True,True,-0.0040201089698660986
214,0.2923825335640905,0.28183910641833104,335.77251228765647,329.40540864310844,True,True,-0.010543427145759454
214,0.22695473092724727,0.22606718389502597,302.12661392254387,302.0205537930203,True,True,-0.0008875470322212975
214,0.21285621990563952,0.21717052439381887,281.6680982339426,287.5707726762866,True,True,0.004314304488179349
214,0.2322647219751524,0.2399502283775151,312.2530884371724,308.0402664245501,True,True,0.00768550640236268
214,0.19993858493486513,0.20449967213677916,250.38575376204568,255.54492243117548,True,True,0.0045610872019140325
214,0.15885436503795805,0.15156736614463143,187.69222192524995,180.98298143096352,True,True,-0.007286998893326624
214,0.2512664022085066,0.2553353081655952,337.0988404545006,351.3289376383594,True,True,0.004068905957088587
214,0.24803084406503154,0.25062846518043497,338.01704940278296,340.592202501927,True,True,0.002597621115403431
214,0.18487187441639885,0.19140354639364063,244.393017561987,236.01540853602572,True,True,0.006531671977241776
214,0.27021007476846415,0.25652479419625696,367.06695864738407,349.7563485376822,True,True,-0.013685280572207192
214,0.26339022238364906,0.28830679173462315,329.3631168239889,357.21359033985726,True,True,0.024916569350974083
214,0.2539234347915177,0.25659525888938517,353.7478196574268,357.42396762721387,True,True,0.002671824097867481
214,0.21867471257790602,0.22101710786124248,287.91450648171553,296.8692743792241,True,True,0.0023423952833364625
214,0.24517077487905248,0.24703401728374386,326.6003471191582,330.6263214893479,True,True,0.0018632424046913787
214,0.21485933922032976,0.21978768589773529,294.4791012267615,297.189840311233,True,True,0.004928346677405521
214,0.22201406986319153,0.2207401011946414,287.5009739736938,288.80889845918404,True,True,-0.0012739686685501184
214,0.19517200393983677,0.19905455381817871,246.18884141892585,240.74556222168408,True,True,0.00388254987834194
214,0.24473728288659488,0.24270013591250011,309.0388776146655,311.28346413537764,True,True,-0.0020371469740947667
214,0.2766889841870391,0.2793602743671133,363.0712585010431,368.24697913509965,True,True,0.002671290180074226
214,0.17924641291112187,0.1795063254560426,226.93397557717017,228.79161113061096,True,True,0.0002599125449207207
214,0.15719529538607466,0.15236348254120816,218.0568397104215,193.13006693965056,True,True,-0.004831812844866501
214,0.18572538879772763,0.18204049162309371,229.91473970768226,224.2295234672003,True,True,-0.003684897174633911
214,0.23815310212534294,0.23043150311784874,326.34398760765146,320.6163904580616,True,True,-0.007721599007494195
214,0.2477043333025606,0.24751918208682316,336.8283026349877,337.54158513526835,True,True,-0.00018515121573742244
214,0.20102058841144263,0.20774237422641553,242.06595778252264,246.84655692239227,True,True,0.006721785814972903
214,0.22758521441501717,0.2413192534938258,311.88918800017086,324.52524039386964,True,True,0.01373403907880863
214,0.1675454630985231,0.17041681949097492,202.66727484504136,167.7745940083765,True,True,0.0028713563924518126
214,0.22015272143673328,0.21893897984858096,263.09491952262,270.42019836890313,True,True,-0.0012137415881523228
214,0.18066849033047755,0.1690119942268473,233.5111436344865,201.62063574541935,True,True,-0.01165649610363026
215,0.13295538286474784,0.1312755757600608,111.50412125187552,108.80740018844824,True,True,-0.0016798071046870422
215,0.11149626946150638,0.14669423282284735,95.02640644129578,117.93123863211228,True,True,0.03519796336134097
215,0.13174417456517232,0.13266494951298363,107.49028648473299,108.02157665694747,True,True,0.0009207749478113147
215,0.054474406549783624,0.054906244396445564,38.4803166180467,39.10875414223533,True,True,0.00043183784666193936
215,0.09558099468878868,0.09835729603408946,77.46593269814859,79.865975365401,True,True,0.002776301345300783
215,0.15719890355145985,0.15843424415053217,107.58807622482426,110.92390603195967,True,True,0.001235340599072321
215,0.05013856729509431,0.05112603287306565,27.916321169778655,29.934049588551915,True,True,0.0009874655779713373
215,0.05164143808104996,0.05169033519103884,27.29645718897109,27.30757795743657,True,True,4.889710998887825e-05
215,0.06637187131378412,0.06645640328232755,49.472023237738455,49.47314783719955,True,True,8.453196854342482e-05
215,0.10451516745407871,0.10281388129077682,78.91513521694591,76.65131704477072,True,True,-0.001701286163301896
215,0.06732363932995224,0.06826414318759827,45.700769517908114,47.55172345399771,True,True,0.0009405038576460328
215,0.07258477736180653,0.07096690530556984,58.23724805424671,57.003722815972985,True,True,-0.0016178720562366883
215,0.1025986494975746,0.11388552197236652,71.23585468869409,82.1060474465386,True,True,0.011286872474791917
215,0.05081575814832381,0.04995926464659675,27.824781021050367,26.183323119024532,True,True,-0.0008564935017270556
215,0.1417149869628624,0.1928829283472381,105.31771450069972,165.57366355080387,True,True,0.05116794138437572
215,0.10419736011929598,0.10403394457083676,82.18973372480465,82.6535488276955,True,True,-0.00016341554845922257
215,0.1208066781310527,0.11993886174833808,101.33210222951378,100.96182465075033,True,True,-0.0008678163827146174
215,0.0755529163295438,0.0755688107706446,59.1248148208129,58.46203167057417,True,True,1.5894441100797185e-05
215,0.07065380389545343,0.08028828144314154,55.501766074908474,64.91246001022942,True,True,0.009634477547688106
215,0.10419310370933588,0.10001614107205851,85.72145624365835,82.8352451314688,True,True,-0.004176962637277362
215,0.06069720280933689,0.06267051632095445,43.875162319704195,41.92871077286748,True,True,0.001973313511617565
215,0.10087970947559392,0.10231405787605403,86.17179039092112,87.05927594381669,True,True,0.0014343484004601115
215,0.06342976390899632,0.06317152515050456,41.80979003072841,41.10791970107735,True,True,-0.00025823875849176336
215,0.05505663813628679,0.05586121186432856,30.932024237941793,31.722219858328764,True,True,0.0008045737280417686
215,0.0578732831418772,0.057523143200218944,38.815214390512864,38.46271112306838,True,True,-0.0003501399416582576
215,0.07411610005728636,0.08519980609556829,54.42052909022279,65.15904194276223,True,True,0.011083706038281932
215,0.09915001554627781,0.10058724212043757,81.65346856507915,84.5952192342043,True,True,0.0014372265741597612
215,0.047377436895640446,0.04650414986089673,20.61564886431271,20.468445233647717,True,True,-0.0008732870347437152
215,0.10886744652467546,0.11103456304356193,89.93282594244057,91.7126942576476,True,True,0.002167116518886472
215,0.09425057854860186,0.09540218269048988,76.31594758001027,77.59999197983849,True,True,0.0011516041418880157
215,0.07691532147595742,0.07587181475189939,64.94471962318015,64.95876542093339,True,True,-0.0010435067240580354
215,0.08071603762845424,0.08387258541158608,63.89668021680809,66.37821298053342,True,True,0.0031565477831318467
215,0.09080263002721924,0.08967843124692651,76.66819254617138,76.17912784660165,True,True,-0.0011241987802927261
215,0.05716584359503835,0.05883983238869459,34.4225418858387,33.97996709029756,True,True,0.0016739887936562392
215,0.08312945513739764,0.08272627983161122,66.24155078626065,65.42001688597726,True,True,-0.0004031753057864157
215,0.10643718150132711,0.12029686047198368,70.60323509624034,82.48360450289472,True,True,0.01385967897065657
215,0.10468235336594547,0.09905147940391232,83.02061995261056,82.55648062179657,True,True,-0.005630873962033156
215,0.09433344901070022,0.09493484211073688,78.28575158249753,78.06358716119743,True,True,0.0006013931000366651
215,0.12045355771445021,0.17634577807088178,69.91323252650417,145.30740747199667,True,True,0.05589222035643157
215,0.15365245306350822,0.15252152723483314,99.46341502237165,100.14446796967529,True,True,-0.0011309258286750778
215,0.06578980938176959,0.06979763263112686,51.48869026315216,52.46225823339904,True,True,0.004007823249357265
215,0.10131892601506025,0.1003800462095376,84.22314664562948,83.84546838176023,True,True,-0.0009388798055226522
215,0.11784750014996277,0.16829505633296504,79.70496006163938,144.44261887707333,True,True,0.05044755618300227
215,0.12300495115601628,0.12276174750266125,103.32786531182114,102.02835239503638,True,True,-0.00024320365335503413
215,0.08478554500153122,0.08810318886853713,68.47077270233082,72.92565477535501,True,True,0.0033176438670059066
215,0.10551848884019806,0.10466282251359428,83.12548751515898,81.222369190159,True,True,-0.0008556663266037767
215,0.1423928383526237,0.14384269601015612,113.24452736841401,112.88541084263181,True,True,0.0014498576575324162
215,0.1053880495942355,0.10584533531311137,92.44268031472348,93.75544749707528,True,True,0.00045728571887586333
215,0.1229597698533913,0.15573551764247395,110.40771981968024,124.67363170914702,True,True,0.032775747789082654
215,0.06979620342647502,0.080825957230779,39.509575688561966,52.17489661486255,True,True,0.011029753804303974
215,0.07774947845757335,0.06801413227996861,47.92202323180175,44.050352782536855,True,True,-0.009735346177604742
215,0.11477890775141769,0.11588717423499804,89.35459879029348,90.58005593433046,True,True,0.001108266483580353
217,0.1069857455697685,0.10592451399134296,119.60219224032713,116.52907749373486,True,True,-0.0010612315784255394
217,0.1106101288592253,0.10425176044199638,135.12093201430952,120.66178182172366,True,True,-0.006358368417228921
217,0.05801111100824275,0.05678534581716094,63.41278893157731,62.232217057914475,True,True,-0.0012257651910818138
217,0.07004072702151783,0.06627565869766812,82.27146036120116,75.54495133710634,True,True,-0.0037650683238497074
217,0.12501691577071683,0.12626240618151535,145.74690219077902,148.37891943069778,True,True,0.001245490410798522
217,0.12432869221547871,0.20109868435149347,143.66865003745167,188.5024871148264,True,True,0.07676999213601476
217,0.13465611865120633,0.14107323474922118,150.02281454007246,151.82446142234033,True,True,0.006417116098014847
217,0.14778567051733604,0.13668104903971282,155.02622110918637,136.05990459401082,True,True,-0.011104621477623228
217,0.16751935887635946,0.17184099707857103,184.69409196435365,185.8896246102863,True,True,0.00432163820221157
217,0.13350434019845567,0.12367979481306915,153.7246642586196,148.89814103134955,True,True,-0.009824545385386518
217,0.10310886472139412,0.10315682755025304,111.20795510734912,112.44950668642844,True,True,4.7962828858924555e-05
217,0.04518508427544599,0.04421545401242559,43.02302505617517,41.13229439623713,True,True,-0.0009696302630204032
217,0.07195134547188335,0.06971478541791704,73.82677881101029,69.33241080084667,True,True,-0.002236560053966316
217,0.0682714408979915,0.06806088333330257,73.4609105331295,74.67758675204438,True,True,-0.0002105575646889346
217,0.11551278480031855,0.11898096076444487,81.65956495101238,83.29376856336002,True,True,0.0034681759641263105
217,0.1138625974829336,0.11007016877861571,99.34071801467827,101.3878049028938,True,True,-0.003792428704317896
217,0.07036572753867491,0.06380070103431412,77.49083012517018,68.21019363933593,True,True,-0.006565026504360791
217,0.10210863877068524,0.087275941417219,132.22451881984867,108.98228002073272,True,True,-0.014832697353466234
217,0.08074602612824229,0.06848257579591399,100.01679966420211,78.62649150805485,True,True,-0.012263450332328299
217,0.04726050544273912,0.048244477277693654,43.34005324236449,45.83448474515642,True,True,0.0009839718349545362
217,0.05902817034002562,0.06737487460584812,61.85398911731647,71.99891842733702,True,True,0.008346704265822506
217,0.062141302706578146,0.05210241260653055,66.4900213495842,45.74693073065462,True,True,-0.010038890100047597
217,0.04155286946898006,0.04339923462199834,36.23325084432121,38.748297104876066,True,True,0.0018463651530182743
219,0.18149565683008087,0.18144366048861943,193.11211491958105,193.90696165392504,True,True,-5.1996341461441054e-05
219,0.18467047914530638,0.18425587626997236,225.9570776846669,226.01485754799864,True,True,-0.00041460287533401363
219,0.16337045478687662,0.1650425012851891,198.30963785240894,200.28893593932222,True,True,0.001672046498312485
219,0.16257103058041208,0.1664071004725585,188.15348090731544,194.45924985292172,True,True,0.00383606989214641
219,0.1913934705553808,0.19265928645661157,214.83774582924707,217.31982931571326,True,True,0.0012658159012307602
219,0.1589360450726142,0.1656007057733047,193.4955083414164,203.08677081800747,True,True,0.006664660700690522
219,0.16747095752224747,0.17081281347135605,204.38157684245544,210.1115621071131,True,True,0.003341855949108574
219,0.22695089885376932,0.22917071759157492,230.94172435438932,235.47545814380524,True,True,0.0022198187378056067
219,0.17742128995463669,0.18079372499534038,199.27686872836142,204.96826748737251,True,True,0.0033724350407036974
219,0.1881023078725152,0.1898755165829618,212.16283252019377,214.27764283499278,True,True,0.0017732087104466165
219,0.1836624535022066,0.18318212833605574,211.66864221697992,211.4430206265255,True,True,-0.0004803251661508745
219,0.31597114297703266,0.3164854538989371,343.2195819032355,343.9714143534548,True,True,0.0005143109219044595
219,0.19709452660840013,0.19679584821876375,205.46714169469652,204.92914393917914,True,True,-0.0002986783896363754
219,0.35237752638909764,0.35115405903450936,489.04961821079286,486.1192600190307,True,True,-0.0012234673545882813
219,0.17443806286154273,0.17406470870084478,183.76185392129221,182.98224547818623,True,True,-0.00037335416069794736
219,0.1632169729058452,0.16203812805625784,178.17111783954573,176.15589868924158,True,True,-0.0011788448495873571
219,0.20394461622577956,0.20437541387473426,230.3554752162931,230.87179570672913,True,True,0.00043079764895470607
219,0.1664052145900837,0.16733997664326836,171.48936454058986,171.75389780816363,True,True,0.0009347620531846568
219,0.16300999548268327,0.16217509372207614,177.50980868230363,176.50831315269372,True,True,-0.0008349017606071318
219,0.18363301059137646,0.1835682117749381,215.66519077532766,215.76926070520736,True,True,-6.479881643836616e-05
219,0.160769078042801,0.1648437246686681,183.08165357500886,191.1320709892234,True,True,0.0040746466258670955
220,0.05301454523297968,0.05321733791552116,71.58962684247878,72.71920256879578,True,True,0.00020279268254148192
220,0.0187694490820492,0.019299084493945354,18.415559063229036,19.309373551493515,True,True,0.0005296354118961531
220,0.014158128952124347,0.01518183894853836,15.99606682043151,18.241718780125474,True,True,0.0010237099964140132
220,0.015695834390950757,0.01570773279670617,19.105468242526378,19.205279135208222,True,True,1.1898405755411678e-05
220,0.02110890842566383,0.021998349909044475,19.60697561156199,21.047855283189406,True,True,0.0008894414833806458
220,0.09005202914867776,0.08966905102808177,103.96126702678848,103.14216804477549,True,True,-0.0003829781205959837
220,0.0659925744764588,0.06719816214760552,78.12900726480746,80.254071582437,True,True,0.0012055876711467156
220,0.23300408275116535,0.23456700932578284,181.49397708913867,184.3247918102128,True,True,0.0015629265746174847
220,0.1048045190436841,0.09223006026603231,84.64690523763714,82.28895265749026,True,True,-0.012574458777651787
220,0.020598773329810974,0.020916374894401787,22.957699227103607,23.90199450455058,True,True,0.0003176015645908123
220,0.04437273473106482,0.04428309249250796,61.39049041846436,61.11082399991278,True,True,-8.964223855685571e-05
220,0.21473125389856845,0.21372540520642863,184.82443206722348,182.80139773931958,True,True,-0.0010058486921398213
220,0.01835688238895464,0.019305658278450533,23.046971239494216,24.152283994807703,True,True,0.0009487758894958925
220,0.025903627219182008,0.02529693390943143,25.89016564296992,26.335996850958963,True,True,-0.0006066933097505778
220,0.08228985807296336,0.08247266350357871,117.30124822662475,117.4628670573546,True,True,0.00018280543061534316
220,0.12539206454527518,0.12524374629812446,130.67656254438523,130.57164367640743,True,True,-0.00014831824715072495
220,0.08250891255803042,0.08237565325477782,113.87796083597449,113.68169683008834,True,True,-0.00013325930325260027
220,0.07617961898395072,0.10206684512658125,78.09634580054339,79.32450488240057,True,True,0.02588722614263053
220,0.06282200808072885,0.06339735851604454,86.79991021067136,88.24847796382508,True,True,0.0005753504353156885
220,0.17006385086284637,0.17005617997924835,180.99168446275712,180.7724136093029,True,True,-7.670883598015488e-06
220,0.07555545350540162,0.0763213962364497,83.56523884823741,84.91451454966615,True,True,0.0007659427310480887
220,0.2056419079525341,0.20632355025523497,192.8773900037914,193.91729922348998,True,True,0.0006816423027008744
220,0.12473111172818808,0.12586824969372407,149.0641020878828,151.0766346257039,True,True,0.001137137965535981
220,0.05826325664354971,0.058534757987199794,76.14452606111259,77.49659420976133,True,True,0.000271501343650081
220,0.027944418164655503,0.02765170472490419,25.57093973599786,25.484975317783032,True,True,-0.00029271343975131175
220,0.10877344641058236,0.10903618570885386,110.00739901258825,109.89811360076254,True,True,0.00026273929827150266
220,0.047283673567465954,0.04661481556399561,64.8315603901394,63.238733297489055,True,True,-0.0006688580034703434
220,0.10601750538645133,0.10578083422749832,126.0889445726666,126.16802657813574,True,True,-0.00023667115895301127
220,0.018398988554597328,0.01922835025382865,21.82097427613915,23.436189103638792,True,True,0.0008293616992313228
220,0.0323266701918828,0.03306049408032392,41.357876091210315,43.500846621520196,True,True,0.0007338238884411138
220,0.05992173635188848,0.0605900591789265,83.55928149827406,84.34604278947924,True,True,0.0006683228270380204
221,0.2515743421496886,0.253284884352527,293.11553429941233,294.6427615185108,True,True,0.0017105422028383943
221,0.2645066485907232,0.2662228110247998,314.49294811897846,317.0388897682598,True,True,0.0017161624340765735
221,0.27670021032106057,0.28021426036026525,304.23263633795807,310.2675495414413,True,True,0.003514050039204686
221,0.2893975010720673,0.2915643054763416,310.7861205780005,314.0690611792431,True,True,0.002166804404274303
221,0.2676818357052949,0.2672738301930495,302.7607193248002,301.6752203585522,True,True,-0.0004080055122454018
221,0.29188549601155955,0.28727149300820587,243.00908413904648,267.28492621928854,True,True,-0.004614003003353684
221,0.3065493757001518,0.3059437823074606,362.941151387871,353.17558655171075,True,True,-0.0006055933926911727
221,0.2945579730301723,0.30674555873100745,316.3692167110193,332.6301265635142,True,True,0.012187585700835168
221,0.24189884370817952,0.24266252475259437,280.1751386604037,281.3055381609265,True,True,0.000763681044414849
221,0.24367874765976777,0.24445603677735125,258.70040787643825,255.89375727681627,True,True,0.0007772891175834851
221,0.2612436583143179,0.2670150655303682,307.98965314378313,310.5452401678781,True,True,0.005771407216050295
221,0.31922143622233246,0.3208981799101563,334.2585352970645,338.4193809734791,True,True,0.001676743687823834
221,0.3108270695088105,0.3181939724165896,355.27350063708894,360.3174123803765,True,True,0.007366902907779083
221,0.22460810203058104,0.25218495369450616,249.57949501694137,268.4448763321304,True,True,0.027576851663925123
221,0.29780566411511233,0.2966330661347327,329.2693947650149,327.6909354893926,True,True,-0.0011725979803796083
221,0.32363540004725105,0.33541716160179713,349.5694854664075,359.0802195612394,True,True,0.011781761554546077
221,0.29112768361539837,0.28562118170119927,316.53163976534375,315.695605994187,True,True,-0.005506501914199102
221,0.29807619032798655,0.29329351354396754,356.9966525282435,354.8205969223805,True,True,-0.004782676784019002
221,0.2692081608120336,0.271810728212188,301.874618912558,303.0045795305908,True,True,0.0026025674001544097
221,0.2752136733385832,0.2741297946161144,305.2219994310912,303.6555244105237,True,True,-0.0010838787224687896
221,0.23000845323301664,0.23565508568176752,292.23319275642524,296.6598761232339,True,True,0.005646632448750882
221,0.259541177923241,0.25526277641366535,244.7550669784897,240.8204895187136,True,True,-0.004278401509575647
221,0.26252681082958546,0.24973906407468227,279.57683539539477,273.460897214666,True,True,-0.012787746754903184
221,0.195783486158888,0.20627973054445062,193.2325907547857,217.0013644745769,True,True,0.010496244385562625
221,0.24862824144450515,0.2368805758268762,278.98973958000687,264.8816899137379,True,True,-0.011747665617628966
222,0.07033688532621404,0.13098788502586645,85.84694710564641,179.40328538375888,True,True,0.0606509996996524
222,0.06175078300184785,0.1403044874012318,76.65926409641634,201.0481386179163,True,True,0.07855370439938394
222,0.06274105037265221,0.13033436672414983,74.12791128973593,183.67657400615977,True,True,0.06759331635149762
222,0.06336747760290345,0.13899407864259042,84.28518513530314,198.1709605837823,True,True,0.07562660103968696
222,0.06752771768531482,0.1744994663643356,91.54711439321501,255.06596911911134,True,True,0.10697174867902079
222,0.06198491061066543,0.13483026913753432,81.68242234575231,188.9963322446822,True,True,0.07284535852686888
222,0.07348755636920373,0.1392968243365735,92.21285632798198,202.8447979470567,True,True,0.06580926796736977
222,0.06756733170765912,0.16643603771384866,90.66603854586208,242.54569365860348,True,True,0.09886870600618954
222,0.0746520088633495,0.13598976661394213,98.35299906625127,197.3651473175072,True,True,0.061337757750592636
222,0.06760103975812873,0.160132629959111,90.9545216575622,230.75020651948495,True,True,0.09253159020098228
222,0.30226558849921087,0.31944188207105684,344.3956636749276,357.6482336682047,True,True,0.01717629357184597
222,0.292124220864041,0.30301788430394877,271.637556986493,303.1500894653568,True,True,0.010893663439907775
222,0.273950878168102,0.2868864271968426,125.48392983468236,165.02188118078072,True,True,0.012935549028740612
222,0.38025069602157563,0.38581722915232936,389.02007515930404,401.9965583946399,True,True,0.005566533130753726
222,0.4023893841136787,0.40203480912839523,278.250717462159,264.1769440065145,True,True,-0.0003545749852834623
222,0.3655139902614885,0.3653109133423559,346.67250391417593,348.199685387435,True,True,-0.0002030769191326276
222,0.2585056952819313,0.2685462855079313,197.56803696799034,221.36839481322693,True,True,0.010040590226000012
222,0.35240770654771936,0.3591477876331769,322.62268866792374,339.1146616596538,True,True,0.006740081085457539
222,0.308201963386186,0.31101850915550877,204.69736332833102,218.01513666643962,True,True,0.0028165457693227758
222,0.360701973957495,0.34752627736266023,264.30169560613086,263.48552931467816,True,True,-0.013175696594834752
222,0.22996500656110716,0.2350034883749622,172.57161921783987,172.26666672651257,True,True,0.00503848181385505
222,0.2589998167269298,0.25918950776902616,199.8586965987163,200.38899536299155,True,True,0.00018969104209637377
222,0.2617901054747166,0.2745192793157186,295.1477702648827,321.9858389960233,True,True,0.012729173841002028
222,0.30394338231869333,0.3185062475386236,444.4615252093652,454.96257118814293,True,True,0.014562865219930277
222,0.32655687571747055,0.3268902941101385,444.4307233545402,446.2431926808457,True,True,0.00033341839266792794
222,0.43974788294819195,0.42519040239179695,362.0167166667042,372.75120869460665,True,True,-0.014557480556394997
222,0.3617507672103758,0.3626765104939402,230.27415136511217,228.75218054138912,True,True,0.0009257432835643731
222,0.36561008944851425,0.36601515634345533,304.4254516876348,304.68032744195074,True,True,0.0004050668949410752
222,0.41678688242097084,0.41327866547402237,314.8722187456206,310.173853627707,True,True,-0.0035082169469484725
222,0.32940115657231056,0.3349775667971067,320.1659298245779,332.265326057552,True,True,0.005576410224796158
222,0.40668666633603096,0.408000679690152,292.2429875282236,294.42497140347507,True,True,0.0013140133541210686
222,0.22141065491921294,0.2231844913717285,197.02682278526592,196.5050313127136,True,True,0.0017738364525155537
223,0.029019249114488516,0.035940610961113596,29.097246281031673,40.04577525680628,True,True,0.00692136184662508
223,0.08305124327812924,0.08318738911881671,102.02365492803727,102.29324687567899,True,True,0.00013614584068746827
223,0.16361131954979063,0.16677092593171713,200.13529623254428,202.93371946719552,True,True,0.0031596063819264997
223,0.08881332961654315,0.09024438454765146,105.22550266826066,107.06161435607095,True,True,0.0014310549311083165
223,0.03968929266371017,0.040840383933258964,41.43754206601986,42.944309673183724,True,True,0.001151091269548793
223,0.04139382237061323,0.04710205333206629,49.791730715338375,58.76981869685345,True,True,0.005708230961453058
223,0.061542485784292444,0.06058083907106998,64.58827109502478,63.20702673583375,True,True,-0.0009616467132224638
223,0.036268467597376765,0.03728281991951685,22.222222222226733,24.317712531093594,True,True,0.0010143523221400885
223,0.06584629622849075,0.06776496296294152,75.09203830930869,78.1534113235323,True,True,0.0019186667344507635
223,0.05764405855320657,0.058981061472755045,60.63885625648194,62.376999456900045,True,True,0.0013370029195484759
223,0.06053893555756209,0.06074797065175558,59.35275815358017,59.27924589603956,True,True,0.0002090350941934896
223,0.13232788221079803,0.1655144712778138,122.2995845093624,172.06290756578875,True,True,0.03318658906701577
223,0.06108248424357787,0.06192084814471305,49.2109686400146,50.29691981485968,True,True,0.0008383639011351751
223,0.2306646002579787,0.23681027445420472,297.14558687765077,304.71651138672036,True,True,0.006145674196226025
223,0.09227961590330619,0.09639311991868203,98.38526057394533,104.61839031040009,True,True,0.004113504015375843
223,0.09280697188383293,0.09605140542864049,99.9919102661297,103.28782857214084,True,True,0.003244433544807565
223,0.17013576033381006,0.17481339309746446,210.75061183845563,216.30743205462431,True,True,0.004677632763654405
223,0.11328699562654192,0.11847184114807054,145.1715227155979,152.02897444455974,True,True,0.005184845521528619
223,0.17236770285679331,0.17337486743757868,157.88742782313432,159.44304750474433,True,True,0.001007164580785369
223,0.08625255394778199,0.09599462651022629,97.17100545468183,108.24403423247593,True,True,0.009742072562444304
223,0.032705037511818184,0.03309817453275316,33.94744925670398,35.08293330044919,True,True,0.0003931370209349777
223,0.11350549885002585,0.12083170481187556,129.58151095310677,136.4571176815508,True,True,0.007326205961849713
223,0.16848452804459677,0.1794389404205673,194.34841458710994,206.4446135425131,True,True,0.01095441237597053
223,0.11726059987390493,0.1257694030389722,125.12339588396063,133.9215388069227,True,True,0.00850880316506726
223,0.25965880897741367,0.26824105956827565,347.73707349370693,357.2304250821618,True,True,0.008582250590861984
223,0.12313896728489224,0.13631100412817201,140.9987593541004,154.44903277221937,True,True,0.013172036843279777
228,0.19784098204332712,0.23040562264846998,288.58070479160045,307.0070908512894,True,True,0.03256464060514286
230,0.04135089005103986,0.04276128583309128,18.337677339159995,20.904508403399902,True,True,0.0014103957820514185
230,0.03992804995421232,0.042992318093021925,24.185250136679315,24.7669441865353,True,True,0.0030642681388096046
230,0.05475925435168212,0.05524614487209735,27.104290669199873,28.87741921082585,True,True,0.0004868905204152285
230,0.0795235609083424,0.0793360516885748,22.94414286384173,25.28756742398146,True,True,-0.00018750921976759538
230,0.04413461422851928,0.044313970065903825,19.193205355540748,21.095421118518086,True,True,0.00017935583738454275
230,0.07707213775447286,0.08218428604227047,31.47642977248825,34.39043886737763,True,True,0.005112148287797616
230,0.04778882405363452,0.04978935593158186,44.46404137847118,45.6592088268588,True,True,0.0020005318779473397
230,0.06627090000668816,0.06639772582396579,43.16020926593518,43.29298367495082,True,True,0.00012682581727763154
230,0.06697293815265216,0.06539343742899084,45.1211365698175,45.725016032031945,True,True,-0.0015795007236613229
230,0.05212259562245765,0.05312622828896936,37.51741929155528,40.592670263319,True,True,0.0010036326665117112
230,0.08535658731060984,0.08716040232864397,38.91128387425942,40.8633730949947,True,True,0.00180381501803413
230,0.04269701251528838,0.04163648036295713,28.863201979574736,29.867007959949284,True,True,-0.0010605321523312478
230,0.04581605957931753,0.04641672668586729,31.943470454211305,34.79606885150889,True,True,0.0006006671065497612
230,0.053852563988179634,0.05444347999537902,32.66199708170712,33.32472655960645,True,True,0.0005909160071993838
230,0.042619523419595746,0.042977775120145625,33.11419905735679,33.26451923572249,True,True,0.0003582517005498789
230,0.049376152345059855,0.048982450380242036,32.09505557859221,34.15648758771918,True,True,-0.00039370196481781916
230,0.058203095123577464,0.058103930434441654,31.525813890480027,32.65634145286128,True,True,-9.916468913580972e-05
230,0.0568160283204071,0.05766851181180742,30.594224472754302,32.65634145284846,True,True,0.0008524834914003174
230,0.060071949094635646,0.06026822796223248,30.69169735838447,31.43657124170016,True,True,0.00019627886759683577
230,0.055862386608843954,0.05518832007480902,26.820419950553617,27.88865533188553,True,True,-0.0006740665340349353
230,0.12893015496449792,0.12845090609436963,24.99502140789698,25.524273683961816,True,True,-0.00047924887012829043
230,0.05387305859423834,0.05401609736702428,21.32192888861828,24.645238564517143,True,True,0.00014303877278593752
230,0.07051630374063327,0.07041248977396185,21.749565699669162,21.425425390881244,True,True,-0.00010381396667141773
230,0.047581934946314644,0.05250849578986877,23.6913563644765,24.847750091924965,True,True,0.004926560843554126
230,0.044814932519897425,0.04301319206880284,25.42451207824479,27.67218125393701,True,True,-0.0018017404510945884
230,0.03876681369020733,0.03924637619558602,20.384960019166012,21.37859380400647,True,True,0.00047956250537868617
230,0.06597359216016867,0.06831676795405435,21.7123404265621,24.563766478543585,True,True,0.0023431757938856823
230,0.08407110788177995,0.08394568041795904,24.565620960410826,24.726442206566766,True,True,-0.00012542746382090963
230,0.04014656753943077,0.042402422390434596,23.181576818320895,25.406196225692366,True,True,0.0022558548510038245
230,0.05504399688987286,0.05577242449993942,23.74382897883252,25.563511637428956,True,True,0.0007284276100665565
230,0.0616792824994847,0.06110092864111326,19.632348609039447,20.80839521188734,True,True,-0.0005783538583714401
230,0.04439587420629624,0.045654756977925134,16.065935923384774,17.340329343362985,True,True,0.0012588827716288956
230,0.07350835857890481,0.07400281142789802,21.266406742918942,21.518782806504838,True,True,0.0004944528489932154
230,0.04326377261400201,0.04339094554886454,16.903926525497997,17.909015137147534,True,True,0.00012717293486252945
230,0.06680067254826183,0.06893190038960804,30.893778138562954,35.53710020936545,True,True,0.0021312278413462143
231,0.11745213444942537,0.06218076741508732,166.240868872467,88.97239455136123,True,True,-0.055271367034338055
232,0.2900458313655664,0.24518082627482188,282.9492878538712,263.5511395645654,True,True,-0.04486500509074451
232,0.34493456480418044,0.37302793116689176,350.0129679099538,378.76893993175383,True,True,0.028093366362711314
233,0.20490201231286218,0.23385084350670557,210.04968026637886,240.90787524507095,True,True,0.028948831193843394
233,0.19869302903907599,0.23748787644933034,200.78251933792842,235.815728482268,True,True,0.03879484741025435
233,0.18153531739455528,0.21205731750155993,170.661502591375,201.00825207082252,True,True,0.03052200010700465
233,0.2418327204104627,0.272343795072291,261.00933157046677,295.8377412134166,True,True,0.030511074661828314
233,0.2570934786545527,0.30196745601152636,272.89001734965984,322.7382668805522,True,True,0.04487397735697368
233,0.19775824715723747,0.2666871077133412,207.2837759835809,272.8481215277717,True,True,0.06892886055610373
233,0.1742608641011131,0.2070109856460511,175.80707958264654,199.65740848125134,True,True,0.032750121544938005
233,0.21775588871697668,0.2410928788685828,225.38850921822754,247.95660431649767,True,True,0.02333699015160612
233,0.26136052710731156,0.27865900264857146,279.58529303460915,297.52016744819997,True,True,0.017298475541259906
233,0.22107152678143413,0.2590560239320555,222.41423156405037,263.89983591139975,True,True,0.03798449715062138
233,0.24444317606202082,0.2798835319279603,252.40825328059742,287.6997024033713,True,True,0.035440355865939466
233,0.18650128220410211,0.20279261949846883,190.31685363879788,212.03944932470847,True,True,0.016291337294366715
233,0.2264181134013656,0.25394357475055934,230.95762109084836,262.28454283967875,True,True,0.02752546134919373
233,0.24984546108024516,0.28054275785058524,251.47117903035317,282.13804698038564,True,True,0.030697296770340082
233,0.20093278530136816,0.2075985994625492,202.11939565407724,211.07770678235968,True,True,0.006665814161181033
233,0.2132026314048197,0.24084960457163287,220.18245077394852,246.02906750090722,True,True,0.027646973166813166
233,0.24331469834138042,0.25987443927749054,249.03762396898304,266.5978124769613,True,True,0.016559740936110123
233,0.19794849263194594,0.21102640289164168,210.52964159009036,223.5625119574787,True,True,0.013077910259695735
233,0.23593563490936578,0.27369909110342067,256.78928280329626,301.38270608248837,True,True,0.037763456194054884
233,0.20616914217772153,0.24094803008348387,211.21866954417106,244.754720179482,True,True,0.034778887905762335
233,0.17075710962478707,0.21281407841294098,169.08127443997427,215.2809628138307,True,True,0.0420569687881539
233,0.1614892607715667,0.19468888794200326,160.821950371277,190.2121632158893,True,True,0.03319962717043656
233,0.24567762148364258,0.2813440972104631,258.54401360182226,296.52132185647315,True,True,0.035666475726820523
233,0.22454795298582367,0.2605109567514405,242.50872947375564,282.25170348208985,True,True,0.03596300376561681
233,0.17835806029086962,0.20391863455946252,186.6906399949409,213.14737719241305,True,True,0.0255605742685929
233,0.1773950668807024,0.22040411270117716,170.5480687883042,214.07641456420998,True,True,0.04300904582047477
233,0.23758857781015838,0.29399204438122156,246.26238301926054,307.19964853744005,True,True,0.05640346657106318
233,0.20487195163692487,0.23257537916232632,206.94519616903497,236.16399677237163,True,True,0.027703427525401447
233,0.20923678203549906,0.22960733800168123,211.48865034187813,230.42420510423767,True,True,0.020370555966182174
233,0.19171963548808293,0.23161233376154372,190.79848999924914,226.9574660664526,True,True,0.039892698273460786
233,0.19759080902670348,0.243843195788315,193.22904841998223,249.76495772879238,True,True,0.04625238676161153
233,0.21334994879085756,0.25136568507613444,217.93695265497504,255.95250285047172,True,True,0.03801573628527688
233,0.17091121719630992,0.21218905461885304,173.27620026145124,218.4697994003012,True,True,0.04127783742254312
233,0.22899828040002515,0.25759258835963567,226.23037417274793,262.3647796401265,True,True,0.028594307959610515
233,0.22879838750643514,0.26879871215487616,231.06213509531133,271.63687259567905,True,True,0.04000032464844103
233,0.21172837824814694,0.260971727819197,214.45428692107248,255.21132041513138,True,True,0.04924334957105003
233,0.2309152282129558,0.25272521369438355,228.14464729120255,251.69972367761198,True,True,0.021809985481427763
233,0.19663084438427314,0.23540647150398664,195.7018992580043,242.24797985107432,True,True,0.038775627119713496
233,0.2011939477905837,0.2507291113218661,209.0388293557678,261.9863052934447,True,True,0.0495351635312824
233,0.22067773716958547,0.2515544041373934,219.27736255348333,254.75534689433934,True,True,0.030876666967807914
233,0.20790984225399853,0.26696318443678907,212.59295294053933,273.00970485972823,True,True,0.05905334218279054
233,0.2495193735209073,0.2817728682535291,254.66745130203498,288.39214658476374,True,True,0.03225349473262179
233,0.22798038874546397,0.26597857458445995,225.10285714821646,267.3674111540538,True,True,0.037998185838995974
233,0.22545373908727512,0.27405653407902236,224.16323008827686,274.37201526664984,True,True,0.048602794991747245
233,0.234786340654395,0.26742398133745704,242.68417607864484,272.3664763187363,True,True,0.03263764068306205
233,0.21180234890094682,0.2522551218603352,217.84670842390508,268.1273248228072,True,True,0.0404527729593884
233,0.24544417591764528,0.2659270242301465,259.52460712713537,282.7944923097432,True,True,0.020482848312501245
233,0.23018956939515922,0.2745215648264741,243.536007476291,293.8968422142552,True,True,0.044331995431314886
234,0.02124368335339124,0.021379116954509163,17.653012013087274,17.852961744170592,True,True,0.00013543360111792357
234,0.021480668385052554,0.021742717300226557,18.99768373397255,19.412909808704203,True,True,0.0002620489151740034
234,0.020070862508355665,0.022638930715019222,16.87076347693786,19.87214856388011,True,True,0.0025680682066635575
234,0.020663712976212643,0.021413433351988982,16.81904654144156,17.96489363532959,True,True,0.0007497203757763395
234,0.0206071274463378,0.022386602364428396,18.126068542629792,20.271628688985203,True,True,0.0017794749180905962
234,0.021052594232610744,0.021994462905518826,17.29332645227145,18.78313353789531,True,True,0.0009418686729080819
234,0.0221379298052751,0.02336329006276363,17.293326452265116,18.676106264740017,True,True,0.0012253602574885288
234,0.01807709731331785,0.018971078045488567,14.225316083744685,15.892674358237594,True,True,0.0008939807321707155
234,0.021892337867419988,0.022714394367121398,14.41218482000514,17.740323637118088,True,True,0.0008220564997014103
234,0.019665763989135884,0.020762201820982602,17.98130583738293,19.821647469350907,True,True,0.0010964378318467187
234,0.020413455706749142,0.020061350113029536,17.74793081426147,16.692412651857182,True,True,-0.0003521055937196066
234,0.16703191916424504,0.16701380357767673,41.06798086308347,40.642023072116764,True,True,-1.811558656830692e-05
234,0.0982150444987128,0.09849747541343236,82.62919358201853,82.0694174882551,True,True,0.00028243091471956416
234,0.02016128890319782,0.02040264799137332,16.162475284662158,17.57001258718591,True,True,0.00024135908817549817
234,0.019784013696632345,0.021322577565002634,16.380457706171953,18.351279637758662,True,True,0.0015385638683702886
234,0.025569253597579517,0.02701968663191876,18.462804482091215,20.32101153615392,True,True,0.0014504330343392442
234,0.02371912739414271,0.024707634093035762,19.482809054823356,20.222125248300074,True,True,0.0009885066988930512
234,0.022660349494289366,0.023492356523639513,14.787254082907232,16.632259617856523,True,True,0.0008320070293501465
234,0.06199463340035697,0.061950311637316006,68.54525375275907,68.91190291429623,True,True,-4.432176304096369e-05
234,0.01984486059286603,0.020322753804320443,18.68725396555044,19.153019775429687,True,True,0.0004778932114544131
234,0.039677343725239025,0.0400454414348745,18.327494454188894,19.872148563851532,True,True,0.00036809770963547317
234,0.022939589582524973,0.023083248145017065,17.786456215111514,18.13149590524955,True,True,0.00014365856249209247
234,0.01932212469156158,0.021973023550640156,17.525653950631124,21.19023247766417,True,True,0.002650898859078578
234,0.020432631409404434,0.02141209788200354,17.529204169175646,18.94254064098807,True,True,0.0009794664725991074
234,0.059334386711108335,0.0590463517492494,64.08532991370521,63.7596152266935,True,True,-0.0002880349618589323
234,0.03355675339098767,0.03378050099189418,29.178398391543947,29.664974019962006,True,True,0.00022374760090651535
234,0.020898251094281287,0.022330454878503284,17.803940202571003,19.720257303336822,True,True,0.0014322037842219963
