record,t0_ms,n_ref_beats,n_det_beats,cv_ref,cv_det,rmssd_ref,rmssd_det,bsqi,ksqi,psqi,flatline_frac,sat_frac,d_cv,abs_d
100,213.88888888888889,64,63,0.048219551756096,0.05048229821479158,58.40795704726972,62.57766170162937,0.9841269841269841,30.0367435821777,0.4487158164935324,0.011757021554539516,0.00043535045711797995,0.0022627464586955845,0.0022627464586955845
100,52208.333333333336,64,62,0.03038339829001703,0.030981902436049456,25.034822422612706,24.509301297422407,0.9841269841269841,29.860057024571475,0.45143411138170714,0.01024411508282476,0.00043582479843103073,0.0005985041460324254,0.0005985041460324254
100,104163.88888888889,64,63,0.03189434105760824,0.033056842797993154,27.49633406650317,29.667743315901873,1.0,28.86318473644904,0.44972445290702634,0.012624584717607974,0.0004428697962798937,0.0011625017403849164,0.0011625017403849164
100,155300.0,64,63,0.059062327580420806,0.06157827369291393,71.23323406951009,75.47640791734777,0.96875,28.598404731018736,0.4563771256646883,0.013608428446005268,0.00043888523151195964,0.002515946112493124,0.002515946112493124
100,206897.22222222222,64,63,0.049801359222739934,0.05020007302458744,58.073538227782066,58.08617857622754,1.0,26.876438587205048,0.4448124106905306,0.008480104370515329,0.0004347826086956522,0.000398713801847507,0.000398713801847507
100,259016.66666666666,64,64,0.056681783681015674,0.056627787480967605,72.64317630252582,72.71920256880429,0.984375,28.58870630001135,0.46381461289665915,0.012516469038208168,0.0004390779363336992,-5.399620004806899e-05,5.399620004806899e-05
100,310583.3333333333,64,63,0.0626764778893994,0.06355401490837213,70.83465105245433,72.61473812037418,0.96875,24.796365367082473,0.4544065950370757,0.0124972104440973,0.0004462293618920125,0.0008775370189727377,0.0008775370189727377
100,361269.44444444444,64,63,0.04847109248451064,0.049438777565697964,23.913569812694863,24.96912667741509,1.0,23.16000205594397,0.44238748691104507,0.01278409090909091,0.00047337278106508875,0.0009676850811873236,0.0009676850811873236
100,409138.88888888893,64,63,0.04688239980663864,0.047453277020086435,24.855215956720457,27.567479186610054,1.0,23.908653847074316,0.4482918970169498,0.01164448669201521,0.0004751722499406035,0.0005708772134477916,0.0005708772134477916
100,456836.1111111111,64,63,0.06113207831362024,0.06382736740712427,61.28802999338991,65.4890498556475,0.96875,25.58088459133183,0.4583335570287728,0.012725590004627488,0.0004626416840157298,0.0026952890935040344,0.0026952890935040344
100,505788.8888888889,64,62,0.03925439665697843,0.03795356832379095,24.845199749992265,26.02590307678296,0.9841269841269841,25.788295075410986,0.44679130549211415,0.01243615367532756,0.0004440497335701599,-0.0013008283331874745,0.0013008283331874745
100,556761.111111111,64,63,0.03177813535929316,0.0312100186502035,24.68438770586956,25.172296232256627,1.0,26.372235908153197,0.4470775532460384,0.010894235133908307,0.0004538234626730202,-0.0005681167090896555,0.0005681167090896555
100,606711.1111111111,64,64,0.03092823551149725,0.03164423153745975,25.6802125653931,26.863522705767284,0.984375,25.717048163121948,0.45218299531393497,0.009528130671506351,0.0004536176003628941,0.000715996025962503,0.000715996025962503
100,656638.8888888889,64,63,0.04693822766135312,0.047857298971074054,25.993309343460023,27.23286488185807,0.9841269841269841,25.39310567362937,0.46314185758496795,0.013651087459509487,0.0004626416840157298,0.0009190713097209369,0.0009190713097209369
100,705583.3333333334,64,63,0.045317793145765804,0.045531206833972736,29.401469957874067,29.9411845185659,1.0,25.565250043372767,0.4627718968193889,0.013876251137397634,0.00045485558335228563,0.00021341368820693152,0.00021341368820693152
100,755422.2222222222,64,64,0.059455476050304,0.05980700436760726,68.87761498684132,69.53450445280448,0.984375,29.226580431947703,0.46265582339822375,0.013588772555134774,0.00044543429844097997,0.0003515283173032638,0.0003515283173032638
100,806269.4444444444,64,63,0.05786603106628075,0.05924639683212305,67.14286319523102,70.01489646821436,0.96875,28.185227831155977,0.46444988434361256,0.01464388728644331,0.00044365572315882877,0.0013803657658423008,0.0013803657658423008
100,857291.6666666666,64,63,0.08564844295013804,0.08638381663703977,106.91389267084831,107.72776004405344,0.96875,28.649071181890474,0.45944698895155084,0.00940096195889812,0.0004371584699453552,0.0007353736869017274,0.0007353736869017274
100,909100.0,64,62,0.03084931616595983,0.030899209474011834,26.580374868625935,26.809991059712107,0.9841269841269841,28.247839650097553,0.46362195584402727,0.014145810663764961,0.0004351610095735422,4.9893308052002816e-05,4.9893308052002816e-05
100,961158.3333333333,64,64,0.0680881503134468,0.06873814340571383,82.1533846782943,84.04844097676906,0.984375,27.53110743851224,0.4568175441491899,0.012168141592920354,0.00044238000442380006,0.0006499930922670288,0.0006499930922670288
100,1012350.0,64,63,0.0525992571245395,0.052943781446598934,58.16561483816582,59.40412226681485,1.0,29.132732162564203,0.4692163213439645,0.015694076038903625,0.0004419889502762431,0.0003445243220594335,0.0003445243220594335
100,1063597.2222222222,64,63,0.05979010455126215,0.05950842648606692,74.60068929629482,74.03188021362433,1.0,28.936916385310752,0.45480322701171016,0.012304987914744013,0.0004393673110720562,-0.00028167806519523164,0.00028167806519523164
100,1115147.222222222,64,64,0.030115302210865016,0.030207273771741167,24.785017506410682,25.48497531775839,0.984375,28.062123512956028,0.47163887503546215,0.013605442176870748,0.00043878894251864854,9.19715608761508e-05,9.19715608761508e-05
100,1166727.777777778,64,62,0.09666366376256987,0.09731456728045945,126.77797646519372,127.12615296171096,0.9841269841269841,28.625217616393535,0.4608035147038375,0.013421342134213421,0.0004399472063352398,0.0006509035178895867,0.0006509035178895867
100,1218250.0,64,63,0.07961456020941063,0.07960837983318282,104.53608330165714,104.24833926102218,0.96875,30.289223228408947,0.4595532208961046,0.01303780964797914,0.00043449923962633063,-6.180376227807316e-06,6.180376227807316e-06
100,1270369.4444444445,64,63,0.04922477303836884,0.05111698530773254,61.79460557024652,64.70659584054032,0.96875,29.18875375296613,0.4557353661135967,0.01040537611099068,0.00043346337234503684,0.0018922122693636953,0.0018922122693636953
100,1322600.0,64,62,0.03278364240900139,0.03391113038406661,24.52505850398837,26.887142272635767,0.9841269841269841,29.974266315879795,0.4588788802705958,0.011373578302712161,0.0004373496610540127,0.0011274879750652195,0.0011274879750652195
100,1374413.8888888888,64,64,0.05596647198254067,0.056164044739535034,69.66809862876339,69.34686559323102,0.984375,28.527640264317107,0.46092325387676975,0.01028221395755852,0.0004374453193350831,0.00019757275699436305,0.00019757275699436305
100,1426177.7777777778,64,62,0.05591340224016531,0.057846839029851285,72.99012769911587,75.3917779437407,0.9841269841269841,28.309415732694656,0.45856878712344895,0.014938298332972505,0.0004329004329004329,0.001933436789685973,0.001933436789685973
100,1478491.6666666665,64,62,0.07294897986878904,0.13807178523216046,97.29899682403357,162.1425367971364,0.9841269841269841,29.79051268710396,0.44558076737885005,0.014413627429569776,0.0004366812227074236,0.06512280536337142,0.06512280536337142
100,1530422.2222222222,64,63,0.0789307975054676,0.0787849768933292,103.40070837020708,103.05913711462023,1.0,29.51061699765063,0.4741220653750967,0.012755663074554651,0.00043975373790677223,-0.00014582061213840036,0.00014582061213840036
100,1581894.4444444445,64,64,0.07199904460721622,0.07131188634732848,76.96629284925409,75.74370188133145,0.984375,23.42738189876465,0.4552683050876789,0.011315731084978922,0.00044365572315882877,-0.0006871582598877435,0.0006871582598877435
100,1632897.222222222,64,63,0.06544801857421723,0.06425265464034381,54.39422378381966,53.00596830424887,1.0,25.235160550115292,0.47525739989791643,0.009046624913013222,0.00046382189239332097,-0.001195363933873414,0.001195363933873414
100,1681830.5555555555,64,63,0.03247703805740977,0.03330498313258216,24.724688773947666,25.493999970960594,0.96875,25.98010505621193,0.4814165655886544,0.012777404169468728,0.00044822949350067237,0.0008279450751723857,0.0008279450751723857
100,1732327.7777777778,64,64,0.06284601536970064,0.06386129784761903,66.14660503178183,68.04836614292047,0.984375,27.7015468796317,0.4867467425457473,0.009839816933638444,0.0004575611988103409,0.0010152824779183917,0.0010152824779183917
101,230.55555555555557,64,62,0.058239818985841726,0.059035840299066125,26.146072072622605,27.002455777904803,0.9841269841269841,23.153336553372814,0.45782481889402543,0.007742205482318477,0.00041841004184100416,0.0007960213132243987,0.0007960213132243987
101,54327.777777777774,64,63,0.03879836349055745,0.040092973299566535,29.66903927795426,32.07660000399093,0.96875,8.626120675709728,0.46105849336084526,0.013368442373911282,0.0004050222762251924,0.001294609809009084,0.001294609809009084
101,110255.55555555556,64,63,0.05507495606239334,0.05548625725334784,26.899187873311565,28.188693205786567,0.96875,6.074054868200689,0.46437481962690275,0.00865426222414539,0.00043261951113995244,0.0004113011909544981,0.0004113011909544981
101,162616.6666666667,64,62,0.03624529643816801,0.12873650530804276,36.131783440504044,161.89322919498542,0.9384615384615385,18.856596732053752,0.4077222378463005,0.020787962779647593,0.000395882818685669,0.09249120886987475,0.09249120886987475
101,219886.11111111112,64,64,0.046405288481982394,0.046204483771889356,38.506181394364596,38.35833450965644,0.984375,23.819639404833318,0.48569156663404434,0.012873911397198031,0.0003785727806170736,-0.0002008047100930388,0.0002008047100930388
101,279783.3333333334,64,64,0.1305999608812612,0.07793825199341048,167.35818309725624,105.36301458504036,0.9545454545454546,18.544704837755038,0.3729822984097854,0.013815669878203964,0.0003635041802980734,-0.05266170888785071,0.05266170888785071
101,342069.44444444444,64,63,0.0848248777547883,0.08442923073682312,116.11814216164207,114.96472066107003,0.96875,24.450034258333602,0.4801554526830381,0.016229029905178702,0.00036463081130355516,-0.00039564701796517,0.00039564701796517
101,404186.1111111111,64,63,0.03427154738654939,0.03502812724743856,38.596571615897616,39.35042575387257,0.96875,26.52396340240969,0.48218815886044303,0.014866032843560934,0.0003456619426201175,0.0007565798608891727,0.0007565798608891727
101,469591.6666666666,64,63,0.050297207673560315,0.05044282467278155,42.12117695871104,40.89914395184605,0.96875,23.548875951753523,0.4904890588337293,0.011223750905141203,0.00036199095022624434,0.00014561699922123472,0.00014561699922123472
101,532166.6666666666,64,63,0.04497583214368188,0.045182763595961246,33.07283214672441,31.56436588914334,0.96875,24.99878838777935,0.4849671063121219,0.012818198230727568,0.00036101083032490973,0.0002069314522793672,0.0002069314522793672
101,594866.6666666666,64,63,0.048636830964559605,0.04850446414970571,57.34245467996103,57.41586314984193,0.96875,26.342073142813145,0.48235783772789526,0.01620859760394644,0.00035229874933943986,-0.0001323668148538945,0.0001323668148538945
101,659236.1111111111,64,63,0.0369921960996483,0.03762177608867506,40.016610947621004,41.27107470990944,0.96875,25.18395826458442,0.4787080409629586,0.0175866271983284,0.00034818941504178273,0.0006295799890267614,0.0006295799890267614
101,724311.1111111111,64,63,0.031299217144262606,0.03178722220998429,39.39127619643125,40.34744415047516,0.96875,20.49852813303493,0.4878721615809772,0.016646223935517786,0.000350385423966363,0.00048800506572168473,0.00048800506572168473
101,788950.0,64,64,0.03967822403659055,0.03987862452806322,39.629092270715,40.567971343901,0.984375,23.14233577425352,0.484962222803548,0.011965511173675876,0.0003518648838845883,0.00020040049147267147,0.00020040049147267147
101,853302.7777777778,64,64,0.05332760743005085,0.10588293648851325,42.10787903353061,99.80360083682886,0.9538461538461539,22.539012108965718,0.46157184776310656,0.01757883291047481,0.0003623844899438304,0.052555329058462406,0.052555329058462406
101,915891.6666666666,64,62,0.069544047912754,0.06921898344822822,38.485167587723815,41.16314828998545,0.9841269841269841,24.977446272543528,0.48133586662742645,0.010528260066494275,0.0003693444136657433,-0.00032506446452577886,0.00032506446452577886
101,977163.8888888889,64,63,0.06660038771883763,0.06625228642838654,43.711758618190025,43.92559256767446,0.96875,26.55496002354857,0.4754932523700621,0.010865628395508874,0.0003621220351258374,-0.0003481012904510833,0.0003481012904510833
101,1039722.2222222221,64,62,0.04458904771764512,0.045067072724259714,40.98456013735652,42.37809990801173,0.9841269841269841,27.881225175718306,0.47951149970491375,0.014992774566473988,0.00036120642947444465,0.00047802500661459774,0.00047802500661459774
101,1102491.6666666665,64,63,0.035888262867520414,0.036315170842513136,38.0346527110234,37.33109168391649,0.96875,29.90339490157137,0.487367050714837,0.01695813460519343,0.00035323207347227127,0.00042690797499272265,0.00042690797499272265
101,1166583.3333333333,64,63,0.03875577605536029,0.03887928029177985,36.86995616841259,37.27647411007246,0.96875,26.951755685747084,0.48897895034861677,0.015630614444843694,0.00035925992455541585,0.000123504236419561,0.000123504236419561
101,1229583.3333333333,64,63,0.035830617774850075,0.03497039912697313,36.19372958583367,37.358370526854074,0.96875,24.417554712251317,0.492996849013093,0.008095676172953082,0.0003679175864606328,-0.0008602186478769425,0.0008602186478769425
101,1291111.111111111,64,64,0.03456569303246682,0.03447907102740115,36.804076185858264,37.29850694810701,0.984375,24.494586847600207,0.48511007123136,0.010564663023679418,0.00036423238025860496,-8.662200506567158e-05,8.662200506567158e-05
101,1353369.4444444445,64,63,0.048620430697195315,0.04619150455212685,34.60643777743317,35.39812001235819,0.96875,21.597440669035162,0.47926401977678845,0.009437523593808984,0.0003774297037176826,-0.002428926145068462,0.002428926145068462
101,1413469.4444444445,64,63,0.03360566266724996,0.03366764091447049,34.243110275763094,36.78126648201132,0.96875,23.249834421538445,0.4810693594445926,0.013866666666666666,0.00035549235691432633,6.197824722053297e-05,6.197824722053297e-05
101,1477158.3333333333,64,62,0.06700584102695559,0.050408202419424175,90.86827832847861,47.34188674598321,0.9841269841269841,28.612763950515617,0.47954101226222456,0.015920223932820155,0.00034983382893125764,-0.016597638607531412,0.016597638607531412
101,1541919.4444444445,64,63,0.04244962337581685,0.04200857556235596,43.33574572830551,43.388898508559784,0.96875,26.327708097337922,0.4840082072211318,0.012963949564908542,0.0003551136363636364,-0.0004410478134608889,0.0004410478134608889
101,1605772.222222222,64,64,0.04140113692996279,0.04143830397699367,38.09187106430448,38.69652914982682,0.984375,24.78876792334174,0.48768251787158884,0.01774937877174299,0.000354924578527063,3.7167047030876865e-05,3.7167047030876865e-05
101,1669561.1111111112,64,63,0.03987840190521694,0.04113899691889188,38.95922977963287,41.39430900838842,0.9841269841269841,26.526691049757606,0.4891033182026699,0.011245983577293823,0.0003569516330537212,0.0012605950136749464,0.0012605950136749464
101,1732975.0,64,64,0.040737244102995195,0.04129792784215792,36.62611801582953,38.33219594815802,0.984375,28.54926396054637,0.488788028516073,0.018307856381087808,0.00035542918073573843,0.0005606837391627234,0.0005606837391627234
103,736.1111111111112,64,62,0.03988598143843804,0.041011980671745406,29.286959650593,31.499211932783915,1.0,23.724175983115085,0.42482011358054667,0.012195121951219513,0.0004133085348212441,0.001125999233307369,0.001125999233307369
103,55527.77777777778,64,64,0.03376580555542031,0.03375468149086152,28.28391924069875,28.91210681396888,0.984375,25.306498059709224,0.42119301375940665,0.010609527771999168,0.00041597337770382697,-1.1124064558790114e-05,1.1124064558790114e-05
103,109938.88888888888,64,64,0.03605916200340708,0.036243222382084175,26.542891508003066,27.852693156598946,0.96875,24.330136235215065,0.4362783149425714,0.01174460815716421,0.0004269854824935952,0.0001840603786770964,0.0001840603786770964
103,163061.1111111111,64,63,0.036747754248105016,0.03612243488982162,30.867582450782493,31.402579247754712,1.0,25.09266249451741,0.41174391675246913,0.013235593565465283,0.00040716612377850165,-0.0006253193582833952,0.0006253193582833952
103,218605.55555555556,64,63,0.04144818657896517,0.04236404726200607,28.40904565362599,30.279513726598815,1.0,23.750878625679494,0.44788066527135817,0.011137803013758463,0.0004366812227074236,0.0009158606830408991,0.0009158606830408991
103,270488.8888888889,64,64,0.03647896034224181,0.0366322447157521,31.268164772442933,31.87980761335069,0.984375,24.039705953014515,0.4324073901744631,0.012647898816809465,0.0004079135223332653,0.00015328437351028873,0.00015328437351028873
103,325994.4444444445,64,63,0.04576352621454039,0.04525050275643271,29.105799263670498,30.614104146020328,1.0,25.465742536487088,0.433166845430736,0.013795986622073578,0.0004179728317659352,-0.0005130234581076781,0.0005130234581076781
103,380263.88888888893,64,64,0.038794054919724895,0.03949996084543311,32.45558801115274,33.354789467467306,0.984375,25.133872781287973,0.4230456269804307,0.0113544201135442,0.00040543279951348065,0.0007059059257082181,0.0007059059257082181
103,436080.55555555556,64,62,0.03602320831617356,0.036805823303400965,29.83009767333176,31.400416461205644,0.9841269841269841,26.165240492212767,0.42303810664462116,0.011517893870835048,0.00041126876413736374,0.0007826149872274049,0.0007826149872274049
103,491161.1111111111,64,63,0.03853364204763781,0.039634009119931396,30.465818047351206,33.20024373310864,0.96875,25.343508732559776,0.4214271727141619,0.014084507042253521,0.00040816326530612246,0.0011003670722935857,0.0011003670722935857
103,546711.1111111111,64,64,0.03811499777692343,0.03796601677866338,27.473694018133383,27.74452694933352,0.984375,25.558456889714765,0.42851637284519184,0.012700395586092025,0.00041631973355537054,-0.00014898099826005096,0.00014898099826005096
103,601125.0,64,63,0.037039371320511154,0.03802560483462489,32.600975081477294,34.37610254817994,1.0,26.0650294023218,0.4307207354004522,0.010382059800664452,0.00041519618019514223,0.0009862335141137338,0.0009862335141137338
103,655688.8888888889,64,62,0.03398883288032762,0.03411039345170626,29.570299769092752,30.360710959451655,0.9841269841269841,25.742393188676058,0.42153676678646246,0.015422578655151141,0.00041118421052631577,0.00012156057137863857,0.00012156057137863857
103,710736.1111111111,64,63,0.03292045118484045,0.03265275345070449,29.71514503890055,29.9751892819573,0.96875,25.64881231686114,0.42549807469541534,0.014848422355124768,0.0004123711340206186,-0.0002676977341359646,0.0002676977341359646
103,765638.8888888889,64,63,0.04012270891587828,0.040581302516191534,33.05965909290444,33.8986334912039,1.0,25.684327070161565,0.4178160731302559,0.014279967819790828,0.0004021717273275689,0.0004585936003132507,0.0004585936003132507
103,821963.8888888889,64,62,0.03578258108325625,0.03658215431891293,32.307620736055576,34.08892943461227,0.96875,24.763128183948155,0.41341284136640916,0.013616339607529036,0.0004004004004004004,0.0007995732356566795,0.0007995732356566795
103,878533.3333333333,64,63,0.04418334910019689,0.04500541373125523,33.85016001931003,35.68474914516857,0.96875,25.295743133173964,0.42402830013206977,0.012522722682286406,0.0004038772213247173,0.0008220646310583418,0.0008220646310583418
103,934619.4444444444,64,63,0.035439538652846866,0.03605600058769314,29.1527958141924,30.178413231569234,0.96875,22.11013232887613,0.4221256557636893,0.016298946531504672,0.000397456279809221,0.0006164619348462755,0.0006164619348462755
103,991580.5555555555,64,63,0.036134239301127344,0.03641364647655012,31.935677463013057,32.17173595193411,1.0,25.452609047698363,0.41793678880266255,0.01212366134572641,0.00040404040404040404,0.0002794071754227759,0.0002794071754227759
103,1047613.8888888889,64,64,0.09258531881800738,0.09252893915540035,30.26499187464104,30.16752203585338,0.921875,10.341797206364456,0.41419274799869815,0.020815632965165677,0.00042471862391165854,-5.6379662607033976e-05,5.6379662607033976e-05
103,1100758.3333333335,64,63,0.09000952032181783,0.08698967659013174,35.94876658799799,37.76518873433085,0.96875,6.677940692849471,0.41940782166861035,0.018029350104821804,0.00041919932928107315,-0.003019843731686095,0.003019843731686095
103,1154686.1111111112,64,62,0.07595330481169295,0.07316818279225795,46.357784734578004,48.466142963861316,0.9841269841269841,13.613880762298963,0.45113967786452625,0.01693877551020408,0.00040807998367680065,-0.0027851220194349963,0.0027851220194349963
103,1210100.0,64,63,0.07993580754401453,0.08067082934184379,32.798881487642625,34.22760897036263,1.0,19.494749845090638,0.4168281114935447,0.012507817385866166,0.00041684035014589413,0.0007350217978292634,0.0007350217978292634
103,1264436.1111111112,64,63,0.04246854569013295,0.0433429981478073,31.624350774831182,31.661041049314246,1.0,24.284474598713864,0.40526249059217656,0.011011011011011011,0.00040032025620496394,0.0008744524576743545,0.0008744524576743545
103,1321000.0,64,63,0.08422932483070235,0.08551914007860952,63.646884652177285,65.39564968944897,1.0,19.35936708856672,0.40572778863126524,0.014925373134328358,0.0004088307440719542,0.0012898152479071667,0.0012898152479071667
103,1376397.222222222,64,63,0.03907960969219702,0.0396453469731504,32.48433436735908,33.015625562012886,1.0,20.65495735684031,0.39465911570034534,0.012007204322593557,0.00040016006402561027,0.0005657372809533753,0.0005657372809533753
103,1433044.4444444445,64,63,0.04723038609000187,0.04479300239499169,37.99700516402309,38.19435238323024,0.96875,24.23680001422785,0.40230249129584605,0.014251781472684086,0.00039580447259054025,-0.0024373836950101826,0.0024373836950101826
103,1490225.0,64,63,0.039996746991484776,0.04076708773560267,32.023239271579165,34.40572435681059,0.96875,25.16029154166942,0.39973770653244783,0.011845011041959445,0.0004014452027298274,0.0007703407441178936,0.0007703407441178936
103,1546655.5555555555,64,63,0.040026522111852494,0.03882969125784748,31.855689385641178,31.78948393389896,0.96875,24.699822248227495,0.39760207494120714,0.011037527593818985,0.0004012841091492777,-0.0011968308540050154,0.0011968308540050154
103,1603091.6666666667,64,63,0.03388682755820096,0.03447305303115402,30.835311054189816,32.26659139882756,0.96875,25.115375855048764,0.3988180143191387,0.012175648702594811,0.0003991219317501497,0.0005862254729530614,0.0005862254729530614
103,1659805.5555555557,64,63,0.03920017033106784,0.03873569214010889,36.01448334706042,37.60298960790725,1.0,24.90294301310116,0.39594549687118347,0.010317460317460317,0.00039674667724657806,-0.0004644781909589474,0.0004644781909589474
103,1716941.6666666665,64,63,0.04438822693979628,0.044961624761368744,30.67750185186634,31.69320057108088,1.0,25.923738141890215,0.40112822140428145,0.013537726458291858,0.0003980891719745223,0.0005733978215724661,0.0005733978215724661
105,547.2222222222223,64,62,0.12464199793312487,0.12497932514921718,150.059310589327,150.61173838385542,0.9841269841269841,13.226961403976029,0.5096308573315915,0.018123928483957875,0.0004897159647404506,0.0003373272160923091,0.0003373272160923091
105,46816.66666666667,64,62,0.09930566354436507,0.099395440853948,118.34010615514202,118.6824186003074,0.9841269841269841,12.257706545605831,0.49896880977420704,0.00980392156862745,0.000490075961774075,8.977730958292796e-05,8.977730958292796e-05
105,93027.77777777777,64,64,0.09965943274462842,0.09765438903299584,121.55088106048005,118.82027588134297,0.96875,12.706403984336948,0.5129327526118325,0.012645673196131912,0.0004957858205255329,-0.002005043711632584,0.002005043711632584
105,138730.55555555556,64,63,0.07722060892132124,0.076131551102645,86.51843195585379,84.3489648056607,0.96875,13.01510114857838,0.5162279310347085,0.0143316036570299,0.0004940711462450593,-0.0010890578186762423,0.0010890578186762423
105,184566.66666666666,64,64,0.12882661882408084,0.12805592160305593,154.8655812878453,153.85084449218436,0.984375,12.84045516174811,0.5093207127998534,0.01111934766493699,0.0004940711462450593,-0.0007706972210249075,0.0007706972210249075
105,230372.22222222225,64,62,0.031212608280412057,0.03141893252284142,21.91771658451033,22.665106922299056,0.9841269841269841,11.35539133555782,0.5026091596191874,0.012478590653290923,0.0004892367906066536,0.0002063242424293621,0.0002063242424293621
105,276713.8888888889,64,62,0.10703378541823215,0.10812461416552249,132.01257437423075,133.18958357520086,0.9841269841269841,12.540641428231226,0.5052968503755929,0.013118811881188118,0.0004949269982677555,0.0010908287472903427,0.0010908287472903427
105,322511.1111111111,64,62,0.10581867111736758,0.10697722052497283,126.0395838715312,127.64649753817714,0.9841269841269841,12.381232390116953,0.5045126770845954,0.012512266928361139,0.0004905567819475104,0.00115854940760525,0.00115854940760525
105,368661.1111111111,64,64,0.08570452031162594,0.08457254364872317,104.55453474985933,103.02549134671844,0.984375,12.531069971570057,0.5110518366066056,0.010263929618768328,0.0004886391399951136,-0.0011319766629027672,0.0011319766629027672
105,415005.5555555555,64,64,0.1117506314131422,0.11139463896691448,133.99718994655686,133.68932856406911,0.984375,12.339944649986215,0.49844913763210635,0.011094674556213017,0.0004929751047572097,-0.00035599244622772086,0.00035599244622772086
105,460683.3333333333,64,63,0.08388007744132642,0.06624226290267182,79.41661793040792,74.01811836201813,0.96875,12.871110580448555,0.5188227267539127,0.012451171875,0.000488162069807176,-0.017637814538654595,0.017637814538654595
105,507066.6666666667,64,63,0.07885142569945347,0.07841891260799633,92.66924843620043,84.9027102103211,1.0,12.863149121620033,0.5183996487372807,0.01001710236989983,0.0004885197850512946,-0.0004325130914571429,0.0004325130914571429
105,553413.8888888889,64,63,0.029597489817101672,0.030458660576048235,19.43484145870344,21.315477745793878,0.96875,12.181388418900069,0.4999727794471016,0.008580534444716842,0.0004901960784313725,0.0008611707589465632,0.0008611707589465632
105,599655.5555555556,64,62,0.07190353240493659,0.10021695193571209,88.0533083168382,125.58517294662434,0.96875,11.938537530600659,0.5072293822885395,0.011184050571359105,0.0004861448711716091,0.0283134195307755,0.0283134195307755
105,646266.6666666666,64,63,0.11137019051906918,0.11407581641733353,138.43159484602404,142.29581769594463,0.96875,12.889730183389403,0.5054603316228864,0.010029354207436399,0.0004891171435558817,0.002705625898264341,0.002705625898264341
105,692533.3333333333,64,63,0.07475819309254723,0.07460598288856264,86.79991021070994,87.45603294101493,0.96875,13.039434555421439,0.5135005073342876,0.010861694424330196,0.00048262548262548264,-0.00015221020398459295,0.00015221020398459295
105,739466.6666666667,64,63,0.07936136015479003,0.07809692899566982,92.13522043759217,90.01615015829105,0.96875,13.676646516930788,0.5144305275267007,0.011681674373326843,0.00048661800486618007,-0.0012644311591202134,0.0012644311591202134
105,786019.4444444444,64,63,0.07360859560814835,0.07321197901106018,86.68513152255076,86.90683470476017,1.0,12.776514619636053,0.5370536990771337,0.009398961167449914,0.0004945598417408506,-0.000396616597088173,0.000396616597088173
105,831791.6666666666,64,63,0.08037500382201973,0.08074295419930907,91.11310536326424,92.16342102637624,0.90625,5.8647168493027335,0.48147130699666446,0.014073887911535563,0.0005025125628140704,0.00036795037728934443,0.00036795037728934443
105,876847.2222222221,64,62,0.033645361460073527,0.03470857017544544,18.273089897917323,21.20126618447197,0.9841269841269841,7.29642965842553,0.4939051040724177,0.014798093804865815,0.0005015045135406219,0.0010632087153719105,0.0010632087153719105
105,922022.2222222222,64,62,0.030593581071712332,0.031139781173340878,21.042853243837925,22.156752412889155,0.9841269841269841,12.87643907076609,0.5102553608268632,0.01240272373540856,0.0004862630683199611,0.000546200101628546,0.000546200101628546
105,968605.5555555556,64,63,0.029150973725229682,0.029376154444339917,21.072403677173234,21.505798287654617,0.984375,10.816191602298872,0.5065169311133839,0.010633156114064766,0.00048320850446967865,0.00022518071911023507,0.00022518071911023507
105,1015452.7777777778,64,63,0.06255317122236025,0.07542736500863985,68.44441244241406,71.36949829036008,0.9393939393939394,15.50309718717443,0.4624275816399308,0.009608091024020228,0.0005055611729019212,0.012874193786279603,0.012874193786279603
105,1060247.2222222222,64,63,0.031233019155475057,0.05013664751645477,19.66401881614045,48.928462928190186,0.96875,11.407022546018196,0.47229388755928764,0.009746088740702744,0.0005128205128205128,0.01890362836097971,0.01890362836097971
105,1104436.1111111112,64,64,0.032031638353103624,0.0330701654375904,20.873616967480686,23.264493098332295,0.9692307692307692,9.753890024166495,0.40180924094276327,0.008820564516129033,0.0005039052658100278,0.0010385270844867761,0.0010385270844867761
105,1149352.777777778,64,63,0.0796770717138652,0.0800729642340847,89.41934018461411,89.7668288556336,1.0,11.918450157764273,0.5363557690808057,0.007074279939363315,0.0005051780752715333,0.0003958925202195013,0.0003958925202195013
105,1194191.6666666665,64,62,0.15459446897023935,0.25476657961438054,150.74073707135022,279.71204814013413,0.7972972972972973,3.5039697591689256,0.18430201377137373,0.00684931506849315,0.0005267316302343956,0.1001721106441412,0.1001721106441412
105,1237175.0,64,63,0.06717301599409063,0.14546529455921914,70.18600479312082,133.076845691174,0.9384615384615385,7.34184581241937,0.29127033774798117,0.009986504723346829,0.0005396654074473826,0.0782922785651285,0.0782922785651285
105,1279141.6666666667,64,60,0.165560034600173,0.27585921804993574,162.50363779896205,270.77871633344944,0.855072463768116,5.920075499982888,0.16219657797631748,0.00912751677852349,0.0005367686527106817,0.11029918344976275,0.11029918344976275
105,1321341.6666666667,64,58,0.1610517251121982,0.3355924572859473,167.17328914076583,218.26243190882613,0.8142857142857143,6.062600607272201,0.22866401456510557,0.009278897136797455,0.0005300821627352239,0.17454073217374907,0.17454073217374907
105,1364030.5555555555,64,63,0.028443734660612924,0.029200235566795834,16.441126275718563,17.99870262556831,0.9841269841269841,9.859780840305941,0.45810403771725866,0.01001082251082251,0.0005409791723018664,0.0007565009061829102,0.0007565009061829102
105,1405866.6666666665,64,62,0.030085996326407228,0.031394741197504204,17.507892058960277,19.994501750016305,0.9841269841269841,9.74422876446241,0.4532826497797041,0.007078682276068609,0.0005443658138268917,0.0013087448710969764,0.0013087448710969764
105,1447491.6666666665,64,63,0.082136328394408,0.08652900246672411,86.56876305430575,88.0943642582814,0.96875,12.732583095572378,0.5058224515142412,0.008966244725738396,0.0005272871078302136,0.004392674072316111,0.004392674072316111
105,1490433.3333333335,64,64,0.03017047661183566,0.031877337894703,19.121746228120724,22.60902335242587,0.96875,11.846827057642114,0.5003482049400811,0.011789363374377783,0.0005238344683080147,0.0017068612828673377,0.0017068612828673377
105,1533666.6666666667,64,64,0.029988085582091407,0.031086296859545566,18.064169436813515,20.172500326312814,0.984375,11.620209736759763,0.4948607389873359,0.007581699346405229,0.0005227391531625719,0.0010982112774541586,0.0010982112774541586
105,1577022.222222222,64,64,0.10183725648871012,0.09996258813267754,115.86546445879459,113.9810682485353,0.984375,18.060667421698433,0.5469018522360277,0.008188331627430911,0.0005116398055768739,-0.0018746683560325744,0.0018746683560325744
105,1621275.0,64,62,0.12302014790640727,0.14754349754661214,121.04763059616151,98.87874169932991,0.9104477611940298,8.002248299336557,0.2728450828656709,0.008917197452229299,0.0005094243504839531,0.024523349640204875,0.024523349640204875
105,1665708.3333333333,64,62,0.06806381420035613,0.14949351530349975,71.95895634221681,149.93631511304238,0.9242424242424242,8.448359369695375,0.2943186068553614,0.008405568689256633,0.0005252100840336134,0.08142970110314361,0.08142970110314361
105,1708844.4444444445,64,63,0.08005972019530717,0.08532904172423496,84.73507452901991,92.28492855572664,0.9384615384615385,9.083646868995853,0.40763289081635246,0.012252346193952034,0.0005212405525149857,0.005269321528927784,0.005269321528927784
105,1752327.7777777778,64,63,0.031532228813634336,0.03154962555429626,19.893683969723885,20.97826248117266,1.0,10.638484568395324,0.5022688884995276,0.009878419452887538,0.0005064573309698658,1.7396740661923538e-05,1.7396740661923538e-05
106,975.0,64,62,0.11338698568090795,0.11138076628522071,47.96096207245318,48.67936943534106,0.9841269841269841,21.749239643534768,0.421397321282688,0.009407526020816653,0.00040024014408645187,-0.0020062193956872365,0.0020062193956872365
106,57472.22222222222,64,62,0.28342173314019076,0.2836712794933332,380.43829787057274,388.140289590073,0.9682539682539683,12.282058525984509,0.3794022861643766,0.00931484164769199,0.0004139072847682119,0.0002495463531424491,0.0002495463531424491
106,111819.44444444444,64,62,0.4374237323673412,0.4419537960410752,617.5880697478389,623.8435293212925,0.9523809523809523,6.564547819160791,0.3107168529036268,0.010322864045684164,0.0004391743522178305,0.004530063673733986,0.004530063673733986
106,163866.6666666667,64,63,0.23065381300660162,0.23394332188589598,338.84647040477466,343.8706559136256,1.0,15.543090502450328,0.32519575339349827,0.013620071684587814,0.00035835871707579287,0.003289508879294356,0.003289508879294356
106,227233.3333333333,64,64,0.1157420747320219,0.11653024258250931,122.34282498769603,123.92372044959416,0.984375,16.18107403800325,0.37232729512067425,0.012483936111621076,0.0003671071953010279,0.000788167850487409,0.000788167850487409
106,289002.7777777778,64,64,0.0600271620469646,0.05965491313410887,67.22622103691523,66.1664797042864,0.984375,20.855125350335648,0.39830624647682855,0.01770218674071503,0.00034704147145583897,-0.0003722489128557341,0.0003722489128557341
106,354344.44444444444,64,63,0.062312184483063894,0.0626010680737842,58.194492562069264,56.4315693999528,1.0,22.216842218037776,0.3876195412064495,0.013936037162765768,0.0003572704537334762,0.00028888359072030273,0.00028888359072030273
106,417738.8888888889,64,63,0.1495305368112818,0.1729213942811247,163.76202489129489,194.18275209915404,0.96875,20.27275542231833,0.4386231333692178,0.008053427617363976,0.00039277297721916735,0.0233908574698429,0.0233908574698429
106,475438.8888888889,64,63,0.06400816084321011,0.06298622957333665,44.741669673576354,45.02504751707432,1.0,25.559383371124085,0.43424658968579577,0.009910610182666148,0.0003885758694385079,-0.0010219312698734606,0.0010219312698734606
106,533836.1111111111,64,62,0.0661277245926902,0.06671685046529259,44.56329315452277,45.739626997744075,0.9841269841269841,25.169429243553335,0.4220658062721748,0.010756676557863502,0.0003708511032820323,0.000589125872602389,0.000589125872602389
106,594955.5555555555,64,63,0.07041876294663661,0.07128593429593462,44.80004471395191,45.497705308241635,1.0,24.917158125626976,0.4094804460461201,0.008966043494849293,0.00038146099561319857,0.0008671713492980071,0.0008671713492980071
106,654380.5555555556,64,63,0.0775719602227862,0.078041005604899,46.896939973668005,47.9823883249626,1.0,21.225131625739042,0.44697321678268015,0.007103393843725336,0.0003945551390806865,0.000469045382112801,0.000469045382112801
106,711402.7777777779,64,64,0.32626909747032107,0.33219005506765714,432.958521618013,441.26737581066556,0.953125,9.70030262187326,0.33983765209157607,0.008198641368001873,0.000468384074941452,0.005920957597336074,0.005920957597336074
106,759977.7777777778,64,63,0.3427873207456734,0.34262975914262556,473.557830804108,474.0396246000927,0.96875,11.053339414975733,0.37955560256189463,0.01061410159211524,0.0005053057099545225,-0.00015756160304786215,0.00015756160304786215
106,805083.3333333334,64,63,0.3840520710139109,0.38360022028696605,576.1389642552016,577.0116903603337,1.0,12.342428363808986,0.36733527990740433,0.00777676120768527,0.000457351932311914,-0.00045185072694486905,0.00045185072694486905
106,854861.1111111111,64,61,0.3714044988676484,0.3862086351058166,539.8971648620458,568.4043896302957,0.9206349206349206,9.780145281218797,0.2755784086237025,0.0078089113458888375,0.0004592422502870264,0.014804136238168175,0.014804136238168175
106,904505.5555555556,64,62,0.18259295765811456,0.18443399234613672,256.7342693637454,258.54218479467033,0.9841269841269841,18.66895730511638,0.42278439603829265,0.010347682119205299,0.0004138216428719222,0.0018410346880221584,0.0018410346880221584
106,959325.0,64,63,0.3052655674933065,0.30918795205431415,407.3206604997325,408.9316556450493,0.9365079365079365,11.685741430363015,0.33809029529351736,0.009741730856366107,0.00045300113250283127,0.00392238456100763,0.00392238456100763
106,1009347.2222222221,64,62,0.2165637132397322,0.20892774274134232,313.8976114499331,301.16158082557956,0.9841269841269841,15.77171406213064,0.407558147863706,0.006636250518457071,0.00041467965996267884,-0.007635970498389877,0.007635970498389877
106,1063613.8888888888,64,63,0.3887980030919693,0.39048368382356047,639.6558237671691,634.050414606028,0.96875,11.229295993573581,0.3242805169828332,0.011579980372914623,0.0003924646781789639,0.0016856807315911437,0.0016856807315911437
106,1121008.3333333335,64,62,0.41901091839909604,0.409829610107197,706.5333091972483,691.7889806635793,0.953125,11.913139793722925,0.3486385485541104,0.01377075739165654,0.00040494027130998176,-0.00918130829189906,0.00918130829189906
106,1177350.0,64,63,0.34605953923083743,0.3424277368521939,595.0412372887154,593.3720349025834,0.953125,11.97079594688974,0.3364528723984771,0.011098354381936472,0.0003826286588865506,-0.0036318023786435227,0.0036318023786435227
106,1236627.7777777778,64,64,0.32717148609910834,0.326939583207345,581.8638685545276,581.1330537590995,0.984375,11.581635667969028,0.3397077843735201,0.013619402985074627,0.00037306472673008767,-0.0002319028917633359,0.0002319028917633359
106,1297461.1111111112,64,62,0.05247257593426881,0.05134471346931469,61.981621677107746,60.2075501524428,0.9841269841269841,23.79407131188789,0.385648142294906,0.01342507132069139,0.0003355704697986577,-0.0011278624649541172,0.0011278624649541172
106,1364902.7777777778,64,64,0.07948750590684069,0.0800607129942841,53.33954003615612,53.67105056004387,0.984375,21.471985921809107,0.41781941357752206,0.014315281131424629,0.0003448870494912916,0.0005732070874434197,0.0005732070874434197
106,1430355.5555555555,64,64,0.3922021132697851,0.40224335495394914,663.8543954086892,652.638643008707,0.96875,8.507321879758004,0.3078592217459613,0.012222448563862294,0.0004073319755600815,0.010041241684164037,0.010041241684164037
106,1485597.2222222222,64,62,0.4134525546130504,0.4223405281061492,681.1481583474191,695.0137734258025,0.9841269841269841,9.458133314209457,0.343482086028515,0.012363486503193901,0.00041203131437989287,0.008887973493098777,0.008887973493098777
106,1540994.4444444445,64,64,0.36363466118228027,0.3690187950613905,550.9407345178265,533.1204284814938,0.9384615384615385,10.26531859705784,0.327213792637178,0.015308075009567547,0.0003826286588865506,0.005384133879110242,0.005384133879110242
106,1600513.888888889,64,65,0.3824075055193747,0.3888418593848278,509.04026191612076,497.50629203235343,0.9393939393939394,9.405762835569556,0.3422948861424416,0.013457164518574679,0.00037900322152738296,0.006434353865453102,0.006434353865453102
106,1659825.0,64,62,0.44778246607288336,0.4640194958563271,614.9666579922437,638.8909895547409,0.921875,8.384031138680202,0.29892546667598424,0.013709677419354839,0.00040314452731304173,0.016237029783443768,0.016237029783443768
106,1716322.2222222222,64,64,0.3887069762274164,0.3952579067550616,536.7050584752601,498.77290395759434,0.9538461538461539,8.220295101800271,0.32693581596470733,0.012989733919966478,0.00041893590280687055,0.006550930527645216,0.006550930527645216
107,263.8888888888889,64,63,0.060554071452282705,0.02925347289790737,48.6296687567692,25.693019384527286,0.96875,3.9835142166797315,0.20103042493360312,0.016743407283382167,0.0004184975936388366,-0.031300598554375336,0.031300598554375336
107,54377.77777777778,64,63,0.03361209296028623,0.03855421752981878,32.02518237035397,44.93445376831038,0.96875,3.7021286401538513,0.2125917115656409,0.017295269847884976,0.0004166666666666667,0.004942124569532552,0.004942124569532552
107,108713.88888888889,64,63,0.02918548761328557,0.029628555623528625,24.87523627083784,26.125525991893973,0.96875,3.350672993864476,0.20269842648922293,0.01372712146422629,0.0004158868787689748,0.00044306801024305426,0.00044306801024305426
107,163163.8888888889,64,63,0.028399030734865372,0.02979991452293689,24.133737298351946,26.203396584833122,0.96875,3.8728812387318676,0.2308113448663138,0.013729977116704805,0.00041597337770382697,0.0014008837880715164,0.0014008837880715164
107,217619.44444444444,64,63,0.041302535670753884,0.04219363772923751,48.547705704706786,49.384392383035845,0.984375,3.8551665036487646,0.2256052059869086,0.012098456403838132,0.0004171011470281543,0.0008911020584836254,0.0008911020584836254
107,271933.3333333333,64,63,0.028362148444963518,0.029009294879880833,24.36979478063192,24.969126677418924,0.96875,3.6292281824010826,0.19620985633693636,0.019138755980861243,0.00041597337770382697,0.0006471464349173152,0.0006471464349173152
107,326422.2222222222,64,63,0.028300229127334927,0.029346414162020475,23.6729634714786,25.13179371814347,0.96875,3.4831133481832492,0.2062500739963114,0.016441207075962538,0.0004161464835622139,0.0010461850346855477,0.0010461850346855477
107,380897.22222222225,64,63,0.027555345487777768,0.02808847940219303,24.089864778089453,25.81169447047919,0.96875,3.6617873013490527,0.21002704463862826,0.015400624349635796,0.0004161464835622139,0.0005331339144152604,0.0005331339144152604
107,435372.2222222222,64,63,0.028068814929508485,0.028880218870107107,24.686908450129035,26.281036448561338,0.96875,3.6407162423179216,0.17769256806194178,0.01581356637536413,0.00041605991262741833,0.000811403940598622,0.000811403940598622
107,489838.8888888889,64,63,0.03534390004009397,0.03563423362711231,38.03628871564184,37.657133609477945,0.96875,3.483965069172561,0.21422848795937702,0.010002083767451552,0.0004166666666666667,0.00029033358701834044,0.00029033358701834044
107,544227.7777777778,64,63,0.04602100769033563,0.046060779993568224,55.427720306830246,55.09799225550203,0.96875,3.553068829819339,0.20244411157432282,0.016485809682804674,0.00041727519298977677,3.977230323259223e-05,3.977230323259223e-05
107,598530.5555555556,64,63,0.04252036812526469,0.04175813095435109,50.99200123123597,49.54914477522373,0.96875,3.4809625383297944,0.20912916548359778,0.00813856427378965,0.00041727519298977677,-0.0007622371709136017,0.0007622371709136017
107,652827.7777777778,64,63,0.029156605089299133,0.030660830038841437,24.39276469234111,26.665845157345807,0.96875,3.839858462176209,0.2250909540252156,0.00956738768718802,0.0004158868787689748,0.0015042249495423043,0.0015042249495423043
107,707277.7777777779,64,63,0.045435083307022964,0.04696874807677978,41.80681329158107,46.14246427790044,0.953125,3.7969193571405215,0.23088491705317782,0.009400459578023814,0.0004177109440267335,0.0015336647697568179,0.0015336647697568179
107,761486.1111111111,64,63,0.03678879667292152,0.0373057101984578,31.93178025421941,34.90544920874236,0.96875,3.9482432373060816,0.2454289425782995,0.010455876202425763,0.000418147606104955,0.000516913525536275,0.000516913525536275
107,815638.8888888889,64,63,0.05257675119956132,0.05616397526879363,48.06464475751717,55.77789982441972,0.96875,4.327866169185351,0.24850388449567434,0.007339064793457748,0.0004192872117400419,0.0035872240692323143,0.0035872240692323143
107,869641.6666666666,64,63,0.0547708014053365,0.05910993308565836,51.12849361579404,58.557792638388136,0.96875,4.2157792265549485,0.2553959153850056,0.008627946127946129,0.00042078687144961075,0.004339131680321857,0.004339131680321857
107,923452.7777777778,64,63,0.05006715188470919,0.0521864694434324,46.23143604748512,50.94802502407223,0.96875,4.1722380069700735,0.24809721693830145,0.007751937984496124,0.00041893590280687055,0.002119317558723209,0.002119317558723209
107,977505.5555555556,64,62,0.06945426164078267,0.07271926885111132,73.29384866206945,78.52742362431798,0.96875,3.7739279990491195,0.23192511469655402,0.009300359332065102,0.00042265426880811494,0.0032650072103286576,0.0032650072103286576
107,1031111.1111111111,64,63,0.052257024732548465,0.055862727242467596,52.96373578070636,60.28927543313354,0.96875,3.7084142151476778,0.2230039531974971,0.010947368421052631,0.0004209640075773521,0.00360570250991913,0.00360570250991913
107,1084911.111111111,64,63,0.050967586539451146,0.05610578720241778,53.37685835983258,62.96715298300033,0.96875,3.832049473882565,0.2109682321950561,0.012225969645868466,0.00042149631190727084,0.0051382006629666355,0.0051382006629666355
107,1138647.222222222,64,63,0.06381724637645027,0.0694458375713938,62.69930388832887,74.53928257107134,0.96875,3.487039404126471,0.18110557485597814,0.02063390767921719,0.0004253509145044662,0.005628591194943536,0.005628591194943536
107,1191941.6666666665,64,63,0.05152571406802343,0.05524678443744896,60.04072360183484,67.76720833892301,0.96875,3.5245287727841985,0.1907119454901681,0.016115529510255338,0.0004184975936388366,0.0037210703694255318,0.0037210703694255318
107,1246100.0,64,63,0.032151253647536224,0.03996697736431281,30.970223106019255,47.40568164555124,0.96875,3.4903626341060603,0.21889448833411906,0.011673962893475089,0.00041684035014589413,0.007815723716776586,0.007815723716776586
107,1300458.3333333333,64,63,0.028768140750662956,0.028282395615994202,24.241787829692104,24.39125042774677,0.96875,3.5621720307998817,0.22444494230247466,0.011855241264559068,0.0004158868787689748,-0.00048574513466875455,0.00048574513466875455
107,1354908.3333333333,64,63,0.05093772423582738,0.05189744344618121,50.63318707737694,53.73132676782214,0.96875,3.5792449004634665,0.16756240713795564,0.016179869720529524,0.0004201680672268908,0.0009597192103538293,0.0009597192103538293
107,1408822.2222222222,64,63,0.07286379396563263,0.07721575013990264,76.4959334704984,85.05855012015724,0.96875,3.7961753286266156,0.2191123447799012,0.009829059829059829,0.0004272591326639607,0.004351956174270019,0.004351956174270019
107,1461891.6666666667,64,63,0.04362038908556412,0.04976626357465123,45.130789182251014,56.43156939996486,0.96875,3.4846957740483493,0.22007657813887088,0.012788259958071278,0.00041919932928107315,0.006145874489087107,0.006145874489087107
107,1515969.4444444445,64,63,0.04877969172965878,0.058415169596177104,54.09136848855272,72.33361148176594,0.953125,3.502139110882299,0.22509783156290886,0.02274641954507161,0.0004211412929037692,0.009635477866518326,0.009635477866518326
107,1569802.7777777778,64,63,0.06659620315366982,0.07168454294604926,69.62253150853056,78.66200926553128,0.96875,3.994820226490376,0.24458131752984888,0.023152081563296515,0.00042471862391165854,0.005088339792379437,0.005088339792379437
107,1623197.2222222222,64,63,0.028694304899655746,0.029745746833802534,24.459001042168747,26.16449025810831,0.96875,3.685653697676495,0.23682810515614888,0.02288329519450801,0.00041597337770382697,0.0010514419341467879,0.0010514419341467879
107,1677688.8888888888,64,63,0.052848967848281705,0.05656084067142152,51.80796380384836,56.881087171436285,0.96875,3.9014777512585352,0.26687547252767424,0.0203910027328148,0.0004203446826397646,0.0037118728231398113,0.0037118728231398113
107,1731575.0,64,63,0.061727279037121933,0.07042778231178172,66.87728081316155,83.38938743475165,0.96875,4.271693411412603,0.28183127985541656,0.022727272727272728,0.00042471862391165854,0.008700503274659786,0.008700503274659786
108,244.44444444444443,64,57,0.1354611197852472,0.1567450819274507,222.53590092458884,269.4972905394276,0.7222222222222222,7.120491425259172,0.3145410127135859,0.004095563139931741,0.0003412386964681795,0.021283962142203516,0.021283962142203516
108,66769.44444444445,64,64,0.07446280636852887,0.11808680438079207,70.27372238147021,151.92345371389746,0.725,6.438058635127567,0.36871348984213664,0.006527415143603133,0.00032631750693424703,0.0436239980122632,0.0436239980122632
108,136136.11111111112,64,62,0.060188431468001236,0.07366036097549233,71.98316515209216,103.79474317807953,0.3684210526315789,7.494511939276011,0.557069474557733,0.0074614491792405905,0.0003315649867374005,0.013471929507491098,0.013471929507491098
108,204455.55555555556,64,64,0.0898097376910293,0.119897025865957,129.06618244303988,163.07901392382757,0.9538461538461539,5.47882274567213,0.5534424731770943,0.006421867281409518,0.00032927230819888045,0.0300872881749277,0.0300872881749277
108,273200.0,64,63,0.09961479118664981,0.10022086271455032,112.30540938928978,114.91154138722753,0.9841269841269841,6.860362108024136,0.5434619057219905,0.014354865631781006,0.0003337783711615487,0.0006060715279005008,0.0006060715279005008
108,340952.7777777778,64,64,0.05412797489430574,0.05444828089902996,65.43630183447043,65.20517224368497,0.984375,5.712050221791604,0.5434121136607749,0.011136586963642319,0.0003274930407728836,0.0003203060047242204,0.0003203060047242204
108,410175.0,64,63,0.054773486053584904,0.1136462988824528,62.304053652648676,132.25103213024587,0.96875,5.532624339816214,0.5135774765034392,0.013053536021150032,0.00033041467041136624,0.058872812828867895,0.058872812828867895
108,478683.3333333333,64,64,0.14713286276745216,0.1600330004117801,242.24532131483267,230.71979921058448,0.984375,9.34883997858184,0.49542109623010927,0.009157509157509158,0.000332944897619444,0.01290013764432793,0.01290013764432793
108,546675.0,64,63,0.12300771394557415,0.1451672420583987,182.74996792500787,219.74852799382214,0.9538461538461539,8.375722371438542,0.5069823878358727,0.009375,0.000328893274132544,0.022159528112824553,0.022159528112824553
108,615938.8888888889,64,63,0.07635728147872553,0.0768802312650309,94.18845763451016,96.07087372675724,1.0,9.058169045079694,0.510170752333168,0.00887865833607366,0.0003287851389117212,0.0005229497863053628,0.0005229497863053628
108,684838.8888888889,64,63,0.14467533084332365,0.1445217802318123,234.2308646804208,234.64398193811587,0.96875,9.345377191835393,0.44404681730841916,0.012527142141306163,0.00033400133600534405,-0.00015355061151134386,0.00015355061151134386
108,752744.4444444444,64,64,0.07083058837441009,0.1208167145817037,73.19189820305246,116.53767837779029,0.9538461538461539,9.60692841630743,0.5241239252378607,0.006175930562510432,0.0003337783711615487,0.04998612620729362,0.04998612620729362
108,820530.5555555556,64,64,0.08527203262020733,0.11105704853441922,140.24916312716135,161.14382146707362,0.9393939393939394,6.714934604925151,0.5062854626416484,0.0067246186649171725,0.00032797638570022957,0.025785015914211895,0.025785015914211895
108,889616.6666666666,64,64,0.11740580804594193,0.13091955866891095,190.2942919867206,160.95711786888913,0.9242424242424242,13.642717642274764,0.504714480666552,0.018768521567336188,0.0003292181069958848,0.013513750622969015,0.013513750622969015
108,958830.5555555555,64,62,0.05274446244401073,0.040444074367775355,63.73774391989999,46.56989648651021,0.9841269841269841,5.313075661088637,0.5259004723780815,0.013884297520661157,0.0003305238803503553,-0.012300388076235375,0.012300388076235375
108,1027516.6666666666,64,63,0.07216235045276004,0.0904140603021463,49.794230111999816,111.67445179077599,0.8088235294117647,4.5257494135041165,0.5466227460423843,0.004199379222201935,0.0003650967506389193,0.01825170984938626,0.01825170984938626
108,1089527.7777777778,64,63,0.1552202790134681,0.15302802624158726,173.98543874489118,171.54234596605266,0.9841269841269841,6.137713769519314,0.5190279596283152,0.007070340826686004,0.00036251586006887804,-0.0021922527718808427,0.0021922527718808427
108,1152105.5555555555,64,64,0.12453193321809436,0.14747159251894656,180.9483595976743,191.2578847632759,0.9242424242424242,10.824902819179266,0.49022441624302926,0.022748965956092906,0.0003181167488468268,0.022939659300852205,0.022939659300852205
108,1223400.0,64,61,0.10728142723286646,0.1491862214393326,149.54464269675,195.35622822002088,0.8309859154929577,4.812838610553426,0.464219252789484,0.006596541272954181,0.00035650623885918,0.041904794206466145,0.041904794206466145
108,1286908.3333333333,64,63,0.043967822864981874,0.04217139014976697,45.63809290157129,45.047667487098124,0.96875,3.8493845842483956,0.545206756908374,0.007295066231522365,0.00038387715930902113,-0.0017964327152149018,0.0017964327152149018
108,1345933.3333333335,64,63,0.10385244340126368,0.07839787051484244,158.05602011887822,84.30064113229705,0.9538461538461539,3.7859473852299934,0.5045811379317233,0.00842911877394636,0.0003830683777054204,-0.025454572886421237,0.025454572886421237
108,1405097.2222222222,64,62,0.13950211873686053,0.14091767549069947,225.57920272605367,224.78816470139125,0.9841269841269841,5.345546908879275,0.541965973012581,0.007778581765557163,0.00036172906493036716,0.001415556753838948,0.001415556753838948
108,1467350.0,64,64,0.09481681907777015,0.09991684898844574,154.55024289427195,163.24487264923144,0.984375,6.854714134517569,0.5620652261370623,0.008579933461740501,0.00035014005602240897,0.005100029910675596,0.005100029910675596
108,1532052.7777777778,64,63,0.08654864245480108,0.08808189920519953,112.6810017886003,114.4051054082005,0.96875,6.471256216647049,0.5840124880866917,0.007531380753138075,0.00033467202141900936,0.0015332567503984484,0.0015332567503984484
108,1599744.4444444445,64,63,0.10996343975518313,0.16632601442317319,179.93068048830096,223.6178477130829,0.8656716417910447,13.605400700356919,0.5389268970640062,0.011711711711711712,0.0003602954422626554,0.05636257466799005,0.05636257466799005
108,1662627.7777777778,64,63,0.09730260869068086,0.18599436722747428,55.87163667678708,247.6907545495739,0.4479166666666667,3.936226741387295,0.22201909291050764,0.009119130772215754,0.0003879728419010669,0.08869175853679342,0.08869175853679342
108,1721230.5555555555,64,59,0.06804440795758113,0.1302031091242702,91.40698527679935,192.03427839839165,0.5930232558139535,6.066987301703281,0.28766774847391563,0.00996607294317218,0.00042399830400678397,0.06215870116668906,0.06215870116668906
109,308.33333333333337,64,63,0.054532918405258604,0.05481190000002808,40.27082500860572,40.22100246018793,0.9384615384615385,5.925773278587694,0.4314958199143217,0.011269928532160528,0.0005496015388843089,0.0002789815947694743,0.0002789815947694743
109,41550.0,64,63,0.05279175015514033,0.053739701259420236,54.45253578964783,56.37738641157087,0.96875,7.222447535981455,0.4595911646113875,0.01017293997965412,0.0005085176709890668,0.0009479511042799066,0.0009479511042799066
109,86102.77777777778,64,62,0.052973172721919114,0.05347372471041315,55.61824420109324,56.4980230043342,0.9841269841269841,7.71042078133714,0.4756764506751798,0.012734082397003745,0.0004992511233150275,0.0005005519884940385,0.0005005519884940385
109,131433.33333333334,64,63,0.03503744972485622,0.03519348697720149,23.657186752986085,25.212733682011567,0.96875,7.36259069959755,0.4735344059615616,0.013716027432054865,0.0005078720162519045,0.00015603725234526744,0.00015603725234526744
109,176027.77777777778,64,63,0.0333867354762685,0.03227879326654408,23.543810895043993,21.788162214275445,1.0,7.36290932325806,0.4721385416150673,0.011097099621689786,0.0005042864346949068,-0.001107942209724419,0.001107942209724419
109,220972.22222222222,64,63,0.05173140794037593,0.06239524132894676,44.09021019236063,59.506927285636976,0.96875,7.360076962836231,0.46257521387564043,0.011526639344262296,0.0005121638924455825,0.010663833388570833,0.010663833388570833
109,265205.55555555556,64,64,0.0354546618827822,0.036342407264938294,27.049135196070452,29.15376444709075,0.984375,7.948954302888388,0.4838467511212862,0.016224188790560472,0.0004915212582944212,0.0008877453821560938,0.0008877453821560938
109,311272.22222222225,64,62,0.057164894208114554,0.0572632894225645,26.517090962282477,26.925634979908263,0.9841269841269841,8.852281554403945,0.45777652072184,0.010863942058975685,0.000517196793379881,9.839521444994503e-05,9.839521444994503e-05
109,355044.44444444444,64,63,0.037931445864549634,0.0390606414602914,23.968152239672342,26.6658451573482,0.96875,7.492733840742074,0.4754706257329647,0.013650151668351871,0.0005054334091483447,0.001129195595741768,0.001129195595741768
109,399880.5555555555,64,63,0.07144863593619223,0.07023121265458981,79.26682025480417,77.18471832403783,0.96875,7.32770545905538,0.4725707827391067,0.012572290671360321,0.0005027652086475615,-0.0012174232816024172,0.0012174232816024172
109,444894.44444444444,64,63,0.035020777738514544,0.035270742773094665,29.052301811413663,29.148127928575736,0.96875,7.748309794207521,0.4892316636861434,0.013399503722084368,0.0004961548002976929,0.0002499650345801213,0.0002499650345801213
109,490525.0,64,63,0.06362430303390072,0.06536473408815914,67.241954804001,69.45979360109084,0.96875,7.497661024795927,0.4805617641001941,0.014143920595533498,0.0004961548002976929,0.0017404310542584178,0.0017404310542584178
109,536161.1111111111,64,64,0.03535407735065264,0.0365715109938684,24.782506741287417,27.234071557737867,0.984375,7.72789506930966,0.4947921622564974,0.009297773427942257,0.0004892367906066536,0.0012174336432157554,0.0012174336432157554
109,582433.3333333333,64,63,0.06056455776444684,0.07397754061201242,67.22159275750778,85.83350561397017,0.96875,7.636520589631339,0.4810002787040743,0.010805500982318271,0.0004910385465259023,0.013412982847565584,0.013412982847565584
109,628583.3333333334,64,63,0.042902017522623424,0.042102383276003214,43.553457084995635,41.78621653264059,0.984375,7.594885389885838,0.495800106251466,0.010552147239263805,0.0004906771344455348,-0.0007996342466202108,0.0007996342466202108
109,674780.5555555556,64,63,0.04876481225695612,0.048847174936011185,56.682125939609804,56.916895224857974,1.0,7.899377056725709,0.5002842642411157,0.01340809361287177,0.0004874482086278333,8.236267905506467e-05,8.236267905506467e-05
109,721216.6666666667,64,62,0.034673274166381066,0.0345051963212754,26.088890873380223,25.462679320869366,0.9841269841269841,7.7555795054509575,0.4957631268354622,0.01352015732546706,0.0004915212582944212,-0.0001680778451056686,0.0001680778451056686
109,767288.8888888889,64,63,0.030056104238529946,0.030333160904646994,23.04157066031547,24.012415921746584,0.984375,7.959120344739968,0.49968280837907353,0.01054179946065212,0.0004901960784313725,0.00027705666611704816,0.00027705666611704816
109,813544.4444444445,64,64,0.038834543260914255,0.051757551602532946,33.89792170587356,54.78007372130951,0.984375,7.992967318633647,0.5026064165747207,0.01565940787863959,0.0004892367906066536,0.012923008341618691,0.012923008341618691
109,859825.0,64,62,0.032073920750929574,0.03251362323436238,24.346803198084704,24.339684717670412,0.9841269841269841,7.762554009680211,0.4968617533134138,0.011271747120803725,0.0004899559039686428,0.0004397024834328078,0.0004397024834328078
109,906022.2222222222,64,62,0.06235476681467469,0.06191128986300002,70.48150376912501,69.82889361237144,0.9841269841269841,7.520581625904137,0.4794921737066872,0.01116348300669809,0.000496031746031746,-0.00044347695167466783,0.00044347695167466783
109,951705.5555555555,64,64,0.03415117518307756,0.03470823047533124,25.52466186262953,26.297911513842934,0.984375,7.964978761629307,0.498993444450151,0.01224589762429586,0.0004897159647404506,0.0005570552922536803,0.0005570552922536803
109,997952.7777777778,64,63,0.039856504007012135,0.03965403262587215,37.279485722805155,36.75355930931753,0.96875,7.887156069823199,0.4988732770090465,0.010034263338228096,0.0004893564962074871,-0.00020247138113998336,0.00020247138113998336
109,1044205.5555555555,64,62,0.06326041102167401,0.05814611722962481,66.0486964795675,57.89235151207123,0.9841269841269841,7.7793137013331135,0.49882853592538656,0.012306177701206006,0.0004921259842519685,-0.005114293792049203,0.005114293792049203
109,1090275.0,64,64,0.07154509181896715,0.07015643256938456,86.15156871302763,83.96492344788078,0.984375,7.408848920736581,0.4888542389313504,0.012080867850098619,0.0004929751047572097,-0.0013886592495825911,0.0013886592495825911
109,1136225.0,64,63,0.04986689889708865,0.07496537744880193,51.92553754771396,86.97713820936089,0.953125,7.742158120442899,0.4857072083070559,0.01257086517130885,0.0004928536224741252,0.025098478551713273,0.025098478551713273
109,1182150.0,64,64,0.03046224219456452,0.03186965064155383,23.92657692261583,26.449923829141035,0.984375,7.905867952298067,0.4959205347152466,0.013553474618038443,0.0004927322000492732,0.001407408446989309,0.001407408446989309
109,1228116.6666666665,64,63,0.033244231482474684,0.03317393019185632,24.400416524396658,24.805392933303985,0.96875,7.708114654587008,0.5003676883463842,0.013070283600493218,0.0004930966469428008,-7.030129061836449e-05,7.030129061836449e-05
109,1274072.2222222222,64,62,0.04170312355464377,0.04320787764175205,39.35018269003927,40.96136693624588,0.9841269841269841,7.644353133150184,0.49137761445502826,0.014342235410484669,0.0004944375772558715,0.001504754087108283,0.001504754087108283
109,1319908.3333333333,64,63,0.030733711465634573,0.029885610559673332,24.633918653543713,23.280025825918454,1.0,7.561431074555382,0.48457523464554336,0.014140411808484247,0.000496031746031746,-0.000848100905961241,0.000848100905961241
109,1365605.5555555555,64,63,0.03245441464863288,0.03268046187861802,23.798800708727853,25.61359718713301,1.0,7.748602809321255,0.49299218373094966,0.01636093207734259,0.0004956629491945477,0.0002260472299851421,0.0002260472299851421
109,1411291.6666666667,64,63,0.042724233668485184,0.03767698130657902,41.38344603505477,36.363442250475536,1.0,7.74981339649719,0.49474299650683307,0.013379583746283449,0.0004954173891503591,-0.005047252361906167,0.005047252361906167
109,1457122.2222222222,64,64,0.04749534203502855,0.04798356466966624,24.31099529499135,26.412002771969558,0.984375,6.402087961264876,0.46048362115399666,0.009913905557004957,0.0005216484089723526,0.0004882226346376861,0.0004882226346376861
109,1500536.111111111,64,63,0.043813554358345254,0.04470230047371007,43.46764865379259,44.91177677780112,0.96875,7.940125406976519,0.49973951592075855,0.010615199034981907,0.000482392667631452,0.0008887461153648177,0.0008887461153648177
109,1547480.5555555555,64,62,0.059250933273162255,0.12464627240907482,33.03894796800985,121.74096804823849,0.953125,5.827297715498823,0.44348129959325966,0.014252990582845508,0.0005089058524173028,0.06539533913591256,0.06539533913591256
109,1591986.111111111,64,62,0.04958438420615412,0.059635838195257355,50.66267355201045,65.56030755994064,0.9841269841269841,6.745560059197182,0.40123167858057557,0.014684287812041116,0.0004893564962074871,0.010051453989103239,0.010051453989103239
109,1638244.4444444445,64,63,0.05542078411659859,0.06228568498896438,62.83413272873814,73.25723533934433,0.96875,7.14550365177394,0.39828431320237223,0.014603782619104621,0.0004786979415988511,0.006864900872365784,0.006864900872365784
109,1685555.5555555557,64,63,0.042751344050263256,0.05395120506613188,43.00711230106735,60.03528213075854,0.96875,7.365660761306997,0.40537920606355227,0.017409968995945622,0.0004768717215069146,0.011199861015868624,0.011199861015868624
109,1733063.8888888888,64,62,0.04011027428294438,0.040313067461986006,40.24300191968608,39.937170680425325,0.9841269841269841,7.453446785248753,0.40827980812464604,0.014523809523809524,0.00047607712449416806,0.00020279317904162847,0.00020279317904162847
111,547.2222222222223,64,62,0.03280969356517735,0.03228408121764377,35.02466844157852,35.69188538145236,1.0,8.082054881241813,0.32352103939748605,0.008213552361396304,0.0004105933073290905,-0.00052561234753358,0.00052561234753358
111,55750.0,64,64,0.03281743140952816,0.03333647835832084,32.717199960232065,33.50469938893527,0.984375,3.857272110540607,0.2866414795187846,0.014510278113663845,0.00040298206729800525,0.0005190469487926785,0.0005190469487926785
111,111938.88888888888,64,63,0.03452299595803669,0.03509067813727233,35.820445850101855,37.002176975625105,1.0,5.750449865344826,0.28656709889643417,0.007524913565182021,0.00040666937779585197,0.0005676821792356401,0.0005676821792356401
111,167602.77777777778,64,64,0.03525398032585456,0.03421551222963355,32.11443782298322,30.922236806485518,0.984375,5.2199707760446765,0.2786479927165146,0.010374761803938174,0.0004233700254022015,-0.001038468096221011,0.001038468096221011
111,221108.3333333333,64,63,0.032397561159491335,0.03157256408221411,33.151760547505404,31.109243069891082,0.9538461538461539,5.145774507383941,0.2502011552701175,0.00513663447709061,0.0004108463434675431,-0.0008249970772772272,0.0008249970772772272
111,276200.0,64,63,0.03261969300449696,0.03210356552271804,34.00239525848442,33.657359011882555,0.96875,5.013134024471577,0.28176486028357844,0.009656872816930347,0.0004108463434675431,-0.0005161274817789135,0.0005161274817789135
111,331305.55555555556,64,63,0.03301319500450713,0.0344404060809579,34.21220411481874,36.614708947798135,0.96875,5.764748057993221,0.2984379264090892,0.010065735414954808,0.00041076196344218524,0.001427211076450767,0.001427211076450767
111,386472.22222222225,64,63,0.032590317032273476,0.032959786789948736,31.48631279253521,31.46739372176778,0.96875,5.850901566760215,0.30137771821308823,0.012443900448796409,0.0004079135223332653,0.0003694697576752601,0.0003694697576752601
111,441997.2222222222,64,63,0.03252369697689009,0.03318162762345511,33.03518091393471,35.138154780510604,0.96875,7.3165616337253745,0.32664300037742383,0.012925728354534264,0.00041025641025641023,0.0006579306465650248,0.0006579306465650248
111,497194.44444444444,64,63,0.04998647245025042,0.05559131325445998,56.46213704028709,65.83038339181944,0.96875,5.798846863345573,0.29597763589134657,0.010088532015647519,0.0004116920543433512,0.00560484080420956,0.00560484080420956
111,552166.6666666666,64,63,0.028395798082550914,0.02888287671115902,29.323057421345634,30.313138960423263,0.96875,3.7026990231205317,0.3098493570351105,0.011816838995568686,0.0004219409282700422,0.00048707862860810497,0.00048707862860810497
111,605819.4444444445,64,63,0.05708582053641835,0.058162448041606335,71.26030915378286,72.99254160106707,0.96875,5.04035589331035,0.28346308577018814,0.008941567893532959,0.0004158004158004158,0.0010766275051879853,0.0010766275051879853
111,660286.1111111111,64,63,0.03319724729657774,0.03244095821308641,36.06800570370582,34.04856183665848,0.96875,5.710023592956974,0.2733482515714917,0.008186655751125664,0.0004092490280335584,-0.0007562890834913322,0.0007562890834913322
111,715608.3333333334,64,63,0.039945993516424715,0.036103328277601154,40.20587451704585,34.13820278642729,0.96875,6.410865753312784,0.27435232996201286,0.010057471264367816,0.0004104247896572953,-0.00384266523882356,0.00384266523882356
111,770836.1111111111,64,63,0.03810563032226558,0.03728066526039065,37.421097131872806,37.60298960794685,1.0,6.112483856788714,0.28731779066577334,0.006740196078431373,0.0004084133142740453,-0.0008249650618749257,0.0008249650618749257
111,826272.2222222222,64,63,0.03298539573111072,0.03259692517048423,35.54491328186208,34.108348646215795,0.96875,6.917100912941967,0.29812038389769535,0.00960133583802964,0.00041736227045075126,-0.00038847056062649155,0.00038847056062649155
111,880519.4444444444,64,63,0.038604309599025874,0.03813848785293384,37.42109713187211,36.6147089478083,0.9841269841269841,5.253388150896941,0.31757081315041336,0.008644317942230655,0.00042158516020236085,-0.0004658217460920336,0.0004658217460920336
111,934275.0,64,63,0.0352473588221169,0.03411498633931539,33.916273676109824,32.044825256202635,0.96875,5.683593241342796,0.2663110976740538,0.011850311850311851,0.0004157139887757223,-0.0011323724828015136,0.0011323724828015136
111,988763.8888888889,64,63,0.03453288111952376,0.035681118037200456,32.247857803820885,33.77821167720666,0.96875,8.092609061627794,0.29949756900788854,0.009465020576131687,0.0004114379757251594,0.0011482369176766954,0.0011482369176766954
111,1043822.2222222224,64,63,0.03040468017128059,0.03110768995206858,31.110551070247492,32.14005525892149,1.0,8.174126036158931,0.31216860856526146,0.012416039079991859,0.000407000407000407,0.0007030097807879908,0.0007030097807879908
111,1099466.6666666667,64,63,0.030698081476110493,0.031550584558067085,31.634187582010295,32.73674620701101,0.96875,6.7410279050041995,0.2865861760884293,0.009070751864543439,0.00040306328093510683,0.0008525030819565918,0.0008525030819565918
111,1155686.1111111112,64,62,0.03439183125133888,0.13293514791351424,33.11795712347782,164.97308207075042,0.9682539682539683,10.269811157442152,0.2959539156948812,0.02315369261477046,0.0003991219317501497,0.09854331666217536,0.09854331666217536
111,1212405.5555555555,64,64,0.03406270818788356,0.03509161175472751,30.76864440133134,33.02259224871979,0.984375,3.9035910707230554,0.30798588365208296,0.012219959266802444,0.00040724903278354713,0.0010289035668439514,0.0010289035668439514
111,1268022.222222222,64,63,0.03471581923009294,0.03460824892172677,30.135182617372738,30.813114502611267,0.96875,4.677502311424896,0.2882137370267208,0.0078125,0.0004222081486172683,-0.00010757030836616721,0.00010757030836616721
111,1321650.0,64,63,0.04321178582193874,0.042666380176276684,33.77102130118356,31.885476554837226,0.96875,4.525981555746163,0.24439596047725906,0.007868991918332624,0.00042526047203912394,-0.0005454056456620573,0.0005454056456620573
111,1374875.0,64,63,0.03870987552965605,0.03678208500226905,35.51338785371191,31.109243069871248,0.96875,5.175231153717907,0.30278591365248514,0.006898086337338674,0.0004449388209121246,-0.0019277905273870008,0.0019277905273870008
111,1425822.2222222222,64,62,0.035306681336676554,0.03615774915381513,29.29120875607153,31.56490379130421,0.9841269841269841,8.251523049150693,0.33583299120079485,0.007725321888412017,0.00042909246942716153,0.000851067817138576,0.000851067817138576
111,1478675.0,64,63,0.03483242566037172,0.03655624753669765,32.55322205297411,35.6561899176014,0.96875,6.942743666976395,0.31674335310738644,0.0060416666666666665,0.00041657987919183504,0.0017238218763259289,0.0017238218763259289
111,1533091.6666666667,64,63,0.03318245575395204,0.03260503384164707,31.168501853092998,31.885476554774506,0.96875,5.421903566441151,0.29082209945792437,0.0105999576001696,0.000423908435777872,-0.0005774219123049693,0.0005774219123049693
111,1586555.5555555557,64,62,0.03722315395875627,0.036652445505472364,30.649091114449398,33.320716122532104,0.9841269841269841,5.504029597532939,0.2818009767107521,0.007448393275164928,0.000425531914893617,-0.0005707084532839066,0.0005707084532839066
111,1639733.3333333333,64,62,0.038595822252227255,0.03912729762076359,32.034896096368264,32.34280041905281,0.9841269841269841,5.874100006074386,0.29220092304058676,0.008071367884451997,0.00042471862391165854,0.0005314753685363369,0.0005314753685363369
111,1693061.1111111112,64,63,0.04974637215845039,0.04956696993249516,31.941522384635032,30.34672693629187,0.96875,5.223368205355101,0.29666090544134316,0.008186126669538992,0.0004307559767391773,-0.00017940222595522887,0.00017940222595522887
111,1745602.777777778,64,63,0.050481954765566904,0.05015392572717361,56.26783535118393,53.44617708043055,0.96875,4.306195109745172,0.26667528844725713,0.008119079837618403,0.00045095828635851183,-0.000328029038393296,0.000328029038393296
112,344.44444444444446,64,64,0.023984320647868693,0.025436315250569677,23.64666309287805,26.221574889775873,0.984375,6.67397068959601,0.4191380258865227,0.0055569588279868656,0.000505050505050505,0.0014519946027009845,0.0014519946027009845
112,45191.66666666667,64,64,0.017372031992601296,0.018292903080016142,16.45625847060945,17.909015137178802,0.984375,4.979708028567233,0.41929757740298557,0.005579507988840984,0.0005070993914807302,0.0009208710874148464,0.0009208710874148464
112,89844.44444444445,64,63,0.01883585216521261,0.019500810359556756,16.39944074383121,17.598045385837484,0.96875,5.348809064296995,0.420912796793192,0.0056022408963585435,0.0005091649694501018,0.0006649581943441452,0.0006649581943441452
112,134341.66666666666,64,63,0.017427644479446152,0.01675482599611457,15.2145154862521,14.273899658067068,0.9841269841269841,7.060639609786168,0.42379410199021084,0.00352024138798089,0.0005027652086475615,-0.0006728184833315817,0.0006728184833315817
112,179397.22222222222,64,64,0.020848557593467352,0.021913083724404755,19.351415965778962,21.095421118509158,0.984375,7.427156361693602,0.4241369915893031,0.005480817140009965,0.00049813200498132,0.001064526130937403,0.001064526130937403
112,224852.77777777778,64,63,0.028466218645134017,0.02919826054499394,17.72688166970927,18.61088819650654,0.96875,4.761963955900419,0.42763879836205193,0.007031642390758413,0.0005021340697966357,0.0007320418998599219,0.0007320418998599219
112,269938.8888888889,64,63,0.022117696272849707,0.023460260526799295,19.68615764610213,21.647440641597015,1.0,3.879129074554674,0.42363394633967455,0.009992313604919293,0.0005122950819672131,0.001342564253949588,0.001342564253949588
112,314180.55555555556,64,64,0.022819077244048896,0.02371380606271209,20.09287475920803,21.047855283195624,0.984375,4.7115469727781285,0.4210251447505555,0.00677710843373494,0.0005018820577164366,0.0008947288186631937,0.0008947288186631937
112,359313.8888888889,64,63,0.014406112528890387,0.015644793666147436,14.57533062552136,16.646084451616876,0.96875,5.07911806357983,0.4328059962979203,0.00510073960724305,0.0005099439061703213,0.0012386811372570496,0.0012386811372570496
112,403738.8888888889,64,62,0.02216107168530024,0.022833170355282803,19.896811661574723,21.05420360343611,0.9841269841269841,6.872866188592572,0.4379504288621939,0.004745254745254745,0.0004993757802746567,0.0006720986699825619,0.0006720986699825619
112,449086.1111111111,64,63,0.015020576592044472,0.017028899500399985,14.904615083152814,18.279510572641684,0.96875,6.657446113934763,0.4221474166923746,0.005977584059775841,0.00049800796812749,0.002008322908355514,0.002008322908355514
112,494577.7777777778,64,64,0.02026094800065502,0.022915264961421763,16.223959007543737,20.95239966524292,0.984375,7.442821131682205,0.42159863764039157,0.005149583128984796,0.0004903162539838195,0.0026543169607667443,0.0026543169607667443
112,540755.5555555556,64,64,0.01705076089450522,0.018920802109260962,17.217596789014237,20.46844523365999,0.984375,6.606216292913257,0.432414694396989,0.004597701149425287,0.0005107252298263534,0.0018700412147557403,0.0018700412147557403
112,585097.2222222221,64,63,0.01935030027668979,0.020702660925482508,16.94804298119893,19.150445963690935,0.96875,6.362817653774701,0.42768364330660535,0.005605095541401274,0.0005094243504839531,0.0013523606487927178,0.0013523606487927178
112,629561.1111111111,64,63,0.01849963002082028,0.019586778579685382,19.441243976262562,20.536565382228066,1.0,5.389150883285975,0.4228783356670078,0.005069708491761723,0.0005068423720223011,0.001087148558865103,0.001087148558865103
112,674244.4444444444,64,63,0.06256434704718927,0.06421510615024628,52.764806932843065,54.726957784051216,1.0,4.811156142838072,0.4260817266110794,0.01015354135710748,0.0004951720722951226,0.001650759103057009,0.001650759103057009
112,719955.5555555555,64,62,0.01945383495299155,0.02103404754858716,18.429070113512065,20.353866871244545,0.9841269841269841,4.991001615029374,0.424557087816646,0.005125576627370579,0.0005124263387138099,0.0015802125955956085,0.0015802125955956085
112,764158.3333333333,64,62,0.04263176083830937,0.04521097902382741,49.07294694495513,52.58629393568514,0.9841269841269841,5.7572937960077075,0.4420352495189891,0.0030729833546734955,0.0005120327700972862,0.0025792181855180396,0.0025792181855180396
112,808375.0,64,63,0.015932979045201395,0.017048536361009628,14.40354700993374,16.085867975951516,0.96875,5.359067217374451,0.4285522916308722,0.004483122362869198,0.0005272871078302136,0.0011155573158082334,0.0011155573158082334
112,851350.0,64,63,0.02300175348354315,0.02363718247545408,15.788545722291591,17.540061553125195,0.96875,4.70605039862036,0.43814906957156735,0.009207161125319692,0.0005113781641523907,0.0006354289919109288,0.0006354289919109288
112,895672.2222222222,64,63,0.014401936713970461,0.01556418109942775,15.78460400569893,16.828679505956448,1.0,5.677297384796144,0.4199624176119181,0.004491017964071856,0.0004988775255674732,0.0011622443854572891,0.0011622443854572891
112,941052.7777777778,64,64,0.01886520263733644,0.020549321127704995,15.218604860228188,17.740323637069707,0.96875,4.293950677671055,0.4310263163656956,0.005267118133935289,0.0005015045135406219,0.0016841184903685531,0.0016841184903685531
112,986250.0,64,63,0.023323519209014314,0.024424003932341867,18.97802078193688,20.53656538222081,1.0,3.8465332152190923,0.4390922441721327,0.006231306081754736,0.00049838026414154,0.001100484723327553,0.001100484723327553
112,1031694.4444444444,64,63,0.019901895895712517,0.02302640517801687,14.808279621951366,20.034372876482436,1.0,5.786703948170318,0.44261672692941806,0.004477611940298508,0.0004973887092762995,0.003124509282304351,0.003124509282304351
112,1077222.2222222222,64,64,0.021686013497504444,0.02153033617201746,20.533990431506112,20.517354372022385,1.0,5.618874557107001,0.42736367364151523,0.0037304153195722458,0.0004972650422675286,-0.00015567732548698449,0.00015567732548698449
112,1122794.4444444445,64,63,0.014391350170769488,0.016466450741836343,13.644808700055119,17.423515002923182,1.0,6.000047685514591,0.42522296405191273,0.0046466128637808754,0.0004889975550122249,0.002075100571066855,0.002075100571066855
112,1169105.5555555555,64,63,0.014257848422213398,0.015680237693242692,13.969301268711655,16.828679505938744,1.0,5.9415549844578175,0.4287665889120931,0.005594745803940647,0.00048638132295719845,0.001422389271029294,0.001422389271029294
112,1215677.7777777778,64,62,0.016841044103307626,0.01669118383982703,17.368725928563066,17.50905832691786,0.9841269841269841,6.076261162080515,0.4326521005750917,0.0041412911084043845,0.0004870920603994155,-0.00014986026348059664,0.00014986026348059664
112,1262169.4444444445,64,64,0.01409020430120584,0.015222753953622624,14.833470929527268,16.389439874980756,0.984375,6.023655866112835,0.43537790505687934,0.0046545810877021065,0.0004898359049718344,0.0011325496524167838,0.0011325496524167838
112,1308427.7777777778,64,64,0.01931446785449893,0.020147294795951846,17.37947057908945,18.568462104444265,0.984375,6.215574125000656,0.4389119034243108,0.0065154440154440154,0.0004825090470446321,0.0008328269414529174,0.0008328269414529174
112,1355350.0,64,63,0.017307589401452467,0.01790668082219856,16.852311362156605,17.77086176146995,1.0,6.358276469477111,0.43680976606751715,0.005363237445148708,0.0004874482086278333,0.0005990914207460937,0.0005990914207460937
112,1401825.0,64,63,0.014446163776084337,0.015294220278769482,13.947011001994541,15.439583135405792,1.0,6.657765067308019,0.4403211103545034,0.00338409475465313,0.0004833252779120348,0.0008480565026851451,0.0008480565026851451
112,1448647.222222222,64,64,0.017841643255811744,0.020360773249073868,18.170642314874073,22.475635619822942,0.984375,6.817650443451092,0.4550310646888302,0.004814636494944632,0.0004813477737665463,0.0025191299932621238,0.0025191299932621238
112,1495705.5555555555,64,63,0.018021296730098037,0.018672042105485755,17.27172328776885,17.942013657534506,1.0,6.3978932474534815,0.4473842375955313,0.005266937993775437,0.0004786979415988511,0.0006507453753877186,0.0006507453753877186
112,1543025.0,64,62,0.014668257022668283,0.016522084238149392,13.866469360333255,16.155380987900212,0.9841269841269841,6.6490830713913835,0.4490435191452389,0.004636408003904344,0.00048792388387411563,0.0018538272154811093,0.0018538272154811093
112,1589444.4444444443,64,63,0.016421798950154005,0.01678866595584338,18.11576671255363,18.44594354101537,0.96875,6.278894836125823,0.4457191221924324,0.0031925343811394892,0.0004910385465259023,0.00036686700568937594,0.00036686700568937594
112,1635572.2222222222,64,63,0.01623906433449149,0.018044673337484517,17.170549142789508,19.36205952539312,1.0,6.35938566321132,0.4517544761153107,0.004878048780487805,0.000487685930260912,0.0018056090029930257,0.0018056090029930257
112,1682013.888888889,64,63,0.016898542237867818,0.01905299223794346,13.94701100194817,17.36494840022745,1.0,6.539009198806219,0.44797880880392643,0.00416258570029383,0.0004895960832313342,0.002154450000075643,0.002154450000075643
112,1728288.8888888888,64,64,0.017620396058479117,0.017815949854532605,19.370699892742266,19.821647469404763,0.984375,6.762904648725779,0.4532884993114298,0.0058309037900874635,0.00048579062424095217,0.0001955537960534881,0.0001955537960534881
113,472.22222222222223,64,98,0.08728400179890511,0.43118810240422145,122.30670752210801,405.8558629830687,0.6326530612244898,9.732921721289657,0.2935596548231049,0.020366250213931198,0.00034223134839151266,0.34390410060531634,0.34390410060531634
113,66761.11111111111,64,92,0.05649562138420979,0.41953399420125204,78.1727999927202,417.27247310863845,0.6847826086956522,6.589429721674817,0.2875072441405087,0.025518068162356567,0.00034246575342465754,0.36303837281704227,0.36303837281704227
113,132891.6666666667,64,94,0.09033650455935852,0.4277910379964691,101.53761125515618,396.1628269852994,0.6595744680851063,7.19659858321344,0.28987540080790447,0.023231801755291687,0.00034411562284927734,0.3374545334371106,0.3374545334371106
113,198950.0,64,94,0.07342676988698495,0.4289835414634767,85.79619256529907,424.15061821162476,0.6702127659574468,7.680243810693731,0.2851841717960026,0.021534320323014805,0.000336417157275021,0.3555567715764918,0.3555567715764918
113,266219.44444444444,64,99,0.06590609047810184,0.42828272779475196,84.68953185637557,416.055216568272,0.6363636363636364,6.044097353280216,0.2804022547140425,0.02223742730071844,0.0003420557550880794,0.36237663731665015,0.36237663731665015
113,332408.3333333334,64,97,0.09040165677055591,0.42571698178333317,118.64888849686095,423.00233571421904,0.6428571428571429,8.004220883230639,0.287216622378427,0.023605884365378037,0.0003420557550880794,0.3353153250127773,0.3353153250127773
113,398480.55555555556,64,95,0.08922611984755927,0.43264314606724974,132.55541434947173,436.25242159030006,0.6631578947368421,8.260535445783878,0.2834569061518312,0.021254888624383607,0.00034002040122407346,0.3434170262196905,0.3434170262196905
113,465119.4444444445,64,98,0.08630532617465704,0.4231386006289009,120.16795544127122,408.7768360290351,0.6262626262626263,11.029802492984876,0.28672234840511307,0.01939203354297694,0.00034934497816593884,0.3368332744542439,0.3368332744542439
113,530011.111111111,64,96,0.06875731752517594,0.40852961902771345,92.51669529767732,402.58936285462846,0.65625,11.361048694988664,0.28298861573658946,0.019300361881785282,0.00034458993797381116,0.3397723015025375,0.3397723015025375
113,595797.2222222222,64,93,0.062071043731184244,0.42333832651339426,82.62316874064527,394.29817480074934,0.6595744680851063,11.233450758707965,0.28353993379591774,0.02239972217398854,0.00034722222222222224,0.36126728278221,0.36126728278221
113,661186.1111111111,64,88,0.1217157057955632,0.38730419846827085,124.85555174391027,373.6769785731963,0.7159090909090909,11.094252951993195,0.28632524303287304,0.018498563218390805,0.0003591309032142216,0.2655884926727077,0.2655884926727077
113,724366.6666666666,64,80,0.12231045132589564,0.35988343270598905,89.349027446824,355.9734072710674,0.7875,12.011644255687798,0.2968439215073345,0.01799576570218772,0.0003527959075674722,0.23757298138009342,0.23757298138009342
113,788686.1111111111,64,103,0.08491901332614601,0.4333400921542672,99.90163421744295,420.0141247204903,0.5961538461538461,10.609080913883995,0.28845969832239726,0.022707724066746947,0.0003439972480220158,0.34842107882812123,0.34842107882812123
113,854558.3333333333,64,101,0.0788273454956113,0.41885512555379,86.45439724887011,405.7367089350916,0.6237623762376238,9.748359183222181,0.2853101167171587,0.02457730521178316,0.0003485535029627048,0.3400277800581787,0.3400277800581787
113,919558.3333333333,64,87,0.09103910331053994,0.40529642536440325,105.88928097201952,362.78616129208126,0.7126436781609196,11.280326583741424,0.28375051143218416,0.023251654444643177,0.000357653791130186,0.3142573220538633,0.3142573220538633
113,982811.1111111111,64,80,0.1347274838520688,0.36635453427826087,112.06134890299296,396.9345263623658,0.7654320987654321,10.663879006171198,0.2877855291943917,0.018782608695652174,0.0003477656059815684,0.23162705042619205,0.23162705042619205
113,1048061.1111111111,64,93,0.06793508942806525,0.4144603689966176,89.42629883400483,398.2238656201911,0.6595744680851063,11.189794056341045,0.2818873602084843,0.020182853199931,0.00034494653328734045,0.34652527956855234,0.34652527956855234
113,1113727.777777778,64,86,0.10315343419005235,0.39508824073023807,83.59650797110422,329.5032684279264,0.7325581395348837,11.77487873791797,0.29227352432882375,0.0190032269630692,0.000358487184083169,0.2919348065401857,0.2919348065401857
113,1176966.6666666667,64,81,0.09506237374236703,0.35038795217393615,79.95932483473379,377.4982685596669,0.7777777777777778,11.962067705345076,0.2868791872575898,0.021844660194174758,0.0003466805338880222,0.2553255784315691,0.2553255784315691
113,1242252.7777777778,64,72,0.1253958062190694,0.3108280635080193,133.54411356115185,309.2457973238118,0.8493150684931506,11.754477201550387,0.28156360260065455,0.022270114942528736,0.0003591309032142216,0.18543225728894988,0.18543225728894988
113,1305305.5555555557,64,72,0.11371528071003292,0.29431344106348367,137.93309115076516,312.3648396963689,0.875,11.972952054764932,0.2954596901889456,0.017857142857142856,0.00036436509382401167,0.18059816035345075,0.18059816035345075
113,1367491.6666666665,64,76,0.06389970158402229,0.32697122965477254,86.28508844208017,313.8552572415278,0.8051948051948052,11.936344392632014,0.28738328822631576,0.023594110342380698,0.000354735721887194,0.26307152807075024,0.26307152807075024
113,1431308.3333333335,64,71,0.12130130867895313,0.28019975840689704,103.561864299362,257.017178654063,0.8611111111111112,12.323629262468978,0.29769316706206245,0.01753731343283582,0.00037306472673008767,0.15889844972794392,0.15889844972794392
113,1492080.5555555555,64,70,0.09524017525332132,0.23753551725084726,95.31670782668432,248.64057601738264,0.9,12.234619767314937,0.2932749706428757,0.0168600435097897,0.00036251586006887804,0.14229534199752594,0.14229534199752594
113,1554477.777777778,64,71,0.09917340041613883,0.2650135454939036,98.03932110478259,247.22235592461567,0.8873239436619719,11.206303051836029,0.2962517747203365,0.015431510763955039,0.00038095238095238096,0.1658401450777648,0.1658401450777648
113,1614000.0,64,79,0.08176419513005567,0.33480908918385077,83.32138504544714,346.5082949993951,0.7974683544303798,10.724235116070362,0.29088126044040197,0.020024377503047187,0.00034818941504178273,0.2530448940537951,0.2530448940537951
113,1678938.8888888888,64,73,0.10981732317481319,0.2775926801567449,83.74153309314983,247.07171936959332,0.863013698630137,11.52904728874105,0.28642638230862294,0.01947813303932378,0.00036744442403086535,0.1677753569819317,0.1677753569819317
113,1740675.0,64,81,0.1268191091010463,0.3717337059008532,134.61525332487196,374.46045836634744,0.7777777777777778,10.821052547412982,0.2817458144368854,0.021715721464465182,0.00035887313834559486,0.2449145967998069,0.2449145967998069
114,861.1111111111112,64,64,0.03889449969805741,0.039054618742503204,47.52040581201347,48.73835729386552,0.984375,28.557857220315647,0.4699420252908571,0.021560740144810943,0.00032175032175032174,0.0001601190444457945,0.0001601190444457945
114,71241.66666666666,64,64,0.13349913316060988,0.16869660289346,239.11566089061037,273.24823266953933,0.984375,24.86094875475753,0.4457531057238542,0.019836065573770493,0.00032781511227667593,0.03519746973285012,0.03519746973285012
114,140400.0,64,64,0.08494602141034284,0.09135567512678466,153.46173069443444,166.2683517037796,0.984375,26.872285140638752,0.45719224134961134,0.02230180693472245,0.0003255208333333333,0.006409653716441824,0.006409653716441824
114,209969.44444444444,64,64,0.17777608671695913,0.19451303378326656,310.99368143497895,320.7632851452669,0.984375,21.7658671554265,0.421572518964349,0.018800065391531798,0.00032690421706440013,0.016736947066307434,0.016736947066307434
114,279236.11111111107,64,62,0.18081756577757724,0.1678267898323512,328.79148877426445,306.9110482327707,0.953125,21.085598913463347,0.4182284635571571,0.016126350789692434,0.0003324468085106383,-0.012990775945226046,0.012990775945226046
114,347319.44444444444,64,63,0.1440960848230781,0.15778918477871187,257.3107192724184,283.0554251556977,1.0,21.482492488201014,0.43174300316220404,0.02435791217895609,0.0003313452617627568,0.01369309995563378,0.01369309995563378
114,415369.4444444445,64,62,0.14041408131819796,0.1511611123707247,249.244927033492,275.59015484218105,0.9841269841269841,21.952439928302056,0.4313265604102889,0.020286588311061022,0.0003219575016097875,0.010747031052526723,0.010747031052526723
114,485683.3333333333,64,64,0.17888302822554228,0.19282157166193986,337.9901709151079,365.73162199710373,0.984375,20.938680221140316,0.4196196973214664,0.02044153720359771,0.0003270111183780249,0.013938543436397582,0.013938543436397582
114,555005.5555555556,64,63,0.14355206116649616,0.15352154127181084,222.3996827266945,241.84047084488597,1.0,21.050182129889684,0.4524526013085875,0.00975177304964539,0.0003545470661230278,0.009969480105314676,0.009969480105314676
114,618772.2222222222,64,64,0.05111523827313186,0.051152795022408645,52.48693679812628,52.72904949812905,0.984375,21.796074927900843,0.46272529057397427,0.016728624535315983,0.00037167812674224123,3.755674927678754e-05,3.755674927678754e-05
114,679777.7777777779,64,62,0.1629655041235937,0.170198770231284,154.2580616429557,167.40978169098253,0.9841269841269841,20.76136462918603,0.4339021105852699,0.018472022955523672,0.00035861574323112785,0.007233266107690289,0.007233266107690289
114,743008.3333333334,64,63,0.102177679945657,0.11091705721847613,160.31466407454926,176.70834119144538,1.0,21.13669687935488,0.4468353359795334,0.01368888888888889,0.00035549235691432633,0.008739377272819121,0.008739377272819121
114,806736.1111111111,64,63,0.10065209754066522,0.11211529463299987,166.37930723186133,187.08067950124956,1.0,20.18321708132288,0.43998637314324573,0.016234339156520203,0.00035285815102328866,0.011463197092334648,0.011463197092334648
114,870869.4444444444,64,63,0.04062027113065401,0.03948596423968738,48.5963879393408,45.943334996567074,1.0,22.025519510827056,0.460623391712694,0.011227816008692503,0.0003621220351258374,-0.0011343068909666285,0.0011343068909666285
114,933419.4444444445,64,63,0.1159068794993375,0.12134756966460436,192.05553767070717,202.3624200761708,1.0,19.405189814466738,0.4495636159256489,0.014404432132963989,0.00036927621861152144,0.005440690165266854,0.005440690165266854
114,994736.1111111111,64,63,0.04076684713217012,0.04153774023067429,46.36986389002375,48.109606546481174,1.0,22.095645592034998,0.46710855392124767,0.015208411565903118,0.00037544584193730055,0.0007708930985041718,0.0007708930985041718
114,1055038.8888888888,64,63,0.04111582522113396,0.04098106769745679,51.11997351868969,51.996977661406476,1.0,22.150735813321443,0.47252960826896967,0.014414077124672407,0.0003743215422047539,-0.0001347575236771703,0.0001347575236771703
114,1115497.2222222222,64,62,0.03742447420916746,0.03829464767051512,43.750177788801025,44.66271042146358,0.9841269841269841,21.3197588441518,0.47171936168924017,0.01405775075987842,0.0003798670465337132,0.0008701734613476564,0.0008701734613476564
114,1175138.888888889,64,65,0.035743478180872854,0.09571697031021183,36.617622244768015,93.34713256844742,0.9692307692307692,15.446631138517036,0.46398403404292726,0.014769929937511835,0.0003786444528587656,0.05997349212933897,0.05997349212933897
114,1234969.4444444445,64,63,0.046831714956672994,0.04856454096814346,47.02679358643216,50.344592464540305,1.0,18.276461562919117,0.4408593222312532,0.013207924754852912,0.00040016006402561027,0.0017328260114704633,0.0017328260114704633
114,1291605.5555555555,64,62,0.04209809965833677,0.04259702045840481,43.493408958855575,42.98474542076738,0.9841269841269841,15.805483147377128,0.4381516280130182,0.012612612612612612,0.00040032025620496394,0.0004989208000680465,0.0004989208000680465
114,1348161.111111111,64,62,0.036741219983674585,0.03743335582142916,42.31720358007359,43.27291453883714,0.9841269841269841,14.403428850975391,0.43777008958573216,0.013224821973550356,0.0004068348250610252,0.0006921358377545775,0.0006921358377545775
114,1403819.4444444443,64,63,0.04867064983992772,0.04980976936464641,52.655016632665316,54.61515591495692,1.0,13.31200323763387,0.4397938303712512,0.017106057556852485,0.00040241448692152917,0.001139119524718686,0.001139119524718686
114,1460133.3333333335,64,63,0.04260124617563398,0.04386176158732773,45.86251379123149,47.44864103967016,1.0,14.176950322578634,0.4547926447928472,0.012148974307906792,0.00039824771007566706,0.0012605154116937453,0.0012605154116937453
114,1517011.1111111112,64,63,0.04194327722337053,0.0422362070864395,40.58328702783413,42.24688500106301,1.0,12.844962495577308,0.44511272351943637,0.013894649523019494,0.00041467965996267884,0.0002929298630689678,0.0002929298630689678
114,1571580.5555555555,64,63,0.07163593776396454,0.07196417288693478,90.4255063702143,91.00660522948115,1.0,17.293308487156022,0.453400376529047,0.015611814345991562,0.0004218519299725796,0.00032823512297024127,0.00032823512297024127
114,1625238.8888888888,64,63,0.0454626929664393,0.045759223972376674,39.575668942992124,39.68554843387779,1.0,17.726100299572064,0.44267591751996416,0.01422680412371134,0.00041228612657184083,0.0002965310059373713,0.0002965310059373713
114,1680155.5555555555,64,64,0.04837028934362678,0.04881470448880714,49.97012249509377,50.25704908338474,0.984375,17.414468787509776,0.44560669512368156,0.01278877887788779,0.00041245617653124357,0.00044441514518036435,0.00044441514518036435
114,1735005.5555555555,64,64,0.06345235025646621,0.0628670454702609,68.48622055140173,67.27809425940445,0.96875,6.154332533614282,0.42816096295439876,0.01683358193053484,0.00042607584149978694,-0.0005853047862053179,0.0005853047862053179
115,447.22222222222223,64,62,0.07047723917778376,0.07218432434356327,70.08574852675281,71.13669191858213,1.0,17.781435625713915,0.410981526679252,0.007224898110411263,0.0003704389701796629,0.0017070851657795122,0.0017070851657795122
115,61580.555555555555,64,63,0.06065718088543306,0.061382595614598114,73.88154489603131,74.27915754793,1.0,11.53242515362095,0.4181868395748912,0.010391538318797551,0.00037105751391465676,0.0007254147291650553,0.0007254147291650553
115,122652.77777777777,64,63,0.0686100398617981,0.06869420898603328,81.63136534960621,83.40160297534526,1.0,18.955839023673573,0.4113932002171526,0.00900562851782364,0.00037516413430876007,8.416912423517275e-05,8.416912423517275e-05
115,182952.77777777778,64,64,0.08139665597280128,0.11466005450390383,60.48164737715643,106.65829701573851,0.984375,24.371593407955714,0.4101164404395768,0.008793264733395697,0.0003741114852225963,0.03326339853110255,0.03326339853110255
115,243483.3333333333,64,63,0.07180698345925735,0.07189867365694269,71.46086841658918,70.47896051389812,1.0,19.367259829964393,0.4007082011782435,0.01095025983667409,0.00037112636852848393,9.16901976853457e-05,9.16901976853457e-05
115,304594.44444444444,64,62,0.06363615534367094,0.06348731571444716,78.81177133320456,77.46511668118887,0.9841269841269841,24.963102479644675,0.4029218026517546,0.00823199251637044,0.0003741114852225963,-0.00014883962922378202,0.00014883962922378202
115,365038.8888888889,64,63,0.07354582469066279,0.07345639025959491,84.64469982863696,84.37311626351665,1.0,23.264719890629777,0.40074700428588145,0.010078387458006719,0.0003732039559619332,-8.943443106787519e-05,8.943443106787519e-05
115,425625.0,64,63,0.09441958146822937,0.09481631998299234,81.35954001280503,80.88403198169938,1.0,26.78536565617487,0.4036121629295768,0.006429652042360061,0.0003781433163168841,0.00039673851476296207,0.00039673851476296207
115,485525.0,64,63,0.060771262001460394,0.06145749754851699,67.67274016211073,68.94456072162048,1.0,21.822145409463932,0.41353191007515877,0.008420658682634731,0.00037418147801683815,0.0006862355470565948,0.0006862355470565948
115,545986.1111111111,64,64,0.060005958703365565,0.06052865979319519,69.63504309900125,70.834060328927,0.984375,14.330126727932043,0.4018889669543327,0.011160284779680585,0.00038476337052712584,0.0005227010898296233,0.0005227010898296233
115,604761.111111111,64,62,0.06860343454712016,0.06984243062147945,77.16492420575412,78.19700297327846,0.9841269841269841,16.50433714416182,0.39694749478103947,0.0101364522417154,0.0003897875657766517,0.0012389960743592887,0.0012389960743592887
115,662866.6666666666,64,62,0.07237049026557361,0.07302547186546506,75.74549838562052,77.26430812595417,0.9841269841269841,18.519914395002765,0.39540472176354097,0.007550822846079381,0.00038714672861014324,0.000654981599891441,0.000654981599891441
115,721330.5555555555,64,63,0.07839429560354477,0.07841371624047042,75.2286439130462,76.44203022127066,1.0,21.172341892688515,0.39899959975976196,0.011692543607437225,0.0003832886163280951,1.942063692564333e-05,1.942063692564333e-05
115,780308.3333333333,64,63,0.06651108838653982,0.06712711826071192,68.49076337337141,69.12164464530728,1.0,19.892347974061806,0.39968083275108335,0.010422698320787493,0.00038595137012736397,0.0006160298741720999,0.0006160298741720999
115,839036.1111111111,64,63,0.08477427631873198,0.08587337324979498,84.64249436216383,86.3777345341589,1.0,23.944649815714524,0.40646699083257626,0.009590071455434375,0.00037601052829479227,0.0010990969310629983,0.0010990969310629983
115,899344.4444444444,64,63,0.08419170035935605,0.0837699226860355,90.30293280641506,87.57243926558813,1.0,20.484568934110303,0.4051989692824773,0.009914204003813156,0.0003812428516965307,-0.00042177767332055027,0.00042177767332055027
115,958766.6666666666,64,63,0.07599464654945062,0.0759453675017179,70.42939500949264,71.15506766560227,1.0,22.596434661929468,0.4067221799020709,0.012285491419656786,0.0003899395593682979,-4.927904773271985e-05,4.927904773271985e-05
115,1016897.2222222222,64,64,0.06020946313822422,0.06055698163916472,52.330209405364506,53.50271438828955,0.984375,23.07216779089278,0.40134579166547546,0.009319849296053936,0.0003965107057890563,0.00034751850094049547,0.00034751850094049547
115,1074105.5555555555,64,62,0.09203440936148716,0.0930631886047105,83.95823049789517,84.13068425746103,0.9841269841269841,21.940346139460093,0.39823906304198764,0.007976256724169913,0.000370919881305638,0.0010287792432233378,0.0010287792432233378
115,1135088.888888889,64,63,0.068575475393889,0.06718406476192663,58.63974822319825,58.973839025691596,1.0,27.536636452147608,0.39135663436747137,0.009565563969709047,0.0003984857541342897,-0.001391410631962367,0.001391410631962367
115,1191961.1111111112,64,64,0.083578200594237,0.08402916277632462,74.50219768017229,75.09250260579354,0.984375,17.583987942526253,0.3983617938621197,0.011570896254167485,0.000392156862745098,0.00045096218208762195,0.00045096218208762195
115,1249913.8888888888,64,63,0.10156087843798448,0.10115672916098219,48.235233944820486,47.81223747589316,1.0,5.565488151470964,0.39636098812334625,0.01471825063078217,0.00042043304603741857,-0.00040414927700228864,0.00040414927700228864
115,1303691.6666666665,64,62,0.09901885781743469,0.09814223396974796,61.85398911737212,63.68516458200003,1.0,12.442503366380654,0.39621446112698655,0.01083957430035475,0.00039408866995073894,-0.0008766238476867333,0.0008766238476867333
115,1361102.777777778,64,63,0.09625510619410967,0.09218855521509522,71.72335981037641,72.4180640633573,1.0,20.89790807847634,0.3969529131571642,0.008293838862559242,0.0003948667324777887,-0.004066550979014441,0.004066550979014441
115,1418602.777777778,64,64,0.11136489088098421,0.11166601104729015,79.29350651370262,80.30401189314712,0.984375,22.185835513095785,0.40569897741239436,0.009558401835213153,0.00038226299694189603,0.0003011201663059432,0.0003011201663059432
115,1477894.4444444445,64,62,0.0998474639092838,0.10213993512961544,75.17982557069045,77.04953548503977,0.9841269841269841,21.725164874292624,0.41282893214472766,0.008083140877598153,0.00038483740619588223,0.002292471220331646,0.002292471220331646
115,1536788.8888888888,64,63,0.11368397580150637,0.11412796352995326,78.40409625664832,79.08822473335506,1.0,28.753366655752433,0.40967623071866965,0.008306588635076459,0.00037750094375235937,0.00044398772844689294,0.00044398772844689294
115,1596747.2222222222,64,62,0.15716074466460928,0.15788057935173905,86.12989736109728,87.40321100237941,0.9841269841269841,15.557956069457115,0.40838007694197975,0.010991129965291169,0.000385579332947754,0.0007198346871297723,0.0007198346871297723
115,1655400.0,64,65,0.12215993956172991,0.16429846891229016,101.13540513215634,171.94127639054943,0.9692307692307692,30.073024019896724,0.398936535267494,0.006123163051084675,0.00034983382893125764,0.042138529350560255,0.042138529350560255
115,1719977.777777778,64,62,0.12311168115723216,0.12336848194694733,65.83543166202789,66.06389869521914,0.9841269841269841,25.55074886960196,0.39508238377980404,0.007269155206286837,0.0003928501276762915,0.00025680078971516973,0.00025680078971516973
116,783.3333333333334,64,63,0.01641611215229499,0.016328637568568758,15.7055619265314,16.768035418593072,0.9841269841269841,17.821141032557808,0.5243792962927387,0.008853681267474371,0.0004658746797111577,-8.747458372623113e-05,8.747458372623113e-05
116,49413.88888888889,64,63,0.04995871944601224,0.01779835666460202,42.06204288917582,19.98345952129791,1.0,18.067304395745044,0.5308848078559415,0.011342592592592593,0.0004628558204119417,-0.03216036278141022,0.03216036278141022
116,98655.55555555555,64,63,0.06714956161459303,0.06843224583857888,89.08468579129277,90.97301725811245,1.0,18.866927410600276,0.5221960220052849,0.011075219197046609,0.000461361014994233,0.00128268422398585,0.00128268422398585
116,147769.44444444444,64,64,0.08641187362434814,0.08860774303154792,112.4958515098691,115.59641536782667,0.984375,17.306908451932763,0.4873347756496992,0.008928571428571428,0.0004698144233027954,0.002195869407199777,0.002195869407199777
116,195994.44444444444,64,63,0.06780843343547176,0.07057453992215579,86.01494804009282,89.74412893647455,1.0,17.761006340440666,0.5125551283719298,0.00924828076831871,0.000474158368895211,0.0027661064866840307,0.0027661064866840307
116,243758.3333333333,64,63,0.11963953897722297,0.12026674047329225,163.10028359557109,163.75839859645612,0.96875,16.794877708532308,0.48618520053240416,0.008393564933550944,0.0004662004662004662,0.0006272014960692768,0.0006272014960692768
116,292327.7777777778,64,64,0.06925151513400364,0.0691947033670272,79.80352840669711,79.41290282976034,0.984375,18.32511676005277,0.5314176553156483,0.007492390540856942,0.00046816479400749064,-5.681176697644452e-05,5.681176697644452e-05
116,340680.55555555556,64,62,0.09699778937123203,0.09750130958589055,125.38173491549341,125.5274307378655,0.9841269841269841,17.45815770173027,0.48697996675370686,0.009922041105598866,0.0004723665564478035,0.0005035202146585205,0.0005035202146585205
116,388644.44444444444,64,63,0.1365347406690549,0.13138659508713244,174.24418624350616,164.24291033649263,1.0,16.106455992537782,0.47020961212179085,0.008530805687203791,0.00047382136934375743,-0.005148145581922475,0.005148145581922475
116,436444.44444444444,64,62,0.10405013474377368,0.09788766139216835,127.95589113309131,117.7185734779322,0.9841269841269841,16.223457583933943,0.4734370899263637,0.007729468599033816,0.0004829751267809708,-0.00616247335160533,0.00616247335160533
116,483344.44444444444,64,63,0.13960749937246114,0.13548725283922475,175.83928571463707,166.570966002747,1.0,15.680373064386199,0.46863431351728513,0.009043312708234174,0.0004758505829169641,-0.0041202465332363936,0.0041202465332363936
116,530941.6666666667,64,63,0.12573780273422153,0.13084233926073022,160.47062468224493,167.16314964782273,1.0,16.344508103464662,0.45832029612710834,0.009962049335863378,0.00047427080863172874,0.005104536526508691,0.005104536526508691
116,578750.0,64,64,0.20417217248081543,0.20533687065414152,256.076831221892,257.4051039302044,1.0,12.257765543692324,0.396798038443688,0.010755202244563947,0.0004675081813931744,0.0011646981733260953,0.0011646981733260953
116,627247.2222222222,64,63,0.13717373262879431,0.13760055463462906,178.80910251264626,178.6120618229481,0.96875,17.793999191608627,0.4673945288927075,0.008529276164130935,0.0004609356994699239,0.0004268220058347427,0.0004268220058347427
116,676380.5555555556,64,64,0.12698439945748796,0.12753537020298913,166.89575056644532,167.91194042711714,0.984375,16.88863527104731,0.49065611437438766,0.011313784345416763,0.0004616805170821791,0.0005509707455011725,0.0005509707455011725
116,725433.3333333333,64,63,0.11730057722546221,0.11821269975447309,154.22538356794723,155.14619280070653,1.0,17.776972735923586,0.4965455258254824,0.010146561443066516,0.0004508566275924256,0.0009121225290108781,0.0009121225290108781
116,775669.4444444445,64,63,0.09575356983822239,0.09703626369775573,127.32065263034494,129.0663655955639,1.0,19.252016012243498,0.50409673252198,0.010519094443174023,0.0004572473708276177,0.0012826938595333348,0.0012826938595333348
116,825227.7777777778,64,63,0.10118899944495195,0.10291993574852079,134.24401511939195,137.02943671750077,1.0,19.43148735809348,0.5032970900116105,0.00983756577442233,0.0004574565416285453,0.001730936303568839,0.001730936303568839
116,874705.5555555555,64,62,0.01501430111136621,0.016552366510482548,16.3918501668023,18.599024535448418,0.9841269841269841,20.951202769711827,0.5443930153007602,0.008484292593441871,0.0004585052728106373,0.0015380653991163371,0.0015380653991163371
116,924125.0,64,62,0.08668177243278428,0.08981055433713751,112.43277561396833,116.45364921547997,0.9841269841269841,19.730252326831643,0.5111628207320209,0.008342989571263035,0.0004633920296570899,0.0031287819043532283,0.0031287819043532283
116,973022.2222222222,64,61,0.08832043178966006,0.1997989379665915,114.04504549269035,246.10652785741834,0.9523809523809523,9.191900300587289,0.3959959328107934,0.03206034889203206,0.0004713646005185011,0.11147850617693145,0.11147850617693145
116,1021080.5555555555,64,63,0.10643182628804598,0.10650964786194456,137.03057881387306,137.1409062199432,1.0,12.085993464888633,0.4757746816789058,0.008724357462862532,0.0004714757190004715,7.782157389857325e-05,7.782157389857325e-05
116,1069152.7777777778,64,62,0.1226486893712219,0.11848826183111077,153.8812382452183,145.07039238904417,0.9841269841269841,16.820638261696036,0.4804426263403005,0.008968609865470852,0.00047192071731949034,-0.004160427540111131,0.004160427540111131
116,1117155.5555555555,64,63,0.12485451031308109,0.12719659061159277,161.48724786376374,164.55893516807325,1.0,18.743263832700706,0.4519156879327339,0.008695652173913044,0.00046992481203007516,0.002342080298511684,0.002342080298511684
116,1165369.4444444445,64,63,0.12668028142952134,0.12750965813989285,160.94997194399065,161.74287233143292,1.0,19.2787269521125,0.4866994862457145,0.009202453987730062,0.00047180938900684123,0.0008293767103715044,0.0008293767103715044
116,1213394.4444444445,64,64,0.06116487410012023,0.06103608527148919,70.63759940723641,70.79159810491466,0.984375,20.88472345570788,0.5303311776885588,0.007183908045977011,0.00047881254488867607,-0.00012878882863104346,0.00012878882863104346
116,1260688.8888888888,64,63,0.1341443637712006,0.1345073176608304,166.58861673059468,167.05951659282735,1.0,17.769880058061663,0.45986142761727367,0.010144927536231883,0.0004829751267809708,0.00036295388962981345,0.00036295388962981345
116,1307600.0,64,63,0.11984368028368789,0.11929563266454561,153.7036137381066,152.69737246649925,1.0,15.232272483451744,0.4622923491581663,0.00714455822814956,0.0004761904761904762,-0.0005480476191422751,0.0005480476191422751
116,1355152.7777777778,64,51,0.09779910421272825,0.10083648693290724,124.75683237485131,128.42409087904608,0.8627450980392157,4.279432704979592,0.38087459910567434,0.038010996892182645,0.0004780114722753346,0.003037382720178991,0.003037382720178991
116,1402550.0,64,62,0.09357819589964253,0.13638301403428016,117.81257939205338,146.43472077559127,1.0,7.272690617358483,0.4244013100025875,0.03312678741658723,0.0004765308553728854,0.04280481813463763,0.04280481813463763
116,1450055.5555555557,64,63,0.07891588097095217,0.0805889285220321,93.04184620569788,95.64577927982995,1.0,22.849525950590696,0.49523589355973613,0.008308895405669599,0.0004886391399951136,0.0016730475510799286,0.0016730475510799286
116,1496405.5555555555,64,63,0.10364025316555843,0.10490092505184699,131.39268713205544,133.2298603970875,1.0,19.33528633639832,0.4349514531625527,0.008626887131560028,0.0004791566842357451,0.0012606718862885613,0.0012606718862885613
116,1543669.4444444445,64,62,0.11235570206339467,0.11311568887823394,129.82426930295384,130.47130317358375,0.9841269841269841,18.469340269560256,0.39139028829264055,0.006810994891753831,0.00048638132295719845,0.0007599868148392697,0.0007599868148392697
116,1590261.1111111112,64,63,0.08913953640615452,0.08872633306351715,111.4723071835604,111.37301106192082,1.0,12.528266557071813,0.42732058125008243,0.006097560975609756,0.000487685930260912,-0.0004132033426373638,0.0004132033426373638
116,1636700.0,64,64,0.017263157457575746,0.01791702093634903,15.729316256022893,17.626965775781375,0.984375,6.70696520875242,0.4866545372434916,0.005719970156677443,0.0004972650422675286,0.0006538634787732825,0.0006538634787732825
116,1682238.8888888888,64,63,0.01705862868898587,0.017562870280322322,17.224823482569132,17.713443641205163,1.0,13.94423519808263,0.4712350102527249,0.005182625863770977,0.0004934616333580064,0.000504241591336451,0.000504241591336451
116,1728130.5555555555,64,63,0.06294303321038484,0.06192690054128069,77.93602692655973,76.69481980237535,1.0,19.8331435499603,0.4384826975247937,0.006116956202593589,0.0004892367906066536,-0.001016132669104157,0.001016132669104157
117,525.0,64,63,0.02876662585118884,0.027373682393802255,38.443105514626815,35.99740525112414,1.0,6.1125592369325314,0.29220337754970543,0.00441306266548985,0.00029416090601559053,-0.0013929434573865841,0.0013929434573865841
117,77488.88888888889,64,63,0.022935292098514186,0.02161348810323092,39.083613867696194,34.788512701824125,0.96875,5.888474039962555,0.29631433871114354,0.0047169811320754715,0.0002947678703021371,-0.0013218039952832654,0.0013218039952832654
117,154330.55555555556,64,63,0.029306611386445997,0.02893612578830544,38.39289435452455,36.25120913630003,0.96875,5.661202928618839,0.29950809540495904,0.004470938897168405,0.00029801817910892565,-0.0003704855981405582,0.0003704855981405582
117,230352.77777777778,64,63,0.020828640312767776,0.020094437749795666,33.30718807374249,31.207328157416836,0.96875,5.536849412496977,0.30179338709688597,0.0028198278420896407,0.0002967799376762131,-0.0007342025629721097,0.0007342025629721097
117,306675.0,64,63,0.018353087599170884,0.01771483569187305,30.029687952125883,27.00748557318271,0.96875,5.987668618998196,0.30428456332765275,0.004083484573502722,0.00030243459851807047,-0.0006382519072978335,0.0006382519072978335
117,381552.7777777778,64,63,0.022554319290444512,0.02126275806020814,38.284148488500534,34.287083574704994,0.96875,5.50348208048312,0.3025495111131369,0.004746366063482646,0.00029660388551090017,-0.0012915612302363717,0.0012915612302363717
117,457880.5555555555,64,63,0.02533652963189754,0.02389268733278704,32.64865826490826,28.224809419462698,0.96875,6.0598651167587745,0.30341501910017565,0.005540581012279126,0.0002994460248540201,-0.001443842299110501,0.001443842299110501
117,533469.4444444444,64,63,0.020042182502077843,0.020030788363749098,29.576612139736305,28.86717556019909,0.984375,6.040479733502829,0.2972401867134185,0.004920966298836862,0.0002981959147159684,-1.1394138328745668e-05,1.1394138328745668e-05
117,609427.7777777778,64,63,0.029305437364263692,0.028460036464582766,39.08998187002143,34.5829223924492,0.96875,5.791990056561412,0.3001909834179536,0.005270290618882698,0.00030111412225233364,-0.0008454008996809266,0.0008454008996809266
117,684672.2222222222,64,63,0.1097574220867465,0.1095638075878944,68.80258931391273,65.44236643529051,0.96875,6.496543967501054,0.300803222772314,0.007587988375847595,0.0003228410008071025,-0.00019361449885210713,0.00019361449885210713
117,754858.3333333334,64,63,0.04743927766337688,0.04465416017428225,37.73077140892152,39.220769962320645,0.96875,4.815956181290224,0.30438171185460955,0.004206098843322818,0.00030039050765995795,-0.0027851174890946365,0.0027851174890946365
117,830272.2222222222,64,63,0.019390739918762417,0.020837103434129135,28.415615991558976,32.361168811497855,0.96875,5.285807954809025,0.2985561350995764,0.003919794964571084,0.00030147723846849563,0.0014463635153667172,0.0014463635153667172
117,905447.2222222222,64,63,0.01863031142449568,0.020166488139560623,31.409142766108367,35.65618991761751,0.96875,5.79210048684079,0.30433970864367305,0.0036095653481726577,0.0003007518796992481,0.001536176715064945,0.001536176715064945
117,980780.5555555556,64,63,0.05294214210434743,0.05298424843768453,39.75920653359617,37.65713360948698,0.96875,4.5199177537691995,0.2998678141558518,0.003932839207381637,0.00030248033877797946,4.2106333337101065e-05,4.2106333337101065e-05
117,1055661.111111111,64,63,0.024971577159889537,0.025404762500503948,32.5111413675819,33.046466881704745,0.96875,6.2628665819070335,0.3011525038497793,0.0041279669762641896,0.00029481132075471697,0.0004331853406144108,0.0004331853406144108
117,1132450.0,64,63,0.02028355377600308,0.021702107126430593,36.34813307687795,39.14277034269451,0.96875,4.656529514889979,0.2991202743788698,0.0029917726252804786,0.0002991325157044571,0.0014185533504275129,0.0014185533504275129
117,1208200.0,64,63,0.020286860011809404,0.020879587816199086,34.782206252036204,35.74179914035189,0.96875,5.568701426412858,0.3011065463033548,0.005219206680584551,0.0002981959147159684,0.0005927278043896811,0.0005927278043896811
117,1284138.888888889,64,63,0.02011288319654301,0.01908928589740221,33.97859623339398,32.486843726468535,0.96875,5.368809128612209,0.2987794629344777,0.004516711833785004,0.0003010687942194792,-0.0010235972991408,0.0010235972991408
117,1359388.888888889,64,63,0.01875483152870312,0.018446124155609842,35.8360769697965,34.58292239246458,0.96875,4.504163397931662,0.3007612955782375,0.004377358490566038,0.00030184123151222455,-0.00030870737309327684,0.00030870737309327684
117,1434422.2222222222,64,63,0.01752095389185035,0.016858363596606314,32.85196028094693,31.37012179279185,0.96875,4.922467046169125,0.2991997243110972,0.002884907379289402,0.0003036283588887202,-0.0006625902952440352,0.0006625902952440352
117,1509022.222222222,64,63,0.01823837872480965,0.018323831854407124,33.42281895295721,33.200243733064426,0.96875,5.1210786627423515,0.30104641920576863,0.004092149136101849,0.00030307622367025305,8.545312959747434e-05,8.545312959747434e-05
117,1583772.222222222,64,63,0.02563739026831296,0.026202170360247575,31.028435975906998,31.37012179274708,0.96875,5.64772946681844,0.2950694680846585,0.004250151791135397,0.00030353619669145547,0.0005647800919346135,0.0005647800919346135
117,1658386.1111111112,64,63,0.01865271024627393,0.01963606279610058,33.92911414909963,36.72583123353102,0.9841269841269841,5.837720908428222,0.28951987318774486,0.0033318188702105103,0.0003028467595396729,0.0009833525498266493,0.0009833525498266493
118,188.88888888888889,64,62,0.03678999209329882,0.049040949469044234,39.929435468162204,62.20429434017541,0.9841269841269841,6.502089583909133,0.6348219567776693,0.0057692307692307696,0.0004272591326639607,0.012250957375745414,0.012250957375745414
118,53213.88888888889,64,64,0.04850166338504288,0.05001202071721834,56.99195937055525,60.26855915447294,0.984375,7.05326423456259,0.651533383031269,0.007357714780350574,0.00043271311120726956,0.0015103573321754576,0.0015103573321754576
118,105363.88888888889,64,62,0.05603520909345506,0.055250676605099705,72.84249086014918,65.22771296165811,0.9841269841269841,7.14001686204573,0.6386385209646506,0.005820219874973055,0.0004310344827586207,-0.0007845324883553537,0.0007845324883553537
118,157952.77777777778,64,63,0.1525327203599662,0.1537221121889348,181.21158734115164,182.73936701334085,1.0,7.648247851645158,0.6565979917986232,0.005647354110018824,0.0004182350480970305,0.0011893918289686,0.0011893918289686
118,212100.0,64,63,0.03708654647696454,0.04648675940531858,35.85690786301906,54.894233643664236,1.0,7.355444401703845,0.6340879461353607,0.006786850477200424,0.00042408821034775233,0.009400212928354038,0.009400212928354038
118,265500.0,64,63,0.12553229027682464,0.126997706275486,138.62115772270926,140.44385750308166,1.0,7.498028120210178,0.6684542883214905,0.00668535691179642,0.00043122035360068997,0.0014654159986613735,0.0014654159986613735
118,318025.0,64,63,0.09371170853783578,0.09460748034669958,128.00499900011135,130.09623993430932,1.0,6.9480576064839585,0.6510805680704779,0.0041548217800131204,0.00043725404459991256,0.0008957718088637989,0.0008957718088637989
118,369783.3333333334,64,63,0.042804801977472565,0.04326045577356576,28.189158093333237,30.11082431530477,1.0,6.2448441891291155,0.6954362055036918,0.0022113022113022115,0.0004912797838368951,0.0004556537960931986,0.0004556537960931986
118,415850.0,64,63,0.054526567762248505,0.05308304535039179,56.41362435743434,54.521812561921394,1.0,7.734634556866864,0.7145406915605855,0.004903225806451613,0.0005159958720330237,-0.001443522411856718,0.001443522411856718
118,459772.22222222225,64,64,0.09298561568704028,0.09408986807864483,106.27056926017839,106.80854649613234,0.984375,5.846867225005552,0.667164253135913,0.004899559039686428,0.0004898359049718344,0.0011042523916045544,0.0011042523916045544
118,506005.5555555555,64,64,0.07053439046205702,0.07364667659729134,74.66738937612406,78.8301874232401,0.984375,6.526036712775139,0.6783239325046048,0.005246065450911816,0.0004995004995004995,0.0031122861352343156,0.0031122861352343156
118,551394.4444444444,64,62,0.09263215689789855,0.09552329190988443,119.44027666312851,124.25864857925278,0.9841269841269841,7.095972653877504,0.732887516035491,0.007169287696577244,0.00046242774566473987,0.0028911350119858736,0.0028911350119858736
118,600394.4444444444,64,63,0.058443366554085094,0.05923981039619976,71.48698683768058,72.27725493918138,1.0,8.12421014804392,0.7356428557747707,0.006761482863138261,0.0004662004662004662,0.0007964438421146636,0.0007964438421146636
118,648958.3333333334,64,63,0.08628193796627341,0.08659557423496139,95.3839262616646,95.77350572795761,0.96875,8.342990916717145,0.696246309166156,0.003232062055591467,0.00043084877208099956,0.00031363626868798067,0.00031363626868798067
118,701563.8888888889,64,62,0.1279939631370941,0.13088870070541495,155.79139188593223,160.8985728317839,0.9841269841269841,6.850367378940842,0.6926837817117502,0.003730524467851657,0.00043878894251864854,0.002894737568320843,0.002894737568320843
118,753116.6666666666,64,63,0.08606049920225402,0.08786512443988596,95.42566920534387,98.51059227972071,1.0,5.5782699533365685,0.7038151767062749,0.007006071929005138,0.00046696240952603317,0.001804625237631946,0.001804625237631946
118,801666.6666666666,64,64,0.1479764705609594,0.14824280224843472,165.0266532906196,164.8030836581041,0.984375,7.271479127474366,0.6841822461430798,0.0065090041223692776,0.0004338394793926247,0.0002663316874753352,0.0002663316874753352
118,853872.2222222222,64,63,0.11788508813054996,0.12046134311023533,131.0693010913175,134.64456890164334,1.0,7.036168613161923,0.6914529715831979,0.0046491033872038965,0.0004426737494466578,0.0025762549796853745,0.0025762549796853745
118,905058.3333333333,64,63,0.1108457838175866,0.11259229778306508,131.64770442525753,134.16706407123263,1.0,6.951419710140718,0.6870964808455363,0.005075022065313328,0.00044120891242003087,0.00174651396547848,0.00174651396547848
118,956352.7777777778,64,63,0.0955391249270274,0.09365493687465401,121.27822560041369,121.89776593915698,1.0,6.864384986420559,0.6882627520851506,0.005936073059360731,0.00045651677699155445,-0.0018841880523733923,0.0018841880523733923
118,1006063.8888888889,64,63,0.1557831837621874,0.15760158778194053,179.85354289995624,182.27607786250718,1.0,6.8925658230979225,0.6685877736970021,0.005099872503187421,0.0004248990864669641,0.0018184040197531393,0.0018184040197531393
118,1059327.7777777778,64,63,0.04242618418476785,0.04210738723311482,48.98537440519723,36.670312182441045,1.0,6.485243046539812,0.6543446485667926,0.00526200394650296,0.00043840420868040335,-0.00031879695165303035,0.00031879695165303035
118,1111044.4444444445,64,64,0.10782712246716106,0.10825148381515438,124.21497821288575,125.05090847467463,0.984375,6.009274508388511,0.6319848933555758,0.006512605042016807,0.0004200798151648813,0.0004243613479933267,0.0004243613479933267
118,1164947.2222222222,64,63,0.05393687962425311,0.054759020789150285,61.80769498128219,62.90240525074141,1.0,6.6897297330183285,0.6713230971294186,0.006423034330011074,0.0004428697962798937,0.0008221411648971777,0.0008221411648971777
118,1216130.5555555555,64,63,0.05000847096435397,0.04963644155290446,52.06436333142595,51.74165573723377,1.0,6.0249186067191145,0.6480656489547345,0.006016330038676407,0.0004296455424274973,-0.0003720294114495093,0.0003720294114495093
118,1268900.0,64,64,0.022556788219967455,0.023150125935834317,22.514321297367385,23.817980204116825,0.984375,6.424178488578487,0.6263885415925696,0.006347862886161659,0.0004231013327691982,0.0005933377158668617,0.0005933377158668617
118,1322447.2222222222,64,63,0.13548350695269876,0.13735047394175798,173.4373682598324,176.800556900864,1.0,6.888969522740599,0.6314992776709187,0.0068167733939268746,0.0004130524576621231,0.001866966989059221,0.001866966989059221
118,1377291.6666666667,64,62,0.1434769222715727,0.1468510440657658,204.77030822806984,205.61939317284418,0.9841269841269841,7.107855571941481,0.6394391388447836,0.007650951199338296,0.0004134794293983874,0.003374121794193108,0.003374121794193108
118,1432102.777777778,64,63,0.0686492539765564,0.07089742300486958,99.38330352481526,102.51403038865159,1.0,7.020163525431583,0.6175537990947918,0.006010362694300518,0.0004144218814753419,0.0022481690283131794,0.0022481690283131794
118,1486741.6666666665,64,63,0.041111269264634334,0.042808228928278756,51.2973853557083,54.46572976370442,1.0,7.196803201862046,0.6222792002354933,0.0058309037900874635,0.00041640641265875496,0.001696959663644422,0.001696959663644422
118,1541111.111111111,64,63,0.09959331734545233,0.10753819093493058,136.2870087188064,149.9371077860095,1.0,7.218347703624323,0.6020605424876516,0.009286618826509076,0.00042202996412745304,0.007944873589478249,0.007944873589478249
118,1594788.8888888888,64,63,0.1033509754974927,0.10263043100522806,52.19805167784562,51.603651456356744,0.984375,6.267750923757385,0.6423710318857289,0.002746623941405356,0.0004576659038901602,-0.0007205444922646354,0.0007205444922646354
118,1644194.4444444443,64,63,0.0391148338999449,0.0405892652335321,40.45889940198604,42.821698974164434,1.0,7.007198032078923,0.6830033208172022,0.0023261824760920135,0.0005167958656330749,0.0014744313335872047,0.0014744313335872047
118,1688036.111111111,64,63,0.1006744073436753,0.10103044665772891,112.05524058005709,112.66438822116002,1.0,7.390319796915763,0.6938143986603499,0.004012036108324975,0.000501378791677112,0.000356039314053605,0.000356039314053605
118,1733183.3333333335,64,63,0.11620672187622919,0.11801167365718847,120.59388997903805,122.0564489944595,1.0,7.686689962177472,0.6868783390133382,0.0035158211953792064,0.0005021340697966357,0.0018049517809592824,0.0018049517809592824
119,858.3333333333333,64,63,0.31704843366428254,0.31630406690353685,533.3748677076834,527.9046977074684,0.9841269841269841,12.674243672578738,0.2890168440310066,0.009652509652509652,0.0003860258637328701,-0.000744366760745685,0.000744366760745685
119,59155.55555555556,64,63,0.2029898237992834,0.19354848519331658,328.1085066780815,323.13914706739445,1.0,18.644004082093314,0.34607587239436843,0.007515899017151667,0.0003853564547206166,-0.009441338605966826,0.009441338605966826
119,118319.44444444444,64,62,0.2724984583335094,0.2675331340354426,433.31064410777094,421.41598768945096,0.9841269841269841,14.183460229784048,0.31502526435211303,0.009744689144416294,0.0003897116134060795,-0.004965324298066787,0.004965324298066787
119,176441.66666666666,64,63,0.32622507796831096,0.32569916270314914,564.1624951976601,561.0895477963152,1.0,12.692963871349814,0.28653341459301435,0.008745247148288974,0.00038015586390420075,-0.0005259152651618249,0.0005259152651618249
119,235941.66666666666,64,63,0.3184811315488417,0.312816828419988,513.3228501311227,510.87600983372676,1.0,12.461833254069132,0.2868553129032959,0.010882238631947143,0.0003885758694385079,-0.005664303128853743,0.005664303128853743
119,294536.1111111111,64,64,0.3264333215389603,0.3217038673015318,526.7633147865038,518.8285267576671,0.984375,11.886581842597005,0.2793757331838637,0.00984251968503937,0.000393623302499508,-0.004729454237428543,0.004729454237428543
119,352052.7777777778,64,63,0.25067332709574436,0.2508460214748195,398.4725415733096,398.8807994406333,0.96875,15.324572691291367,0.32278081295071126,0.006119226213975523,0.00039471087428458656,0.0001726943790751334,0.0001726943790751334
119,409450.0,64,63,0.26122631799275964,0.2537667170769434,408.21064038255844,404.39245032167656,1.0,15.36603780674184,0.31989321244597146,0.006502463054187192,0.0003940110323089047,-0.007459600915816211,0.007459600915816211
119,467341.6666666666,64,63,0.15442924745672673,0.1553224825547362,242.25842146726,243.48612003014264,1.0,20.495124951377104,0.40249542487213796,0.006067723624975534,0.0003913894324853229,0.0008932350980094816,0.0008932350980094816
119,525177.7777777778,64,63,0.24577483016547969,0.23813887956793883,374.0601191253041,369.96945643300745,1.0,16.493341481778383,0.33280231155057804,0.00822239624119029,0.00039146604032100216,-0.007635950597540853,0.007635950597540853
119,583452.7777777778,64,63,0.28643821886239085,0.28439113099939606,456.1733615660203,452.198853311489,1.0,14.471790982028828,0.30103826578671816,0.00816326530612245,0.000388651379712398,-0.0020470878629947897,0.0020470878629947897
119,641741.6666666666,64,62,0.2351902328036282,0.2366368874411685,365.5920292618852,368.5089940693936,0.9841269841269841,16.667595568852896,0.3367941634985923,0.00879937426671881,0.00039100684261974585,0.0014466546375403178,0.0014466546375403178
119,699666.6666666666,64,62,0.27278121872756156,0.27399190820531544,443.65086521169593,445.5242478972116,0.9841269841269841,16.039261121844735,0.31337430904515945,0.00910499806276637,0.0003873716831299632,0.001210689477753879,0.001210689477753879
119,757755.5555555556,64,63,0.2863284666034596,0.2863511986821026,470.2188423037665,470.0969676012005,1.0,13.976314074503163,0.29738504501380564,0.008863198458574181,0.00038528221922558276,2.2732078643006304e-05,2.2732078643006304e-05
119,816541.6666666666,64,63,0.26336458103630167,0.26384207916796526,427.3689744734656,425.189738472892,1.0,15.623560290363379,0.3478029907827903,0.006986221618474675,0.00038804811796662784,0.00047749813166358956,0.00047749813166358956
119,874919.4444444445,64,63,0.2317605841309816,0.23161077628661494,368.2598168577333,367.851438207787,0.96875,15.933608144167243,0.3227668993668176,0.009122670807453416,0.00038812342324859306,-0.00014980784436666172,0.00014980784436666172
119,933241.6666666666,64,64,0.29073153849768846,0.28819870972277,475.34781539352656,470.9126066580903,0.984375,13.763181010173787,0.29686460796542535,0.012427184466019418,0.00038827412152980003,-0.0025328287749184497,0.0025328287749184497
119,991561.1111111111,64,62,0.20778730788089828,0.20902579071601435,344.06521787847987,342.8735592914187,0.9841269841269841,17.99006247376655,0.37903400809105076,0.007007981312049835,0.00038925652004671076,0.0012384828351160726,0.0012384828351160726
119,1049705.5555555555,64,64,0.2843512360988627,0.28241569954495727,485.1911417639839,481.4453262360938,0.984375,16.01265733327062,0.3056589975812824,0.008400152730049638,0.0003817522427944264,-0.001935536553905437,0.001935536553905437
119,1109425.0,64,63,0.32399638479849135,0.3258510268407636,503.94970251831967,507.6935365153521,1.0,11.262110038083241,0.27103971861048726,0.01019558884727424,0.00041605991262741833,0.0018546420422722587,0.0018546420422722587
119,1163822.2222222222,64,63,0.3048585168755717,0.304454055779301,452.4699626547086,453.5148361114597,1.0,9.516346464588013,0.25698565684538416,0.012119923453115033,0.00042517006802721087,-0.0004044610962706807,0.0004044610962706807
119,1217036.111111111,64,62,0.3595833445636119,0.35457128268015736,594.569209430491,598.0487727115998,0.9841269841269841,11.026800099127334,0.27424928353236055,0.010067763794772507,0.00038714672861014324,-0.005012061883454544,0.005012061883454544
119,1275983.3333333333,64,63,0.37166937815270357,0.36547461897599265,653.1548708725568,646.1947454427036,1.0,12.6270741706514,0.2649878310178843,0.008365019011406844,0.00038015586390420075,-0.006194759176710918,0.006194759176710918
119,1335991.6666666665,64,64,0.3214878051325622,0.3208854697317736,549.9184210524687,548.7933442653866,0.96875,13.75094872088507,0.27172560133855217,0.010826771653543307,0.000393623302499508,-0.0006023354007885784,0.0006023354007885784
119,1393150.0,64,64,0.35101581024263057,0.3485831837583511,600.9362923961684,596.813059195681,0.984375,12.66675433000609,0.27669372591699887,0.00924179554884949,0.0003771450122572129,-0.002432626484279443,0.002432626484279443
119,1453150.0,64,64,0.3198523409614312,0.3170752931137322,549.9567793742174,545.1523034547388,0.984375,12.511921459145828,0.2661080598538878,0.010052194084670405,0.00038654812524159255,-0.002777047847698999,0.002777047847698999
119,1511811.1111111112,64,63,0.31376034824360605,0.3070069227860526,474.17947743654287,469.33788916702946,1.0,9.777415613624264,0.27105257027277585,0.008645533141210375,0.00041160732661041366,-0.006753425457553419,0.006753425457553419
119,1567363.8888888888,64,64,0.32821363821475946,0.32773394253416416,524.1773769831208,523.566925669025,0.984375,11.38047040238322,0.278171897405245,0.011305037683458944,0.000396589331746976,-0.00047969568059530454,0.00047969568059530454
119,1624505.5555555555,64,62,0.27884003859102935,0.2821206154237523,464.11754178503617,466.42785605812946,0.9841269841269841,15.489668925998727,0.310415194140904,0.00833175534936565,0.0003786444528587656,0.0032805768327229257,0.0032805768327229257
119,1683919.4444444445,64,63,0.22404279816322847,0.22261730444539496,371.954980832118,369.51208816804484,1.0,17.620701553069217,0.32288195283287724,0.006948356807511737,0.0003755163349605708,-0.0014254937178335148,0.0014254937178335148
119,1744241.6666666665,64,64,0.1788798670780023,0.17815248399983072,286.47061312885444,285.8613468218145,0.984375,18.306712379372073,0.35786754894664263,0.007502885725278953,0.00038468936333910367,-0.0007273830781715784,0.0007273830781715784
121,452.77777777777777,64,63,0.024308147915358545,0.025027627127206246,23.001025897850862,24.01241592176287,0.9841269841269841,7.00704021224982,0.42387701292655444,0.007776599505125486,0.00035341933203746247,0.0007194792118477011,0.0007194792118477011
121,64555.555555555555,64,63,0.023479487026195834,0.024778712844648148,18.955054891347306,22.704027285156254,0.984375,12.595419440557388,0.4269535095366816,0.004395218002812939,0.0003515556336790297,0.001299225818452314,0.001299225818452314
121,128958.33333333334,64,63,0.024351672552229794,0.025220245917482093,16.807943637902234,19.150445963669966,1.0,8.66362650257708,0.42878930794036646,0.005730129390018484,0.00036961744594344855,0.0008685733652522981,0.0008685733652522981
121,190216.66666666666,64,63,0.028698271866527014,0.028472578983912113,21.435444840261244,20.63553735495988,1.0,6.309402674934736,0.43725717438158057,0.0061394005055976884,0.0003610760064993681,-0.00022569288261490086,0.00022569288261490086
121,252963.8888888889,64,63,0.022339107879639705,0.022937989735647084,16.418401833209707,19.203567968533687,0.9538461538461539,4.843774193038004,0.42112334932451523,0.010022859152452964,0.00035161744022503517,0.0005988818560073786,0.0005988818560073786
121,317394.44444444444,64,62,0.023279242393697372,0.023412075453991512,22.250206394259493,21.54050798394009,0.9841269841269841,6.371074714007001,0.416355705002807,0.0091324200913242,0.0003511852502194908,0.00013283306029414008,0.00013283306029414008
121,381869.4444444445,64,63,0.0448974923238105,0.045548585232312824,19.60380167781933,22.113030264458246,0.984375,4.864308152602451,0.4424945580287005,0.008406572411157814,0.00038204393505253105,0.0006510929085023209,0.0006510929085023209
121,441202.7777777778,64,63,0.02691391998315846,0.026983187089028603,22.854469196343207,24.432980570208812,1.0,8.487307695316948,0.4396468237009991,0.005840481839751779,0.000364963503649635,6.926710587014384e-05,6.926710587014384e-05
121,503286.1111111111,64,63,0.021839856362431978,0.022368531786230474,19.35463128786373,21.1234425005023,1.0,8.32723851971967,0.44101916400433044,0.0058813045802887185,0.0003563791874554526,0.0005286754237984956,0.0005286754237984956
121,566872.2222222222,64,62,0.021923855158688096,0.02326828065394486,20.52186525159422,24.509301297428696,0.9841269841269841,9.668663333932447,0.4399681064234013,0.0054832076764907475,0.00034264176803152307,0.0013444254952567625,0.0013444254952567625
121,632958.3333333334,64,62,0.019484602471424032,0.020345583778661,21.307331824655137,24.92829406354306,1.0,11.231832289686098,0.4546984718796417,0.005039972193256865,0.0003475238922675934,0.0008609813072369688,0.0008609813072369688
121,698130.5555555556,64,62,0.021702142357030253,0.022499160329085274,23.5014849086191,24.46700738963808,1.0,12.427593991993904,0.45046836424681674,0.005046111014442318,0.0003479471120389701,0.0007970179720550204,0.0007970179720550204
121,763241.6666666666,64,63,0.02226523228889937,0.022566863057598235,22.166147890519454,22.838239452909058,1.0,7.218659388664862,0.4693514751288691,0.006762769176009966,0.00035587188612099647,0.0003016307686988656,0.0003016307686988656
121,826913.8888888889,64,63,0.0223097285825856,0.022609494549833197,18.503204540219645,18.61088819650482,0.96875,10.868900242820885,0.4672384822934999,0.0056130503420452555,0.00035075412136092597,0.00029976596724759844,0.00029976596724759844
121,891500.0,64,64,0.019016194186085203,0.020438232414554603,20.989557624480252,23.9438911090349,0.9538461538461539,10.581186329943248,0.4616899871410138,0.005538681436483831,0.0003572704537334762,0.0014220382284694001,0.0014220382284694001
121,954908.3333333333,64,62,0.10165326941241122,0.10814395986610786,175.25440914604926,187.00651719266452,0.9841269841269841,8.687946659290562,0.44974875145272847,0.0078003120124804995,0.0003466204506065858,0.006490690453696643,0.006490690453696643
121,1020263.8888888889,64,63,0.02130021519586999,0.02208049156469197,20.730030623528663,22.97166749826038,1.0,10.39419644614134,0.4578250133984291,0.002822367260539778,0.0003527336860670194,0.0007802763688219798,0.0007802763688219798
121,1084500.0,64,63,0.01708616695012813,0.018097119087854774,16.376658458079007,19.829935151064984,1.0,9.114611914907224,0.44877597472389313,0.006112469437652812,0.00034922297887200976,0.001010952137726645,0.001010952137726645
121,1149394.4444444445,64,63,0.013434735920205516,0.013999697889412358,15.283886038575464,16.94931674557433,1.0,10.860280202490529,0.44933491889759775,0.00510204081632653,0.0003400782179901377,0.0005649619692068425,0.0005649619692068425
121,1216002.7777777778,64,64,0.025464707506851113,0.026076054248999992,18.21852287829201,20.61482453765238,0.984375,10.495585209331937,0.44593133594409645,0.0060480387074477275,0.0003455425017277125,0.0006113467421488793,0.0006113467421488793
121,1281563.8888888888,64,63,0.02949695213935888,0.02991660715468015,22.696002346244757,23.06019062975371,1.0,11.355920006951534,0.4511321765055751,0.004642365887207703,0.00034381983840467596,0.00041965501532127,0.00041965501532127
121,1347494.4444444445,64,64,0.020430354078366207,0.021099412420560116,20.92720785658689,23.17816815093051,0.984375,10.14250624104247,0.44174988307889224,0.005440326419585175,0.0003399626041135475,0.0006690583421939088,0.0006690583421939088
121,1414130.5555555555,64,63,0.03572133104399652,0.032323937443955564,22.255799006278295,23.627508107528158,0.984375,11.143036726737366,0.4504809493719071,0.0081146408839779,0.00034524426031417227,-0.003397393600040953,0.003397393600040953
121,1479630.5555555555,64,64,0.037691102531051186,0.03808054408807917,20.244055526276703,22.070636040031353,1.0,3.45734213836071,0.47272747141194,0.00952914798206278,0.00037362226788716606,0.00038944155702798355,0.00038944155702798355
121,1540155.5555555555,64,63,0.04485283621234308,0.045078110036809914,16.135502485575085,18.111548261658815,0.96875,2.4575404992048924,0.4432671329061493,0.01698754246885617,0.0004528985507246377,0.00022527382446683314,0.00022527382446683314
121,1590183.3333333335,64,64,0.029114329623354685,0.02942210367599645,16.922322359094895,18.405815507295905,0.96875,2.843351684772781,0.5197808464109539,0.010211185889997679,0.0004640371229698376,0.0003077740526417662,0.0003077740526417662
121,1639030.5555555555,64,62,0.035110836246419204,0.12549419093760592,20.145453756331147,156.4734542655436,0.96875,8.429786406982016,0.40060729463836375,0.018385460693153,0.0004225649693640397,0.09038335469118672,0.09038335469118672
121,1692666.6666666667,64,62,0.021424402197696982,0.023074972409129167,17.758446030404247,21.201266184453605,0.9841269841269841,4.018663878273006,0.417455025074941,0.009573361082206036,0.0004161464835622139,0.0016505702114321848,0.0016505702114321848
121,1747119.4444444445,64,63,0.02770568871640532,0.028093142258030085,19.280543220446624,19.778495543899798,0.9841269841269841,6.3269131988432425,0.4566813908843607,0.004258037044922291,0.0004257130693912303,0.0003874535416247653,0.0003874535416247653
122,258.33333333333337,64,63,0.03192071467774265,0.03149627200092197,20.96582719560635,21.741356226347204,0.96875,12.90854964903029,0.5748416610721468,0.005190760446405399,0.0005189413596263622,-0.00042444267682067993,0.00042444267682067993
122,43916.666666666664,64,63,0.024718652593216973,0.02437179389459194,21.222470864951482,20.186342484397127,0.9841269841269841,9.795365075180246,0.5812020449418515,0.00963000506842372,0.0005067139599695972,-0.0003468586986250313,0.0003468586986250313
122,88622.22222222222,64,63,0.03449503694681302,0.035858717753764854,17.99168465836029,21.02676719906041,0.9841269841269841,13.036644797532592,0.5854513523923267,0.007532011046949535,0.000502008032128514,0.0013636808069518377,0.0013636808069518377
122,133769.44444444444,64,63,0.036935471342872866,0.03728433970610918,19.749274696948277,20.135813387665095,0.9841269841269841,14.053104247565187,0.5868154208701751,0.009769539078156312,0.0005008765339343851,0.00034886836323631126,0.00034886836323631126
122,179038.8888888889,64,63,0.08429238188819227,0.08513756351920902,21.31317184994575,23.84211295044073,0.984375,14.678895399234253,0.5738965787330246,0.008397312859884837,0.0004797313504437515,0.0008451816310167531,0.0008451816310167531
122,226216.66666666666,64,64,0.026148845627574576,0.025917302179227907,16.692781213554294,15.248976910211573,0.984375,13.794544827620534,0.5853889681729142,0.006638800098352594,0.0004916420845624386,-0.00023154344834666954,0.00023154344834666954
122,272294.44444444444,64,63,0.043300309613270284,0.04406068445357846,21.26933257448268,25.533927951560507,1.0,11.043687080693424,0.5893516533108558,0.010230787532714728,0.0004757373929590866,0.0007603748403081784,0.0007603748403081784
122,319847.22222222225,64,62,0.03859070275461482,0.03975587980697446,18.597130039837825,20.25184183342905,0.9841269841269841,13.578637344368639,0.5740641696090983,0.007732601646295834,0.0004987531172069825,0.0011651770523596408,0.0011651770523596408
122,365261.1111111111,64,64,0.040884698941757766,0.040813810642711106,23.493540296924458,22.161275583783116,0.9538461538461539,12.338505683994336,0.5585478127144783,0.005950770895320531,0.0005408328826392645,-7.088829904666055e-05,7.088829904666055e-05
122,407152.77777777775,64,63,0.04731662040192689,0.04831746685520951,20.555192285843802,22.74885265413695,0.9841269841269841,14.065823339487002,0.5767602943591665,0.00725,0.0004998750312421895,0.0010008464532826195,0.0010008464532826195
122,452480.55555555556,64,63,0.03741917800253458,0.038604571824109556,16.342425479972114,18.9364677843957,1.0,14.240484977764657,0.5795418455523497,0.007701564380264741,0.00048123195380173246,0.0011853938215749746,0.0011853938215749746
122,499527.77777777775,64,63,0.051424535393601006,0.05188452475285283,20.102163398930177,20.88091503027082,1.0,13.586161626930362,0.5762111308196509,0.008805330794859591,0.0004758505829169641,0.00045998935925182366,0.00045998935925182366
122,547113.888888889,64,62,0.02483420946766954,0.024981439199901936,17.2356578416502,18.93019045253653,0.9841269841269841,12.82335897023282,0.5854995168557906,0.006896551724137931,0.0004596644449551827,0.00014722973223239497,0.00014722973223239497
122,596397.2222222222,64,63,0.044476518506244136,0.045302130819813644,20.40021708291614,21.553115832788606,1.0,13.600488657702554,0.5689641549370257,0.008693492300049677,0.0004966476285075739,0.000825612313569507,0.000825612313569507
122,642008.3333333334,64,62,0.031026450757118833,0.03098370883473512,16.550521233079547,19.147785994778776,1.0,14.223306201641746,0.5734543860963524,0.008270493797129653,0.00048638132295719845,-4.2741922383713465e-05,4.2741922383713465e-05
122,688519.4444444444,64,64,0.042416614449839775,0.042724366659867404,20.323817229901067,19.97276768086982,0.96875,13.298201695760104,0.5608266342385837,0.009698825931597753,0.0005103342689461597,0.00030775221002762865,0.00030775221002762865
122,732922.2222222222,64,62,0.032852480203542506,0.03419857029760675,19.183476603388247,21.636457269438566,0.9841269841269841,14.846600995332595,0.579969647184357,0.00878409616273694,0.00046221400508435407,0.0013460900940642437,0.0013460900940642437
122,781958.3333333334,64,63,0.027645776937124285,0.028339440389523556,21.292724753711074,22.43319420587434,1.0,14.782529302493419,0.5844646348658968,0.00840140023337223,0.0004666355576294914,0.0006936634523992714,0.0006936634523992714
122,830466.6666666667,64,64,0.0415985904682028,0.042484528247483874,19.58792429473087,23.04807450521706,0.984375,14.755464930259741,0.5797382771272864,0.0072328511432571164,0.00046652670865407047,0.0008859377792810735,0.0008859377792810735
122,878975.0,64,63,0.03175850924880762,0.03299453347759046,14.583866691059363,18.279510572630624,0.9841269841269841,13.919747202998746,0.5689631803205368,0.008644109656705359,0.0004938271604938272,0.0012360242287828421,0.0012360242287828421
122,924877.7777777778,64,63,0.025715032405319003,0.02689850021431004,17.57175084386207,20.034372876494118,1.0,14.522286629643105,0.5774575475117577,0.007823613086770981,0.00047404598246029864,0.001183467808991038,0.001183467808991038
122,972694.4444444445,64,63,0.05012869575341876,0.05026527826529083,19.76817051503081,20.085157173110385,1.0,14.687542229931292,0.5754473329434991,0.007956938918792417,0.0004679457182966776,0.0001365825118720687,0.0001365825118720687
122,1021105.5555555556,64,63,0.030239458527636674,0.030949117537629935,17.490112129483055,21.12344250048568,0.9841269841269841,13.996707117377701,0.5729478219209442,0.008050744083922909,0.0004878048780487805,0.0007096590099932611,0.0007096590099932611
122,1067550.0,64,64,0.0355527456611928,0.03588425735529688,19.076132864943446,20.370274666612932,0.96875,14.332196113731467,0.5757108122786111,0.008887821282728801,0.0004803073967339097,0.0003315116941040794,0.0003315116941040794
122,1114744.4444444445,64,63,0.03698311027331542,0.037596503874091754,18.303712358450166,20.832070717679883,1.0,14.418119461050184,0.5822951304762494,0.009898710865561695,0.00046029919447640965,0.0006133936007763352,0.0006133936007763352
122,1163944.4444444443,64,63,0.04706787246100025,0.04633763192821048,19.565674312724205,22.56901700609056,0.984375,15.1018553987285,0.5739322879019833,0.0070246997507364605,0.00045310376076121433,-0.0007302405327897707,0.0007302405327897707
122,1213863.8888888888,64,63,0.044966583484342924,0.04565491606491125,21.64057338816566,23.323744222689616,1.0,14.567831721616502,0.5806320144323428,0.006967022758941012,0.0004643603436266543,0.0006883325805683224,0.0006883325805683224
122,1262611.111111111,64,62,0.02832862640826288,0.0287388717379783,16.84492485670475,16.47280584114259,0.9841269841269841,13.83668652869729,0.5803557213852119,0.00834326579261025,0.00047664442326024784,0.0004102453297154182,0.0004102453297154182
122,1310116.6666666665,64,64,0.038996466764837916,0.04014230451320742,17.649486698658485,20.370274666670475,1.0,13.873093788051651,0.5662289704334973,0.007492507492507493,0.0004993757802746567,0.001145837748369502,0.001145837748369502
122,1355441.6666666665,64,62,0.0598643298217573,0.06055700857589646,18.747095885507278,20.505952673900577,0.9841269841269841,13.74256904462278,0.5708011147094407,0.005732801595214357,0.00049838026414154,0.000692678754139156,0.000692678754139156
122,1400897.222222222,64,63,0.030850463709850232,0.031826612831995546,18.964900821387594,20.880915030278462,1.0,14.732301545438222,0.578882210320517,0.00784966698382493,0.0004756242568370987,0.0009761491221453138,0.0009761491221453138
122,1448530.5555555555,64,62,0.03831932146749378,0.03858576101762197,19.931183878607495,21.492372710392246,1.0,14.075906231598537,0.5768385211367387,0.006574141709276844,0.0004868549172346641,0.0002664395501281863,0.0002664395501281863
122,1495080.5555555555,64,64,0.03552788928210729,0.03596138221490415,17.600058153106126,20.27162868901308,0.984375,14.215637452722984,0.5760062367669901,0.009900990099009901,0.0004828585224529213,0.0004334929327968612,0.0004334929327968612
122,1542036.111111111,64,63,0.05182601276536375,0.052094714303804614,21.522357393677034,23.58435280548955,1.0,14.977458557987477,0.574720195673336,0.006419073819348923,0.00045840018336007336,0.0002687015384408645,0.0002687015384408645
122,1591377.7777777778,64,63,0.02558287211440701,0.026147059795496162,16.700235012200285,17.655838793838353,0.9841269841269841,13.438575715406262,0.5689997700309682,0.008629441624365483,0.0005074854097944684,0.0005641876810891511,0.0005641876810891511
122,1636027.7777777778,64,63,0.022892059780201514,0.024224925734560573,14.53257509008606,17.128679589743975,1.0,14.027964519324387,0.5699262891190194,0.00604991177211999,0.0005040322580645161,0.0013328659543590596,0.0013328659543590596
122,1680980.5555555555,64,63,0.0497924249764195,0.05055489863828964,23.408630002299795,25.69301938451039,1.0,14.78627662366767,0.5737305312075582,0.008701787394167451,0.00047025628967787447,0.0007624736618701347,0.0007624736618701347
122,1729097.2222222222,64,62,0.03265806756757148,0.033703318970470124,16.58057213612375,18.261854143966016,0.9841269841269841,13.973030367693855,0.5745662238046898,0.008160237388724036,0.0004944375772558715,0.001045251402898642,0.001045251402898642
123,194.44444444444446,64,62,0.08031506015303791,0.07778168118011913,101.59642676150041,103.66494353504208,1.0,27.819333019114723,0.4891600495244671,0.006071118820468344,0.00028905911258852437,-0.002533378972918776,0.002533378972918776
123,78333.33333333333,64,64,0.10590882248224824,0.10637692921419509,119.83089521832528,120.55374755896956,0.984375,16.371681125135677,0.48297649024555145,0.004443786105762109,0.0002962085308056872,0.00046810673194684627,0.00046810673194684627
123,154763.88888888888,64,62,0.10277788436109052,0.10173385039274004,130.01298069555688,127.58157052607255,0.9841269841269841,29.035682225947014,0.48750134303884374,0.005847953216374269,0.00029235491887151,-0.001044033968350483,0.001044033968350483
123,232016.6666666667,64,63,0.0932622060709735,0.09442305403862877,108.30748244092246,110.44530745773883,1.0,29.935572944815387,0.48877654948209537,0.005110981308411215,0.0002920134326179004,0.001160847967655268,0.001160847967655268
123,309619.4444444445,64,63,0.09610071454632889,0.09414849836133701,107.6279766696784,109.24896295464832,1.0,27.73395647961789,0.4871277552994963,0.004416310908287944,0.00029437739181630853,-0.0019522161849918757,0.0019522161849918757
123,386375.0,64,63,0.1287769176652814,0.12927674502373393,136.5707074894385,138.3316895698733,0.9841269841269841,26.701444479057788,0.4801234574994709,0.003940110323089046,0.0003151591553734636,0.0004998273584525259,0.0004998273584525259
123,458233.3333333334,64,64,0.10880695095833819,0.10885151017001378,89.68269544459208,90.67958841090544,0.984375,24.89534382011138,0.4906019361860085,0.005679270662083395,0.00029886431560071725,4.455921167559329e-05,4.455921167559329e-05
123,533961.1111111111,64,65,0.13314363105159377,0.16420517330213122,98.16554646181976,143.7795772735213,0.9692307692307692,26.49515272631053,0.48392593725018834,0.005321575186255131,0.0003040437823046519,0.03106154225053745,0.03106154225053745
123,608552.7777777778,64,62,0.0860444017867581,0.08739954213118338,98.71422999498506,98.38521120755048,0.9841269841269841,26.906201033213396,0.4899289814562248,0.003404381290704559,0.0002959893443836022,0.0013551403444252846,0.0013551403444252846
123,685100.0,64,63,0.06148129929743493,0.057070776016758494,102.49707380891003,100.82062640736135,1.0,27.681111226454558,0.48226116357457305,0.004249706916764361,0.00029304029304029304,-0.004410523280676433,0.004410523280676433
123,762205.5555555555,64,63,0.1044281462419517,0.10520294761921847,108.39018359447134,108.79108990653789,1.0,28.69573683332539,0.4883317945189971,0.005093872798719255,0.0002910360884749709,0.0007748013772667789,0.0007748013772667789
123,839961.1111111111,64,64,0.0696338690013899,0.06996325286170552,98.48198168623584,99.63272995124547,0.984375,27.47515589611694,0.49060042696372896,0.005279366476022877,0.0002932551319648094,0.00032938386031561295,0.00032938386031561295
123,917072.2222222222,64,63,0.05817369556911299,0.05970995780454231,98.4977767621152,101.91604338697006,1.0,27.974225221614475,0.490812000936192,0.0047017337643255955,0.00029381519024533566,0.0015362622354293184,0.0015362622354293184
123,994191.6666666667,64,63,0.09080015764766346,0.0913643788742832,86.00409583384176,86.47203339910918,1.0,27.046886070142996,0.49781684173659096,0.004920232592813478,0.0002981514609421586,0.0005642212266197405,0.0005642212266197405
123,1070075.0,64,64,0.09025373320475705,0.08944050497495744,113.1120238888733,109.75209378726079,0.984375,27.322753811725953,0.4946452347953003,0.004546787914344382,0.0002932981375568265,-0.0008132282297996091,0.0008132282297996091
123,1147450.0,64,63,0.08056328413278738,0.08123850704876322,98.8874290094372,100.17186438239797,1.0,27.02767860096368,0.4943370089325024,0.006260247428826949,0.00029806259314456036,0.0006752229159758399,0.0006752229159758399
123,1223397.222222222,64,63,0.06352957582821694,0.06410376045702428,104.8184506971136,106.07918173847249,1.0,27.857005201815696,0.4865177512257987,0.004511715907437055,0.0002910360884749709,0.000574184628807331,0.000574184628807331
123,1301116.6666666665,64,62,0.12426855741003945,0.12570538883627308,108.42404987728939,109.96740508944887,0.9841269841269841,26.11620106774851,0.4982691201234486,0.004514672686230248,0.0003009328919650918,0.0014368314262336312,0.0014368314262336312
123,1376413.8888888888,64,63,0.10130199724212093,0.10204427192518477,102.25637870205817,104.21901895689643,1.0,20.1156763044041,0.49348300911392645,0.0053948748688745695,0.00029967036260113877,0.0007422746830638427,0.0007422746830638427
123,1451841.6666666667,64,63,0.1501276238182571,0.15086620709112697,123.28018406599064,125.61031699101105,0.953125,19.59431822021963,0.48976712072409934,0.006254886630179828,0.00031269543464665416,0.0007385832728698805,0.0007385832728698805
123,1524166.6666666667,64,63,0.09696486780131128,0.0964581117228828,106.31681725495386,106.15598115618802,1.0,26.898395395980685,0.4983109154952566,0.004344677769732078,0.0002896032435563278,-0.000506756078428483,0.000506756078428483
123,1602327.7777777778,64,63,0.13914992140516025,0.13866979523771797,142.49005219349678,144.06035324880673,0.9841269841269841,24.89389991028774,0.4931105959791886,0.004924638113714371,0.0002984183825723665,-0.00048012616744227965,0.00048012616744227965
123,1678341.6666666667,64,64,0.07638285540975359,0.07674642698321132,87.34233676358505,88.47533817861606,0.984375,27.865679570007945,0.4973186706379108,0.005615486921826511,0.0002955082742316785,0.0003635715734577327,0.0003635715734577327
124,675.0,64,63,0.0282747951859484,0.028604135807294786,43.26101400264509,45.27324560017207,0.9841269841269841,20.391747616099455,0.49367075914541125,0.009450421634195988,0.00029073993312981537,0.00032934062134638495,0.00032934062134638495
124,78550.0,64,64,0.026083586178955318,0.026007053301167878,43.97574319605784,43.54690364507846,0.984375,11.382494407450693,0.4933147240776569,0.012235979606700656,0.00029129041654529564,-7.653287778744064e-05,7.653287778744064e-05
124,156319.44444444447,64,64,0.024444238865086128,0.024415889376793978,38.08860375965443,37.32536939809595,0.984375,7.732245310210075,0.49550797759571874,0.015047479912344777,0.00029214139643587495,-2.83494882921502e-05,2.83494882921502e-05
124,233877.77777777775,64,63,0.09977218826349912,0.10124902919274256,43.28545972373866,59.59246265719794,1.0,11.536105052563883,0.48427572899931576,0.011201792286765882,0.00032,0.0014768409292434392,0.0014768409292434392
124,304144.44444444444,64,63,0.03246141569730246,0.044937570609687706,36.89526330035127,68.90021862629347,1.0,4.758728005276054,0.23548061304967646,0.01201000834028357,0.000333555703802535,0.012476154912385247,0.012476154912385247
124,372063.8888888889,64,62,0.028772676578152665,0.02981175603293875,41.38194235804189,42.54883251272854,0.9841269841269841,4.165559758709491,0.4842457418398719,0.02082670906200318,0.00031791448100460976,0.0010390794547860856,0.0010390794547860856
124,443313.8888888889,64,62,0.04541075086655161,0.04585978653264772,65.55316349439337,63.912438387194804,0.9841269841269841,6.398492101748921,0.503446391041434,0.016954377311960544,0.0003082139004469102,0.00044903566609610923,0.00044903566609610923
124,516850.0,64,65,0.05418817381125717,0.11080824262951196,46.01287198916952,108.38724192025526,0.9692307692307692,5.0354493500411,0.4915749442967244,0.0131769243130323,0.00032133676092544985,0.056620068818254786,0.056620068818254786
124,587316.6666666667,64,64,0.07500045491811962,0.12992172210435807,137.93715129034715,199.69756483896737,0.9538461538461539,9.80655358177405,0.4186093102808321,0.014877102199223804,0.00032336297493936947,0.05492126718623845,0.05492126718623845
124,657341.6666666667,64,62,0.033116372524743476,0.03408394142654823,41.27504127507783,43.34465746938054,0.9841269841269841,15.331001086676599,0.49909472624200146,0.011694058154235146,0.00031600568810238584,0.0009675689018047509,0.0009675689018047509
124,729016.6666666666,64,64,0.025197888834568728,0.024897667124667185,39.153604929480665,38.46271112303573,0.984375,16.93542413872656,0.5013882847930666,0.010017217091876663,0.00031298904538341156,-0.0003002217099015436,0.0003002217099015436
124,801394.4444444444,64,63,0.07417902395427023,0.07516454113264084,142.74529636249505,144.49107012943946,0.96875,13.669128456539806,0.4918923221585035,0.009300883583940475,0.00030998140111593303,0.0009855171783706151,0.0009855171783706151
124,874494.4444444444,64,63,0.036837508687111796,0.03696116028010528,54.873728189376735,54.89423364370358,0.984375,14.869527809782587,0.5048387493118154,0.009826500844464917,0.00030703101013202335,0.0001236515929934831,0.0001236515929934831
124,948277.7777777779,64,62,0.06548382907032121,0.07822372980762897,126.44229640823325,152.48429164137795,0.9841269841269841,18.705133737187413,0.4956111713802171,0.011156961638392174,0.0003056234718826406,0.012739900737307755,0.012739900737307755
124,1022425.0,64,64,0.1408808722197499,0.16839017057882444,270.8798553923122,307.64305121564803,0.96875,15.696703445108161,0.45850945493336376,0.014259429622815088,0.00030660738923808065,0.027509298359074535,0.027509298359074535
124,1096330.5555555555,64,63,0.030318471274660412,0.0295944329600948,42.564987677904675,42.41534376961035,1.0,20.35837417276686,0.5055355350345265,0.012704174228675136,0.00030243459851807047,-0.0007240383145656129,0.0007240383145656129
124,1171191.6666666665,64,63,0.05879704475753155,0.059225673720217246,104.03904966425,104.95927549788657,1.0,18.255530191761398,0.5040190539408723,0.011466136676349182,0.0003057169061449098,0.0004286289626856954,0.0004286289626856954
124,1245302.7777777778,64,63,0.029573960409073688,0.03024920807965971,37.862478839412866,39.220769962342345,0.9841269841269841,19.407319428613164,0.5037716691323029,0.010741138560687433,0.0003068425897514575,0.0006752476705860211,0.0006752476705860211
124,1318961.1111111112,64,63,0.03870661763507775,0.03863878093924565,43.25669861783878,42.02930303083334,1.0,17.587064521451914,0.4820321078707844,0.012026653664878921,0.00032499187520311994,-6.783669583210195e-05,6.783669583210195e-05
124,1388663.8888888888,64,63,0.09942312005116496,0.1092493929713319,182.58236549885916,200.6993537693122,0.96875,17.654046562569274,0.44000414530891446,0.00985633144002673,0.00033405712376816435,0.00982627292016694,0.00982627292016694
124,1456461.1111111112,64,64,0.04086184396683697,0.04153246861358929,40.67671057195553,42.8742346038853,0.984375,17.719511152224392,0.47306107723255425,0.009926407667294199,0.00034223134839151266,0.00067062464675232,0.00067062464675232
124,1522666.6666666667,64,62,0.06343158072543742,0.07721622404693601,102.92479555692287,130.4633647899752,0.9841269841269841,18.710196904419423,0.44703386008792395,0.008861174926156876,0.00032813781788351107,0.01378464332149859,0.01378464332149859
124,1591725.0,64,63,0.03460982137333165,0.03386770621612566,42.23919673873506,41.32041253349069,0.984375,17.609412061826287,0.47007363121794726,0.009717013296965565,0.0003408897221748764,-0.0007421151572059859,0.0007421151572059859
124,1658125.0,64,63,0.08875869050619475,0.08948953960985111,140.48146077113194,141.48451779194164,1.0,14.22032319170719,0.4876116131381282,0.007511909124221327,0.00036636746656896867,0.000730849103656353,0.000730849103656353
124,1719941.6666666665,64,65,0.05406209015366852,0.10749104857072453,47.643336312816444,103.59450798026978,0.9692307692307692,16.678105028412567,0.4766030791197177,0.009005947323704333,0.0003397893306150187,0.053428958417056006,0.053428958417056006
200,625.0,64,62,0.28449980774838934,0.31497186281777617,343.3727474447759,384.1061045864041,0.9841269841269841,10.727596082085542,0.2889041371532886,0.008182050626438252,0.0005112474437627812,0.030472055069386828,0.030472055069386828
200,44986.11111111112,64,63,0.25748072554582796,0.3026833934149086,337.46174023887016,403.31786910127425,0.96875,10.435441378362729,0.31153724834116037,0.007068921989396617,0.0005047955577990914,0.045202667869080615,0.045202667869080615
200,89683.33333333334,64,63,0.25514241250295683,0.29716673808427296,340.09110891876185,400.77897467017556,0.96875,10.249811382823223,0.2997750650014987,0.011276391554702496,0.0004797313504437515,0.042024325581316135,0.042024325581316135
200,136869.44444444444,64,63,0.10743354418046404,0.1077972627718516,116.28147283179517,110.76766862871048,1.0,15.890266176808389,0.4319835583415853,0.004221504842314378,0.0004965243296921549,0.0003637185913875629,0.0003637185913875629
200,182327.77777777778,64,63,0.22189894524511036,0.27071806825511047,297.4181178709685,365.8659720166259,0.9841269841269841,10.503501355342241,0.30830398632429723,0.008020050125313283,0.0005011275369581559,0.048819123010000104,0.048819123010000104
200,227672.22222222222,64,63,0.16540734648693953,0.181757062708409,186.64663764367654,208.2815822430098,0.96875,8.419460052775456,0.3769893807391051,0.007295325587679005,0.0005402485143165856,0.016349716221469468,0.016349716221469468
200,269647.22222222225,64,64,0.10997100368898742,0.13857899086578676,110.20011846236899,146.55057718222395,0.9538461538461539,12.6739260938309,0.38140607429842854,0.00425531914893617,0.0005672149744753262,0.02860798717679934,0.02860798717679934
200,309663.8888888889,64,63,0.10556503199472521,0.15001549915700688,109.51815104447434,166.0380355554601,0.96875,8.167549593610449,0.31468308337544065,0.00948821161587119,0.0005748778384593274,0.04445046716228167,0.04445046716228167
200,349122.2222222222,64,63,0.10999286421509946,0.13303653231477902,119.70516265289002,151.80746937144013,1.0,11.514364883543012,0.40206664360802985,0.004850444624090542,0.0005387931034482759,0.02304366809967956,0.02304366809967956
200,391116.6666666667,64,63,0.2477376681088136,0.2753563827827219,309.2554585934662,348.11931427265944,1.0,12.811201195238356,0.3673292765068535,0.006760140210315473,0.0005006257822277847,0.027618714673908307,0.027618714673908307
200,436175.0,64,63,0.23637215351261126,0.2689589271538947,303.7706502036273,348.4089030708008,0.96875,10.871697242192278,0.36082948729958786,0.005005005005005005,0.0005003752814610958,0.03258677364128343,0.03258677364128343
200,481761.1111111111,64,63,0.23066402346147966,0.26664667311370976,300.91581639114935,355.0472941248969,0.984375,10.880184629810802,0.3012321251664789,0.00857843137254902,0.000490075961774075,0.03598264965223011,0.03598264965223011
200,528000.0,64,64,0.1202742165989517,0.1520483227884978,149.51509635559458,198.5347813083422,0.984375,15.124897603934082,0.4415747736443878,0.00537371763556424,0.0004884004884004884,0.03177410618954611,0.03177410618954611
200,574158.3333333333,64,62,0.23639917361324336,0.28770942767847235,306.90440307115523,380.3532717047768,0.9393939393939394,8.58452543635543,0.2786001505529785,0.010075566750629723,0.000503651473180559,0.05131025406522899,0.05131025406522899
200,619080.5555555555,64,64,0.19465578675028308,0.20894388886181017,217.3743153890407,235.47545814383693,0.9393939393939394,9.974870415748185,0.3299322640270151,0.006261414036003131,0.0005216484089723526,0.01428810211152709,0.01428810211152709
200,662538.8888888889,64,63,0.15057184776768515,0.19385239380169605,162.99609504893778,216.76597990525877,1.0,10.936172057991518,0.3063281087361879,0.008017694221730716,0.000552791597567717,0.04328054603401091,0.04328054603401091
200,703513.8888888889,64,62,0.1432932352768839,0.18448493534975752,164.96216212904358,220.80896954675293,0.9841269841269841,13.507527368843782,0.31633843278299634,0.011939506500397984,0.0005305039787798408,0.04119170007287362,0.04119170007287362
200,746400.0,64,62,0.12778098585133002,0.15453786138091707,149.5849993916783,182.42561249690056,0.9841269841269841,15.407993887225167,0.4379182463782982,0.005868844092880837,0.0005102040816326531,0.026756875529587054,0.026756875529587054
200,790611.1111111111,64,63,0.17528924640904978,0.21360245604709302,202.44147740075215,251.13140626341402,0.96875,11.657103998373467,0.3220323610311915,0.006406833956219968,0.0005337603416066186,0.038313209638043244,0.038313209638043244
200,832980.5555555556,64,63,0.07613909776273332,0.09614931082079606,58.806114477709066,84.21600798258874,1.0,10.156356625017583,0.45262980293705113,0.005911912503694945,0.000591016548463357,0.020010213058062734,0.020010213058062734
200,871369.4444444444,64,64,0.07218772944145405,0.08573582266757258,52.15511779512732,71.28541693304045,0.984375,9.659732158318096,0.49959683559824697,0.006910452058738843,0.0005757052389176742,0.013548093226118538,0.013548093226118538
200,910680.5555555555,64,62,0.14386605638004857,0.1698770374389484,157.15424331767937,191.70490246332008,0.9841269841269841,10.588800102556185,0.3562921831795706,0.006793478260869565,0.0005433306166802499,0.026010981058899818,0.026010981058899818
200,952316.6666666667,64,63,0.19045318222248064,0.24571016826278289,234.74038126190996,309.667968250599,0.9538461538461539,10.179090206813054,0.27739307650736694,0.0073510107639800475,0.0005249343832020997,0.05525698604030224,0.05525698604030224
200,995608.3333333334,64,62,0.2530266697744184,0.29463505437472265,314.8498864785134,368.8180210526322,0.9841269841269841,8.63910598184608,0.2764060036903578,0.010116731517509728,0.0005186721991701245,0.04160838460030425,0.04160838460030425
200,1039869.4444444445,64,64,0.2515961237106927,0.2925012129967592,328.68435166080087,393.4280880522769,0.96875,11.655838409893514,0.3229200153222476,0.011855794822163078,0.0004837929366231253,0.04090508928606651,0.04090508928606651
200,1086902.7777777778,64,63,0.31203854958703836,0.3303810853518314,402.74656905421085,444.1454103382923,0.953125,8.998733931419142,0.277607916689513,0.008660091412076016,0.000481000481000481,0.018342535764793055,0.018342535764793055
200,1133744.4444444445,64,64,0.2747174103406513,0.29207343950466585,359.54772549075807,386.1070069240909,0.9538461538461539,9.439733929657692,0.28827612349030374,0.009329732383992144,0.0004909180166912126,0.017356029164014575,0.017356029164014575
200,1180069.4444444443,64,63,0.24671754366447798,0.2990870447425599,318.61705222063733,396.5267744544201,0.984375,8.993770836786682,0.2904657540815437,0.011928934010152284,0.0005074854097944684,0.05236950107808194,0.05236950107808194
200,1224838.888888889,64,63,0.22708954172445706,0.29289036236850674,299.73521435698586,391.41469032061997,0.96875,8.791940306591576,0.2690046575099699,0.005639579594975647,0.0005125576627370579,0.06580082064404968,0.06580082064404968
200,1269236.111111111,64,64,0.24251642969175505,0.29493850405175825,303.98607181876685,379.38484888560737,0.984375,9.421136218180774,0.28261446163808873,0.011743681388817973,0.0005104645227156713,0.05242207436000321,0.05242207436000321
200,1313694.4444444443,64,63,0.2260314417906645,0.2807416621547821,296.1653823317855,377.3334464960489,1.0,10.259227160416883,0.29032225159182795,0.013157894736842105,0.0004964010920824026,0.05471022036411757,0.05471022036411757
200,1359386.1111111112,64,63,0.22100830517080394,0.2779937945313404,282.24411127822736,362.85757779668603,1.0,9.137643232466708,0.2822905102533027,0.014998707008016551,0.000517063081695967,0.056985489360536434,0.056985489360536434
200,1403044.4444444445,64,63,0.19856823306259166,0.254062818495302,243.32077183991956,320.20019063895734,0.96875,10.2826957102966,0.28707480452765255,0.011845222426954462,0.0005263157894736842,0.055494585432710325,0.055494585432710325
200,1445908.3333333333,64,62,0.1874768905202283,0.25393480097001314,236.82687208951737,328.82993235908015,0.9841269841269841,9.177077369432018,0.26255166696443394,0.00996590611067401,0.0005243838489774515,0.06645791044978483,0.06645791044978483
200,1489100.0,64,62,0.24337203715699704,0.2740242815630922,306.52887500959423,349.30461656015285,0.9841269841269841,12.296188741393172,0.3218903946638828,0.009794319294809012,0.0004895960832313342,0.03065224440609518,0.03065224440609518
200,1535150.0,64,62,0.2542611503300917,0.30215756270872624,344.5347609651495,417.94126885022564,0.9841269841269841,11.194206388153145,0.28804787189590675,0.00985684111710866,0.0004692632566870014,0.04789641237863451,0.04789641237863451
200,1583311.1111111112,64,62,0.2266426014075771,0.26173627264964544,301.98240702679806,361.36569595247863,0.9841269841269841,14.046808267721303,0.3221329358094487,0.007572172266919072,0.0004731488052992666,0.03509367124206833,0.03509367124206833
200,1631522.222222222,64,65,0.23809923356111726,0.27603878666568743,312.45210704277997,351.4099402899334,0.9692307692307692,13.725606146436846,0.3460528798247765,0.009651600753295669,0.0004706989879971758,0.03793955310457017,0.03793955310457017
200,1679375.0,64,63,0.21922022084766474,0.24781118179022574,281.7672739948574,326.94085956382304,0.9841269841269841,17.019255775717273,0.3381952306002677,0.010528778661675245,0.00046783625730994154,0.028590960942561,0.028590960942561
200,1727758.3333333335,64,63,0.21595981130131658,0.2573831805739318,301.53905464045357,365.8771094891501,1.0,16.029136492474578,0.30442960936434016,0.006997900629811057,0.0004664179104477612,0.041423369272615196,0.041423369272615196
201,441.66666666666663,64,63,0.18292526427353192,0.18277317314338482,171.04756069792154,171.67294541089265,0.9841269841269841,17.7646605805419,0.4837286083089497,0.011889377100025847,0.0005167958656330749,-0.0001520911301471084,0.0001520911301471084
201,44152.77777777778,64,63,0.21717671150306386,0.2187080518446589,193.9083110503106,190.66211528951786,1.0,16.95016753216853,0.48173181190132247,0.010117582718074924,0.0005467468562055768,0.00153134034159505,0.00153134034159505
201,85500.0,64,64,0.25545338587465327,0.25554520209484244,219.18795409290976,218.93267422809046,0.984375,17.981039178399467,0.4978211206705222,0.008591512626920072,0.0005205622071837585,9.181622018916702e-05,9.181622018916702e-05
201,129055.55555555555,64,62,0.2162299272996549,0.21868486348078517,209.93055592606913,213.6865232170921,0.9841269841269841,18.01512353872974,0.487505423730199,0.007561929595827901,0.0005213764337851929,0.0024549361811302683,0.0024549361811302683
201,172425.0,64,63,0.26819084773329555,0.26772743622926454,263.7525586347575,259.05063390165776,1.0,17.00809783562935,0.5008956434988445,0.009877826878086821,0.0005197505197505198,-0.0004634115040310083,0.0004634115040310083
201,215925.0,64,63,0.1935009426939622,0.1957683748417357,154.2189278205872,156.99343062353313,1.0,17.753678520969835,0.48770112934698,0.009174311926605505,0.0005241090146750524,0.0022674321477735015,0.0022674321477735015
201,258997.22222222222,64,63,0.23009829667566278,0.2233808395722772,214.49490557150838,214.830488472545,0.96875,18.546464398439955,0.4938286119062353,0.007176441474882455,0.0004948045522018803,-0.006717457103385588,0.006717457103385588
201,304477.77777777775,64,63,0.27428989097777623,0.27336054416865363,261.91679633788857,262.23216584935847,1.0,17.916749030339712,0.4830026108220097,0.008194685870374968,0.0004965243296921549,-0.0009293468091225998,0.0009293468091225998
201,350033.3333333334,64,63,0.36140796462290414,0.3649779414020303,278.1849652105916,283.5620607174847,0.9841269841269841,20.22204999210645,0.4657007853587097,0.013403813479327922,0.00037750094375235937,0.0035699767791261827,0.0035699767791261827
201,410252.7777777778,64,64,0.3407916026577612,0.3425934284544585,382.97588003862995,387.7131162158146,0.890625,20.344286480928446,0.43374770242012295,0.016101297483195248,0.00031259768677711783,0.0018018257966972984,0.0018018257966972984
201,482061.1111111111,64,63,0.4685750195997347,0.47212004725106005,378.7884764305103,382.14075554418633,0.9841269841269841,15.986937933599641,0.4794872639514273,0.0115,0.0004998750312421895,0.003545027651325361,0.003545027651325361
201,527788.8888888889,64,64,0.2829356729022681,0.28470443655633937,364.013528956337,404.9378419617766,0.96875,17.934973813785867,0.4026922205682845,0.018991760927244798,0.00027925160569673273,0.0017687636540712481,0.0017687636540712481
201,608541.6666666666,64,66,0.17611409151207574,0.23277386788688773,335.5674829943859,378.8413877310065,0.9104477611940298,15.271812038205036,0.4026746743775729,0.018924601982577352,0.0003003453972067878,0.05665977637481198,0.05665977637481198
201,684047.2222222222,64,66,0.20708755709780047,0.2586480254510564,392.2048845255132,417.4233350462025,0.8955223880597015,13.467099191366017,0.36015014967665515,0.012808497344579818,0.00031235358425737937,0.05156046835325595,0.05156046835325595
201,756636.111111111,64,63,0.23414843140243347,0.2523178818802614,418.96840346063635,429.19363813183685,0.9375,15.386418758079133,0.37970112179473314,0.018325826991768907,0.00031055900621118014,0.01816945047782792,0.01816945047782792
201,829600.0,64,67,0.17141176836149477,0.26018476220851355,336.3280202959087,393.0627912613346,0.9117647058823529,13.257139738101698,0.3557702293143349,0.019821757836508913,0.00030726686126901216,0.08877299384701878,0.08877299384701878
201,903075.0,64,66,0.19253657390306014,0.2430124826395814,347.71166221432696,377.6759956007244,0.9545454545454546,13.128190988386926,0.3774585214994772,0.017969589924742742,0.0003071253071253071,0.05047590873652125,0.05047590873652125
201,976897.2222222222,64,66,0.17641137539072088,0.2394882212567164,318.44514102979815,375.40936991028076,0.9393939393939394,13.756924404158068,0.36711280667227064,0.015682509201472235,0.00032,0.06307684586599552,0.06307684586599552
201,1047483.3333333334,64,63,0.23979273506883286,0.23937393607353855,342.49524352306986,334.2988743949055,0.9523809523809523,10.544397170836607,0.37003568045914276,0.02859053669954857,0.00033433634236041456,-0.0004187989952943172,0.0004187989952943172
201,1115280.5555555555,64,63,0.2711255725009228,0.2750910426315884,396.28483022529764,403.28036488396225,0.9841269841269841,8.743947590070734,0.3934158134507237,0.018682557577709775,0.00032206119162640903,0.003965470130665616,0.003965470130665616
201,1185597.2222222222,64,65,0.2632845086347582,0.2773962267670312,389.49629344133314,398.0060249494826,0.8636363636363636,13.60626995862833,0.36582263656622366,0.015318015318015318,0.000332944897619444,0.014111718132272966,0.014111718132272966
201,1253108.3333333333,64,64,0.22816842478374824,0.2306501806907767,393.1398487321174,398.37999351356274,0.890625,14.312892621094324,0.37390463882136465,0.01740630390465736,0.00031357792411414236,0.0024817559070284545,0.0024817559070284545
201,1325377.7777777778,64,66,0.0982489104122154,0.18745515266849638,186.2742023330176,276.0850770873043,0.9545454545454546,15.783856224883957,0.38657999110956326,0.016767371601208458,0.00030206917384080956,0.08920624225628099,0.08920624225628099
201,1400400.0,64,64,0.22646218782954008,0.24467590795700267,335.53784905459156,342.8886621902002,0.96875,19.200940704301424,0.45310032164773006,0.01694102605082308,0.00031959092361776926,0.018213720127462585,0.018213720127462585
201,1470722.2222222222,64,66,0.5135770024915289,0.5082662670997852,853.2287727358818,837.811988829637,0.8939393939393939,15.153781757483952,0.43216199755232954,0.011825449700199867,0.00033305578684429644,-0.005310735391743759,0.005310735391743759
201,1538877.7777777778,64,64,0.5482483608357154,0.5394944027598476,676.1666660749626,665.9018149280921,0.984375,16.44562726289151,0.4670342347594662,0.014914645103324348,0.00035932446999640676,-0.008753958075867763,0.008753958075867763
201,1601502.7777777778,64,63,0.271470113165032,0.27434550049520934,222.7027734194764,225.16143571842557,1.0,14.96312395106006,0.4949437160880153,0.00930888575458392,0.0005640157924421884,0.002875387330177337,0.002875387330177337
201,1641652.7777777778,64,62,0.18153299038750703,0.18445312494193222,183.66904746422273,183.59142787282443,0.9841269841269841,16.71008520525521,0.4875019581441184,0.008576789064593943,0.0005359056806002144,0.002920134554425191,0.002920134554425191
201,1683877.7777777778,64,63,0.1968830474044212,0.19728692312685622,170.4677806429897,170.41027685498892,0.9841269841269841,15.938070974530165,0.47943626714609405,0.0049682583494341705,0.0005518763796909492,0.00040387572243502645,0.00040387572243502645
201,1724925.0,64,63,0.22165416024682122,0.22026363121474105,202.56562034464596,204.81926944819276,1.0,15.855637260001028,0.4777342159157575,0.008641641911963273,0.0005399568034557236,-0.0013905290320801733,0.0013905290320801733
202,966.6666666666666,64,64,0.07807042675183264,0.07821975473392188,148.91458145090382,149.63006261566812,0.984375,17.60837887482548,0.4124927336488059,0.016596211053702833,0.00031308703819661864,0.0001493279820892479,0.0001493279820892479
202,73261.11111111111,64,63,0.034370244705569264,0.03445050016226595,41.99097208162761,42.22276459655195,1.0,18.118850375503257,0.40496952859993895,0.015370138017565873,0.00031362709738121374,8.025545669668871e-05,8.025545669668871e-05
202,145444.44444444447,64,64,0.03587890245024169,0.036081025403370694,43.91343853118317,44.390339967553416,0.984375,18.825746349061152,0.4134308753620808,0.017075442409189692,0.0003104144032283098,0.0002021229531290053,0.0002021229531290053
202,218380.55555555556,64,64,0.12948834083337712,0.12990600808815023,247.071910730624,248.17074842101835,0.984375,17.719755689351924,0.39627597798271047,0.01623325453112687,0.0003151591553734636,0.00041766725477310196,0.00041766725477310196
202,290252.7777777778,64,64,0.08107195003744966,0.08159505871523395,156.1564335541337,157.11907740444732,0.984375,18.384230599752886,0.4132715042411062,0.0168600154679041,0.0003093102381688834,0.0005231086777842953,0.0005231086777842953
202,363508.3333333333,64,63,0.09650323807234086,0.09749135232380442,167.94314051736941,161.54119784855064,1.0,18.006029939512523,0.41656050679508905,0.015432579890880748,0.0003117206982543641,0.0009881142514635566,0.0009881142514635566
202,436166.6666666667,64,63,0.07201268174124559,0.07225573601389501,128.70021182615906,128.3143395227956,0.96875,14.665749467022525,0.4058875313549355,0.013792010145846544,0.0003170074496750674,0.00024305427264942336,0.00024305427264942336
202,507644.44444444444,64,63,0.04462970697530097,0.0451988910980035,41.01036284421012,42.607052514897966,1.0,17.1035923121265,0.41964878261113236,0.014242278764602337,0.00032,0.000569184122702529,0.000569184122702529
202,578411.1111111111,64,65,0.11105796753049266,0.16058133630441596,165.24144204665396,195.43952125315215,0.9692307692307692,11.919984130110898,0.42765682251474785,0.009768927296637234,0.0003756574004507889,0.0495233687739233,0.0495233687739233
202,638730.5555555556,64,62,0.10010438094914785,0.10216523742069446,144.9694930760807,148.26922375778148,0.9841269841269841,15.75099752362447,0.43949467718083896,0.012367149758454106,0.0003863987635239567,0.002060856471546607,0.002060856471546607
202,697388.8888888889,64,63,0.20612577810363664,0.2081825025976688,302.82627608031675,304.88394773949665,0.9841269841269841,12.363814548428412,0.4212618047837811,0.022779043280182234,0.000350385423966363,0.0020567244940321583,0.0020567244940321583
202,761497.2222222222,64,62,0.2268911425070531,0.2290921993834323,377.754387321406,381.2861147736882,0.9523809523809523,10.922058053463422,0.40690961081742855,0.013773167828600578,0.00034002040122407346,0.0022010568763791982,0.0022010568763791982
202,828147.2222222222,64,63,0.08067821417381033,0.08042978745947632,129.9239277470083,129.00320612731798,1.0,10.050377303945737,0.4306968924354306,0.01572996886776995,0.000327653997378768,-0.00024842671433400465,0.00024842671433400465
202,897311.1111111111,64,63,0.03330911223657496,0.03379339761654387,41.38645322509159,43.082592381342444,1.0,16.487019259246612,0.4365197760285158,0.0112431737873434,0.0003211819495744339,0.00048428537996890453,0.00048428537996890453
202,967805.5555555555,64,62,0.04658148982284862,0.04580450274236473,42.53427647706105,43.344657469370055,0.9841269841269841,20.244157282273296,0.4492246196292514,0.01469875625908577,0.00032299741602067185,-0.0007769870804838902,0.0007769870804838902
202,1037972.2222222221,64,63,0.03401612297262276,0.03346658348949471,45.77695565950658,45.9876604627012,0.96875,24.848819286060632,0.46815793136368045,0.02040816326530612,0.00030455306837216383,-0.0005495394831280531,0.0005495394831280531
202,1112369.4444444445,64,63,0.44907790815256937,0.45088396138706205,450.7090966077972,454.43711917299294,1.0,16.736085029221297,0.4748960913359445,0.01828410689170183,0.00046871338176704945,0.0018060532344926772,0.0018060532344926772
202,1160452.7777777778,64,63,0.3972214263724689,0.397615391564081,381.26062931173834,382.6550044645811,1.0,14.591980598931537,0.47036946005283914,0.017604617604617605,0.0005770340450086555,0.0003939651916121112,0.0003939651916121112
202,1199752.7777777778,64,63,0.13516694446133423,0.13568319962472647,84.01305819121559,83.77940131325022,1.0,11.655747001850825,0.44333884482712,0.011418685121107266,0.0006918021445866483,0.0005162551633922374,0.0005162551633922374
202,1232686.1111111112,64,63,0.19963096854943765,0.1996402708063734,119.87502618822492,119.84976807300022,1.0,12.073358436002147,0.4513665739507691,0.015811665495432184,0.0007024938531787847,9.302256935739273e-06,9.302256935739273e-06
202,1264875.0,64,62,0.4971706630145922,0.4863510955412929,311.59736226239517,302.225795730768,0.9841269841269841,13.144973313278262,0.44609054176233937,0.023099133782483156,0.0006414368184733803,-0.010819567473299263,0.010819567473299263
202,1300119.4444444445,64,62,0.33351500048980687,0.3242263453401539,268.48895729836204,270.07825050624984,0.9682539682539683,15.314094104733181,0.47791589897553066,0.010737496467928794,0.0005649717514124294,-0.009288655149652991,0.009288655149652991
202,1340491.6666666665,64,62,0.21883364415935408,0.21932633605738427,207.82644428430928,195.2009054561865,0.9841269841269841,16.393284960550805,0.4966055287027675,0.013068478829064296,0.0005226025607525476,0.0004926918980301953,0.0004926918980301953
202,1383813.8888888888,64,63,0.23859464905809938,0.23710966446024195,192.0004495837692,191.10507555317696,0.96875,15.652646424043192,0.47216881815079353,0.01337419894120925,0.0005571030640668524,-0.001484984597857425,0.001484984597857425
202,1424575.0,64,63,0.1979006576498867,0.1958182368656003,167.575553435267,168.0747896543509,0.96875,16.418594401967493,0.46603229713924926,0.011856642414443546,0.0005387931034482759,-0.002082420784286415,0.002082420784286415
202,1466597.2222222222,64,64,0.24511157116625065,0.24537666906297045,216.43851143303854,216.95055151392506,0.984375,16.215886881654768,0.47300670095654446,0.01048767697954903,0.0005242463958060288,0.00026509789671980144,0.00026509789671980144
202,1509636.1111111112,64,62,0.22231933839651485,0.22319987460054755,123.51719077028561,122.91780924446938,0.9841269841269841,13.78513916090202,0.4567855586246819,0.011079455523899969,0.0006329113924050633,0.0008805362040326947,0.0008805362040326947
202,1545347.2222222222,64,64,0.03798733585318135,0.038214843725561574,13.190317219053464,13.653788978673541,0.984375,9.782232618225038,0.39159001951354794,0.01507338357794526,0.0007930214115781126,0.0002275078723802254,0.0002275078723802254
202,1573897.222222222,64,63,0.22300464490806676,0.2244900697902411,217.64723887375672,218.0545496561669,1.0,16.561452043107337,0.47854878731653255,0.012578616352201259,0.0005239717055279015,0.0014854248821743465,0.0014854248821743465
202,1617219.4444444445,64,63,0.24361857948352708,0.2450085711857576,200.9522828734251,195.57326201520388,1.0,16.71941304158647,0.48573519926033437,0.0128928283642224,0.0005370569280343716,0.0013899917022305308,0.0013899917022305308
202,1659477.777777778,64,62,0.22507284706955252,0.22658634605541367,226.2925284732721,226.32182046175598,0.9682539682539683,16.84448160473859,0.47772993421593485,0.01366622864651774,0.0005254860746190226,0.0015134989858611447,0.0015134989858611447
202,1702752.7777777778,64,63,0.22344872310567326,0.2255033355666604,208.08497741446413,212.29756714238437,1.0,16.579681381767646,0.47759693955233423,0.010747051114023591,0.0005241090146750524,0.0020546124609871486,0.0020546124609871486
202,1745858.3333333333,64,63,0.22684829989311472,0.22673751487521654,209.4866523360167,209.3402551840093,1.0,17.36351521380781,0.4924187982630366,0.01283394447354636,0.0005236973029588898,-0.00011078501789818507,0.00011078501789818507
203,275.0,64,60,0.2882397018559086,0.2657965435186118,207.84500714048878,205.2979914047678,0.921875,6.8503482495484835,0.44377412365393526,0.011740534194305841,0.0005868544600938967,-0.022443158337296765,0.022443158337296765
203,38930.555555555555,64,59,0.38098939853803043,0.38782487098541274,290.8605946218631,296.4744702973251,0.8484848484848485,6.175159662605774,0.39617669241435727,0.00849673202614379,0.0006533812479581836,0.006835472447382307,0.006835472447382307
203,73469.44444444445,64,56,0.32864251518292736,0.3489392085553782,283.31472342659845,310.943762124877,0.8870967741935484,6.471357268732581,0.36620120048369637,0.010175763182238668,0.0006165228113440197,0.020296693372450825,0.020296693372450825
203,110152.77777777777,64,62,0.41328565112231946,0.4060118170570166,329.0033887195185,333.2879665974448,0.9384615384615385,16.143920589301686,0.2423646226510264,0.007557436517533253,0.0006044122091266244,-0.007273834065302853,0.007273834065302853
203,147694.44444444447,64,62,0.27505304284259285,0.26729375718384,214.25078772276657,188.29802163475708,0.9230769230769231,8.694627409388604,0.412055027950048,0.011627906976744186,0.0005670541536716756,-0.007759285658752835,0.007759285658752835
203,187475.0,64,63,0.29460039491279877,0.27793901878780936,310.4247100302534,290.4063385068382,0.8805970149253731,8.288374616229842,0.28955198615704686,0.015912897822445562,0.0005581914596706671,-0.016661376124989413,0.016661376124989413
203,228141.6666666667,64,60,0.3027126940865105,0.3211085200811606,250.6321656872865,297.35772303866867,0.9076923076923077,9.890833922567882,0.35095955115537414,0.01433389544688027,0.000561955605507165,0.01839582599465006,0.01839582599465006
203,268741.6666666667,64,54,0.3709352623609209,0.4256968953641833,312.41665555259107,383.56997853989753,0.8,6.61292325240971,0.30057119516448877,0.010869565217391304,0.0006036824630244491,0.05476163300326242,0.05476163300326242
203,305980.55555555556,64,58,0.31232965404227636,0.3643200730346126,266.5635067786967,338.56034875896637,0.9047619047619048,6.856692496928209,0.3522007391026805,0.012393036293892004,0.0005899705014749262,0.05199041899233625,0.05199041899233625
203,344150.0,64,59,0.3404300727125266,0.3363772080152268,278.81726799114494,335.41165238530226,0.9354838709677419,7.462766610891049,0.3914773962722381,0.01662049861495845,0.0005538631957906397,-0.004052864697299818,0.004052864697299818
203,384733.3333333334,64,61,0.2955699125006875,0.29185572464675885,207.5418058004729,203.54556821138155,0.9076923076923077,7.9279745854054875,0.33433627960518475,0.008713331397037467,0.0005807200929152149,-0.00371418785392863,0.00371418785392863
203,423697.2222222222,64,59,0.31426055474836023,0.3013355247499368,290.84797199160346,310.08063977409427,0.890625,6.959630161610907,0.31091381141824803,0.012573344509639563,0.0005586592178770949,-0.012925029998423432,0.012925029998423432
203,464052.7777777778,64,61,0.3139745728710368,0.3230934416529539,238.90217309067475,265.02319622888484,0.9230769230769231,6.173276444425378,0.35394914280108064,0.0080370942812983,0.0006180469715698393,0.009118868781917089,0.009118868781917089
203,500555.55555555556,64,59,0.36839224855498626,0.3543057867673498,295.91903532546434,319.42228675233565,0.8382352941176471,7.387995386945206,0.32559666332503734,0.008278618327148159,0.0005707762557077625,-0.01408646178763645,0.01408646178763645
203,540013.8888888889,64,63,0.3672017786350842,0.3715503075223468,313.6278928876283,322.26470005530155,0.953125,3.7180010815963906,0.37873221999331697,0.012580546179809757,0.0006134969325153375,0.004348528887262615,0.004348528887262615
203,577197.2222222222,64,58,0.3103353185963059,0.3144365227797572,279.218708927927,309.7821474974334,0.875,4.331289272132626,0.28288999825508987,0.01526032315978456,0.0005982650314089142,0.004101204183451279,0.004101204183451279
203,615083.3333333334,64,58,0.321088818800296,0.3530573023930996,284.4151928355847,325.53008833487365,0.8769230769230769,7.671734151571872,0.273599837460293,0.008503937007874015,0.0006297229219143577,0.03196848359280363,0.03196848359280363
203,650841.6666666667,64,60,0.2711667211058328,0.26383447918089237,229.57943168324348,234.41556455834632,0.921875,8.227492485167359,0.3366950023235041,0.007756391841424878,0.0005743825387708214,-0.007332241924940419,0.007332241924940419
203,690072.2222222222,64,56,0.28030814262639325,0.3573393931138318,220.96606772628624,293.46138465861424,0.8888888888888888,7.957592887974917,0.28580087258297443,0.006602839220864972,0.0006600660066006601,0.07703125048743853,0.07703125048743853
203,724572.2222222222,64,56,0.2884749896066374,0.29350720326234464,215.60736727715664,233.23711869075342,0.8888888888888888,8.048244717323694,0.35339879983635863,0.002327901563019621,0.0006648936170212766,0.005032213655707218,0.005032213655707218
203,758458.3333333334,64,56,0.28873649750913755,0.3717130251610384,192.58261220811934,269.58524002754336,0.875,10.522386424894705,0.36264218589092034,0.004417261297995243,0.0006793478260869565,0.08297652765190083,0.08297652765190083
203,791686.1111111111,64,56,0.33208121378231825,0.3506472534033707,273.40329447608207,294.09596425781467,0.873015873015873,8.129471207543117,0.38571783820033,0.00871313672922252,0.0006700167504187605,0.018566039621052466,0.018566039621052466
203,825263.8888888889,64,61,0.344559263672879,0.31104647739224706,262.31325495975415,246.93965275766854,0.9090909090909091,15.358920998866287,0.41577591507394973,0.00539568345323741,0.0005993407252022775,-0.03351278628063192,0.03351278628063192
203,863188.8888888889,64,60,0.3135982976094233,0.30281322063959826,223.25685073293067,246.22986941783043,0.921875,12.113120244017349,0.2994077788893659,0.005946481665014866,0.0006605019815059445,-0.010785076969825058,0.010785076969825058
203,897341.6666666667,64,61,0.2823944568855232,0.3663650638829601,218.19006535511298,309.15445760397284,0.90625,8.062032789723805,0.25982168333581085,0.00712957222566646,0.0006197706848466068,0.08397060699743686,0.08397060699743686
203,933830.5555555555,64,62,0.30337944006467094,0.3011196901869328,219.24500941578776,242.58701390177742,0.96875,13.55849439971148,0.35712951383889097,0.00846262341325811,0.0005640157924421884,-0.0022597498777381375,0.0022597498777381375
203,973766.6666666666,64,60,0.3547897968847444,0.3342114559665062,301.4195473562926,325.96659671328246,0.9076923076923077,11.842474238392047,0.34216306147118414,0.009191673425250067,0.0005405405405405405,-0.02057834091823818,0.02057834091823818
203,1015952.7777777778,64,60,0.3437427433542175,0.3673233108843069,325.203846557766,362.7193064953601,0.8529411764705882,10.126435032255221,0.30395765259726154,0.009283434870902234,0.000580046403712297,0.023580567530089414,0.023580567530089414
203,1055072.2222222222,64,57,0.36682132345082297,0.4025545710581072,349.1387965313068,446.6397527778484,0.875,10.073710730558643,0.2822913754629867,0.01457096600107933,0.0005395198273536552,0.035733247607284246,0.035733247607284246
203,1097166.6666666667,64,57,0.3291368692410481,0.2910327264370149,248.82914789608768,275.73156038097494,0.8636363636363636,10.081649945461171,0.3590274552804791,0.010294538175579068,0.0005717552887364208,-0.038104142804033236,0.038104142804033236
203,1136486.111111111,64,51,0.41155353329078115,0.4951815641575698,370.3414340548327,538.2654835291873,0.7352941176470589,7.679122089186817,0.20292781282257633,0.013197360527894421,0.0005997001499250374,0.08362803086678866,0.08362803086678866
203,1174286.111111111,64,60,0.3009454714973743,0.28985308753926187,233.0080190838732,248.7752618323515,0.9523809523809523,9.635289441906618,0.43519615438016024,0.009169054441260744,0.0005729017473503294,-0.011092383958112406,0.011092383958112406
203,1213569.4444444443,64,62,0.33893740099253367,0.33121051241612587,284.3315135501625,296.828194435853,0.9682539682539683,9.489297697756069,0.3036231123305435,0.011323806956052845,0.0005390835579514825,-0.007726888576407798,0.007726888576407798
203,1255677.7777777778,64,62,0.354067254409116,0.34026662863426915,268.86507936886545,269.129384728272,0.9242424242424242,8.54753044239202,0.34594728461115287,0.0074850299401197605,0.000598623166716552,-0.013800625774846864,0.013800625774846864
203,1293377.7777777778,64,61,0.31197129425124925,0.3015086695762185,319.88165498814385,332.05563625404636,0.9523809523809523,10.90903162699814,0.31353516021252825,0.00961301454276559,0.0004928536224741252,-0.01046262467503073,0.01046262467503073
203,1339027.7777777778,64,63,0.26229000156423576,0.2663885873125879,242.85795859427523,261.51638468165396,0.96875,6.327450371140356,0.38831812486724604,0.010692328254477412,0.0005344735435595938,0.004098585748352146,0.004098585748352146
203,1381302.7777777778,64,61,0.2610821045879137,0.23138187985627182,225.4775335490728,210.20492557416614,0.8787878787878788,8.323252779631169,0.39596882424183116,0.0074649148999701405,0.0005970149253731343,-0.029700224731641883,0.029700224731641883
203,1419016.6666666667,64,59,0.29441886080347357,0.31959603264287195,249.08559375190663,270.26266226348866,0.8507462686567164,6.747155066082727,0.36527977473348683,0.009198813056379823,0.0005932957579353308,0.025177171839398382,0.025177171839398382
203,1457294.4444444445,64,56,0.3166132468671571,0.331468214896961,261.49727904439425,305.47757153664764,0.8253968253968254,9.776376939111342,0.26931872219432973,0.019116855142703285,0.0005383580080753701,0.014854968029803906,0.014854968029803906
203,1499530.5555555555,64,59,0.32098656296138856,0.309329812265119,276.0677652165411,314.9367373149056,0.9206349206349206,7.769418010401468,0.3043906477221853,0.01044018058690745,0.0005641748942172073,-0.011656750696269536,0.011656750696269536
203,1539436.1111111112,64,62,0.29909756173167307,0.31196674343683684,302.48775610359655,324.8753882035735,0.953125,7.916355131938247,0.3427598161082816,0.012318029115341545,0.000559753708368318,0.012869181705163768,0.012869181705163768
203,1580330.5555555555,64,52,0.3826561980444006,0.3933751267662911,266.8508237572552,327.5684393709747,0.8095238095238095,8.45284457549035,0.27929692964251784,0.012927054478301015,0.0006153846153846154,0.010718928721890508,0.010718928721890508
203,1617280.5555555555,64,63,0.25610323646783695,0.2651596762636324,245.25439088531928,257.0094810540939,0.96875,5.811556530460405,0.2943826002996436,0.014565677966101694,0.0005295207836907599,0.009056439795795457,0.009056439795795457
203,1660113.8888888888,64,57,0.308123211074015,0.3339400061268039,226.27353500508315,306.0103288418306,0.859375,5.5456214020086545,0.3163077687472313,0.011232633757020397,0.000591016548463357,0.025816795052788888,0.025816795052788888
203,1698516.6666666667,64,61,0.34216426494490887,0.3482708784626712,271.54774353895573,305.759593928061,0.9365079365079365,4.866432113688899,0.3352196086856424,0.010878217033695941,0.0005305039787798408,0.006106613517762316,0.006106613517762316
203,1741472.2222222222,64,63,0.29985193512719277,0.3041601087802381,235.54512597797302,237.62506341050252,0.96875,4.1970127683305565,0.37402089723467835,0.012569832402234637,0.0005585032113934655,0.004308173653045311,0.004308173653045311
205,636.1111111111111,64,62,0.018313445838986583,0.019486943100428554,15.259438324684316,17.802362790046654,0.9841269841269841,26.132909731584732,0.4702583334061375,0.004500926661371459,0.0005293806246691371,0.0011734972614419713,0.0011734972614419713
205,43444.444444444445,64,64,0.0158650963879011,0.0174506790224868,13.293698557816812,15.50966206555732,0.984375,27.42202722522922,0.47137773208176315,0.004489041457618167,0.0005279831045406547,0.001585582634585702,0.001585582634585702
205,86352.77777777778,64,64,0.015692058373647087,0.01692666039533248,12.387486459666398,14.781719649415358,0.984375,25.637511501318976,0.46404113855635015,0.004010695187165776,0.0005346164127238706,0.0012346020216853944,0.0012346020216853944
205,128722.22222222223,64,63,0.01565927982197113,0.017511985365609183,13.213884000783732,15.894741966962362,0.96875,24.40857465717115,0.4685692246788339,0.006636580833554553,0.0005307855626326964,0.0018527055436380509,0.0018527055436380509
205,171388.88888888888,64,64,0.017931082878372803,0.019414902819317133,15.169459613912025,17.852961744176312,0.984375,23.015328085928214,0.4734258826105133,0.0034768654720513507,0.0005347593582887701,0.0014838199409443302,0.0014838199409443302
205,213766.6666666667,64,63,0.05527928327357024,0.0650541064624295,60.79361152220676,72.38992415011111,1.0,24.97593564701225,0.44047784504805276,0.004494976203067161,0.000528680941052075,0.009774823188859257,0.009774823188859257
205,256608.33333333334,64,63,0.02903586272913856,0.030932146112976615,14.255903498126434,17.99870262557363,1.0,22.849665257151194,0.4654084384990947,0.003877042370534478,0.0005537098560354374,0.0018962833838380537,0.0018962833838380537
205,297250.0,64,46,0.24844728421534087,0.1741158754100166,125.55314459525258,163.5512678780475,0.7142857142857143,8.058492249084678,0.24877601962624268,0.004477134633834346,0.0006393861892583121,-0.07433140880532427,0.07433140880532427
205,332763.88888888893,64,64,0.055193142056918366,0.06261282323727276,59.54326358999083,68.97005642918737,0.984375,19.203441219411836,0.4299286067205835,0.005598507064782724,0.0005330490405117271,0.0074196811803543886,0.0074196811803543886
205,375277.77777777775,64,62,0.016406960587119743,0.018560921486640843,15.474056859249831,17.626965775728927,1.0,23.66180954456567,0.47466156832856327,0.0056941431670282,0.0005421523448088912,0.0021539608995211,0.0021539608995211
205,417052.7777777778,64,64,0.01587670139869564,0.018506845769402275,14.062534570066367,17.282431587894333,0.953125,23.999777978853675,0.4692984321023125,0.0052197802197802195,0.0005492996429552321,0.0026301443707066365,0.0026301443707066365
205,458288.8888888889,64,63,0.014206633616328394,0.01591874261202185,12.367376890448837,14.83387165795497,1.0,27.128488560707346,0.45762343740622463,0.005473453749315818,0.0005471956224350205,0.0017121089956934551,0.0017121089956934551
205,499669.44444444444,64,63,0.020557105034463986,0.021759484562592288,14.368943843988308,16.64608445162135,0.96875,23.783037925414618,0.46670136092941794,0.006117908787541713,0.0005560189046427579,0.0012023795281283015,0.0012023795281283015
205,540411.1111111111,64,64,0.054382258883692275,0.06520026072714606,58.86639862685493,71.43991215636463,0.984375,22.42248462314724,0.42225739753854247,0.0035278154681139757,0.0005425935973955507,0.010818001843453787,0.010818001843453787
205,582150.0,64,63,0.016300891621400762,0.01655315018459837,13.964846061718266,14.626394703460482,1.0,26.695394368061123,0.4537684197089804,0.003787878787878788,0.0005409791723018664,0.00025225856319760834,0.00025225856319760834
205,624005.5555555556,64,62,0.09435589549347441,0.10940806540721378,103.28871353291689,121.00711940114984,0.9841269841269841,12.33941244465942,0.4131097549315337,0.006528835690968444,0.0005439216752787598,0.015052169913739366,0.015052169913739366
205,665666.6666666666,64,62,0.014238551215136576,0.016448457862788132,12.527349609998812,15.634101797073132,0.9841269841269841,20.45073064840526,0.45219501044108557,0.00558659217877095,0.0005319148936170213,0.0022099066476515567,0.0022099066476515567
205,708261.111111111,64,63,0.01742921878759215,0.019327394005761063,14.229689739847137,17.77086176148192,0.96875,26.89029293156956,0.45584118726300904,0.006379585326953748,0.0005314908317831517,0.001898175218168912,0.001898175218168912
205,750872.2222222222,64,62,0.019720306534230802,0.02115551393866204,13.830522522506016,16.535559614485656,0.9841269841269841,18.618388829363894,0.4525829740328495,0.004920721705850191,0.0005465974309920743,0.0014352074044312393,0.0014352074044312393
205,792294.4444444445,64,64,0.03515239686037506,0.04590864317483214,32.899279696371465,46.936484521594814,0.984375,19.103958382955167,0.42219324342721637,0.005477951246233908,0.000547645125958379,0.010756246314457082,0.010756246314457082
205,833658.3333333333,64,62,0.021067016352686454,0.021688109753011848,18.922198123897672,19.147785994779905,0.9841269841269841,20.9198902073025,0.4626468873728597,0.003992547245142401,0.0005321979776476849,0.000621093400325394,0.000621093400325394
205,876238.888888889,64,63,0.02088387043678233,0.022512541593181515,17.5859101940681,19.726921804148354,1.0,21.18733506257693,0.462951033736199,0.0054715997915581035,0.0005209690023443605,0.0016286711563991835,0.0016286711563991835
205,919711.1111111111,64,62,0.1044254796308264,0.09349148424936977,92.51736788952788,113.08766691564979,0.9375,19.010784361774,0.39810290536102383,0.006222943722943723,0.0005409791723018664,-0.010933995381456632,0.010933995381456632
205,961575.0,64,62,0.03647587831606044,0.04270318979901936,39.899814799394505,46.7253149282851,0.9682539682539683,14.572776615309737,0.4549679683517576,0.004286096972944013,0.0005356186395286556,0.006227311482958922,0.006227311482958922
205,1003866.6666666666,64,64,0.023877282188986833,0.024796723273510544,17.108830085833493,18.131495905281877,0.984375,21.53200445179846,0.44861116755356545,0.003629764065335753,0.0005184033177812338,0.000919441084523711,0.000919441084523711
205,1047538.8888888888,64,62,0.0205647064923144,0.021496998035760984,16.726297149353577,18.31848018410462,0.9841269841269841,25.11291902359401,0.44441139862899226,0.005605095541401274,0.0005094243504839531,0.0009322915434465846,0.0009322915434465846
205,1092011.1111111112,64,62,0.018590850267306856,0.019214506408433616,16.372858328396262,17.685624725823047,0.9841269841269841,27.45542148346639,0.4417123460374332,0.00403530895334174,0.0005042864346949068,0.0006236561411267598,0.0006236561411267598
205,1136933.3333333335,64,63,0.018737708480352843,0.019058807417174674,17.057834949824596,18.22369514295979,1.0,27.020884905255308,0.43275939588911266,0.0049987503124218945,0.0004997501249375312,0.00032109893682183074,0.00032109893682183074
205,1182275.0,64,63,0.0907990453420624,0.09813362142198064,119.17323548409233,128.47302662223063,0.96875,25.859922016768902,0.39702539168908496,0.00423728813559322,0.00049838026414154,0.007334576079918234,0.007334576079918234
205,1227725.0,64,63,0.018327167254143576,0.01856500854262924,16.231628097553997,16.889105838630726,1.0,27.450233118855206,0.42861054415108557,0.005385556915544675,0.0004894762604013706,0.00023784128848566496,0.00023784128848566496
205,1273983.3333333333,64,62,0.018120532371158276,0.017578168052019956,16.752318740813458,16.660358061288125,0.9841269841269841,23.733677332742452,0.4284785961512828,0.00535279805352798,0.00048649963512527365,-0.00054236431913832,0.00054236431913832
205,1320527.7777777778,64,62,0.11227628126222826,0.1272688557038918,137.5151597304939,155.6904517008328,0.9841269841269841,23.394819892360367,0.371183494682503,0.003213049925852694,0.0004941932295527551,0.014992574441663534,0.014992574441663534
205,1366375.0,64,64,0.08620429373445028,0.09467464387067541,105.25506653960485,116.21902174910818,0.984375,23.717661395766665,0.4090200493596716,0.006574141709276844,0.0004868549172346641,0.00847035013622513,0.00847035013622513
205,1412916.6666666667,64,63,0.13121103860606248,0.14750552679103368,171.49335592678153,193.2255851277379,1.0,20.198319209268348,0.3743377893099742,0.005594745803940647,0.00048638132295719845,0.0162944881849712,0.0162944881849712
205,1459491.6666666665,64,52,0.219539272702364,0.19787891205269925,197.1996496050856,250.56759234106022,0.8387096774193549,6.833131064462574,0.19522221227730852,0.008656799776598716,0.0005583472920156337,-0.021660360649664756,0.021660360649664756
205,1500136.1111111112,64,62,0.01995342914259665,0.02097204135208098,17.681189224994565,20.35386687129768,0.9841269841269841,28.68495302375717,0.43817177218806497,0.004800768122899664,0.00047996160307175426,0.0010186122094843278,0.0010186122094843278
205,1547316.6666666665,64,63,0.016540403399583393,0.017945826530116903,16.52041566698757,18.445943540996915,0.96875,27.719392295913643,0.4382592561210959,0.0038461538461538464,0.0004806536890170632,0.0014054231305335105,0.0014054231305335105
205,1594427.7777777778,64,62,0.015049773686138876,0.015403018840211622,14.190278306147066,14.817838749448594,0.9841269841269841,25.12048798234246,0.4316277670586409,0.0033783783783783786,0.0004825090470446321,0.0003532451540727462,0.0003532451540727462
205,1641355.5555555555,64,63,0.13360502840367677,0.15031154845766456,170.42360604038072,191.6108214664207,1.0,21.332000568419712,0.35295517599955567,0.005523535062439962,0.0004801920768307323,0.01670652005398779,0.01670652005398779
205,1688502.7777777778,64,63,0.10266001116932036,0.11822813699020082,130.93962800021444,151.2090453932984,1.0,24.325563948406582,0.38530213811833053,0.004356243949661181,0.0004839099927413501,0.015568125820880463,0.015568125820880463
205,1735330.5555555555,64,63,0.014981029405289325,0.016718818352185007,14.996182973847391,18.66554584192576,0.96875,27.804883677208164,0.43232056655171286,0.005315293549166465,0.0004830917874396135,0.0017377889468956822,0.0017377889468956822
207,138.88888888888889,64,57,0.3799469483573091,0.41349819301156526,608.6477257540374,654.4258826025522,0.57,4.114160278910705,0.12716982566100293,0.013327475102519038,0.0002928686484111876,0.033551244654256185,0.033551244654256185
207,77180.55555555556,64,59,0.1998326082667073,0.24297750552385128,285.7359129466109,310.69677913345095,0.9365079365079365,6.534944661776877,0.20980578361502608,0.011918492887351018,0.0003843936190659235,0.04314489725714399,0.04314489725714399
207,135791.66666666666,64,48,0.35550004378084715,0.45875852319500704,691.8775138891384,845.5573337838314,0.7619047619047619,6.637652056002893,0.16670996193961146,0.01335258029592205,0.00036081544290095615,0.10325847941415989,0.10325847941415989
207,198166.66666666666,64,75,0.4031026763105692,0.44115271822918095,754.1759779220556,741.5273911062428,0.5691056910569106,13.841734980864912,0.1386485664660352,0.02118592475343967,0.00024348672997321646,0.03805004191861178,0.03805004191861178
207,290550.0,64,46,0.05695619605735053,0.3617285811152654,30.01310612427161,453.28891052716267,0.6716417910447762,3.523661693513381,0.20335380164725345,0.005950964056177101,0.00047596382674916705,0.3047723850579149,0.3047723850579149
207,338088.8888888889,64,43,0.03581455937477614,0.3514260313950385,25.820370972332892,481.5782930162638,0.6825396825396826,5.155661086604388,0.23636397519114893,0.00666360294117647,0.00045945325063174823,0.31561147202026235,0.31561147202026235
207,387419.44444444444,64,49,0.03534614640156378,0.3391195168591121,27.355663722788666,478.1380819995624,0.7384615384615385,6.885060899561297,0.21002668984089076,0.012655417406749556,0.0004439511653718091,0.3037733704575484,0.3037733704575484
207,438455.55555555556,64,48,0.03063830909040788,0.3446184440967923,24.8902409387074,403.4520176193091,0.7121212121212122,7.3792723694254585,0.22551149988209795,0.007803534542116135,0.0004589261128958238,0.31398013500638444,0.31398013500638444
207,487825.0,64,53,0.03055698533565634,0.24986224178259944,25.902180199137398,191.10246942247554,0.8125,4.8471615367118925,0.22624554199568897,0.016530797101449276,0.0004527960153950645,0.2193052564469431,0.2193052564469431
207,537850.0,64,54,0.02924930780485585,0.29602486032502734,24.847704180169387,399.7211338496612,0.8571428571428571,7.169973237454938,0.25622096950235285,0.01294711432960281,0.00043878894251864854,0.2667755525201715,0.2667755525201715
207,589494.4444444444,64,58,0.0330926828535156,0.2316867265378431,29.13357911585463,292.6210032102904,0.890625,7.371893629497328,0.2361134246473501,0.012132822477650063,0.00042562247286656737,0.1985940436843275,0.1985940436843275
207,642758.3333333334,64,58,0.03258095833950584,0.2623224123539686,29.171999853765097,306.96814501759127,0.890625,6.697959817330036,0.23539080568679183,0.011391880695940349,0.0004141644232760406,0.22974145401446275,0.22974145401446275
207,697500.0,64,54,0.030066544209455988,0.3104674159085956,29.773721839010225,419.6579809683718,0.828125,7.747938655272324,0.23754780528101774,0.010437575270975512,0.0004013646397752358,0.28040087169913963,0.28040087169913963
207,753919.4444444445,64,56,0.037329091249723355,0.3071399079205473,33.59737122522998,485.6908237150578,0.859375,7.467562289201578,0.253427502215831,0.012167300380228136,0.00038015586390420075,0.26981081667082396,0.26981081667082396
207,813522.2222222222,64,59,0.028479835753573712,0.22360368794617472,31.992133640861145,327.31489573873,0.90625,8.36082805427349,0.25968293729633024,0.010166358595194085,0.00036961744594344855,0.195123852192601,0.195123852192601
207,874763.8888888889,64,60,0.02829494824637551,0.20588124407367267,32.75901595355726,302.1083126994688,0.921875,7.910773283331715,0.25786989852285863,0.011834319526627219,0.00036975411351451286,0.17758629582729715,0.17758629582729715
207,936061.1111111111,64,60,0.03548302458591994,0.13131769740125446,42.74005691565907,179.76665789948237,0.921875,8.442059633499055,0.25524120679019136,0.014102564102564103,0.0003662332906061161,0.09583467281533452,0.09583467281533452
207,997913.8888888889,64,60,0.028896017683137983,0.21581507852832696,33.9950742560435,315.2153986536501,0.921875,8.685708184217791,0.250715088756099,0.01130355515041021,0.0003645643456069996,0.18691906084518897,0.18691906084518897
207,1060008.3333333335,64,57,0.02907641581500045,0.2249611902828106,34.6944333244128,335.1396586399328,0.9047619047619048,6.831381767167362,0.2531836677840224,0.008374294556708538,0.00036403349108117945,0.19588477446781016,0.19588477446781016
207,1122269.4444444445,64,56,0.0285094375687523,0.2807878054133554,33.77102130123391,446.5923188172724,0.859375,8.158546678080654,0.2436366955541931,0.00913575735428467,0.00036536353671903543,0.2522783678446031,0.2522783678446031
207,1184266.6666666667,64,55,0.02807456138283991,0.18540478667276608,32.09699432977007,277.0462164271924,0.84375,8.304674902114607,0.24012633305303785,0.011256354393609296,0.0003630422944273008,0.15733022528992618,0.15733022528992618
207,1246613.8888888888,64,55,0.027992404734570302,0.18640569713427535,30.83127475447633,248.32640482646823,0.859375,8.668309893703745,0.2445073328309797,0.00997822931785196,0.00036277888626881915,0.15841329239970506,0.15841329239970506
207,1309102.777777778,64,48,0.028794398296779974,0.30761879917904106,34.55245234940218,522.4967180717218,0.7619047619047619,7.825649524602396,0.2413728343527665,0.010830324909747292,0.00036094567767550983,0.27882440088226107,0.27882440088226107
207,1371811.1111111112,64,42,0.028992803779588443,0.29868213437380275,33.960277941938465,495.87884874661665,0.640625,7.932392309164883,0.22512941804620926,0.012783579402232625,0.00036003600360036,0.2696893305942143,0.2696893305942143
207,1434758.3333333335,64,43,0.027846301334047717,0.32781271568792913,31.508044524749167,592.0297331840328,0.65625,7.44681213347756,0.2200038803505047,0.01242124212421242,0.0003599712023038157,0.29996641435388144,0.29996641435388144
207,1497677.7777777778,64,76,0.1495105441401745,0.34321627953168227,246.6859416547434,433.6901138105216,0.38125,4.881682684268593,0.11480692622269395,0.00965315225351175,0.00013313806417254693,0.19370573539150776,0.19370573539150776
207,1666208.3333333333,64,65,0.13123153129426057,0.11990631938086585,145.86298555005746,126.59665759671725,0.9692307692307692,6.891852187155719,0.09610213775755855,0.016369850692570607,0.00035971223021582735,-0.011325211913394723,0.011325211913394723
207,1729219.4444444445,64,24,0.3213101033858335,0.10550756071184261,74.63821542554507,55.38819057735348,0.38095238095238093,5.960697117876142,0.14801290293264502,0.0077045696068012755,0.0005312084993359894,-0.21580254267399088,0.21580254267399088
208,127.77777777777777,64,62,0.20011882361340938,0.1962145363283591,180.50867877832678,173.96901404276645,1.0,5.135557445342313,0.21001820346636044,0.013841894801599508,0.0006150061500615006,-0.0039042872850502675,0.0039042872850502675
208,36922.222222222226,64,64,0.14144514323717378,0.13496357550706212,127.87757128501757,122.4428638332752,0.984375,7.549594782374227,0.27235470912331283,0.00688360450563204,0.0006255864873318737,-0.006481567730111659,0.006481567730111659
208,73113.88888888889,64,62,0.18521454163575124,0.17789042064300362,178.498762025413,174.01068255539397,0.9841269841269841,7.33876250832609,0.24061359127564944,0.011836115326251897,0.0006067961165048543,-0.007324120992747624,0.007324120992747624
208,110527.77777777777,64,63,0.23790653265473433,0.232709597305174,247.2934434884062,240.81045962026397,0.96875,5.749233349684373,0.2152348168124154,0.01130762539866628,0.0005797101449275362,-0.005196935349560339,0.005196935349560339
208,149541.66666666666,64,64,0.20395896057337343,0.20024418178926257,199.7132427530642,195.8971217091563,0.984375,7.383594720378908,0.23155579688162709,0.01053582179409994,0.0006018657839301836,-0.0037147787841108615,0.0037147787841108615
208,187030.55555555556,64,63,0.18168450659049312,0.1746074770577001,174.51467378414364,170.1769732229234,0.8253968253968254,9.444327441792616,0.262498725674376,0.010849349039057656,0.0006197706848466068,-0.007077029532793017,0.007077029532793017
208,223680.55555555553,64,63,0.15915646210175033,0.15202452227609042,147.60086899228486,141.0807287209055,0.96875,8.620291364698934,0.3025037120129406,0.010958046336881654,0.0006259780907668231,-0.007131939825659905,0.007131939825659905
208,259841.66666666663,64,64,0.18219221703274086,0.17942774178681203,176.2178848218934,174.55548746016214,0.984375,7.316585905854653,0.22941030987413352,0.009179926560587515,0.000611807892321811,-0.0027644752459288213,0.0027644752459288213
208,296816.6666666667,64,63,0.15803259344541523,0.15324614171579765,152.3556403254719,150.1747207929994,1.0,7.939791742632755,0.25508386886056356,0.012987012987012988,0.0006038647342995169,-0.004786451729617586,0.004786451729617586
208,334469.44444444444,64,63,0.09116547758782738,0.08394976912205762,77.6232143178391,71.19800545552134,1.0,7.481494931483639,0.3010540198455155,0.004662004662004662,0.0006657789613848203,-0.007215708465769757,0.007215708465769757
208,368416.6666666667,64,64,0.20351262448783683,0.2003414540689955,199.2724970397707,196.9381035845718,0.953125,7.480154469128142,0.29225979468339147,0.010250226107928851,0.0006027727546714888,-0.0031711704188413237,0.0031711704188413237
208,405991.6666666667,64,62,0.24325857807685855,0.23962360257717769,258.71989038455126,253.86502736000512,0.9841269841269841,6.804482123868971,0.26894243100384496,0.012733446519524618,0.0005657708628005657,-0.0036349754996808648,0.0036349754996808648
208,445827.7777777778,64,63,0.25744781619231544,0.2522181778571061,278.3732416892221,271.99926114097593,1.0,6.021223339949811,0.21151975861381028,0.018513401492124895,0.0005524861878453039,-0.005229638335209341,0.005229638335209341
208,486644.44444444444,64,63,0.28588663819499777,0.276260333314774,310.7404666189829,303.53440071447096,1.0,5.082322147664638,0.18379624897869976,0.013774104683195593,0.000550812448361333,-0.009626304880223757,0.009626304880223757
208,528050.0,64,62,0.27065628703233,0.2624441031881688,280.9806389670333,275.6352485436815,0.9841269841269841,6.1883898714731345,0.20606090420017278,0.01583189407023604,0.0005755395683453237,-0.008212183844161225,0.008212183844161225
208,567666.6666666666,64,64,0.24940518523321112,0.24590792926910793,264.3812610883219,261.22771157101363,0.984375,6.552023842267001,0.23651666169163962,0.01742857142857143,0.0005712653527563553,-0.003497255964103191,0.003497255964103191
208,607261.111111111,64,64,0.20061762221440785,0.19605854505833487,192.65400724449614,187.64447832305206,0.984375,8.717326167822478,0.30862662843493255,0.009312105737458696,0.0006006006006006006,-0.004559077156072983,0.004559077156072983
208,644947.2222222222,64,63,0.2215485527821201,0.21666253014206605,226.8311257691045,220.27638084121944,1.0,7.297621155414823,0.27096783683027376,0.010535557506584723,0.0005851375073142189,-0.004886022640054055,0.004886022640054055
208,683647.2222222222,64,63,0.2391301898752191,0.23312573608152742,249.6986435378513,242.34122420686282,1.0,7.093807952412734,0.2454316228534591,0.013591671486408328,0.0005782017924255566,-0.006004453793691689,0.006004453793691689
208,722613.888888889,64,64,0.25832186799493273,0.25628272115737094,278.613215006476,275.0652158834962,0.984375,7.0612793685376225,0.24000620255436664,0.02013986013986014,0.0005592841163310962,-0.0020391468375617894,0.0020391468375617894
208,763255.5555555556,64,63,0.2564596854986461,0.25689982114053894,270.4085217186652,271.25667645713156,0.96875,7.072878430453727,0.24463015140902622,0.020489470688673878,0.0005689900426742532,0.00044013564189282484,0.00044013564189282484
208,803008.3333333334,64,64,0.23883355559810054,0.24067878249913024,251.63098008668683,253.3192049539088,0.984375,7.264156803986926,0.25840613901958026,0.015322347499277248,0.0005780346820809249,0.0018452269010297007,0.0018452269010297007
208,842011.111111111,64,64,0.247284257837113,0.24316440509248097,263.10319745862495,258.3922423102903,0.984375,7.228049654610134,0.24787218599070818,0.008486562942008486,0.0005656108597285068,-0.00411985274463203,0.00411985274463203
208,881961.1111111111,64,64,0.19085723632421148,0.1914329412121306,189.79758496266604,180.4338829967848,0.9692307692307692,8.338132720676567,0.2996031952745895,0.011876484560570071,0.0005936479667557139,0.0005757048879191096,0.0005757048879191096
208,920088.8888888889,64,63,0.22036621854286795,0.21439922909132725,238.64730011262702,227.69890093575012,1.0,6.811783392606701,0.24478617463997535,0.013398960896910036,0.0005467468562055768,-0.0059669894515407,0.0059669894515407
208,961358.3333333334,64,64,0.23882490071744086,0.22881348109474875,270.488361309962,258.376726052364,0.984375,6.525526763552534,0.2122280951848297,0.012253596164091636,0.0005326231691078562,-0.010011419622692114,0.010011419622692114
208,1003758.3333333334,64,63,0.18421021349286829,0.17857591743308965,183.39882885698307,175.77772801527348,1.0,7.2135519790633085,0.23890726751078945,0.012496528742016106,0.000555247084952804,-0.005634296059778637,0.005634296059778637
208,1044577.7777777778,64,64,0.22052658354855345,0.21975075194602328,208.18274127182647,207.78992213521616,0.984375,7.143523042622334,0.2363390894432735,0.013908600624467783,0.0005675368898978433,-0.0007758316025301693,0.0007758316025301693
208,1084541.6666666667,64,62,0.17321222376411072,0.17417516498724125,173.8462565256689,173.00786840560505,0.9841269841269841,7.158055165828937,0.27137139895130025,0.016779431664411367,0.0005411255411255411,0.0009629412231305368,0.0009629412231305368
208,1126711.1111111112,64,63,0.11919934611397649,0.11855611850597955,129.54260818638284,128.36196625115716,1.0,7.174832975313946,0.2520664297901713,0.008403361344537815,0.0005420054200542005,-0.0006432276079969407,0.0006432276079969407
208,1168433.3333333335,64,64,0.12377472056168427,0.12215760367337,50.0497562069739,47.65699638217134,0.984375,5.349312814285822,0.38633811589098876,0.008612123219609143,0.0006622516556291391,-0.0016171168883142711,0.0016171168883142711
208,1202588.888888889,64,61,0.07622959494063371,0.27281266795313636,61.11009285569782,221.90002997972442,0.9206349206349206,9.192486742796156,0.37327783695712835,0.010126582278481013,0.0006327111673521037,0.19658307301250266,0.19658307301250266
208,1238341.6666666667,64,65,0.11386466204848551,0.11740715765266939,94.6382814772841,98.44852532474701,0.9846153846153847,3.1974050140098935,0.3061040025159762,0.011536297129994372,0.0005625879043600563,0.003542495604183876,0.003542495604183876
208,1278580.5555555555,64,64,0.11698452686589039,0.1152661778073151,95.02575160840426,91.80008131348906,0.96875,4.344033848898465,0.37233092163365117,0.0063025210084033615,0.0006000600060006001,-0.0017183490585752914,0.0017183490585752914
208,1316280.5555555555,64,62,0.15472528468992108,0.1514799871960822,153.36113780935844,150.52919632155408,0.96875,5.799256066679235,0.27232779844048194,0.012219959266802444,0.0005817335660267597,-0.0032452974938388945,0.0032452974938388945
208,1355202.7777777778,64,57,0.14243323010103495,0.1479123343579312,118.58593699257688,115.79550408781681,0.9473684210526315,7.4157274945449965,0.31150824269060057,0.015554890816631767,0.0005980861244019139,0.005479104256896239,0.005479104256896239
208,1393030.5555555555,64,63,0.1273630777181611,0.1251826380350645,114.4296106891772,113.26858785614134,0.9841269841269841,5.909880969015798,0.28497913017674753,0.013442431326709527,0.0005842827928717499,-0.0021804396830966133,0.0021804396830966133
208,1431702.7777777778,64,64,0.1260823409851472,0.1241546100822454,117.35428444010908,114.55121836326153,0.984375,8.094933577690236,0.2758109075937855,0.004379562043795621,0.0005837711617046118,-0.0019277309029017975,0.0019277309029017975
208,1470519.4444444445,64,62,0.13016581997684254,0.12753570504570627,118.15487072775454,116.533664710936,0.9841269841269841,9.618663490574503,0.3139011285590574,0.009212481426448737,0.0005941770647653001,-0.002630114931136268,0.002630114931136268
208,1508675.0,64,63,0.14207577448231637,0.1415200923171613,130.95198335053266,129.31081715617768,0.96875,7.314339387526022,0.34237225781888353,0.004851425106124924,0.0006062443164595332,-0.0005556821651550581,0.0005556821651550581
208,1546069.4444444443,64,62,0.13033676383360315,0.12430284896616932,125.91659164925994,119.4652352707652,0.9841269841269841,7.675109672269739,0.253912890558535,0.010599721059972107,0.0005577244841048522,-0.006033914867433834,0.006033914867433834
208,1586811.1111111112,64,62,0.19362061316070786,0.18783292931733694,204.0201666381734,197.88837062160718,0.9682539682539683,7.23016403660769,0.2440193549441294,0.013528138528138528,0.0005409791723018664,-0.005787683843370917,0.005787683843370917
208,1629058.3333333335,64,63,0.20527190394897543,0.20155943141731758,215.8033531163304,211.2922895248066,1.0,7.795617527135354,0.2425917753194829,0.01533406352683461,0.0005474952094169176,-0.003712472531657851,0.003712472531657851
208,1670394.4444444445,64,63,0.2644872934064847,0.2561115355118522,301.92862082764964,289.9183281392573,0.9841269841269841,6.936199907910001,0.21425878767174691,0.010454783063251438,0.0005226025607525476,-0.008375757894632518,0.008375757894632518
208,1713677.7777777778,64,63,0.2561539376416485,0.24728646740339866,289.77067657376824,281.30448678354065,1.0,5.853358869092284,0.20870584777939297,0.014091996809359212,0.000531632110579479,-0.008867470238249853,0.008867470238249853
208,1756602.777777778,64,62,0.19982156024095746,0.19083904264504806,212.1628325201555,200.42100382828693,0.9841269841269841,7.019807602608725,0.2447911349939728,0.012927551844869378,0.0005385029617662897,-0.0089825175959094,0.0089825175959094
209,525.0,64,62,0.03716171225945179,0.03541588971830108,21.832377973937195,21.588535932037253,1.0,14.472211752161781,0.3576510420183596,0.008764721993974253,0.000547645125958379,-0.0017458225411507156,0.0017458225411507156
209,41875.0,64,62,0.05535454971327409,0.05746849370557155,48.7485256953178,51.51177280779118,0.9841269841269841,13.162718568018931,0.36850737265010447,0.00843407365757661,0.0005621135469364812,0.0021139439922974596,0.0021139439922974596
209,82150.0,64,64,0.06348489556048652,0.06326574215132126,55.878318688042455,56.010426946830535,1.0,14.199402564074118,0.35448501373135505,0.006730229949523275,0.000560695262125035,-0.00021915340916525694,0.00021915340916525694
209,122561.11111111112,64,63,0.05434370049118609,0.05647631319787988,48.965045359571214,51.485067650220465,1.0,11.6802128372013,0.3478608448948455,0.004524886877828055,0.0005654509471303364,0.0021326127066937928,0.0021326127066937928
209,162638.88888888888,64,63,0.04576481357473755,0.047204317667979764,37.7703318616206,39.9159082763907,1.0,12.772692368456736,0.3551155320357209,0.00665742024965326,0.0005546311702717693,0.0014395040932422137,0.0014395040932422137
209,203461.1111111111,64,63,0.043689613255333916,0.04415153062627729,25.21068136323879,26.47413997438202,1.0,9.710684946410717,0.375392865398443,0.005709391949757351,0.0005707762557077625,0.00046191737094337243,0.00046191737094337243
209,243138.88888888888,64,63,0.07408816236396204,0.07423154969717313,58.23190533448884,57.91053203386094,1.0,6.18342794818523,0.40482764342775157,0.005553841406973156,0.0006169031462060457,0.00014338733321109243,0.00014338733321109243
209,279827.7777777778,64,63,0.06901511757646799,0.06794764144818928,51.775524125277094,50.385046141204,1.0,7.947128588455744,0.4332651126255215,0.0052579691094314825,0.000657030223390276,-0.0010674761282787049,0.0010674761282787049
209,314302.7777777778,64,63,0.08082253120427213,0.08388911455375343,69.0877938399024,71.39804038239008,1.0,9.246322151294548,0.4230760708825498,0.005108556832694764,0.0006383657835939994,0.0030665833494813027,0.0030665833494813027
209,349800.0,64,62,0.09141352527875773,0.08533027676273894,78.89857454802824,75.15787643560284,0.9841269841269841,8.357690934213444,0.4388025343897945,0.004208481709291033,0.0006472491909385113,-0.006083248516018797,0.006083248516018797
209,384819.44444444444,64,62,0.09482802358675965,0.0982764216840127,77.51973323110198,79.11870346392135,0.9841269841269841,11.848345245207938,0.4312837604781984,0.003436426116838488,0.0006246096189881324,0.0034483980972530442,0.0034483980972530442
209,421158.3333333334,64,64,0.22153334789924448,0.22152745538586524,58.39410556822007,58.97411763985439,0.984375,13.568612036026014,0.41477192240631056,0.004545454545454545,0.0006491398896462187,-5.8925133792353535e-06,5.8925133792353535e-06
209,456150.0,64,64,0.0658349123420872,0.06569494032272337,68.07429703175309,68.2836248088466,0.984375,13.62266379882944,0.36008920831159896,0.00823045267489712,0.0005485463521667581,-0.00013997201936383208,0.00013997201936383208
209,497394.44444444444,64,63,0.09087563035472512,0.09192774997472801,72.91421313502926,73.25723533929673,1.0,13.027713781749423,0.36827776860521,0.008091517857142858,0.0005578800557880056,0.0010521196200028865,0.0010521196200028865
209,538013.8888888889,64,63,0.2646493801468261,0.26283601327303574,48.18360403013422,51.187406256125634,1.0,14.419565803684346,0.42950452109940007,0.00711997152011392,0.0007117437722419929,-0.0018133668737903563,0.0018133668737903563
209,569713.8888888889,64,64,0.2723626272424973,0.2730750595053111,55.223019112543874,55.3986660655204,0.984375,13.327228103518864,0.4559935094689335,0.006280014776505356,0.0007385524372230429,0.0007124322628137558,0.0007124322628137558
209,600294.4444444445,64,63,0.17363453548760396,0.17453991468494112,22.104301827902805,23.104325006247198,0.96875,12.420931858095095,0.525801637306646,0.0057293962097840455,0.000881057268722467,0.0009053791973371583,0.0009053791973371583
209,626261.111111111,64,64,0.08211561913915817,0.08200767224575234,76.90320505044859,76.4155871670642,0.984375,11.017317352803243,0.3854229253788948,0.0050335570469798654,0.0005591277606933184,-0.00010794689340583308,0.00010794689340583308
209,666775.0,64,63,0.04489656729469969,0.04526532014535679,37.44436999453235,37.49446704509106,1.0,12.233201550855204,0.37949247848270673,0.007148984844152131,0.0005717552887364208,0.0003687528506571003,0.0003687528506571003
209,706361.1111111111,64,64,0.2072750150898429,0.20749826745615815,68.98503955928074,68.85370028315607,0.984375,12.910503867231784,0.4047469738091839,0.006052883083784644,0.0006369426751592356,0.00022325236631526302,0.00022325236631526302
209,741736.1111111111,64,63,0.2115795597368665,0.21179113698814456,70.93560330896346,69.1805718892805,1.0,11.382874957896007,0.4746718308337421,0.004069175991861648,0.0006779661016949153,0.0002115772512780445,0.0002115772512780445
209,775219.4444444444,64,62,0.2327651387142207,0.233609361047947,69.34760272704048,61.652396964107474,0.9841269841269841,13.09321444016912,0.3940710845094715,0.005788219271365339,0.0006807351940095302,0.0008442223337263022,0.0008442223337263022
209,808450.0,64,63,0.058266861759400594,0.05735887934548472,57.04216198329252,56.59380711682463,1.0,10.392448805624074,0.3683112809613707,0.00886672208367969,0.000554016620498615,-0.0009079824139158754,0.0009079824139158754
209,849330.5555555555,64,64,0.18106559714697948,0.18109903671805724,62.081935107285986,61.957816112897156,0.984375,7.5327595591074,0.4356322162399992,0.008857956342929452,0.0006325110689437065,3.343957107776463e-05,3.343957107776463e-05
209,885177.7777777778,64,64,0.07008708475428334,0.0712846800347312,67.10392743244522,68.6787964436126,0.984375,8.142797400159678,0.40033660326858794,0.005486572336124747,0.0005773672055427252,0.0011975952804478551,0.0011975952804478551
209,924294.4444444445,64,62,0.07417061043392348,0.068134956905477,64.69319960911817,61.903869375537916,0.9841269841269841,9.842997639297392,0.39041812561314293,0.006687099470604625,0.0005571030640668524,-0.006035653528446483,0.006035653528446483
209,964955.5555555555,64,63,0.08896647471634997,0.08983478955893955,83.85588849832394,84.36104139887684,1.0,9.486173319384594,0.3891059734283429,0.006289308176100629,0.0005467468562055768,0.0008683148425895765,0.0008683148425895765
209,1006347.2222222221,64,63,0.05019389800279759,0.05101237448039722,41.970220426244424,41.78621653265128,1.0,10.073176220785697,0.36938586430373427,0.003635346756152125,0.0005591277606933184,0.000818476477599632,0.000818476477599632
209,1046847.2222222221,64,62,0.049368463417689294,0.0512380950936108,42.43614454671625,43.867187278946766,1.0,9.12672132713409,0.3616923106679394,0.005950694247662227,0.0005665722379603399,0.0018696316759215029,0.0018696316759215029
209,1086850.0,64,63,0.07351154327635162,0.0739351336601249,70.34098691707527,70.02944501835674,1.0,9.180861993494936,0.3662139307060403,0.00535815002820079,0.000563856780377784,0.0004235903837732785,0.0004235903837732785
209,1127005.5555555555,64,63,0.061285340842777085,0.06214415249225104,58.30132250213357,59.86535458323219,1.0,11.761972975330997,0.36315620653762487,0.00559753708368318,0.0005595970900951316,0.0008588116494739548,0.0008588116494739548
209,1167486.111111111,64,64,0.07649794128355952,0.0762000762001209,75.93093421144349,75.7172319516026,0.984375,12.130148123243725,0.3615313000770009,0.006442577030812325,0.0005600672080649678,-0.0002978650834386254,0.0002978650834386254
209,1207955.5555555555,64,63,0.07088558103617042,0.07315963843813908,72.36854490945107,74.29287104521104,1.0,9.830024260418341,0.37244830262022033,0.005903851560303626,0.0005621135469364812,0.0022740574019686627,0.0022740574019686627
209,1248261.1111111112,64,62,0.05667811360498654,0.05959786761692406,50.45097300372098,54.08156867251722,0.9841269841269841,11.171330778621243,0.38132275610158567,0.006257110352673493,0.0005686664771111743,0.002919754011937517,0.002919754011937517
209,1288100.0,64,63,0.06391009592905239,0.06670559262154771,67.05661789841831,70.29080400475289,1.0,11.717603484970962,0.37108480089585566,0.006100942872989462,0.0005544774050457444,0.0027954966924953195,0.0027954966924953195
209,1328938.8888888888,64,63,0.061234737555986574,0.06311306411181808,56.082847134711336,58.766184018107104,1.0,10.713694297448454,0.35711746066280714,0.006907985631389887,0.0005524861878453039,0.0018783265558315054,0.0018783265558315054
209,1369952.7777777778,64,63,0.0737968855041746,0.06878424895050099,66.46755660646257,67.55642335448387,1.0,11.894857165680676,0.3462818759840307,0.007571508693213685,0.000560695262125035,-0.005012636553673608,0.005012636553673608
209,1410425.0,64,63,0.052178211999719046,0.05243591056698983,47.63549916367172,47.47010615764768,0.96875,11.260011742761739,0.34813995428956374,0.007202216066481994,0.0005538631957906397,0.00025769856727078655,0.00025769856727078655
209,1451286.111111111,64,64,0.04262259884997213,0.04248170647289234,33.85751235651037,33.74317000964725,0.984375,11.16311918466882,0.3571323921184517,0.006700167504187605,0.0005581914596706671,-0.00014089237707979457,0.00014089237707979457
209,1491866.6666666665,64,63,0.11124553946948856,0.10379907365834215,84.50785206675836,87.09418460625383,1.0,10.859272161560412,0.34478897858106344,0.005096262740656852,0.0005660911406736484,-0.007446465811146413,0.007446465811146413
209,1531663.8888888888,64,62,0.10290724387585329,0.09182140280576088,84.34939118275967,83.30179030639958,0.9841269841269841,9.255622033759643,0.3582162701663808,0.005874125874125874,0.0005592841163310962,-0.011085841070092403,0.011085841070092403
209,1572177.7777777778,64,62,0.07994475625188668,0.0738429018335116,73.93542879045324,67.94960962178368,0.9841269841269841,9.863449398084196,0.3667708231187181,0.005619556055071649,0.0005617977528089888,-0.006101854418375088,0.006101854418375088
209,1612472.2222222222,64,63,0.05750676417723466,0.059473431119036205,54.38049422469597,56.71967118002998,1.0,7.507166574492437,0.3846991179973013,0.0025936599423631124,0.0005762028233938346,0.0019666669418015453,0.0019666669418015453
209,1651819.4444444443,64,63,0.07702876801176574,0.0761635845363207,72.95687148980377,71.753858595229,0.96875,10.582040188265069,0.42022559418044453,0.0053207212533254505,0.000591016548463357,-0.000865183475445036,0.000865183475445036
209,1690133.3333333335,64,63,0.17541692653221633,0.17637715054277606,88.56839061879514,89.36874783053082,1.0,10.452825497626565,0.4035758138005017,0.0037926675094816687,0.000631911532385466,0.0009602240105597293,0.0009602240105597293
209,1725961.1111111112,64,63,0.14281470258845416,0.1447983542720463,92.83495759066115,95.64577927984331,1.0,11.381020106214008,0.3813527044566203,0.0084530853761623,0.0005633802816901409,0.0019836516835921303,0.0019836516835921303
210,158.33333333333331,64,62,0.18535520132435893,0.21708800194419192,179.67250285881917,216.3789326982654,0.9523809523809523,11.16047223911017,0.4242958397323466,0.01643761789275128,0.0005387931034482759,0.031732800619832996,0.031732800619832996
210,42177.777777777774,64,62,0.16665705167643827,0.17323265848143446,159.23624837234507,174.32584953470317,0.9841269841269841,8.151678235671898,0.4351926103198305,0.014203051025775907,0.0005259006047856955,0.0065756068049961924,0.0065756068049961924
210,85230.55555555555,64,62,0.16895574123213164,0.20342203981774393,174.11664747952577,216.60378180296144,0.9375,11.084158960522377,0.44891714505520863,0.011251004553978034,0.0005356186395286556,0.03446629858561229,0.03446629858561229
210,127725.0,64,64,0.139957084339082,0.14587718164976676,140.17549235834122,147.40299925901115,1.0,12.48514136092548,0.4430859398855588,0.011424219345011425,0.0005076142131979696,0.005920097310684769,0.005920097310684769
210,172275.0,64,61,0.15418202026073977,0.1563048504919575,136.9138242138177,146.790564441503,0.9682539682539683,9.111075536232462,0.43544024401489695,0.007429026266914301,0.0005305039787798408,0.0021228302312177316,0.0021228302312177316
210,214858.3333333333,64,62,0.16763393526241038,0.17925176251777625,171.88080390982455,184.5311250224455,0.8823529411764706,9.845239847503715,0.43095617562733013,0.009086188992731049,0.0005190760446405398,0.011617827255365865,0.011617827255365865
210,258363.88888888888,64,61,0.17484585528999957,0.18311709540165055,168.74820234451263,183.57536372323798,0.9682539682539683,11.895209987408455,0.44250787180514295,0.015223097112860892,0.0005247966413014956,0.00827124011165098,0.00827124011165098
210,301813.8888888889,64,63,0.15735926766443023,0.16342933344117952,151.2040155584046,157.27220755704403,1.0,12.24690864226388,0.4280405083438323,0.014337851929092805,0.0005212405525149857,0.006070065776749289,0.006070065776749289
210,345258.3333333333,64,64,0.1361107315839637,0.1395655129125738,138.92562238250395,145.16938748687255,0.984375,15.08907233532637,0.45022308777846787,0.009878982464806126,0.0004938271604938272,0.0034547813286101015,0.0034547813286101015
210,391191.6666666667,64,58,0.19992384238317717,0.16055854231648783,155.04067052912646,153.13570355485524,0.890625,11.311665874579296,0.40485610205086586,0.013045793397231097,0.0005323396326856535,-0.03936530006668934,0.03936530006668934
210,433772.22222222225,64,63,0.1722427217334956,0.17669893921034457,168.38348141674675,174.87711725221655,0.953125,13.5229222587928,0.44158107384722456,0.01092327698309493,0.0005200208008320333,0.0044562174768489615,0.0044562174768489615
210,477300.0,64,62,0.18864861557238274,0.18793682589406804,181.56561974448098,202.46727086074102,0.9682539682539683,14.241408754514161,0.4394152397035815,0.012436548223350254,0.0005074854097944684,-0.0007117896783147004,0.0007117896783147004
210,521916.6666666666,64,62,0.16660043236856195,0.17831807312344689,174.53820563131197,197.96162966604658,0.953125,13.204015000091227,0.43533539247611597,0.01207983193277311,0.0005250721974271463,0.011717640754884934,0.011717640754884934
210,564991.6666666666,64,61,0.1693491514051748,0.1814489511694124,160.68414565068016,187.23382516309053,0.9682539682539683,14.278974983831006,0.45348087357756584,0.009421950598421186,0.0005091649694501018,0.012099799764237584,0.012099799764237584
210,609483.3333333334,64,62,0.1817572457665691,0.19875606715168082,157.97489768784155,188.44097574072316,0.9682539682539683,14.141108236258601,0.4491580884251807,0.011805741883552455,0.000536480686695279,0.016998821385111718,0.016998821385111718
210,651725.0,64,63,0.17034253191861543,0.17789355201656498,168.86837264556044,178.67478974909807,1.0,14.105385178795117,0.4404717288982446,0.011406844106463879,0.0005068423720223011,0.007551020097949557,0.007551020097949557
210,696413.8888888889,64,62,0.12066545511450305,0.1294172220597008,109.39421731953698,140.0724666147882,0.96875,14.099001385584328,0.4508381150930188,0.010034327964087668,0.0005279831045406547,0.008751766945197748,0.008751766945197748
210,739591.6666666667,64,63,0.16461646278972816,0.17244775383989389,140.90560911832142,154.44201123499082,0.9841269841269841,13.526890241941436,0.4468022864054833,0.01369141653501843,0.0005264543300868649,0.007831291050165723,0.007831291050165723
210,782663.8888888889,64,59,0.17866348441264246,0.26241227114267873,134.7677102380929,296.82727621784477,0.9047619047619048,13.06096188371163,0.43801259880691806,0.007060669456066946,0.0005228758169934641,0.08374878673003627,0.08374878673003627
210,825930.5555555555,64,62,0.15427660818104472,0.20296919032830152,143.51090664677253,213.02633610636246,0.96875,10.905257390040969,0.44272684296618875,0.011829652996845425,0.0005256241787122207,0.0486925821472568,0.0486925821472568
210,868980.5555555556,64,62,0.13555152385504254,0.147005537899494,140.92371422083892,150.6942352341482,0.9841269841269841,9.213048154603193,0.4520879554707444,0.011473272490221642,0.0005213764337851929,0.011454014044451455,0.011454014044451455
210,912477.7777777778,64,61,0.1980762359698851,0.21974247286726206,200.56576935636073,221.382054237837,0.9375,11.280109033980585,0.44630647410208735,0.008479067302596715,0.0005298013245033113,0.021666236897376956,0.021666236897376956
210,955225.0,64,65,0.21849722376766623,0.1778200070004987,245.26631548528206,202.6401460716288,0.9696969696969697,16.25259432897307,0.3864054163610255,0.012245961438249088,0.0005209690023443605,-0.04067721676716754,0.04067721676716754
210,998752.7777777778,64,62,0.1997157537905479,0.2188065347522171,224.826252663936,251.58235749833332,0.9841269841269841,7.935857678111065,0.4254739085682462,0.006251628028132326,0.0005208333333333333,0.01909078096166919,0.01909078096166919
210,1042349.9999999999,64,60,0.19033332063415256,0.2655092325380744,173.94112532099996,260.4771255404856,0.9523809523809523,14.278471156687191,0.3973460359394427,0.008888888888888889,0.0005227391531625719,0.07517591190392184,0.07517591190392184
210,1085527.7777777778,64,57,0.20769472826792326,0.3729018158343832,226.3049022917775,407.4481640053628,0.9047619047619048,10.326571748929478,0.37586203508712585,0.0106951871657754,0.0005091649694501018,0.16520708756645994,0.16520708756645994
210,1130061.1111111112,64,63,0.17005795980896452,0.17885989570680788,177.48526843024007,189.1924498158658,1.0,13.985018411902034,0.46310912830730677,0.008702329152802661,0.0005117707267144319,0.008801935897843366,0.008801935897843366
210,1174341.6666666667,64,64,0.17027295878774898,0.17363231886893132,169.1717354208696,174.423372456558,0.984375,14.064733651269416,0.44507786338388733,0.008213552361396304,0.0005132152938157557,0.0033593600811823443,0.0033593600811823443
210,1218494.4444444445,64,62,0.1776349617442645,0.19010455987923636,182.4279124742772,205.97167963720213,0.9841269841269841,13.348454326597633,0.4564609956589619,0.010303967027305513,0.0005150656708730364,0.012469598134971865,0.012469598134971865
210,1262472.2222222222,64,61,0.2040284515969838,0.2371616283949867,203.42742206834174,249.17728988246947,0.9523809523809523,13.528949831063018,0.4385061776228611,0.010021097046413503,0.0005272871078302136,0.0331331767980029,0.0331331767980029
210,1305494.4444444445,64,64,0.16622331373619495,0.17287498581640343,166.42978985213014,178.0911762344605,0.984375,12.265431444125928,0.43148421792642755,0.006546216286986122,0.0005235602094240838,0.006651672080208476,0.006651672080208476
210,1348827.7777777778,64,62,0.1872036923416929,0.20879020575095628,185.8903092923728,198.87509077200627,0.9841269841269841,13.798471648628203,0.4486954213921428,0.011435832274459974,0.0005081300813008131,0.021586513409263375,0.021586513409263375
210,1393250.0,64,62,0.1721694591367946,0.18018268762573814,157.59116759874414,173.84990611826447,0.9841269841269841,13.891830896490738,0.4542625005357124,0.008485812781755503,0.0005302226935312832,0.008013228488943536,0.008013228488943536
210,1435938.8888888888,64,63,0.1100520264998587,0.11459523804894703,116.69706465219271,122.12320122749477,0.984375,13.600772719108726,0.43804047355173964,0.008035251425609125,0.0005182689816014512,0.004543211549088336,0.004543211549088336
210,1479758.3333333335,64,62,0.16110765188158205,0.16933133524375224,169.9237448156312,180.41036577024434,0.9841269841269841,13.518593404359898,0.4476147722322394,0.0080040020010005,0.0005001250312578145,0.008223683362170192,0.008223683362170192
210,1525063.8888888888,64,62,0.16456008439619718,0.18390226150995892,168.82967682550114,180.12309708417564,0.953125,13.390839962397669,0.4477824820855443,0.011017166282346913,0.0005122950819672131,0.019342177113761738,0.019342177113761738
210,1569172.2222222222,64,63,0.2302643299515918,0.2453092279331869,231.50928745778606,246.02506038448882,0.96875,14.31520038688734,0.46128962773333754,0.011161846778285134,0.000507227998985544,0.015044897981595112,0.015044897981595112
210,1613683.3333333335,64,63,0.18115933047564528,0.18864677510016686,181.75162153747954,191.28090728547636,0.96875,12.957550387557612,0.4402872194655128,0.012545739675901725,0.0005226025607525476,0.007487444624521583,0.007487444624521583
210,1657180.5555555557,64,61,0.2278493556617043,0.2571767103549895,250.05475306435335,285.2472191508579,0.9523809523809523,11.744307927822007,0.4227576819227409,0.011497326203208556,0.0005346164127238706,0.029327354693285207,0.029327354693285207
210,1699569.4444444443,64,62,0.14681001844992345,0.14800532807288977,139.58294325804462,145.46964329007196,0.9841269841269841,12.86293588398251,0.4223886968394061,0.01073345259391771,0.000510986203372509,0.001195309622966323,0.001195309622966323
210,1743936.1111111112,64,59,0.21582963702297184,0.3039624826229887,237.33291299141013,337.9700380530877,0.890625,10.49494395223123,0.3874347654431013,0.012311557788944723,0.0005023863350916855,0.08813284560001686,0.08813284560001686
212,594.4444444444445,64,63,0.052384907991349663,0.053373210539880964,33.31839569721142,34.78851270182646,0.9841269841269841,6.723194552875586,0.48646359670163,0.005081572612998127,0.0005347593582887701,0.0009883025485313002,0.0009883025485313002
212,42938.88888888889,64,64,0.051733375896228694,0.05345244775996628,27.945283483560292,30.300127167444582,0.984375,10.766991710200108,0.4936993012448301,0.005321979776476849,0.0005320563979781857,0.001719071863737584,0.001719071863737584
212,85480.55555555555,64,63,0.06357107011589898,0.06387746709456198,36.42338100986151,35.82720379999941,1.0,12.34700751103031,0.5015366830176871,0.004864864864864865,0.0005403944879762226,0.0003063969786629983,0.0003063969786629983
212,127344.44444444445,64,63,0.058085796279813695,0.058894916684460626,24.504752097262184,26.008282950041878,1.0,9.967643743016463,0.512300731342514,0.007072135785007072,0.0005656108597285068,0.0008091204046469305,0.0008091204046469305
212,167400.0,64,63,0.048669432118089655,0.04914719386693307,19.8717763428898,21.12344250051766,0.9523809523809523,6.1718787386055,0.4706041580687744,0.004678040726472207,0.0005502063273727648,0.000477761748843418,0.000477761748843418
212,208597.22222222222,64,62,0.04069318889508699,0.04135408147568904,22.936005199858812,25.135171420413865,0.9841269841269841,6.792227400864283,0.46372857640505444,0.0038293216630196935,0.0005468963631391851,0.0006608925806020488,0.0006608925806020488
212,250044.44444444444,64,63,0.042060345944113,0.04240252510764514,20.512766663144568,20.783111611847893,1.0,5.840617239260927,0.46093612572773696,0.005854474491218288,0.0005574136008918618,0.00034217916353213723,0.00034217916353213723
212,290666.6666666667,64,64,0.04296012511952722,0.043942242114670925,18.435821925475388,19.872148563874184,0.984375,6.51123252268476,0.47190687812444765,0.0027480076944215444,0.0005494505494505495,0.0009821169951437017,0.0009821169951437017
212,331830.55555555556,64,62,0.04856235475555239,0.04950127771399117,24.686908450124488,25.46267932089315,0.9841269841269841,6.9236336432765455,0.47229614857640234,0.00390625,0.0005578800557880056,0.0009389229584387815,0.0009389229584387815
212,372433.3333333333,64,62,0.04414087473429674,0.0450088243915912,24.6692578315627,25.826161804372617,0.9841269841269841,5.743134959187765,0.43702609577959,0.004078303425774877,0.0005436259853220984,0.0008679496572944617,0.0008679496572944617
212,414072.2222222222,64,62,0.043656971159368986,0.04368696786401166,20.47329272136119,19.994501750008734,0.9841269841269841,5.084485401435346,0.46096355998103394,0.0023208587177255585,0.000580046403712297,2.9996704642674954e-05,2.9996704642674954e-05
212,453130.5555555555,64,64,0.05313621676232991,0.05276037300355672,27.34883874109349,26.788797880329504,0.984375,6.079097792437131,0.4551568445316423,0.0022185246810870773,0.0005544774050457444,-0.0003758437587731908,0.0003758437587731908
212,493977.77777777775,64,64,0.06047533498707792,0.060917799314001674,25.78660938194247,27.270849523932828,0.984375,7.955309299200401,0.4622789792992549,0.004590872265730489,0.0005399568034557236,0.0004424643269237555,0.0004424643269237555
212,535908.3333333333,64,63,0.050490847453670704,0.050783601427333395,23.304727301889695,24.723119429944887,1.0,8.944556323369095,0.46933934330032345,0.0030344827586206895,0.0005515719801434088,0.0002927539736626919,0.0002927539736626919
212,576902.7777777779,64,62,0.04335831214445459,0.04276948311517985,21.383127744327645,21.68427270293712,0.9841269841269841,6.0059103523104875,0.4479658784803556,0.0016755096341803965,0.0005583472920156337,-0.0005888290292747414,0.0005888290292747414
212,617497.2222222222,64,63,0.05510487030973922,0.05532938901187405,22.78356863183314,23.969953614588576,1.0,6.071212067155904,0.45459332524736557,0.004233700254022015,0.000564334085778781,0.00022451870213482938,0.00022451870213482938
212,657661.1111111111,64,62,0.05505431781141959,0.055169085576869684,22.810864159332468,26.693846147995185,0.9841269841269841,5.623192011133015,0.4563837417551792,0.0041841004184100415,0.0005577244841048522,0.00011476776545009393,0.00011476776545009393
212,698216.6666666667,64,62,0.06222503375340457,0.060786074576234174,29.666941859029574,26.809991059699197,0.9841269841269841,13.976756794569397,0.503182023628857,0.005415651232060655,0.0005414185165132648,-0.001438959177170393,0.001438959177170393
212,739994.4444444444,64,63,0.07633823059256817,0.07385286199022159,30.67344478622794,31.402579247764702,1.0,8.924793415636206,0.4930735591412114,0.00448556209700028,0.0005605381165919282,-0.002485368602346577,0.002485368602346577
212,780447.2222222222,64,62,0.049319493500273065,0.0498570258621859,20.89745210739114,21.731982931563202,0.9841269841269841,13.449649408204445,0.4855568355358457,0.006341328921974083,0.0005512679162072767,0.0005375323619128333,0.0005375323619128333
212,821544.4444444445,64,64,0.04861573994527905,0.04819568186679839,22.690518232994386,23.04807450522705,0.984375,6.580680814104936,0.44316107444110114,0.002738225629791895,0.0005474952094169176,-0.0004200580784806604,0.0004200580784806604
212,862927.7777777778,64,63,0.04822598812985565,0.047828276630002164,24.95765031089672,26.242245229707855,1.0,5.89789879224568,0.4391296622788497,0.003004643540016389,0.0005461496450027307,-0.00039771149985348697,0.00039771149985348697
212,904466.6666666667,64,63,0.05420661476986259,0.05429113978638995,27.94082969703602,28.44054358571777,1.0,6.229266437199881,0.43309131367926257,0.0035002692514808833,0.0005383580080753701,8.452501652735783e-05,8.452501652735783e-05
212,946577.7777777778,64,62,0.05797199131342949,0.05900430778972265,30.26499187468981,31.761164151375418,0.9841269841269841,11.895938789834027,0.4621310038665114,0.005247966413014957,0.0005246589716684155,0.001032316476293156,0.001032316476293156
212,989741.6666666666,64,63,0.06461441833986996,0.06481342669515906,28.542345242181373,29.94118451856732,1.0,14.818641671880753,0.47418125688485413,0.0029459025174076057,0.000535475234270415,0.0001990083552891042,0.0001990083552891042
212,1032047.2222222222,64,63,0.05010895331447759,0.050667976475543004,21.582987939088312,23.584352805513007,1.0,6.208025702036224,0.44510151484727783,0.002777777777777778,0.0005554012774229381,0.0005590231610654167,0.0005590231610654167
212,1072786.111111111,64,64,0.05596112310750588,0.05702359398827156,23.8875343451735,26.068231031648544,0.984375,8.115293781312323,0.4571787849179628,0.005989654233596515,0.0005443658138268917,0.0010624708807656785,0.0010624708807656785
212,1114430.5555555557,64,63,0.0364762791911517,0.037412828058537385,20.83183985089558,22.74885265414864,1.0,12.218949087633208,0.4852791390243585,0.005327650506126798,0.0005326231691078562,0.0009365488673856864,0.0009365488673856864
212,1156986.111111111,64,63,0.04544056718713539,0.04425120075050404,20.772012502079342,21.505798287638786,1.0,6.824383725115576,0.4481687146879105,0.004037685060565276,0.0005382131324004305,-0.0011893664366313533,0.0011893664366313533
212,1199094.4444444445,64,63,0.050853388090036485,0.051185384585428345,25.141475440761784,25.413955817475205,1.0,7.163833799383146,0.4513472651510601,0.0053404539385847796,0.0005339028296849973,0.00033199649539186055,0.00033199649539186055
212,1241536.111111111,64,63,0.030575101847102392,0.03201913978459715,19.125000162670585,20.832070717696222,1.0,6.543166579868988,0.4486117131848732,0.0032258064516129032,0.0005374899220639613,0.001444037937494761,0.001444037937494761
212,1283661.111111111,64,64,0.037926639148699606,0.03882183354092382,20.61866703994653,22.116002246206442,0.984375,6.396948742983889,0.4551462439525923,0.003953610964681075,0.0005270092226613965,0.0008951943922242134,0.0008951943922242134
212,1326641.6666666667,64,63,0.04488537579654128,0.04493420941644385,25.909386258559778,26.894087652139504,1.0,8.036607566354284,0.4691911455091428,0.0058929028952088135,0.0005122950819672131,4.8833619902564906e-05,4.8833619902564906e-05
212,1370827.7777777778,64,62,0.04907551267063769,0.04927782169858681,23.83276728573985,25.986077647063937,0.9841269841269841,9.263790449426988,0.47907106279590783,0.004792332268370607,0.0005323396326856535,0.00020230902794911992,0.00020230902794911992
212,1413347.2222222222,64,62,0.060267066916161065,0.061000022399416244,27.07902502262349,28.27649554776258,0.9841269841269841,6.72955215546131,0.45880375404691476,0.006843906291129244,0.0005263157894736842,0.0007329554832551793,0.0007329554832551793
212,1456383.3333333335,64,64,0.10183006533999034,0.10209739132373341,42.050206096252666,43.33926159696429,0.984375,15.13492594121492,0.4925498174118668,0.00645641917059846,0.0004965243296921549,0.0002673259837430719,0.0002673259837430719
212,1501916.6666666667,64,64,0.045770737788792155,0.04646961803778424,25.624420227305855,27.197243857907043,0.984375,7.6263629929475085,0.45070046590570706,0.0036610878661087866,0.0005228758169934641,0.0006988802489920828,0.0006988802489920828
212,1545241.6666666665,64,62,0.042835238356810516,0.0427330202451165,23.08204420400208,23.517305584997597,0.9841269841269841,6.4609963882696215,0.4493191386966122,0.0044075706507648435,0.0005184033177812338,-0.00010221811169401629,0.00010221811169401629
212,1588977.777777778,64,63,0.05598358326091412,0.056376716719756234,32.286427196635906,32.518186564124335,0.9841269841269841,12.094956163976095,0.49863240628188066,0.008874239350912779,0.0005069708491761723,0.000393133458842114,0.000393133458842114
212,1633625.0,64,62,0.055882538987624165,0.056147897767076606,29.532397211604515,28.16639845652259,0.9841269841269841,17.950608726695958,0.5077101869114712,0.006955177743431221,0.0005150656708730364,0.00026535877945244035,0.00026535877945244035
212,1677627.7777777778,64,62,0.04056744008184829,0.04130574520792924,25.7286292987108,27.345478847283502,0.9841269841269841,17.752562285948816,0.500854908744817,0.004154764996104908,0.0005192107995846313,0.0007383051260809528,0.0007383051260809528
212,1721263.888888889,64,62,0.049832228547517426,0.05016102760644385,26.615467576105555,28.459044219283314,0.9841269841269841,7.656992985015486,0.46026089034546347,0.003475006682705159,0.0005344735435595938,0.0003287990589264239,0.0003287990589264239
213,263.8888888888889,64,62,0.03723265772557651,0.029624937016524043,30.435165239474767,20.251841833427797,0.9841269841269841,7.106573658417592,0.4340635915133256,0.005542875774372351,0.000651890482398957,-0.007607720709052468,0.007607720709052468
213,35016.666666666664,64,64,0.03711909654814996,0.03754545803263313,32.34996616123691,32.778879750007974,0.984375,7.394460571022269,0.44052124946802046,0.005215123859191656,0.0006516780710329097,0.00042636148448316896,0.00042636148448316896
213,69766.66666666667,64,63,0.01929190868128682,0.018981648037419124,15.646018320548517,15.373460419841246,0.96875,7.188055092570359,0.4514296609065449,0.005196492367651835,0.0006493506493506494,-0.000310260643867695,0.000310260643867695
213,104655.55555555555,64,63,0.027527713753786758,0.025469898551645723,20.56427210325651,21.881473828432572,1.0,7.0371887305319385,0.42710304845388825,0.005539263603779733,0.0006514657980456026,-0.002057815202141034,0.002057815202141034
213,139533.33333333334,64,62,0.03880359743267907,0.028993033172910736,36.22466293424262,27.796258870244596,0.9841269841269841,7.216343312851847,0.37349726565185404,0.006521030322791001,0.000651890482398957,-0.009810564259768333,0.009810564259768333
213,174283.33333333334,64,62,0.04110771798468733,0.030852524731746055,37.324526397642295,27.040784336276207,0.9841269841269841,7.20268559437972,0.39255706915781513,0.006162828413882582,0.0006485084306095979,-0.010255193252941271,0.010255193252941271
213,209227.77777777778,64,63,0.04814185357308609,0.03940878569368004,42.7531582089271,27.419265858981827,1.0,6.37921016150416,0.4103480541150454,0.007474813129671758,0.000649772579597141,-0.008733067879406052,0.008733067879406052
213,244122.22222222225,64,64,0.040512845430795176,0.03293340088539815,37.91667487232271,31.308779772711347,0.984375,6.501865806281153,0.379908903259192,0.0068248293792655184,0.000649772579597141,-0.007579444545397024,0.007579444545397024
213,278988.8888888889,64,63,0.04420322089716648,0.04254001210708479,42.591293938967056,39.71120996157848,0.96875,6.94706981158431,0.36186890410364364,0.00517631834357813,0.000646830530401035,-0.0016632087900816939,0.0016632087900816939
213,313991.6666666667,64,63,0.06987691394844872,0.062260281527118044,64.13483127782494,56.86317468880767,0.96875,7.390641938224511,0.3943087091516341,0.005503399158303658,0.0006472491909385113,-0.007616632421330677,0.007616632421330677
213,348986.11111111107,64,62,0.07490004826997636,0.07819085185030382,68.46804624954214,72.01933285990586,0.9841269841269841,7.387473335101044,0.4514347777432445,0.005186385737439222,0.0006480881399870382,0.0032908035803274616,0.0032908035803274616
213,383955.55555555556,64,63,0.0409652750888996,0.041185770928128695,37.34286072748029,38.11425229006242,1.0,7.185344899272409,0.4539465639866591,0.0074337427278603745,0.0006462035541195477,0.00022049583922909705,0.00022049583922909705
213,418997.2222222222,64,63,0.03674167871983825,0.03930223305052874,32.741915865736686,35.282816383484054,0.96875,7.650027653961613,0.43290001128096023,0.0074578469520103765,0.0006482982171799027,0.0025605543306904885,0.0025605543306904885
213,453927.7777777778,64,63,0.04170672037779475,0.04049421234814154,37.8608353242751,37.02969812257118,0.96875,6.378789213283492,0.3490743669493144,0.008370895041854474,0.000643707756678468,-0.0012125080296532115,0.0012125080296532115
213,489094.44444444444,64,63,0.05892964603473172,0.048522547261584864,58.372789182339886,48.173089670476,1.0,6.360602088605539,0.3495499485563988,0.006150857882809971,0.0006472491909385113,-0.010407098773146856,0.010407098773146856
213,524100.0,64,63,0.04727867353394663,0.040502967794624326,44.441644177045156,37.24913529148958,1.0,6.854116158617252,0.40792913205119635,0.00678513731825525,0.0006459948320413437,-0.006775705739322305,0.006775705739322305
213,559150.0,64,63,0.054481436696641655,0.04096096122558306,52.886136641118824,38.724119050853275,1.0,7.864550688906565,0.41588533207541256,0.007421748951274605,0.0006451612903225806,-0.013520475471058592,0.013520475471058592
213,594280.5555555556,64,64,0.048854473901919854,0.03878585615658133,48.49255897132021,36.81163101458101,0.984375,7.314066825503197,0.38115300061616825,0.004832474226804124,0.0006441223832528181,-0.010068617745338522,0.010068617745338522
213,629427.7777777778,64,64,0.06720516149229432,0.0664282304949296,63.29984022883439,63.41283600869239,0.984375,7.566789833519257,0.41120434581459786,0.005453962143086301,0.0006414368184733803,-0.0007769309973647137,0.0007769309973647137
213,664747.2222222222,64,63,0.02180451557809113,0.022465468417451433,18.187756985940077,19.362059525421696,1.0,8.214108076783955,0.4809755845907707,0.004491498235482836,0.0006414368184733803,0.0006609528393603029,0.0006609528393603029
213,700055.5555555555,64,64,0.023172218268703058,0.023679596212091827,17.614194748309593,18.18669084547208,0.984375,8.51568029047459,0.480036527850653,0.004482869036183158,0.0006402048655569782,0.0005073779433887697,0.0005073779433887697
213,735416.6666666666,64,63,0.02184102166277594,0.024538394880490883,18.543516580404283,21.647440641617656,1.0,8.09006363974648,0.4632605130267231,0.007035497281739686,0.0006393861892583121,0.0026973732177149427,0.0026973732177149427
213,770858.3333333334,64,64,0.057078567185034026,0.033956200926483215,54.69426445905114,32.005319152344335,0.984375,6.442614964286996,0.35450278389419343,0.006726457399103139,0.0006404098623118795,-0.02312236625855081,0.02312236625855081
213,806213.8888888889,64,62,0.044555676513305935,0.039824814377298456,40.68894692949255,36.665218729833384,0.96875,7.095644006059266,0.3841671473838003,0.007044508485430675,0.0006402048655569782,-0.0047308621360074785,0.0047308621360074785
213,841591.6666666667,64,64,0.05273137259083601,0.05750395291575645,51.17593676118074,57.23184390500632,1.0,7.278244975293823,0.39796571786076324,0.007013069811922219,0.0006373486297004461,0.004772580324920436,0.004772580324920436
213,877144.4444444444,64,62,0.09978671993885652,0.16300483854145645,83.37737784676224,141.30920358106775,0.9682539682539683,6.730978451319194,0.3852156758631737,0.005763688760806916,0.0006402048655569782,0.06321811860259993,0.06321811860259993
213,912525.0,64,64,0.07262457602835144,0.07496417390284431,69.66184608290357,71.7059835136767,0.984375,6.6911387713545345,0.4233534212903026,0.004764930114358323,0.0006351222610352493,0.002339597874492866,0.002339597874492866
213,948175.0,64,63,0.02338776678646683,0.025339050216944464,17.090635004557384,19.309373551484384,0.984375,5.546532290727855,0.4545313803811169,0.005436520626798848,0.0006393861892583121,0.0019512834304776343,0.0019512834304776343
213,983616.6666666666,64,64,0.04416930088111208,0.046068126377038214,40.22908315910461,42.87423460389897,0.96875,4.503895187536237,0.44895072871054786,0.005143040822886531,0.0006426735218508997,0.0018988254959261333,0.0018988254959261333
213,1018852.7777777778,64,63,0.052914934050913624,0.0485906541546771,51.000542707242545,44.432886569912206,0.96875,5.947825734559021,0.38144955019404087,0.0050568900126422255,0.000631911532385466,-0.004324279896236523,0.004324279896236523
213,1054655.5555555555,64,63,0.11210847091652988,0.11853475288648434,96.01075727099533,103.10854937102093,0.96875,5.28089878890061,0.3348359797441773,0.0057070386810399495,0.0006339144215530904,0.006426281969954456,0.006426281969954456
213,1090388.888888889,64,64,0.04464795257121715,0.038556037337546784,44.057737452037685,37.082906835906094,0.984375,5.596915336607951,0.38924356482264,0.005391690453536315,0.0006341154090044388,-0.006091915233670364,0.006091915233670364
213,1126011.1111111112,64,64,0.04202089011151766,0.034677815055636385,33.8575123565455,29.766162400362855,0.984375,6.111728721826967,0.3991757216059894,0.007253232418795333,0.0006305170239596469,-0.007343075055881276,0.007343075055881276
213,1161930.5555555557,64,63,0.0635523421479995,0.055100578766781774,59.02790955072203,47.16870561105488,0.96875,6.744309059676188,0.4230876960891264,0.0072807850585628366,0.0006329113924050633,-0.008451763381217725,0.008451763381217725
213,1197700.0,64,63,0.024899706503450504,0.024763994049582974,20.959890390354424,20.486900097029324,0.9841269841269841,6.455202321732077,0.4851663639523673,0.007869058860560278,0.0006293266205160479,-0.00013571245386753,0.00013571245386753
213,1233697.2222222222,64,64,0.023948544593032597,0.025315231772581038,19.079394578724553,21.047855283190646,0.984375,6.586860392740453,0.47155132427046026,0.005952380952380952,0.0006263701847792045,0.0013666871795484405,0.0013666871795484405
213,1269877.7777777778,64,63,0.02491408992992738,0.025322448014821065,21.140212916437502,21.458376403522973,0.96875,7.2174028376089066,0.4764723760916681,0.005628517823639775,0.0006251953735542357,0.00040835808489368686,0.00040835808489368686
213,1306122.2222222222,64,62,0.03127864050607957,0.0342504201841888,25.892569000189937,30.32657861472749,0.9841269841269841,6.733937455033942,0.42511888007787485,0.007817385866166354,0.0006251953735542357,0.0029717796781092293,0.0029717796781092293
213,1342330.5555555555,64,63,0.05328934456755649,0.03319071879600317,47.38271272891448,28.043763231613557,0.9841269841269841,6.3363425811560665,0.3952077264546107,0.005649717514124294,0.0006275494195167869,-0.020098625771553323,0.020098625771553323
213,1378422.2222222222,64,61,0.04535824619088171,0.12273989161237765,44.07609454928448,96.61230108775771,0.9682539682539683,6.252419967756381,0.3581125850343405,0.005334170065892689,0.0006273525721455458,0.07738164542149595,0.07738164542149595
213,1414480.5555555555,64,62,0.06885760325075693,0.12972323174002776,65.87700636890096,106.43535020317235,0.953125,6.0117271862274695,0.4096548937667146,0.006277463904582548,0.0006275494195167869,0.06086562848927082,0.06086562848927082
213,1450577.7777777778,64,63,0.05266981758682005,0.052047351180492474,49.937735025969126,49.4256319663264,1.0,6.178217119960201,0.4476477895118573,0.005001562988433885,0.000625,-0.0006224664063275778,0.0006224664063275778
213,1486819.4444444443,64,64,0.10026704731514786,0.08840937358784158,87.01971789351619,75.30575827863667,0.96875,5.953931303553275,0.4421388046485098,0.00688145136065061,0.0006253908692933083,-0.011857673727306284,0.011857673727306284
213,1523041.6666666667,64,64,0.028154551818403456,0.030588943573640087,21.536808719723087,24.06914335566406,0.984375,6.611669648922548,0.4754286027369485,0.006845052893590542,0.0006220839813374805,0.002434391755236631,0.002434391755236631
213,1559466.6666666667,64,63,0.07098110837786031,0.0729119087413918,50.311405811813295,51.36621008268038,0.96875,7.095232350295401,0.4736805251280884,0.008153026026967701,0.0006269592476489029,0.001930800363531493,0.001930800363531493
213,1595600.0,64,63,0.08383655203915234,0.09135007304303958,75.46896392633317,85.99950508915032,0.96875,6.321299119333777,0.3708603498522376,0.006535947712418301,0.0006222775357809583,0.007513521003887233,0.007513521003887233
213,1631980.5555555555,64,63,0.06629814149898376,0.06409308770793239,62.87571261589356,59.814282182828954,1.0,6.30843455886097,0.3829967500047771,0.009088060169225948,0.0006265664160401002,-0.0022050537910513757,0.0022050537910513757
213,1668147.222222222,64,64,0.05309132249893693,0.05557955827501201,50.585234897521964,52.78604362337516,0.984375,6.277016685662406,0.3592043468873729,0.005610972568578554,0.0006232471174820816,0.0024882357760750776,0.0024882357760750776
213,1704461.1111111112,64,62,0.050250074620022914,0.04112975875179999,46.95528601664705,36.18182517918742,0.9841269841269841,6.542127257080467,0.4013095971048776,0.0046801872074883,0.0006238303181534623,-0.009120315868222921,0.009120315868222921
213,1740777.7777777778,64,63,0.052152816163019027,0.05321298801720053,47.699464867274656,49.03245552786877,0.9841269841269841,6.578639498672071,0.3957265049420388,0.0074673304293715,0.0006220839813374805,0.001060171854181502,0.001060171854181502
214,161.11111111111111,64,63,0.12451419360226018,0.1309076966691328,162.42933395931288,171.32842304594809,0.9841269841269841,11.261453630198837,0.3105653529607878,0.01736806947227789,0.0004452359750667854,0.006393503066872613,0.006393503066872613
214,51083.333333333336,64,63,0.17124814516400658,0.17464826694751698,211.71038316554785,216.14002462077215,0.9393939393939394,10.999626608713172,0.3226282775397274,0.009871441689623508,0.0004590314436538903,0.0034001217835104014,0.0034001217835104014
214,100475.0,64,64,0.2390209519271421,0.24050475195741328,323.4602267967323,325.13001916320474,0.984375,9.900094883435399,0.3164598410407026,0.016730725751752204,0.0004520795660036166,0.0014838000302711818,0.0014838000302711818
214,150516.6666666667,64,62,0.24725231913923557,0.2534052473837304,314.8200417726093,323.62968353048205,0.9841269841269841,9.584111475714334,0.29091636814103705,0.0136556973360197,0.0004476275738585497,0.006152928244494815,0.006152928244494815
214,201080.55555555556,64,64,0.22780829947268375,0.23277073820927116,270.8228791291749,277.0403663509494,0.9375,11.076656226144095,0.30155680803393053,0.014081255771006464,0.00046157396722824835,0.004962438736587416,0.004962438736587416
214,250169.44444444444,64,62,0.27500182417221847,0.2755345065490781,355.28961408482064,355.9919827372368,0.9682539682539683,11.083262459421423,0.3128992850630052,0.016411621202040365,0.0004434589800443459,0.0005326823768596056,0.0005326823768596056
214,301241.6666666667,64,63,0.2923825335640905,0.2781001359922082,335.77251228765647,324.10239995172776,0.953125,10.159684656645998,0.28224175895191417,0.015444855340439417,0.00043497172683775554,-0.014282397571882322,0.014282397571882322
214,352986.11111111107,64,63,0.22695473092724727,0.2296019890451221,302.12661392254387,300.9796526250609,1.0,11.737876641091711,0.3214169322114879,0.016251354279523293,0.0004332755632582322,0.0026472581178748344,0.0026472581178748344
214,405322.2222222222,64,63,0.21285621990563952,0.2187237092436004,281.6680982339426,289.7882876045967,1.0,13.05167146592617,0.3312968273220016,0.016897081413210446,0.00043878894251864854,0.005867489337960885,0.005867489337960885
214,456933.3333333333,64,62,0.2322647219751524,0.25181978149391826,312.2530884371724,336.1193228686235,0.9841269841269841,11.572660523967297,0.31342571541256753,0.020652898067954697,0.0004440497335701599,0.01955505951876585,0.01955505951876585
214,507900.0,64,63,0.19993858493486513,0.20535428618947452,250.38575376204568,256.1836946252674,1.0,14.12033349060436,0.37457245093242286,0.014502923976608188,0.0004677268475210477,0.005415701254609384,0.005415701254609384
214,556316.6666666667,64,63,0.15885436503795805,0.1622173211682545,187.69222192524995,193.02513812358146,1.0,11.814087806746093,0.3742235451047343,0.01594746716697936,0.0004689331770222743,0.0033629561302964406,0.0033629561302964406
214,604700.0,64,64,0.2512664022085066,0.25394190850858483,337.0988404545006,341.00982212494154,0.984375,11.214020750562876,0.3361073781928186,0.01755926251097454,0.00043888523151195964,0.002675506300078234,0.002675506300078234
214,656602.7777777778,64,62,0.24803084406503154,0.2532579308838368,338.01704940278296,341.91467360296616,0.9841269841269841,11.225623767526281,0.33826532201080106,0.015144958892254435,0.00043261951113995244,0.0052270868188052655,0.0052270868188052655
214,708891.6666666666,64,63,0.18487187441639885,0.19292280098711118,244.393017561987,248.67738751020755,1.0,11.89364543577404,0.33070207480890196,0.01910136748426308,0.00043402777777777775,0.008050926570712325,0.008050926570712325
214,761141.6666666666,64,63,0.27021007476846415,0.27106548831485416,367.06695864738407,360.3587248963525,1.0,10.96070513231437,0.3373889286736454,0.014850404018344617,0.0004366812227074236,0.0008554135463900159,0.0008554135463900159
214,812977.7777777778,64,63,0.26339022238364906,0.2741489324340068,329.3631168239889,332.77784068156086,0.96875,9.580157328631143,0.3015817129323809,0.018906144496961513,0.00045004500450045,0.010758710050357723,0.010758710050357723
214,863825.0,64,62,0.2539234347915177,0.2604115083776292,353.7478196574268,358.3032195797296,0.9841269841269841,11.09527489317314,0.31857521482855616,0.017570173559031496,0.0004284490145672665,0.006488073586111531,0.006488073586111531
214,916688.8888888889,64,64,0.21867471257790602,0.22172799993155562,287.91450648171553,292.7247561683426,0.984375,12.390443628996488,0.32194813523019566,0.016894087069525665,0.00043308791684711995,0.0030532873536495975,0.0030532873536495975
214,968977.7777777778,64,64,0.24517077487905248,0.24600371108442867,326.6003471191582,327.6542296997815,0.984375,10.40069362268987,0.2985898644872276,0.018642965532191632,0.00043346337234503684,0.0008329362053761946,0.0008329362053761946
214,1021150.0,64,62,0.21485933922032976,0.2198912788217521,294.4791012267615,301.8794796889829,0.9841269841269841,11.468740764986368,0.31061724039272404,0.01866952789699571,0.00042909246942716153,0.005031939601422342,0.005031939601422342
214,1073802.7777777778,64,63,0.22201406986319153,0.22302126017342744,287.5009739736938,290.8690148572942,0.96875,12.228905285409217,0.34017054089257304,0.01569608735213831,0.00045485558335228563,0.0010071903102359114,0.0010071903102359114
214,1123613.8888888888,64,63,0.19517200393983677,0.20374707513706775,246.18884141892585,259.20788685807025,1.0,13.373360400080498,0.3389411439576975,0.01531058617672791,0.0004373496610540127,0.008575071197230971,0.008575071197230971
214,1175322.2222222222,64,64,0.24473728288659488,0.24598309913653504,309.0388776146655,311.27058441738666,0.984375,13.949052152970777,0.3368131499694671,0.016832779623477297,0.0004428697962798937,0.0012458162499401626,0.0012458162499401626
214,1226538.8888888888,64,63,0.2766889841870391,0.2783252924882108,363.0712585010431,358.1355274071897,1.0,10.804747041453076,0.33849665271871165,0.016504634863215014,0.0004520795660036166,0.0016363083011717294,0.0016363083011717294
214,1276655.5555555555,64,62,0.17924641291112187,0.18338805590945978,226.93397557717017,232.29728352533414,0.9841269841269841,12.238846612342245,0.3332870605756414,0.015064244572441293,0.00044296788482834997,0.004141642998337913,0.004141642998337913
214,1327852.777777778,64,64,0.15719529538607466,0.15779927483463363,218.0568397104215,218.78612679970317,0.984375,12.16476271485821,0.2945962805561113,0.017515602979665795,0.00040257648953301127,0.0006039794485589722,0.0006039794485589722
214,1384044.4444444445,64,63,0.18572538879772763,0.18292866542112823,229.91473970768226,226.1140694890967,1.0,12.304736902865297,0.332700136875525,0.01561792666364871,0.00045259108395564606,-0.0027967233765993915,0.0027967233765993915
214,1434044.4444444445,64,64,0.23815310212534294,0.24005166609634085,326.34398760765146,329.42366448720855,0.984375,12.385315576855465,0.34975689698553003,0.012421006755284375,0.00043572984749455336,0.001898563970997913,0.001898563970997913
214,1486058.3333333335,64,64,0.2477043333025606,0.24801143087272742,336.8283026349877,337.6781491039856,0.984375,10.614127608487225,0.3277651435040988,0.01565600882028666,0.0004409171075837742,0.0003070975701668366,0.0003070975701668366
214,1537436.1111111112,64,62,0.20102058841144263,0.20596522068733766,242.06595778252264,249.21645631876066,0.9841269841269841,13.022654723363427,0.34159052781159355,0.013290559120073327,0.0004581901489117984,0.004944632275895033,0.004944632275895033
214,1586844.4444444445,64,62,0.22758521441501717,0.25273228805574066,311.88918800017086,338.79865843066096,0.9841269841269841,11.51244749052322,0.2910913022382892,0.01882004652146331,0.00042283298097251583,0.025147073640723494,0.025147073640723494
214,1640422.2222222222,64,63,0.1675454630985231,0.1689096370475966,202.66727484504136,205.75716195783073,1.0,12.92493866005289,0.32660421300171,0.014803358373840036,0.0004417936823503424,0.0013641739490734828,0.0013641739490734828
214,1691597.2222222222,64,63,0.22015272143673328,0.22343932231997868,263.09491952262,265.87413217932567,0.96875,12.597324393765902,0.33805119632134006,0.009195944352746994,0.0004714757190004715,0.003286600883245394,0.003286600883245394
214,1739950.0,64,64,0.18066849033047755,0.1824183352414403,233.5111436344865,235.34347113004478,0.984375,12.77733413264171,0.3377893615684887,0.014628571428571428,0.0004570383912248629,0.00174984491096275,0.00174984491096275
215,344.44444444444446,64,63,0.13295538286474784,0.13236383152779782,111.50412125187552,109.61202556803886,1.0,10.220336400542676,0.43715318513228996,0.003973509933774834,0.0006620324395895399,-0.0005915513369500192,0.0005915513369500192
215,34544.444444444445,64,63,0.11149626946150638,0.14791660969609693,95.02640644129578,118.88538996947737,0.96875,11.608917949090582,0.46729549492297046,0.007377598926894702,0.0006704659738518271,0.03642034023459055,0.03642034023459055
215,68336.11111111111,64,63,0.13174417456517232,0.13334572817673865,107.49028648473299,108.89404532072881,1.0,16.334641413662396,0.47884066369376105,0.005333333333333333,0.0006664445184938354,0.001601553611566331,0.001601553611566331
215,102300.0,64,63,0.054474406549783624,0.05524815751743465,38.4803166180467,39.32452879432771,1.0,9.165389610404201,0.4871942804676819,0.006339673006339673,0.00066711140760507,0.0007737509676510254,0.0007737509676510254
215,136250.0,64,63,0.09558099468878868,0.09918737120383829,77.46593269814859,80.46732902140764,1.0,9.693951912436157,0.46547669697511584,0.005389019872010778,0.0006734006734006734,0.0036063765150496085,0.0036063765150496085
215,169911.1111111111,64,62,0.15719890355145985,0.15712276982765516,107.58807622482426,108.46911571406461,0.96875,8.786310373799315,0.5009745232230679,0.0054626152270399455,0.0006825938566552901,-7.613372380468886e-05,7.613372380468886e-05
215,203175.0,64,63,0.05013856729509431,0.05150407947126824,27.916321169778655,30.110824315301947,1.0,7.84737371036871,0.52081725655432,0.004384485666104553,0.0006743088334457181,0.001365512176173929,0.001365512176173929
215,236791.66666666666,64,63,0.05164143808104996,0.05210766456093034,27.29645718897109,27.382087176300697,0.96875,8.156350014543102,0.492804917704992,0.0026917900403768506,0.0006727211570803902,0.00046622647988037863,0.00046622647988037863
215,270452.7777777778,64,63,0.06637187131378412,0.06625877187113703,49.472023237738455,49.425631966322534,1.0,6.788551163198152,0.4812771631346824,0.003948667324777887,0.0006578947368421052,-0.00011309944264709104,0.00011309944264709104
215,304841.6666666666,64,63,0.10451516745407871,0.10352366041977908,78.91513521694591,78.44153992465539,1.0,10.930817289641928,0.48955603782424395,0.004033613445378151,0.0006720430107526882,-0.0009915070342996352,0.0009915070342996352
215,338552.7777777778,64,62,0.06732363932995224,0.06882491065607163,45.700769517908114,48.166040121948804,0.9841269841269841,8.89299842122633,0.5100030499014561,0.005634736493205171,0.0006626905235255136,0.0015012713261193938,0.0015012713261193938
215,372727.77777777775,64,64,0.07258477736180653,0.07096690530557057,58.23724805424671,56.95094972382398,0.984375,9.267175638456157,0.48534176887419345,0.0023079459281239697,0.0006591957811470006,-0.0016178720562359666,0.0016178720562359666
215,407061.1111111111,64,64,0.1025986494975746,0.10293664326588342,71.23585468869409,71.32758518100353,1.0,9.86227349322148,0.5057936925363273,0.004679144385026738,0.0006682258603407952,0.0003379937683088141,0.0003379937683088141
215,441172.2222222222,64,62,0.05081575814832381,0.050724201319145984,27.824781021050367,26.538195572438386,0.9841269841269841,6.794466808423859,0.48846857173489955,0.0033200531208499337,0.0006637902422834385,-9.155682917782321e-05,9.155682917782321e-05
215,475294.44444444444,64,62,0.1417149869628624,0.19540524018167404,105.31771450069972,168.1751721917609,0.9841269841269841,13.543023151698124,0.4763932577611763,0.006339673006339673,0.00066711140760507,0.05369025321881166,0.05369025321881166
215,509216.6666666666,64,64,0.10419736011929598,0.10422610884085061,82.18973372480465,82.59289456780022,0.984375,12.166298882385979,0.5026138461377911,0.0029654036243822075,0.0006587615283267457,2.8748721554630596e-05,2.8748721554630596e-05
215,543611.1111111111,64,63,0.1208066781310527,0.12139109572999052,101.33210222951378,101.85605159718267,1.0,10.591706867327341,0.4780328209666447,0.004676018704074816,0.000667779632721202,0.0005844175989378197,0.0005844175989378197
215,577525.0,64,63,0.0755529163295438,0.07565313501115536,59.1248148208129,58.92199388246462,1.0,9.894665271733109,0.4885475228954808,0.0039906883937479215,0.0006648936170212766,0.000100218681611558,0.000100218681611558
215,611563.8888888889,64,63,0.07065380389545343,0.07193267769644823,55.501766074908474,57.14910068868954,0.96875,11.538672176267815,0.48873301112398565,0.004256712508185986,0.0006546644844517185,0.001278873800994798,0.001278873800994798
215,646044.4444444445,64,62,0.10419310370933588,0.10183913417808982,85.72145624365835,84.17991228052666,0.9841269841269841,10.635638639276616,0.4785161132935727,0.008159268929503917,0.0006525285481239804,-0.0023539695312460585,0.0023539695312460585
215,680788.8888888889,64,63,0.06069720280933689,0.06255236473080963,43.875162319704195,45.85455552231302,1.0,9.739008653539729,0.48303939135927676,0.005310321938267508,0.0006635700066357001,0.0018551619214727463,0.0018551619214727463
215,714930.5555555555,64,62,0.10087970947559392,0.10339697327261252,86.17179039092112,88.4046958571347,0.9841269841269841,12.744403553472342,0.47353702205607295,0.005287508261731659,0.0006607201850016518,0.0025172637970185957,0.0025172637970185957
215,749180.5555555555,64,63,0.06342976390899632,0.06394294928707697,41.80979003072841,41.27107470992078,1.0,10.417635815345562,0.47490923795987366,0.005221932114882507,0.0006525285481239804,0.0005131853780806495,0.0005131853780806495
215,783869.4444444444,64,63,0.05505663813628679,0.05626170177532472,30.932024237941793,31.9811810518846,0.96875,7.329643603671883,0.4696735812572394,0.005268356931182087,0.0006583278472679394,0.001205063639037926,0.001205063639037926
215,818300.0,64,63,0.0578732831418772,0.0588626884205246,38.815214390512864,38.59235916203118,1.0,8.167174817662318,0.47527265831454785,0.0049521294156487285,0.0006600660066006601,0.0009894052786473956,0.0009894052786473956
215,852611.1111111111,64,63,0.07411610005728636,0.07583214102035865,54.42052909022279,56.141989198049735,1.0,11.62749443861578,0.4806743244267932,0.00492772667542707,0.0006568144499178982,0.0017160409630722906,0.0017160409630722906
215,886969.4444444444,64,63,0.09915001554627781,0.10074411526814066,81.65346856507915,84.85470188853385,0.984375,11.703962295182757,0.4915014420488996,0.008752025931928687,0.0006480881399870382,0.0015940997218628489,0.0015940997218628489
215,921933.3333333333,64,63,0.047377436895640446,0.04737912640474533,20.61564886431271,20.880915030225477,1.0,6.523024347943614,0.479836986237779,0.005298013245033113,0.0006620324395895399,1.689509104882414e-06,1.689509104882414e-06
215,956161.1111111111,64,63,0.10886744652467546,0.11172267763927135,89.93282594244057,92.45036327822343,1.0,9.18417137275243,0.4616095170589095,0.003359086328518643,0.000671591672263264,0.002855231114595888,0.002855231114595888
215,989861.1111111111,64,64,0.09425057854860186,0.0950245438585123,76.31594758001027,77.52245658131527,0.984375,9.412919841847062,0.47660359425243576,0.00295955277869122,0.0006574621959237344,0.000773965309910446,0.000773965309910446
215,1024308.3333333334,64,64,0.07691532147595742,0.0767304399744447,64.94471962318015,64.89701753110153,0.984375,10.553192851152632,0.4631868618938759,0.005270092226613966,0.0006585446163977609,-0.0001848815015127181,0.0001848815015127181
215,1058722.2222222222,64,63,0.08071603762845424,0.08344095511882703,63.89668021680809,66.84392685257122,1.0,12.341603573465287,0.4816894625531599,0.005211726384364821,0.0006512536633018561,0.0027249174903727913,0.0027249174903727913
215,1093552.7777777778,64,64,0.09080263002721924,0.09061035318908503,76.66819254617138,76.16596969332298,0.984375,8.246548406519157,0.4760119047773267,0.003562176165803109,0.0006474587245063128,-0.00019227683813420604,0.00019227683813420604
215,1128513.888888889,64,63,0.05716584359503835,0.058101849652065836,34.4225418858387,34.64178698377097,1.0,6.221685440203492,0.4824652559578666,0.005237315875613748,0.0006544502617801048,0.0009360060570274831,0.0009360060570274831
215,1163091.6666666667,64,63,0.08312945513739764,0.08349966626881411,66.24155078626065,63.8028944856572,1.0,13.4820139529248,0.47073395473687324,0.002621231979030144,0.0006550933508024893,0.0003702111314164702,0.0003702111314164702
215,1197658.3333333333,64,63,0.10643718150132711,0.09512964547287885,70.60323509624034,71.38377076293922,1.0,12.642849392329468,0.48036414664909377,0.005948446794448116,0.0006607201850016518,-0.011307536028448265,0.011307536028448265
215,1231750.0,64,63,0.10468235336594547,0.105233296182392,83.02061995261056,83.71858141319488,1.0,9.414696846053735,0.4943998443428393,0.006482982171799027,0.0006480881399870382,0.0005509428164465202,0.0005509428164465202
215,1266700.0,64,63,0.09433344901070022,0.09494848577954887,78.28575158249753,78.66200926545986,1.0,12.927207955591676,0.4849952719389011,0.004887585532746823,0.0006514657980456026,0.0006150367688486508,0.0006150367688486508
215,1301427.7777777778,64,61,0.12045355771445021,0.1794088254596246,69.91323252650417,148.8143745293274,0.9682539682539683,13.309368140450431,0.4748787372885722,0.00718954248366013,0.0006533812479581836,0.0589552677451744,0.0589552677451744
215,1336086.1111111112,64,64,0.15365245306350822,0.15441608216577485,99.46341502237165,100.0843993040858,0.984375,11.417442723835563,0.4811132065347437,0.005466237942122186,0.0006428801028608164,0.0007636291022666275,0.0007636291022666275
215,1371311.1111111112,64,63,0.06578980938176959,0.06742765629849731,51.48869026315216,52.40679316969222,1.0,9.370446623327808,0.4709483058521527,0.006905623150279513,0.0006574621959237344,0.0016378469167277199,0.0016378469167277199
215,1405825.0,64,64,0.10131892601506025,0.10119946202127117,84.22314664562948,83.78567698259837,0.984375,11.761966551281063,0.4799796839786324,0.006894287590282338,0.0006563833278634722,-0.00011946399378907901,0.00011946399378907901
215,1440330.5555555555,64,63,0.11784750014996277,0.16737374436636923,79.70496006163938,139.21992255091487,0.96875,13.283525372961957,0.4642145146858232,0.0042833607907743,0.0006587615283267457,0.04952624421640646,0.04952624421640646
215,1474822.2222222222,64,63,0.12300495115601628,0.12376623471725325,103.32786531182114,103.69965998135555,1.0,12.81541425569776,0.4999874895727333,0.004652708541043536,0.000664451827242525,0.0007612835612369612,0.0007612835612369612
215,1508938.8888888888,64,63,0.08478554500153122,0.0896043104724327,68.47077270233082,73.22941789560208,1.0,11.485268594992979,0.47611226226724884,0.004628099173553719,0.0006609385327164573,0.004818765470901473,0.004818765470901473
215,1543191.6666666665,64,63,0.10551848884019806,0.10488646947291476,83.12548751515898,81.56131744768422,0.96875,10.18235086669251,0.4867518792537989,0.0032541490400260333,0.0006506180871828237,-0.0006320193672832985,0.0006320193672832985
215,1577983.3333333333,64,63,0.1423928383526237,0.1438945909455184,113.24452736841401,114.01263390702174,0.96875,13.594375911683619,0.47183904503209545,0.006487187804086928,0.0006485084306095979,0.0015017525928947006,0.0015017525928947006
215,1612866.6666666665,64,62,0.1053880495942355,0.10797116458101387,92.44268031472348,95.32696120294791,0.9841269841269841,13.631210732322081,0.48912860418677634,0.006864988558352402,0.00065359477124183,0.002583114986778365,0.002583114986778365
215,1647547.2222222222,64,62,0.1229597698533913,0.15173545438248676,110.40771981968024,118.36784235355967,0.9841269841269841,12.052785445794056,0.46997381209430417,0.00881488736532811,0.0006527415143603133,0.028775684529095458,0.028775684529095458
215,1682416.6666666667,64,64,0.06979620342647502,0.07119602627985513,39.509575688561966,40.419460883233484,0.984375,9.743318482423726,0.47480342194024333,0.008890352321369773,0.0006583278472679394,0.0013998228533801116,0.0013998228533801116
215,1716888.888888889,64,63,0.07774947845757335,0.07751828408401493,47.92202323180175,47.19029806155609,1.0,11.626586606755374,0.4752498036700041,0.006538084341288003,0.00065359477124183,-0.00023119437355842432,0.00023119437355842432
215,1751505.5555555555,64,62,0.11477890775141769,0.11737176297682833,89.35459879029348,91.84083348394468,0.9841269841269841,14.089961033724538,0.46981961700059804,0.00648508430609598,0.0006482982171799027,0.0025928552254106396,0.0025928552254106396
217,569.4444444444445,64,63,0.053141231258288256,0.05067867057073681,59.97643238188173,55.26414506364761,0.96875,4.344869876672266,0.275240907270288,0.011019283746556474,0.000423728813559322,-0.002462560687551449,0.002462560687551449
217,54000.0,64,63,0.0839966390183918,0.08409141915114136,108.40338696303841,109.50044220803119,0.96875,4.3879870609522325,0.2548313069211209,0.015753129046180404,0.0004314994606256742,9.478013274956398e-05,9.478013274956398e-05
217,106497.22222222222,64,63,0.04338926477662074,0.04273917348132525,41.88116829870304,39.839269661797054,0.96875,4.441052279462986,0.2660263253265386,0.013088452607135318,0.00042211903756859433,-0.0006500912952954879,0.0006500912952954879
217,160169.44444444444,64,64,0.1069857455697685,0.10592451399134296,119.60219224032713,116.52907749373486,0.984375,4.6393917609274595,0.26671279064334175,0.012896174863387979,0.00043706293706293706,-0.0010612315784255394,0.0010612315784255394
217,212013.88888888888,64,63,0.08039641573109592,0.07784501421173498,101.01412300562528,96.5046522470301,0.96875,4.7475857231382665,0.25902416022599456,0.014989293361884369,0.00042817383857846286,-0.002551401519360938,0.002551401519360938
217,264891.6666666666,64,64,0.1106101288592253,0.10425176044199638,135.12093201430952,120.66178182172366,0.984375,4.409872649808556,0.26728241616263027,0.012784398699891657,0.0004332755632582322,-0.006358368417228921,0.006358368417228921
217,317175.0,64,64,0.05801111100824275,0.05678534581716094,63.41278893157731,62.232217057914475,0.984375,4.751706091419501,0.26230427404641354,0.011409254172829073,0.0004224757076468103,-0.0012257651910818138,0.0012257651910818138
217,370819.44444444444,64,63,0.12227095710217269,0.1240495724926439,144.9304272866212,146.50056393749608,0.96875,4.057997859957561,0.24643459244321758,0.014753742677370363,0.0004338394793926247,0.0017786153904712082,0.0017786153904712082
217,423125.0,64,63,0.13449738517856863,0.1281352306501645,142.41797753992853,134.1670640712136,0.96875,4.237574864893181,0.22619202460652718,0.014823008849557522,0.00044238000442380006,-0.006362154528404135,0.006362154528404135
217,474347.22222222225,64,64,0.07004072702151783,0.06627565869766812,82.27146036120116,75.54495133710634,0.984375,4.453390175046378,0.2727807004313411,0.016196886832141353,0.0004206098843322818,-0.0037650683238497074,0.0037650683238497074
217,528138.8888888889,64,63,0.07220264644208393,0.07134780332747029,85.09780724606496,81.87297818364918,0.96875,4.1256662960838275,0.26208248055586714,0.01231945624468989,0.00042471862391165854,-0.0008548431146136459,0.0008548431146136459
217,581472.2222222221,64,63,0.07615759118112511,0.07937865684424084,88.04482765399885,95.40049227030154,0.96875,4.400047855844483,0.26183841236927113,0.010582010582010581,0.00042319085907744394,0.003221065663115724,0.003221065663115724
217,635005.5555555556,64,63,0.03936544144670046,0.04028482062561162,33.92728009328218,35.68474914518466,0.96875,4.2526328131234985,0.26808504830585084,0.013071895424836602,0.00042158516020236085,0.0009193791789111547,0.0009193791789111547
217,688722.2222222221,64,63,0.12788414847361448,0.12282873887565267,141.80408332831786,131.2578017494564,0.953125,3.9677182463930674,0.24013199762385654,0.010063443447823233,0.0004374453193350831,-0.005055409597961816,0.005055409597961816
217,740566.6666666667,64,62,0.10602818554630766,0.09850339052406393,137.57940033977474,121.63883634558918,0.9841269841269841,4.0319722733396395,0.24712013414189815,0.0136986301369863,0.0004347826086956522,-0.007524795022243735,0.007524795022243735
217,792583.3333333334,64,63,0.12501691577071683,0.12659510838531926,145.74690219077902,149.41984704365714,1.0,4.822138802541248,0.22579924013720076,0.005772338951743246,0.0004616805170821791,0.0015781926146024305,0.0015781926146024305
217,841611.1111111111,64,62,0.12432869221547871,0.20433827022188597,143.66865003745167,191.51031107252825,0.9523809523809523,5.691320515624503,0.22431439396130545,0.015669830059589496,0.000441306266548985,0.08000957800640726,0.08000957800640726
217,893000.0,64,62,0.13465611865120633,0.1332405785647277,150.02281454007246,147.21067010168667,0.9841269841269841,5.510908693743527,0.19963932688004074,0.010399815114397967,0.0004621072088724584,-0.0014155400864786227,0.0014155400864786227
217,942072.2222222222,64,63,0.14778567051733604,0.14206351793252214,155.02622110918637,144.46991735583126,1.0,6.095828484744164,0.22431348859322853,0.009774261112404002,0.00046533271288971617,-0.0057221525848139,0.0057221525848139
217,990633.3333333334,64,63,0.16751935887635946,0.16515119285716942,184.69409196435365,178.70899570132718,1.0,8.402736075356891,0.2281496610509431,0.012463343108504398,0.0004886391399951136,-0.0023681660191900433,0.0023681660191900433
217,1036947.2222222224,64,63,0.13350434019845567,0.1220781098679736,153.7246642586196,148.53088303677416,0.96875,6.074505939176732,0.24533532732544164,0.013415188722146431,0.0004546487838145033,-0.011426230330482068,0.011426230330482068
217,1086647.222222222,64,63,0.10310886472139412,0.10356710437162191,111.20795510734912,113.61880670642061,0.96875,4.556344784665263,0.2422704610779514,0.013879991458466795,0.0004269854824935952,0.00045823965022778745,0.00045823965022778745
217,1139661.111111111,64,63,0.04518508427544599,0.04452849758260236,43.02302505617517,41.468073799381806,0.96875,4.663693822006169,0.25984516795350143,0.01258917331095258,0.0004195510803440319,-0.0006565866928436304,0.0006565866928436304
217,1193622.2222222222,64,63,0.07195134547188335,0.06909959697036612,73.82677881101029,68.75220509627385,0.96875,4.914244909612727,0.27423305459392666,0.013713080168776372,0.0004218519299725796,-0.0028517485015172317,0.0028517485015172317
217,1247302.7777777778,64,63,0.0682714408979915,0.06865063705966978,73.4609105331295,75.48990392244825,0.96875,4.94679390760264,0.2657666095222676,0.015029635901778153,0.0004232804232804233,0.0003791961616782802,0.0003791961616782802
217,1300830.5555555555,64,63,0.11551278480031855,0.11730725184451406,81.65956495101238,83.41381672699994,0.96875,4.562697943469154,0.24988456291869213,0.013501742160278746,0.00043544524276072284,0.0017944670441955024,0.0017944670441955024
217,1352727.777777778,64,64,0.1138625974829336,0.11294590019255102,99.34071801467827,97.52811280616345,0.984375,5.651385708045615,0.25358587742895233,0.012632978723404254,0.00044316419233325947,-0.0009166972903825871,0.0009166972903825871
217,1403869.4444444445,64,62,0.07036572753867491,0.060531158181329335,77.49083012517018,62.08763514569039,0.9841269841269841,4.523384822909617,0.2540788763888696,0.014164904862579281,0.0004227436060029592,-0.009834569357345578,0.009834569357345578
217,1457491.6666666665,64,63,0.10210863877068524,0.08799074398248,132.22451881984867,109.6399036640724,0.96875,3.6764619324645764,0.23753137543534375,0.01333046656632982,0.0004299226139294927,-0.014117894788205243,0.014117894788205243
217,1510211.1111111112,64,63,0.08074602612824229,0.0705311133734281,100.01679966420211,80.6948883009329,0.96875,3.756105435971375,0.2377699096654808,0.010510510510510511,0.0004289084280506112,-0.01021491275481419,0.01021491275481419
217,1563066.6666666665,64,63,0.04726050544273912,0.048175881324729566,43.34005324236449,45.921156219048044,0.9384615384615385,4.228594636307737,0.2518296308882068,0.01526877222338423,0.0004182350480970305,0.000915375881990449,0.000915375881990449
217,1617277.7777777778,64,63,0.05902817034002562,0.05772566324219051,61.85398911731647,60.12006579418749,0.96875,4.642523915676795,0.2678242481435891,0.012481489316691347,0.00042301184433164127,-0.0013025070978351094,0.0013025070978351094
217,1670897.222222222,64,64,0.062141302706578146,0.06102595808533063,66.4900213495842,61.06160061378951,0.984375,4.418738879081742,0.2672800983258813,0.014327855035819638,0.0004213187276174426,-0.001115344621247516,0.001115344621247516
217,1724691.6666666665,64,63,0.04155286946898006,0.04153074008649116,36.23325084432121,37.765188734329726,0.96875,4.429097029382375,0.27938176576747886,0.014705882352941176,0.0004200798151648813,-2.2129382488904337e-05,2.2129382488904337e-05
219,833.3333333333334,64,64,0.18149565683008087,0.18144366048861943,193.11211491958105,193.90696165392504,0.96875,16.033355879018195,0.41917709188187857,0.00922874093605801,0.0004393673110720562,-5.1996341461441054e-05,5.1996341461441054e-05
219,52200.0,64,62,0.18675762795086331,0.18292260892463474,222.07376313378685,220.58371167680406,0.9841269841269841,12.606583007985702,0.36854633112600205,0.009659613615455382,0.0004598758335249483,-0.00383501902622857,0.00383501902622857
219,101266.66666666667,64,63,0.18467047914530638,0.18529126856526798,225.9570776846669,223.52215892712638,1.0,15.811279400234815,0.4143891607654308,0.011263250883392226,0.00044159858688452196,0.0006207894199616038,0.0006207894199616038
219,152530.55555555556,64,63,0.16337045478687662,0.16636788077502127,198.30963785240894,200.6282791976299,1.0,15.366327770781206,0.40856026398679357,0.01035802747129025,0.00045024763619990995,0.0029974259881446474,0.0029974259881446474
219,203080.55555555556,64,64,0.16257103058041208,0.1664071004725585,188.15348090731544,194.45924985292172,0.984375,13.51644532234927,0.3874925513373531,0.011289230074508919,0.0004514672686230248,0.00383606989214641,0.00383606989214641
219,253416.66666666666,64,63,0.1913934705553808,0.19265928645661157,214.83774582924707,217.31982931571326,1.0,11.640688464060222,0.41428801486216815,0.00931057415207271,0.0004432624113475177,0.0012658159012307602,0.0012658159012307602
219,304705.55555555556,64,62,0.17848817146881527,0.1820118403242454,192.23883482196112,194.79724620795346,0.9841269841269841,10.570575203999699,0.41120981810791196,0.010900370612600829,0.00043591979075850045,0.003523668855430123,0.003523668855430123
219,356605.55555555556,64,64,0.1589360450726142,0.1656007057733047,193.4955083414164,203.08677081800747,0.984375,11.024462825399048,0.39483080132356124,0.010670378102528416,0.00046382189239332097,0.006664660700690522,0.006664660700690522
219,405352.77777777775,64,62,0.14949869023874096,0.14814433054373238,156.5106845704495,158.02782086641054,0.9841269841269841,11.71626963721017,0.40344702860835313,0.010846988229863836,0.00046146746654360867,-0.0013543596950085779,0.0013543596950085779
219,454533.3333333334,64,64,0.16747095752224747,0.17081281347135605,204.38157684245544,210.1115621071131,0.984375,7.870037764355211,0.3916898050681942,0.010096670247046188,0.000429553264604811,0.003341855949108574,0.003341855949108574
219,507077.7777777778,64,63,0.22695089885376932,0.2310033625215238,230.94172435438932,237.3934474384412,1.0,10.328904197489665,0.37872199258248995,0.009829619921363041,0.00043677658877484165,0.004052463667754469,0.004052463667754469
219,558719.4444444444,64,62,0.1358989551705353,0.13535154290531654,134.77417429370857,127.29712548204454,0.9841269841269841,7.744116025148034,0.42623556368652404,0.010931450694602596,0.0004553734061930783,-0.0005474122652187607,0.0005474122652187607
219,608683.3333333333,64,63,0.17742128995463669,0.18228784159675654,199.27686872836142,204.01692321189023,1.0,6.609330663314345,0.37795822823947867,0.012048192771084338,0.000463284688441047,0.004866551642119854,0.004866551642119854
219,657655.5555555556,64,63,0.1881023078725152,0.19081557600204407,212.16283252019377,215.72486026653942,1.0,6.579040803387498,0.41752302186186346,0.010690423162583519,0.00044533511467379205,0.0027132681295288785,0.0027132681295288785
219,708452.7777777778,64,63,0.19510236601617553,0.19372581368718222,238.535153205957,239.04414141090362,0.96875,6.23534773390782,0.4232943354168721,0.017335766423357664,0.00045610034207525655,-0.001376552328993308,0.001376552328993308
219,758166.6666666666,64,63,0.1836624535022066,0.18246942724642753,211.66864221697992,212.78166901340137,1.0,5.426182186111258,0.4309098233323958,0.01284941388638413,0.000450755014649538,-0.0011930262557790783,0.0011930262557790783
219,808397.2222222222,64,63,0.25679142511890685,0.25935637777318643,313.7335735046979,315.6846283134458,0.96875,4.91447551117589,0.4294814185137261,0.017338709677419354,0.00040314452731304173,0.002564952654279584,0.002564952654279584
219,864522.2222222222,64,63,0.31597114297703266,0.3182336015950834,343.2195819032355,346.67361885095323,0.984375,4.067603471159026,0.39344895778529804,0.012260701226070123,0.00043010752688172043,0.0022624586180507444,0.0022624586180507444
219,917013.8888888889,64,62,0.2945574788113938,0.29682592855832557,642.4689316660298,648.4583547618696,0.9841269841269841,5.1686855160283445,0.42117292433347986,0.014766326685949155,0.00030441400304414006,0.0022684497469317444,0.0022684497469317444
219,991072.2222222222,64,62,0.34330606583073897,0.34813094103235903,476.33004067176796,470.1611077433033,0.9841269841269841,5.405666148888662,0.4067411309688376,0.016189697465249387,0.0003270111183780249,0.00482487520162006,0.00482487520162006
219,1060180.5555555557,64,62,0.3180024696332908,0.3211961438911198,372.6704825049307,376.9286658556538,0.9841269841269841,5.121183302600961,0.3987137270129912,0.014713519127574865,0.00034614053305642093,0.00319367425782896,0.00319367425782896
219,1125588.888888889,64,62,0.3084544514480474,0.312177454686392,271.74680525242303,274.20745765875455,0.9841269841269841,7.876202893328205,0.4136780803720087,0.011691348402182385,0.0003896356906292616,0.0037230032383446243,0.0037230032383446243
219,1183680.5555555557,64,62,0.3366386000132824,0.3389889104342218,337.3959048579083,332.0488694219127,0.9841269841269841,9.736849780358481,0.4007213375777082,0.011562921564848718,0.0003853564547206166,0.0023503104209394166,0.0023503104209394166
219,1242391.6666666667,64,64,0.19709452660840013,0.19679584821876375,205.46714169469652,204.92914393917914,0.984375,6.301640887849796,0.4212116052581426,0.014861517676199055,0.00045024763619990995,-0.0002986783896363754,0.0002986783896363754
219,1292911.111111111,64,62,0.24659365940657865,0.24763754570301585,286.200768045066,289.9437719321395,0.9841269841269841,8.302058503778294,0.40873049609367085,0.011667672500502917,0.00040225261464199515,0.001043886296437202,0.001043886296437202
219,1349938.8888888888,64,63,0.35237752638909764,0.3526855404801897,489.04961821079286,489.78822918060433,1.0,6.411016863960871,0.3876885779233743,0.012662742999821652,0.0003566333808844508,0.0003080140910920459,0.0003080140910920459
219,1413341.6666666667,64,63,0.17443806286154273,0.17472880628104417,183.76185392129221,184.47048055491533,1.0,9.262235391142378,0.4024629378707675,0.009649910233393177,0.0004487323311644604,0.00029074341950144356,0.00029074341950144356
219,1463919.4444444445,64,64,0.1632169729058452,0.16203812805625784,178.17111783954573,176.15589868924158,0.984375,11.108174154439729,0.39766971230958226,0.011577752553916005,0.00045392646391284613,-0.0011788448495873571,0.0011788448495873571
219,1514133.3333333335,64,63,0.20394461622577956,0.20072904825348378,230.3554752162931,228.78349573596645,1.0,11.458824151365903,0.41359661281746424,0.010572687224669603,0.0004404316229905307,-0.003215567972295774,0.003215567972295774
219,1565591.6666666667,64,63,0.1664052145900837,0.16515493971159012,171.48936454058986,166.21586889468932,1.0,10.278551014419987,0.39843349071298356,0.008756567425569177,0.0004377325454147516,-0.001250274878493579,0.001250274878493579
219,1617547.2222222222,64,64,0.16300999548268327,0.16217509372207614,177.50980868230363,176.50831315269372,0.984375,8.51822828621973,0.39325137541584193,0.012663952962460425,0.0004521817770743839,-0.0008349017606071318,0.0008349017606071318
219,1667619.4444444445,64,64,0.18363301059137646,0.1835682117749381,215.66519077532766,215.76926070520736,0.984375,11.34965069837157,0.4121763859810411,0.00994077834179357,0.00042292239374074856,-6.479881643836616e-05,6.479881643836616e-05
219,1721169.4444444445,64,63,0.160769078042801,0.15213299933965482,183.08165357500886,184.47600287916572,1.0,11.172834633141514,0.37011277564076,0.010774410774410775,0.0004488330341113106,-0.008636078703146172,0.008636078703146172
220,77.77777777777779,64,63,0.05301454523297968,0.05353831837988857,71.58962684247878,73.31283856198726,0.9384615384615385,28.278144235889787,0.4269547591708106,0.008290816326530613,0.0004250797024442083,0.000523773146908893,0.000523773146908893
220,53377.77777777778,64,63,0.0187694490820492,0.019148873195698468,18.415559063229036,19.097176191604188,1.0,27.610371250821327,0.42953184172036574,0.00819672131147541,0.0004202563563773902,0.0003794241136492668,0.0003794241136492668
220,107280.55555555555,64,62,0.014158128952124347,0.01539659317578847,15.99606682043151,18.03357199338743,0.9841269841269841,28.348223036867267,0.4160849194253365,0.0050526315789473685,0.0004209640075773521,0.0012384642236641236,0.0012384642236641236
220,161086.1111111111,64,63,0.015695834390950757,0.01577277560419393,19.105468242526378,19.362059525410977,1.0,27.907743950428998,0.4280467970265077,0.008873864356644834,0.0004224757076468103,7.694121324317363e-05,7.694121324317363e-05
220,214708.33333333334,64,63,0.02110890842566383,0.0220298931199567,19.60697561156199,21.219677360910932,1.0,29.204158936872183,0.4249466245443873,0.005718954248366013,0.0004084133142740453,0.0009209846942928694,0.0009209846942928694
220,270188.8888888889,64,63,0.09005202914867776,0.09015445908353159,103.96126702678848,103.60137575881102,1.0,29.29103046689616,0.4292414328305401,0.009257354453816088,0.00041135335252982314,0.00010242993485383434,0.00010242993485383434
220,325222.22222222225,64,63,0.0659925744764588,0.06766879615262213,78.12900726480746,80.79582003307029,1.0,29.686373674589873,0.4290830207835274,0.005515832482124617,0.0004084967320261438,0.0016762216761633253,0.0016762216761633253
220,380708.3333333333,64,63,0.23300408275116535,0.23616389821234557,181.49397708913867,185.82402685422386,0.984375,25.10238998944844,0.42287882180456854,0.010183299389002037,0.00045248868778280545,0.0031598154611802154,0.0031598154611802154
220,430863.8888888889,64,63,0.1048045190436841,0.10573842724528867,84.64690523763714,84.95069140102969,1.0,26.619373696632096,0.40768788578661014,0.008213141025641026,0.0004005607850991388,0.0009339082016045774,0.0009339082016045774
220,487427.7777777778,64,62,0.020598773329810974,0.02109843300937406,22.957699227103607,23.953656439202533,0.9841269841269841,29.95620566582986,0.4188177203721059,0.007692307692307693,0.0003845414343395501,0.0004996596795630859,0.0004996596795630859
220,546338.8888888889,64,64,0.04437273473106482,0.04428309249250796,61.39049041846436,61.11082399991244,0.984375,28.236755852909557,0.40969995986745306,0.007561070182241178,0.0003876720294630742,-8.964223855685571e-05,8.964223855685571e-05
220,604772.2222222222,64,62,0.21473125389856845,0.21670787611851064,184.82443206722348,185.76736900704577,0.9841269841269841,25.432363643782455,0.414041804137662,0.006063230835859679,0.00043299415457891317,0.001976622219942187,0.001976622219942187
220,657194.4444444445,64,63,0.01835688238895464,0.01905889067509605,23.046971239494216,23.148375236947604,1.0,27.45451230321189,0.40990822585912084,0.009827554236973854,0.0003707823507601038,0.0007020082861414097,0.0007020082861414097
220,718263.8888888889,64,62,0.025903627219182008,0.0252593854781159,25.89016564296992,26.145015383610406,0.9841269841269841,27.624036651138567,0.4165826532720867,0.006878104700038212,0.00038204393505253105,-0.000644241741066108,0.000644241741066108
220,777588.8888888889,64,64,0.08228985807296336,0.08247266350357894,117.30124822662475,117.05257489853946,0.984375,29.88932962240238,0.41139512780574844,0.008550330353672756,0.0003885758694385079,0.00018280543061557908,0.00018280543061557908
220,835888.8888888889,64,62,0.12539206454527518,0.12734202543059095,130.67656254438523,132.72999888283482,0.9841269841269841,28.724698611035066,0.4111789550344838,0.008112806644774966,0.0003862495171881035,0.0019499608853157657,0.0019499608853157657
220,894550.0,64,63,0.08250891255803042,0.08227231593184647,113.87796083597449,114.45851998064288,1.0,28.732386484386186,0.4165524560000614,0.008157844811231265,0.00037936267071320183,-0.00023659662618394361,0.00023659662618394361
220,954313.8888888889,64,63,0.07617961898395072,0.05329434224411748,78.09634580054339,63.402470708053755,1.0,29.756449377311462,0.4141459220194985,0.00854542076908787,0.0003714710252600297,-0.02288527673983324,0.02288527673983324
220,1014775.0,64,63,0.06282200808072885,0.06443884082968465,86.79991021067136,89.24326991729139,1.0,29.244074457923162,0.41258810599505846,0.009950248756218905,0.00036845983787767134,0.0016168327489557988,0.0016168327489557988
220,1076252.7777777778,64,63,0.17006385086284637,0.17157319355436734,180.99168446275712,182.1978165932137,1.0,28.18295178030633,0.40756430438187624,0.005662285136501517,0.0004043671653861706,0.0015093426915209762,0.0015093426915209762
220,1132305.5555555557,64,63,0.07555545350540162,0.07698677800341125,83.56523884823741,85.64339794846602,1.0,28.43077683220701,0.41081408138491793,0.009028044563964657,0.0003840983291722681,0.0014313244980096312,0.0014313244980096312
220,1191272.222222222,64,62,0.2056419079525341,0.20944457480613868,192.8773900037914,196.81778815117062,0.9841269841269841,25.58778937930208,0.41807465242701375,0.008768267223382045,0.0004174493842621582,0.003802666853604586,0.003802666853604586
220,1245611.111111111,64,63,0.12473111172818808,0.12677887795975334,149.0641020878828,151.1483987005966,1.0,24.208258163281137,0.40448121533445186,0.00842189693202326,0.00040096230954290296,0.0020477662315652595,0.0020477662315652595
220,1302158.3333333333,64,63,0.05826325664354971,0.05834965951383458,76.14452606111259,77.38244228812071,1.0,24.906649168968478,0.41373273072935696,0.0074102964118564745,0.0003899395593682979,8.640287028486432e-05,8.640287028486432e-05
220,1360261.1111111112,64,64,0.027944418164655503,0.028215173419550463,25.57093973599786,26.41200277195371,0.984375,25.51976655179198,0.400055405941313,0.006196282230661603,0.0003996802557953637,0.0002707552548949603,0.0002707552548949603
220,1416927.7777777778,64,63,0.10877344641058236,0.1099366081982936,110.00739901258825,110.93308961483913,1.0,18.67171036515039,0.38054834069702553,0.006595218466611707,0.00041211621677313,0.0011631617877112393,0.0011631617877112393
220,1471894.4444444445,64,63,0.047283673567465954,0.04687452633471515,64.8315603901394,63.6590320827531,1.0,22.11327974930727,0.39059003744501797,0.0077456176110884635,0.0004075810067250866,-0.00040914723275080334,0.00040914723275080334
220,1527447.2222222222,64,62,0.10601750538645133,0.10748711415590852,126.0889445726666,128.18089054000131,0.9841269841269841,21.72362765294371,0.39124448716257143,0.005813953488372093,0.00041519618019514223,0.0014696087694571897,0.0014696087694571897
220,1582008.3333333335,64,62,0.018398988554597328,0.01949719078652568,21.82097427613915,23.736483720048255,0.9841269841269841,22.04840554826471,0.39609493190697853,0.006450312437008668,0.00040306328093510683,0.001098202231928351,0.001098202231928351
220,1638216.6666666667,64,62,0.0323266701918828,0.033534830827758565,41.357876091210315,43.9850783469234,0.9841269841269841,22.498149074203905,0.4057064162694654,0.00808244089715094,0.00040404040404040404,0.0012081606358757616,0.0012081606358757616
220,1694286.111111111,64,63,0.05992173635188848,0.06114675694824022,83.55928149827406,85.30969014682488,1.0,21.91549068146716,0.4052743799713576,0.007070707070707071,0.0004039587962027873,0.001225020596351739,0.001225020596351739
220,1750363.8888888888,64,63,0.0977359384296423,0.09841706429420005,137.65265231071425,138.83156126416515,1.0,23.078964390429913,0.4049101905353855,0.008526187576126675,0.00040592652729855896,0.0006811258645577495,0.0006811258645577495
221,611.1111111111112,64,63,0.2515743421496886,0.25474027958606327,293.11553429941233,296.96229902351314,1.0,16.256871852147068,0.38544885397607054,0.010804597701149426,0.0004596644449551827,0.003165937436374666,0.003165937436374666
221,49750.0,64,63,0.2645066485907232,0.2685424316598015,314.49294811897846,315.92109682680325,0.9841269841269841,16.05589212279113,0.3791026756801176,0.012944222169922335,0.00047058823529411766,0.004035783069078314,0.004035783069078314
221,97852.77777777778,64,63,0.27670021032106057,0.28255644258917817,304.23263633795807,309.0126204213228,1.0,12.140784377553045,0.322631729761557,0.016429089151969074,0.0004830917874396135,0.0058562322681176004,0.0058562322681176004
221,144813.8888888889,64,64,0.2893975010720673,0.2915643054763416,310.7861205780005,314.0690611792431,0.984375,13.293095076353364,0.3337637687075052,0.016912815626488803,0.0004763038818766373,0.002166804404274303,0.002166804404274303
221,192538.8888888889,64,63,0.2676818357052949,0.26941455570385775,302.7607193248002,300.68842889686374,1.0,11.779589598106181,0.3220626399803256,0.01248499399759904,0.00048007681228996637,0.0017327199985628372,0.0017327199985628372
221,239666.66666666666,64,63,0.24719611213751955,0.254561501901158,292.16547209148627,301.5713906595564,0.96875,12.23530956258233,0.3345251956329878,0.012677484787018255,0.0005069708491761723,0.007365389763638458,0.007365389763638458
221,284141.6666666666,64,63,0.3116451303091113,0.27216897727348127,344.5571557987385,304.46933961738114,0.96875,13.723418448141492,0.3542766205982984,0.011818620356970575,0.0004822763443453099,-0.03947615303563001,0.03947615303563001
221,331216.6666666666,64,62,0.2866385693418048,0.2892588680868905,312.65856192351976,317.68989346955885,0.9841269841269841,14.86614705896449,0.3519630737325633,0.010528778661675245,0.00046783625730994154,0.0026202987450856807,0.0026202987450856807
221,379511.1111111111,64,63,0.2343047011054324,0.23597618916056615,264.66119772614854,270.21815353337263,0.96875,12.068140928340291,0.3261862687195626,0.01303347814975722,0.000510986203372509,0.0016714880551337574,0.0016714880551337574
221,424150.0,64,62,0.21821487632443254,0.21934376298971936,242.21937578478995,243.69027838608753,0.9841269841269841,13.326307267613466,0.3434082605294011,0.013395157135497167,0.0005150656708730364,0.0011288866652868212,0.0011288866652868212
221,468102.77777777775,64,63,0.23878637953987686,0.2421970922532297,273.6230507010515,278.5605552303328,1.0,13.656783865513676,0.3370681292311492,0.015223596574690771,0.0004756242568370987,0.0034107127133528314,0.0034107127133528314
221,515447.2222222222,64,64,0.23737008074164684,0.23992903378721483,252.5691860610047,256.39071100891715,0.984375,12.417453386766443,0.3240533997305813,0.01131396245821548,0.0005141388174807198,0.0025589530455679965,0.0025589530455679965
221,559566.6666666667,64,62,0.24432333138961543,0.240342374001148,264.20067414113566,258.357846682035,0.9841269841269841,12.393648638053481,0.32893984934370474,0.011235955056179775,0.0005105948429920858,-0.003980957388467432,0.003980957388467432
221,604247.2222222222,64,63,0.22598876291538278,0.24422539975344873,221.70302250346225,248.7634003291369,0.9841269841269841,14.101732412288603,0.3477727932094808,0.008952996766973389,0.0004972650422675286,0.01823663683806595,0.01823663683806595
221,649700.0,64,62,0.22387221708133334,0.229114838606884,253.09538320324222,256.1152229566364,0.9841269841269841,11.948773260280202,0.31578237701215034,0.01200817577925396,0.0005108556832694764,0.005242621525550661,0.005242621525550661
221,694050.0,64,63,0.23285795394202088,0.23355468957200906,252.30345627870483,255.67020819616545,0.96875,11.462496257396957,0.28864536360298887,0.010621761658031088,0.000518000518000518,0.0006967356299881766,0.0006967356299881766
221,737711.1111111111,64,63,0.29188549601155955,0.2897053024115854,243.00908413904648,267.79448751930386,0.9841269841269841,13.210752922280422,0.3386870669925224,0.014316392269148175,0.00047709923664122136,-0.0021801935999741784,0.0021801935999741784
221,784947.2222222222,64,64,0.3065493757001518,0.3059437823074606,362.941151387871,353.17558655171075,0.96875,13.519665294008128,0.3494798580307737,0.009208103130755065,0.00046029919447640965,-0.0006055933926911727,0.0006055933926911727
221,834008.3333333334,64,62,0.26010429593189666,0.2570452134431335,262.45483766927526,272.2781436303436,1.0,12.37724830127023,0.327337947698487,0.008778530223225483,0.0005015045135406219,-0.003059082488763132,0.003059082488763132
221,878938.8888888889,64,62,0.2945579730301723,0.30742122291751967,316.3692167110193,326.2528679362095,0.9841269841269841,12.11002744631283,0.33294838902627977,0.013734939759036145,0.000481811611659841,0.012863249887347383,0.012863249887347383
221,925797.2222222222,64,62,0.24189884370817952,0.2459094647224564,280.1751386604037,280.77641091417405,0.9841269841269841,14.892411710892253,0.36507040881628744,0.010997250687328168,0.0004997501249375312,0.004010621014276877,0.004010621014276877
221,971166.6666666666,64,64,0.24367874765976777,0.24530443980466585,258.70040787643825,260.84374494730986,0.984375,11.759664950303641,0.3323821689158863,0.009926189870195978,0.0005089058524173028,0.0016256921448980777,0.0016256921448980777
221,1015436.1111111111,64,64,0.2612436583143179,0.2624732860808333,307.98965314378313,309.3033905654528,0.984375,10.75619913125493,0.28591593400778864,0.01211372064276885,0.0004943153732081067,0.0012296277665154176,0.0012296277665154176
221,1060997.2222222222,64,63,0.31922143622233246,0.3235979454655442,334.2585352970645,335.87368524048014,0.96875,14.371673901387469,0.31458291931335935,0.013196814562002276,0.00045495905368516835,0.004376509243211757,0.004376509243211757
221,1110927.7777777778,64,62,0.3108270695088105,0.31122259436662475,355.27350063708894,355.65433982049683,0.9841269841269841,11.502499492753918,0.28978439462297706,0.010587102983638113,0.0004811161895597787,0.0003955248578142445,0.0003955248578142445
221,1158138.888888889,64,63,0.22460810203058104,0.22810110124754435,249.57949501694137,254.65613101204042,0.96875,15.26476226815919,0.35732457565431164,0.01122224932910466,0.0004878048780487805,0.003492999216963305,0.003492999216963305
221,1205113.8888888888,64,63,0.29780566411511233,0.3009917195543641,329.2693947650149,334.6004246725557,1.0,13.570183747744293,0.3101377876823822,0.016442797591477536,0.00046307015512850195,0.003186055439251767,0.003186055439251767
221,1253738.8888888888,64,62,0.32363540004725105,0.3285894651872695,349.5694854664075,355.73295773544567,0.9841269841269841,13.576002106289273,0.32469670381035337,0.011862130707251567,0.00044752741105392703,0.004954065140018449,0.004954065140018449
221,1304163.8888888888,64,63,0.29112768361539837,0.2936390944188721,316.53163976534375,321.2832548487885,0.9841269841269841,20.41537681229174,0.4123120421821757,0.014399645547186531,0.00044296788482834997,0.0025114108034737237,0.0025114108034737237
221,1355369.4444444445,64,63,0.29807619032798655,0.2949118203200745,356.9966525282435,359.84384966831124,1.0,17.625745983659133,0.37385058765099627,0.01174460815716421,0.0004269854824935952,-0.003164370007912032,0.003164370007912032
221,1408502.7777777778,64,63,0.2692081608120336,0.2704304692605575,301.874618912558,305.9313295712067,1.0,18.144033504955825,0.37677322275786546,0.009585376727596968,0.0004457321149988857,0.0012223084485239455,0.0012223084485239455
221,1459241.6666666665,64,63,0.2752136733385832,0.27962805148061715,305.2219994310912,310.80084956436565,1.0,16.796553699776556,0.37646569272266545,0.0116227089852481,0.000446927374301676,0.004414378142033937,0.004414378142033937
221,1509944.4444444443,64,62,0.23000845323301664,0.22583273124788047,292.23319275642524,292.6182503387207,0.9841269841269841,18.543892111799277,0.3742210330734505,0.01135099042955709,0.0004450378282153983,-0.0041757219851361604,0.0041757219851361604
221,1560869.4444444445,64,63,0.259541177923241,0.2621084667644284,244.7550669784897,247.27239606499919,1.0,21.858754751893617,0.42374102196042607,0.014901783698351772,0.0004514672686230248,0.0025672888411873984,0.0025672888411873984
221,1610955.5555555555,64,63,0.26252681082958546,0.26684007687417666,279.57683539539477,285.1709391884773,0.9841269841269841,15.897754810467234,0.3627148406734505,0.013583138173302109,0.0004682744088035589,0.004313266044591202,0.004313266044591202
221,1659252.7777777778,64,62,0.195783486158888,0.19971189683456514,193.2325907547857,202.29327271906126,0.9841269841269841,21.543212919799156,0.43430342794996685,0.010838831291234684,0.0004711425206124853,0.003928410675677146,0.003928410675677146
221,1707308.3333333335,64,63,0.24862824144450515,0.23716962986561896,278.98973958000687,266.2684936298027,0.9841269841269841,19.725649801418573,0.40099089326276594,0.01010989010989011,0.00043946385409800046,-0.011458611578886196,0.011458611578886196
222,225.0,64,62,0.07033688532621404,0.13277466597499127,85.84694710564641,182.07327460919893,0.6533333333333333,13.01630949523476,0.4042832041375091,0.011707532582284073,0.00044169611307420494,0.062437780648777225,0.062437780648777225
222,51594.44444444444,64,62,0.06175078300184785,0.14145879021276617,76.65926409641634,203.35540140316138,0.5822784810126582,11.820946400754888,0.38741660509874853,0.010642919200695048,0.00043431053203040176,0.07970800721091831,0.07970800721091831
222,103663.88888888889,64,64,0.06274105037265221,0.1304386693904444,74.12791128973593,182.801397739341,0.8955223880597015,8.914696295811734,0.3777631850936985,0.008158007728638901,0.00042927666881305,0.0676976190177922,0.0676976190177922
222,156433.33333333334,64,62,0.06336747760290345,0.13618670967810198,84.28518513530314,195.73076773777748,0.7361111111111112,14.529440029192623,0.3952234226763272,0.010313708637730984,0.0004296455424274973,0.07281923207519853,0.07281923207519853
222,209258.3333333333,64,63,0.06752771768531482,0.17506794190674846,91.54711439321501,256.2552620921302,0.8,10.755223316879409,0.3796072281694334,0.010344827586206896,0.00043094160741219563,0.10754022422143364,0.10754022422143364
222,261836.1111111111,64,64,0.06198491061066543,0.13491586029857816,81.68242234575231,188.57159698732602,0.5679012345679012,12.420102278952804,0.3978360392486759,0.00694293773052723,0.0004338394793926247,0.07293094968791272,0.07293094968791272
222,314022.22222222225,64,63,0.07348755636920373,0.13785940583811312,92.21285632798198,197.56335335082682,0.6710526315789473,12.649738090373953,0.37204187973283925,0.007931404072883173,0.0004286326618088298,0.06437184946890939,0.06437184946890939
222,366922.2222222222,64,63,0.06756733170765912,0.1701797853294595,90.66603854586208,243.00449544025525,0.9090909090909091,10.362845442015486,0.41055676043026346,0.009364111498257839,0.00043544524276072284,0.10261245362180037,0.10261245362180037
222,419038.8888888889,64,62,0.0746520088633495,0.13762470239493374,98.35299906625127,197.70510424713044,0.6447368421052632,15.030581172643178,0.37731239342007566,0.007405840033855269,0.0004231013327691982,0.06297269353158425,0.06297269353158425
222,472663.8888888889,64,64,0.06760103975812873,0.16129035917042484,90.9545216575622,232.46391450322835,0.5421686746987951,10.370347556754957,0.3938622852776514,0.007688927943760984,0.0004392708104546453,0.09368931941229611,0.09368931941229611
222,524230.5555555556,64,63,0.30226558849921087,0.31048598409222133,344.3956636749276,360.09006318986457,0.8529411764705882,7.723072906598204,0.3632995608116425,0.008262617239839214,0.00044652824291136416,0.008220395593010466,0.008220395593010466
222,574497.2222222222,64,62,0.292124220864041,0.3013933955197575,271.637556986493,296.3148347417066,0.8656716417910447,9.919850720964394,0.3265115661996103,0.009558488848429678,0.0004550625711035267,0.009269174655716528,0.009269174655716528
222,623963.8888888889,64,64,0.273950878168102,0.2901457433222767,125.48392983468236,179.77163596087186,0.8955223880597015,7.954113097484901,0.3255643611959754,0.005510301868711069,0.00047904191616766467,0.01619486515417473,0.01619486515417473
222,671252.7777777778,64,62,0.38025069602157563,0.38614072522524245,389.02007515930404,401.4177838447849,0.953125,17.301549359249645,0.35954181754867276,0.00924124513618677,0.0004862630683199611,0.0058900292036668245,0.0058900292036668245
222,718238.888888889,64,62,0.4023893841136787,0.4041299379859087,278.250717462159,268.4203573116563,0.9841269841269841,13.431637104869838,0.34696531751139403,0.009615384615384616,0.0005492996429552321,0.0017405538722299885,0.0017405538722299885
222,759377.7777777778,64,62,0.3655139902614885,0.3657295457388406,346.67250391417593,346.5600739076824,0.8939393939393939,12.004652589864733,0.34770297321266397,0.009040333796940195,0.0004634994206257242,0.0002155554773520807,0.0002155554773520807
222,808563.8888888889,64,63,0.2585056952819313,0.27064350142540666,197.56803696799034,222.8054692315075,0.726027397260274,15.47876431160766,0.3504868244586082,0.006047032474804031,0.0004478280340349306,0.012137806143475371,0.012137806143475371
222,859130.5555555556,64,62,0.35240770654771936,0.36038969843027546,322.62268866792374,336.5073484198241,0.9230769230769231,5.0534788116275395,0.32985731986355066,0.01148301978988517,0.0004885197850512946,0.007981991882556105,0.007981991882556105
222,905872.2222222222,64,63,0.308201963386186,0.31493415694920845,204.69736332833102,217.01961182915863,0.9384615384615385,6.33472679578356,0.3304776203106566,0.010584556170315132,0.000481000481000481,0.006732193563022459,0.006732193563022459
222,953447.2222222222,64,62,0.360701973957495,0.3530915942009888,264.30169560613086,265.21408757133383,0.9841269841269841,5.982138879958184,0.3075608491353555,0.007383100902378999,0.0005467468562055768,-0.0076103797565061915,0.0076103797565061915
222,994961.1111111111,64,63,0.22996500656110716,0.23242191651236002,172.57161921783987,173.52624300084807,0.96875,4.1525456813504995,0.40676389547834857,0.007279344858962694,0.0006064281382656155,0.0024569099512528614,0.0024569099512528614
222,1032136.1111111111,64,62,0.2589998167269298,0.2625631625781376,199.8586965987163,202.6973328549556,1.0,7.206729656755981,0.3339506408814268,0.005411906193625977,0.0006011421701232341,0.003563345851207822,0.003563345851207822
222,1069800.0,64,62,0.2617901054747166,0.27042731998384256,295.1477702648827,323.6008798916788,0.7361111111111112,6.267232250327675,0.31912236306647035,0.010013351134846462,0.0004449388209121246,0.008637214509125968,0.008637214509125968
222,1120355.5555555555,64,63,0.30394338231869333,0.3172819369409303,444.4615252093652,458.64329676575295,1.0,5.187603957017121,0.3395823108518419,0.011741682974559686,0.0004347826086956522,0.013338554622236987,0.013338554622236987
222,1172075.0,64,63,0.32655687571747055,0.3281461194878137,444.4307233545402,444.4159804665772,0.96875,10.812806621389099,0.3622106895353759,0.01079913606911447,0.0004798464491362764,0.0015892437703431406,0.0015892437703431406
222,1219547.2222222222,64,64,0.43974788294819195,0.42519040239179695,362.0167166667042,372.75120869460665,0.9538461538461539,6.123378899611549,0.32965313173784627,0.008900523560209424,0.0005234231876472127,-0.014557480556394997,0.014557480556394997
222,1262575.0,64,64,0.3617507672103758,0.3626765104939402,230.27415136511217,228.75218054138912,0.9538461538461539,6.780193527636966,0.3409719560416476,0.004843232220239612,0.0005096839959225281,0.0009257432835643731,0.0009257432835643731
222,1307186.1111111112,64,63,0.36561008944851425,0.3613443340135222,304.4254516876348,306.516831879376,1.0,8.424679272527513,0.3522471743539642,0.009898341359015517,0.0005349023803155924,-0.00426575543499208,0.00426575543499208
222,1349838.888888889,64,64,0.41678688242097084,0.41327866547402237,314.8722187456206,310.173853627707,0.96875,5.365202956094045,0.321163709955446,0.011201143946615824,0.0004765308553728854,-0.0035082169469484725,0.0035082169469484725
222,1397769.4444444445,64,63,0.32940115657231056,0.3310653245872153,320.1659298245779,334.9655762086464,0.9090909090909091,9.990216276690564,0.3657970054554178,0.008273960009193289,0.00045955882352941176,0.0016641680149047655,0.0016641680149047655
222,1447286.111111111,64,64,0.40668666633603096,0.408000679690152,292.2429875282236,294.42497140347507,0.9411764705882353,10.041503323639505,0.3424710096447483,0.00851581508515815,0.00048649963512527365,0.0013140133541210686,0.0013140133541210686
222,1494061.1111111112,64,63,0.2606386441166536,0.2748050705598359,156.55004047662518,194.29813416328756,0.8,10.387969118223415,0.37957294174777456,0.007867820613690008,0.0005243838489774515,0.014166426443182278,0.014166426443182278
222,1537013.888888889,64,62,0.3705687459068362,0.3782782812784421,155.56275584985758,171.62546620219257,0.8115942028985508,10.775260494338397,0.35912605889609406,0.006993006993006993,0.0005377789728421619,0.007709535371605902,0.007709535371605902
222,1579613.8888888888,64,63,0.4081330930112507,0.390932557078756,197.50724016185055,218.59115368408408,0.96875,11.529454279880927,0.3802811440120754,0.005515719801434087,0.0005514199062586159,-0.01720053593249471,0.01720053593249471
222,1620616.6666666665,64,63,0.23151170147164277,0.23482082955893285,174.6654365784695,177.52508168393598,0.96875,5.781892464709544,0.4653347414082661,0.0032728354656352274,0.000594883997620464,0.0033091280872900863,0.0033091280872900863
222,1658552.7777777778,64,63,0.2279864299237238,0.2305617959829447,210.3300373501849,213.86093749444223,0.96875,8.10118437644434,0.4683192601694256,0.004969307220111079,0.0005844535359438924,0.0025753660592209016,0.0025753660592209016
222,1697375.0,64,63,0.24793169879812882,0.25208340490465414,204.23721137581535,208.9895849277185,1.0,8.132131238370068,0.4641594396974015,0.006296851574212893,0.0005995203836930455,0.004151706106525321,0.004151706106525321
222,1734969.4444444445,64,63,0.22141065491921294,0.22357406602215946,197.02682278526592,200.9884693308465,1.0,7.225175725149684,0.513690892660885,0.003695281409891984,0.0005683432793407218,0.0021634111029465164,0.0021634111029465164
223,566.6666666666666,64,63,0.029019249114488516,0.036227965781239636,29.097246281031673,40.14494628915405,1.0,15.553414369106308,0.5059324910998,0.01038470616001888,0.00047192071731949034,0.00720871666675112,0.00720871666675112
223,48580.555555555555,64,64,0.08305124327812924,0.08318738911881671,102.02365492803727,102.29324687567899,0.984375,15.371722439134322,0.5022228227317993,0.012319355602937692,0.0004737091425864519,0.00013614584068746827,0.00013614584068746827
223,96383.33333333334,64,63,0.16361131954979063,0.16794775301136577,200.13529623254428,204.59034874601608,1.0,13.797415405345474,0.4495247203004038,0.009292351679771264,0.0004764173415912339,0.00433643346157514,0.00433643346157514
223,143905.55555555556,64,63,0.08881332961654315,0.09095970975101639,105.22550266826066,106.32857703029323,1.0,14.328640908520075,0.4646670191840371,0.011175898931000973,0.00048579062424095217,0.0021463801344732414,0.0021463801344732414
223,190544.44444444444,64,63,0.03968929266371017,0.041168262577107914,41.43754206601986,43.27134505897906,1.0,13.836843085813342,0.49397301854551706,0.008387251377905584,0.0004791566842357451,0.001478969913397743,0.001478969913397743
223,237811.1111111111,64,63,0.04139382237061323,0.047379099477315764,49.791730715338375,58.97383902570782,1.0,14.535539503619146,0.493172269899472,0.006084205402774398,0.00048661800486618007,0.005985277106702533,0.005985277106702533
223,284350.0,64,62,0.06245131649263924,0.07187617303161609,72.71937381301771,84.29057021338485,0.9841269841269841,14.64889298211624,0.49708130259467853,0.00754992693619094,0.0004869734599464329,0.009424856538976845,0.009424856538976845
223,330861.11111111107,64,64,0.061542485784292444,0.06058083907106998,64.58827109502478,63.20702673583375,0.984375,14.948248165128422,0.4882807429640104,0.009884281581485053,0.00048204386599180526,-0.0009616467132224638,0.0009616467132224638
223,377855.55555555556,64,63,0.036268467597376765,0.03751007258715753,22.222222222226733,24.47463956137144,1.0,11.080028998866144,0.4944502254818509,0.01015354135710748,0.0004951720722951226,0.0012416049897807646,0.0012416049897807646
223,423588.8888888889,64,63,0.06584629622849075,0.06826739750404028,75.09203830930869,78.5842671850386,1.0,4.614686966001092,0.49776897486272487,0.01228878648233487,0.0005119017148707448,0.0024211012755495226,0.0024211012755495226
223,467819.44444444444,64,63,0.05764405855320657,0.05935173468073993,60.63885625648194,62.740243585651854,1.0,7.62149512289048,0.5452059227422751,0.006142820578448937,0.0005117707267144319,0.001707676127533364,0.001707676127533364
223,512086.1111111111,64,63,0.06053893555756209,0.06118843645311455,59.35275815358017,59.76316613677441,1.0,10.269029591981992,0.5486375834933976,0.006908904810644831,0.0005116398055768739,0.0006495008955524628,0.0006495008955524628
223,556333.3333333334,64,63,0.13232788221079803,0.16676696937559807,122.2995845093624,172.8792595350785,1.0,7.456054547400702,0.36050108126187935,0.0030959752321981426,0.0005627462014631402,0.03443908716480004,0.03443908716480004
223,596500.0,64,62,0.06851430182279306,0.1364028339746655,64.65567594341164,143.28890981550487,0.9841269841269841,4.199419263747808,0.26071385141362863,0.006752411575562701,0.0006428801028608164,0.06788853215187243,0.06788853215187243
223,631697.2222222222,64,62,0.09014359034441352,0.08079868217524207,68.23498765608757,77.47848541314256,0.9841269841269841,5.92526028131261,0.43690142518506275,0.010830324909747292,0.0005155968032998196,-0.009344908169171454,0.009344908169171454
223,675616.6666666666,64,63,0.06108248424357787,0.06241880031262312,49.2109686400146,50.687419606531485,1.0,10.105413540820994,0.47594138492115695,0.01425609123898393,0.0005182689816014512,0.0013363160690452458,0.0013363160690452458
223,719327.7777777778,64,63,0.2306646002579787,0.23863013549526169,297.14558687765077,307.1907696767183,1.0,12.640300903510997,0.47765339542687807,0.0055147058823529415,0.0005250721974271463,0.007965535237282995,0.007965535237282995
223,762441.6666666667,64,62,0.07385407321769376,0.07336346068623809,77.73856538419435,79.7055971344271,0.9841269841269841,13.230617737884755,0.48556588641436516,0.008636482596179012,0.0005232862375719519,-0.0004906125314556725,0.0004906125314556725
223,805577.7777777778,64,63,0.09227961590330619,0.09716236200382819,98.38526057394533,105.43379048784341,1.0,12.587284041702853,0.48006417103726,0.011432926829268292,0.000508001016002032,0.004882746100522001,0.004882746100522001
223,850177.7777777778,64,64,0.09280697188383293,0.09605140542864049,99.9919102661297,103.28782857214084,0.96875,14.855400645189917,0.487831144625478,0.010591578403513303,0.0005165289256198347,0.003244433544807565,0.003244433544807565
223,894008.3333333334,64,63,0.17013576033381006,0.17092889582473902,210.75061183845563,209.67090524027012,0.9841269841269841,15.727422042380324,0.4847884814535941,0.008974358974358974,0.0005126890540886952,0.0007931354909289645,0.0007931354909289645
223,938397.2222222222,64,63,0.11328699562654192,0.11921345782341383,145.1715227155979,153.21021702546318,1.0,15.572502097557377,0.48767878957564204,0.009768637532133676,0.0005140066820868671,0.005926462196871915,0.005926462196871915
223,982463.8888888889,64,62,0.15256654170819983,0.1558084760647218,186.82258486551945,189.87550658966595,0.9682539682539683,14.005467536913212,0.4574988004682877,0.00839267548321465,0.0005085176709890668,0.0032419343565219805,0.0032419343565219805
223,1027019.4444444444,64,64,0.17236770285679331,0.17337486743757868,157.88742782313432,159.44304750474433,0.984375,9.156135914576495,0.379844460858403,0.011984799766150248,0.0005844535359438924,0.001007164580785369,0.001007164580785369
223,1065822.2222222222,64,62,0.17698448487046878,0.17649295525245476,182.67504275764745,184.24465997258181,0.9841269841269841,11.126856893645233,0.4163792847804297,0.007735396105628167,0.0005333333333333334,-0.0004915296180140194,0.0004915296180140194
223,1108341.6666666667,64,64,0.08625255394778199,0.09599462651022629,97.17100545468183,108.24403423247593,0.984375,15.312172439906309,0.48487304662440206,0.008452868852459017,0.0005121638924455825,0.009742072562444304,0.009742072562444304
223,1152647.222222222,64,63,0.08704726703971363,0.09370507180622144,95.05063208787298,99.71317625416246,0.984375,15.08474240153425,0.49478893601656204,0.008903586873569066,0.000508646998982706,0.006657804766507805,0.006657804766507805
223,1197147.222222222,64,63,0.020577386098387135,0.021039802845242286,19.01732635550429,20.18634248444172,0.96875,15.188019550238318,0.4861587696695635,0.007896077432501274,0.0005092946269416857,0.00046241674685515086,0.00046241674685515086
223,1241619.4444444445,64,63,0.032705037511818184,0.0330007451480231,33.94744925670398,34.90544920867349,1.0,15.046803158821037,0.48955575215863273,0.010408733181010408,0.0005076142131979696,0.00029570763620491436,0.00029570763620491436
223,1286244.4444444445,64,62,0.28270761576442904,0.29439757459016347,387.9196190247523,401.99015892435983,0.9841269841269841,13.76773673826423,0.49681866945468683,0.00891946992864424,0.0005095541401273885,0.011689958825734426,0.011689958825734426
223,1330505.5555555555,64,62,0.28285919403775645,0.29645745467801143,389.3587151715769,403.97939436561734,0.9841269841269841,13.048020314135568,0.5002300224150761,0.008367139959432049,0.0005069708491761723,0.013598260640254989,0.013598260640254989
223,1374983.3333333333,64,62,0.27354046385023906,0.2842968399085268,371.7429576509724,383.2612053708552,0.9841269841269841,13.335138187408155,0.4998620297892873,0.008760628703942282,0.0005151983513652757,0.01075637605828772,0.01075637605828772
223,1418744.4444444445,64,63,0.2413666584821721,0.24626864703437057,329.18812219300366,333.3131314826028,0.96875,14.67148275454442,0.47358964829760203,0.0068877551020408165,0.000510073960724305,0.004901988552198477,0.004901988552198477
223,1463152.7777777778,64,63,0.11350549885002585,0.12175885858238168,129.58151095310677,137.452539909717,1.0,13.486089618365675,0.47912498765305883,0.008175779253960144,0.0005108556832694764,0.00825335973235583,0.00825335973235583
223,1507433.3333333335,64,64,0.16848452804459677,0.1794389404205673,194.34841458710994,206.4446135425131,0.953125,12.266525773308832,0.4387338081202674,0.006837173968093188,0.0005063291139240507,0.01095441237597053,0.01095441237597053
223,1551988.8888888888,64,62,0.1523751465230539,0.15610002911690762,158.41191535468025,161.1044242805204,1.0,13.854734603148719,0.44625889301418753,0.01091093631058107,0.0005073566717402334,0.003724882593853729,0.003724882593853729
223,1596647.222222222,64,63,0.11726059987390493,0.12023434870830804,125.12339588396063,132.81631611830358,1.0,15.127347139352624,0.48022340732455887,0.009116231957457584,0.0005063291139240507,0.0029737488344031143,0.0029737488344031143
223,1641433.3333333335,64,64,0.25965880897741367,0.26824105956827565,347.73707349370693,357.2304250821618,0.984375,15.46379475309813,0.4921471197761663,0.006921302230197385,0.0005125576627370579,0.008582250590861984,0.008582250590861984
223,1685413.8888888888,64,62,0.21879737912554825,0.23024730351915312,292.7106252859881,306.4423201266523,0.9841269841269841,15.096888500467719,0.4976936276189015,0.0076706724622858605,0.0005112474437627812,0.011449924393604871,0.011449924393604871
223,1729716.6666666667,64,63,0.12313896728489224,0.13740871471545926,140.9987593541004,155.70986212304263,1.0,15.67873312387069,0.48708679190676485,0.006873727087576375,0.0005090353779587681,0.014269747430567026,0.014269747430567026
228,444.4444444444444,64,66,0.19784098204332712,0.23580059762158012,288.58070479160045,307.4882589699062,0.6417910447761194,21.973880993096145,0.34272053135092645,0.0065608465608465606,0.00042319085907744394,0.037959615578253,0.037959615578253
228,53911.11111111111,64,64,0.263285917263502,0.2656853243456425,388.82151874205033,366.9655092429973,0.78125,18.14079605788336,0.29126339845353283,0.00620989443179466,0.0004139072847682119,0.0023994070821405367,0.0023994070821405367
228,108805.55555555556,64,64,0.21720297400247654,0.21448724954077034,309.2655190775782,296.3928478725832,0.984375,11.807201452408188,0.30897500434241204,0.008939455505891914,0.0004062563477554337,-0.0027157244617062037,0.0027157244617062037
228,164802.77777777778,64,64,0.16256310027174747,0.16755724198887598,222.61977208491984,230.58074330511354,0.9384615384615385,6.695701045164522,0.24041685243393174,0.010201999591920016,0.0004079967360261118,0.004994141717128503,0.004994141717128503
228,220305.55555555553,64,63,0.15651430144926956,0.1698802004639695,210.12965124072184,230.0224647096459,0.9375,8.137195658755184,0.23397016101652884,0.0069672131147540985,0.0004097520999795124,0.01336589901469995,0.01336589901469995
228,275552.7777777778,64,63,0.14247498967138417,0.22190979259142055,203.06602971773145,257.1204420711703,0.8450704225352113,5.382068029073129,0.28940803690160666,0.009369676320272573,0.0004258037044922291,0.07943480292003638,0.07943480292003638
228,328463.8888888889,64,63,0.3069331394921473,0.31901222825893827,486.8845613339008,485.6420357080403,0.953125,12.263639580667256,0.3284414746737913,0.005058680696074464,0.00040461258345134534,0.01207908876679098,0.01207908876679098
228,384147.22222222225,64,62,0.2974142412208902,0.30491418697744704,499.96913484979234,506.76428101288917,0.47619047619047616,14.727553490856621,0.33291491407209356,0.011309891013777504,0.00041118421052631577,0.007499945756556825,0.007499945756556825
228,439258.3333333333,64,62,0.21337358746926044,0.21716337291292917,334.645342083387,338.9484172098187,0.9523809523809523,20.564892786671248,0.3132037602417753,0.006385169927909372,0.00041186161449752884,0.0037897854436687306,0.0037897854436687306
228,494725.0,64,63,0.2820520782563781,0.28751039276197354,466.77519432702417,474.97996309012836,0.6984126984126984,15.382521920748204,0.3249765054902688,0.008504746835443038,0.00039549139806209217,0.0054583145055954185,0.0054583145055954185
228,551908.3333333333,64,62,0.170642033056952,0.17339619905133266,250.14904955494794,254.10154129106382,0.9841269841269841,25.769702322769174,0.3521679797855673,0.004579517069109076,0.0004162330905306972,0.002754165994380664,0.002754165994380664
228,606330.5555555555,64,64,0.1921346595963693,0.19389482764219512,297.015931827649,299.17638284107,0.9538461538461539,22.81857986268021,0.30530828095571605,0.006103763987792472,0.0004068348250610252,0.0017601680458258218,0.0017601680458258218
228,661961.1111111111,64,63,0.2505766626639203,0.25165218622518126,419.0407276408309,417.32547483509455,1.0,18.97019758522353,0.3364042167441114,0.007893139040680024,0.0004046944556859571,0.0010755235612609493,0.0010755235612609493
228,717936.1111111111,64,64,0.23360154631241575,0.2366328078206091,369.82456796607124,375.19546995596716,1.0,25.31978108189863,0.31705576054998524,0.007580291242768801,0.00039888312724371757,0.003031261508193356,0.003031261508193356
228,774358.3333333334,64,64,0.2352110927396061,0.23653263184476098,395.6890732534404,397.82610723782483,0.984375,20.895890146351427,0.3121710639653068,0.007656659278662099,0.00040290088638195,0.0013215391051548675,0.0013215391051548675
228,830516.6666666666,64,63,0.14869153278100675,0.16246479694099655,205.61124887291712,227.85096558768495,0.96875,9.212220981950393,0.3055670808885211,0.005983246908655764,0.00039880358923230307,0.013773264159989806,0.013773264159989806
228,887558.3333333333,64,63,0.10607235704915204,0.1125087851854504,141.5225213672906,154.32983612493848,1.0,8.529676194799707,0.3213886915356885,0.0055769230769230765,0.0003845414343395501,0.006436428136298369,0.006436428136298369
228,946508.3333333334,64,64,0.13650451209335007,0.1385225904483224,185.67058546858829,189.23482689096667,0.984375,7.6715425273743385,0.28554673857433854,0.0031746031746031746,0.00039674667724657806,0.002018078354972336,0.002018078354972336
228,1003616.6666666666,64,62,0.19256355887118812,0.20444917599485596,305.65553105394446,325.90348248137036,0.9841269841269841,16.87015453153041,0.3089736517992832,0.007834893942289319,0.00038211692777990065,0.011885617123667841,0.011885617123667841
228,1062858.3333333333,64,63,0.16958538642977558,0.17712547520261723,249.11407143995694,252.13541769498502,1.0,15.476657576916399,0.3095760614845933,0.004072924747866563,0.00038782237735117316,0.007540088772841652,0.007540088772841652
228,1121277.7777777778,64,63,0.17150188700783478,0.18346907740191032,253.1885472566797,273.29206544066983,1.0,14.296554709287255,0.3019877949469459,0.005184331797235023,0.0003839508542906508,0.011967190394075539,0.011967190394075539
228,1180519.4444444445,64,64,0.16805451232581348,0.19007064881436053,245.6929362370856,280.2882453094971,0.9076923076923077,5.562905586961398,0.26008111734816713,0.01564914992272025,0.00038632412594166504,0.022016136488547056,0.022016136488547056
228,1239266.6666666667,64,63,0.1803974044671944,0.18738469962877347,246.52679968501783,258.2629328842591,0.9538461538461539,5.627373024571229,0.29974343245843604,0.00843795019551348,0.00041152263374485596,0.00698729516157906,0.00698729516157906
228,1294238.8888888888,64,65,0.2396705062324568,0.2596371055211992,331.62195084104223,341.77357415689505,0.9393939393939394,5.961779209459135,0.25773363791885817,0.010687912942090944,0.0003885758694385079,0.019966599288742365,0.019966599288742365
228,1352516.6666666667,64,63,0.1826946550786104,0.18535952954097035,262.2335366005644,262.9072531025803,0.8985507246376812,16.932648249989974,0.31107443826117553,0.003920031360250882,0.0003919263178522438,0.0026648744623599396,0.0026648744623599396
228,1409922.2222222222,64,64,0.3270642310653354,0.31844841772465204,570.5699603463622,545.5033535824448,0.9242424242424242,13.549399240374878,0.3076718776405209,0.006197946930079411,0.0003872966692486445,-0.008615813340683343,0.008615813340683343
228,1468455.5555555555,64,63,0.17654932142738683,0.19566015761878683,258.0894520758235,295.297282510276,0.9,21.92499593877793,0.3176081885682822,0.0030223655047350393,0.00040290088638195,0.0191108361914,0.0191108361914
228,1524602.777777778,64,62,0.2055025677583594,0.21294435874868786,302.4181136306932,315.15647734537146,0.96875,23.182008051105235,0.33006194191630184,0.006682867557715674,0.00040494027130998176,0.007441790990328462,0.007441790990328462
228,1580577.7777777778,64,64,0.24015744176535286,0.24787267416588651,380.81251299268223,363.8412678475849,0.9692307692307692,17.76235117509835,0.3261461685939415,0.005281332520820638,0.00040617384240454913,0.00771523240053365,0.00771523240053365
228,1636369.4444444445,64,64,0.22537926823157206,0.23363806364024012,351.47042773058064,346.89327767802024,0.96875,18.946347625441977,0.3074595456591192,0.006839378238341969,0.0004144218814753419,0.008258795408668057,0.008258795408668057
228,1691177.7777777778,64,64,0.22131814935993477,0.22166662313011656,346.53408513818397,346.6678364760584,0.984375,21.63269542591,0.30360309012595754,0.007123956849175657,0.000407000407000407,0.00034847377018179526,0.00034847377018179526
228,1746777.7777777778,64,64,0.2188810796574689,0.22346484506730097,329.7271705051215,335.429686183027,0.984375,20.588393693796124,0.33172718077478625,0.0037609694943585457,0.0004177982034677251,0.004583765409832075,0.004583765409832075
230,208.33333333333334,64,62,0.04135089005103986,0.04126718248073528,18.337677339159995,20.80678956398288,1.0,14.354723497784816,0.46446729638195816,0.006342494714587738,0.0004697040864255519,-8.370757030458365e-05,8.370757030458365e-05
230,48475.0,64,62,0.03992804995421232,0.03921199920545522,24.185250136679315,24.424640245493872,0.9841269841269841,9.391735404847052,0.42511128967572015,0.008837825894829872,0.0004417936823503424,-0.0007160507487571008,0.0007160507487571008
230,99852.77777777778,64,63,0.05475925435168212,0.05468872746331172,27.104290669199873,29.007991886428986,1.0,9.727077966843988,0.4511256237679525,0.00985545335085414,0.0004379242391066346,-7.052688837039939e-05,7.052688837039939e-05
230,151516.6666666667,64,62,0.0795235609083424,0.08021204450937461,22.94414286384173,25.503322091076505,0.9841269841269841,14.956678545284943,0.46198541734975335,0.00528834046839587,0.0005035246727089627,0.0006884836010322137,0.0006884836010322137
230,196483.3333333333,64,63,0.04413461422851928,0.04404752836280952,19.193205355540748,19.881241666723472,1.0,14.638348836188902,0.4623301314023552,0.0058183657981280045,0.0005058168942842691,-8.708586570976146e-05,8.708586570976146e-05
230,241261.11111111112,64,62,0.07707213775447286,0.06835269174313609,31.47642977248825,30.326578614806298,0.9841269841269841,12.210775742218308,0.470327243013726,0.00950524006824275,0.0004873294346978557,-0.00871944601133677,0.00871944601133677
230,287908.3333333334,64,63,0.04778882405363452,0.04719442928185117,44.46404137847118,45.921156219051056,1.0,17.853457018264073,0.471408273536926,0.008521113425487597,0.0003786444528587656,-0.0005943947717833506,0.0005943947717833506
230,347644.44444444444,64,63,0.06627090000668816,0.06674845615928107,43.16020926593518,44.13382672564425,1.0,13.697633247322514,0.4590117283496039,0.009200690051753882,0.0003832886163280951,0.0004775561525929145,0.0004775561525929145
230,406788.8888888889,64,63,0.06697293815265216,0.06731659337961499,45.1211365698175,45.987660462759024,1.0,16.941207470173715,0.44561630311348027,0.00593941793704217,0.000395882818685669,0.0003436552269628218,0.0003436552269628218
230,463994.4444444445,64,63,0.05212259562245765,0.05324334510401112,37.51741929155528,40.6743530614,1.0,16.686638737045183,0.43498419657925524,0.007509881422924901,0.00039517881841533294,0.001120749481553468,0.001120749481553468
230,521375.0,64,63,0.08535658731060984,0.08613166540713477,38.91128387425942,40.99865539809576,1.0,14.906213657427678,0.42345594478170134,0.005235602094240838,0.0004026575397624321,0.0007750780965249254,0.0007750780965249254
230,577741.6666666666,64,63,0.04269701251528838,0.04291677674820998,28.863201979574736,30.076972900080122,1.0,16.632024790051528,0.42124293635715926,0.008865248226950355,0.00039393342525113255,0.00021976423292159597,0.00021976423292159597
230,635219.4444444444,64,62,0.04581605957931753,0.04532863415932335,31.943470454211305,33.81438325108248,0.9841269841269841,13.686887807341845,0.3999662614834323,0.006863140896245458,0.0004036326942482341,-0.000487425419994178,0.000487425419994178
230,691380.5555555556,64,63,0.053852563988179634,0.054841462063284316,32.66199708170712,34.90544920871432,1.0,13.358583220002103,0.39931382654489184,0.007747196738022426,0.00040766408479412964,0.0009888980751046814,0.0009888980751046814
230,746930.5555555555,64,63,0.042619523419595746,0.04328755423293572,33.11419905735679,32.798924318476274,1.0,12.515712665817135,0.3958127956986298,0.007265388496468214,0.0004035512510088781,0.0006680308133399718,0.0006680308133399718
230,803075.0,64,63,0.049376152345059855,0.05034070697960467,32.09505557859221,34.07846835256186,1.0,10.799007526022898,0.3771529061156711,0.0066348745594028615,0.00041459369817578774,0.0009645546345448119,0.0009645546345448119
230,857694.4444444445,64,63,0.058203095123577464,0.05956739672506489,31.525813890480027,33.20024373309903,1.0,14.647484084716952,0.4190178816112737,0.007810894141829393,0.0004110152075626798,0.0013643016014874276,0.0013643016014874276
230,912819.4444444445,64,63,0.0568160283204071,0.05795812236375328,30.594224472754302,33.505680191290715,1.0,14.554062113139423,0.41825963600333316,0.00968327617510591,0.0004033884630899556,0.001142094043346177,0.001142094043346177
230,968950.0,64,63,0.060071949094635646,0.06086847084498784,30.69169735838447,31.272547305161517,1.0,12.000850214898536,0.4104590425421645,0.006768558951965066,0.0004365858982754857,0.0007965217503521915,0.0007965217503521915
230,1020800.0,64,64,0.055862386608843954,0.056137564800177085,26.820419950553617,27.924571193941723,0.984375,15.588927103933333,0.4526205428881697,0.005514316012725344,0.00042408821034775233,0.0002751781913331308,0.0002751781913331308
230,1074211.1111111112,64,63,0.12893015496449792,0.12965309018477547,24.99502140789698,25.49399997102736,1.0,12.537321743941229,0.4537666556208089,0.006624083274189733,0.0004730368968779565,0.0007229352202775541,0.0007229352202775541
230,1122025.0,64,63,0.05387305859423834,0.05526090447946888,21.32192888861828,24.846427523633167,1.0,12.79533031605632,0.46415722859549796,0.008293541090726313,0.0005025125628140704,0.0013878458852305403,0.0013878458852305403
230,1167088.888888889,64,63,0.07051630374063327,0.07033955853471603,21.749565699669162,21.458376403459514,1.0,8.636610021064469,0.4498263207945877,0.0045013030087656955,0.0004737091425864519,-0.00017674520591723364,0.00017674520591723364
230,1214963.888888889,64,63,0.047581934946314644,0.0445656437713791,23.6913563644765,24.01241592181304,1.0,11.254828081171029,0.4347066289365725,0.006923409779316313,0.00043261951113995244,-0.0030162911749355426,0.0030162911749355426
230,1267188.8888888888,64,63,0.044814932519897425,0.045825487814486955,25.42451207824479,28.296903558397656,1.0,10.705112163479665,0.4435682461416422,0.005208333333333333,0.0004527960153950645,0.0010105552945895296,0.0010105552945895296
230,1317227.777777778,64,63,0.03876681369020733,0.03938344243255771,20.384960019166012,21.363216837474177,1.0,11.083665408587757,0.44676159262484777,0.005020538566864446,0.0004563084645220169,0.0006166287423503766,0.0006166287423503766
230,1366883.3333333335,64,63,0.06597359216016867,0.06430660733021706,21.7123404265621,24.68187983581736,1.0,9.845837773402012,0.42359825473431256,0.006551240056153486,0.00046783625730994154,-0.0016669848299516038,0.0016669848299516038
230,1415200.0,64,64,0.08407110788177995,0.0843151197738107,24.565620960410826,24.726442206566766,0.984375,14.557445546251714,0.4651195220042742,0.008709603483841394,0.00045829514207149406,0.00024401189203075713,0.00024401189203075713
230,1464522.222222222,64,63,0.04014656753943077,0.03949051240040512,23.181576818320895,24.474639561394042,1.0,16.640398541677353,0.4813811370879809,0.009831460674157303,0.000468055230517201,-0.0006560551390256547,0.0006560551390256547
230,1513005.5555555555,64,64,0.05504399688987286,0.05572952965359407,23.74382897883252,25.875273300890978,0.984375,18.604596320413282,0.48173968772173675,0.005858494817485353,0.0004505519261094841,0.0006855327637212069,0.0006855327637212069
230,1563191.6666666665,64,63,0.0616792824994847,0.06246690226446036,19.632348609039447,20.783111611772135,1.0,13.784040180346802,0.47434671975605835,0.007295719844357977,0.0004862630683199611,0.0007876197649756625,0.0007876197649756625
230,1609744.4444444445,64,62,0.04439587420629624,0.04311400154192534,16.065935923384774,16.845822306468374,0.9841269841269841,7.025186495345218,0.43836885406789355,0.004785894206549119,0.000503651473180559,-0.001281872664370902,0.001281872664370902
230,1654775.0,64,63,0.07350835857890481,0.07357061317957424,21.266406742918942,21.505798287676377,1.0,7.454118695151127,0.4377088448353556,0.008551184949914489,0.0004885197850512946,6.225460066942856e-05,6.225460066942856e-05
230,1701108.3333333333,64,64,0.04326377261400201,0.04345526798667887,16.903926525497997,17.909015137147534,0.984375,10.363847188107941,0.44540129214512075,0.006426099851705388,0.0004941932295527551,0.00019149537267686145,0.00019149537267686145
230,1746944.4444444443,64,63,0.06680067254826183,0.07004800567886958,30.893778138562954,40.973800194042035,0.96875,12.187411927273654,0.4503702251733712,0.008626887131560028,0.0004791566842357451,0.003247333130607752,0.003247333130607752
231,500.0,64,64,0.11745213444942537,0.06218076741508732,166.240868872467,88.97239455136123,0.96875,10.692080195934926,0.4635814239588628,0.005773887129819333,0.00037243947858472997,-0.055271367034338055,0.055271367034338055
231,61277.77777777778,64,89,0.28207730635539985,0.18984585181876348,190.43419649303405,286.780631817687,0.7078651685393258,15.635172314533165,0.4571531310942102,0.005103487383045081,0.00028348688873139615,-0.09223145453663636,0.09223145453663636
231,141583.33333333334,64,65,0.15392414009112887,0.10955767113243509,126.98983722120508,136.1906854368421,0.9393939393939394,11.647472674272889,0.4401691302153767,0.004646175839885632,0.00035733428622476324,-0.04436646895869378,0.04436646895869378
231,204980.55555555556,64,63,0.04618456683829959,0.0469665143734091,60.26313764367922,61.36116872722955,0.9682539682539683,10.986063703336203,0.46417894709337265,0.005998125585754452,0.0003748125937031484,0.0007819475351095104,0.0007819475351095104
231,265352.77777777775,64,63,0.040841524685957815,0.041859024630303505,60.82124149476089,62.5288047039091,0.96875,11.025127166631057,0.4702616571095685,0.00562535158447403,0.0003749531308586427,0.00101749994434569,0.00101749994434569
231,325702.7777777778,64,112,0.13625988948807985,0.30123869554843435,183.58466805940168,395.72725535143354,0.5625,17.34900320342896,0.415185617981834,0.00789854266325509,0.0002224694104560623,0.1649788060603545,0.1649788060603545
231,427630.5555555555,64,117,0.02864833565533559,0.3461840570426189,46.56003135000082,534.5077962470684,0.5254237288135594,24.012423051211794,0.3230353626372105,0.005822570400169384,0.0002117074203450831,0.3175357213872833,0.3175357213872833
231,534555.5555555555,64,78,0.2748608077795199,0.1886387078003934,113.18461762215269,282.2517034820731,0.7848101265822784,16.387336797874962,0.4264268168839005,0.006544094733561857,0.0003115750116840629,-0.08622209997912647,0.08622209997912647
231,607147.2222222222,64,62,0.05259394754455513,0.05220246062523215,62.25609517067201,64.18733186392089,0.9841269841269841,12.873129078155221,0.4888064953040283,0.006759294029290274,0.00037544584193730055,-0.00039148691932298224,0.00039148691932298224
231,667561.1111111111,64,64,0.11800298854286947,0.04988765977243768,167.43067123276015,73.04924603117475,0.9538461538461539,11.020672462297766,0.47613431522839195,0.006121313299944352,0.000370919881305638,-0.0681153287704318,0.0681153287704318
231,728566.6666666667,64,62,0.04398255181491509,0.04553236325992433,48.23781398992505,50.70115145121076,0.9841269841269841,11.250061077394344,0.4703843092030113,0.007487832272557095,0.0003743215422047539,0.001549811445009243,0.001549811445009243
231,789105.5555555556,64,115,0.18451234354946075,0.24862951116678983,112.64454849240605,390.4135492629602,0.5478260869565217,17.366742583708675,0.4260614056556082,0.00634590977270105,0.00023073373327180433,0.06411716761732908,0.06411716761732908
231,887391.6666666666,64,125,0.02143220494137761,0.2835279776676052,46.290620918561885,456.2604817098608,0.49206349206349204,23.45831079805224,0.32707786220004464,0.005940384003394505,0.00021213406873143826,0.2620957727262276,0.2620957727262276
231,994111.1111111111,64,94,0.2784100443784307,0.25164124195472093,115.51046387248878,393.21242602345825,0.6702127659574468,18.821909951172554,0.3922551023654299,0.006493506493506494,0.00027052617340727714,-0.02676880242370977,0.02676880242370977
231,1077494.4444444445,64,63,0.04885934354780415,0.04889068376865629,57.70484092232506,58.08617857622919,0.96875,13.246663001040407,0.4947656335847977,0.005962362586174772,0.00037257824143070045,3.134022085213989e-05,3.134022085213989e-05
231,1138200.0,64,63,0.04904896474352025,0.04980268004084798,61.85398911731361,64.24840639226245,0.96875,11.069133364399159,0.47462785661030177,0.007131102578167855,0.00036563071297989033,0.000753715297327727,0.000753715297327727
231,1200186.1111111112,64,90,0.27844451409975285,0.21692144027835025,188.41688074009792,294.25084001023913,0.7,10.354655777804346,0.46879148823479105,0.006242197253433208,0.00027739251040221914,-0.061523073821402596,0.061523073821402596
231,1282208.3333333333,64,125,0.025947642038553483,0.24594160895363032,42.77498478065279,401.96169150043437,0.49206349206349204,27.62805075483782,0.38655599222887344,0.0062177257877542415,0.00021074815595363542,0.21999396691507683,0.21999396691507683
231,1389752.7777777778,64,76,0.25408231168522416,0.13722331142469774,115.42585601052198,204.54835664712263,0.8289473684210527,15.81818583250407,0.45257947541041443,0.00669002867155145,0.00031852205765249244,-0.11685900026052642,0.11685900026052642
231,1460805.5555555557,64,62,0.04767504890472116,0.04803708339221674,64.27633028423811,64.74961431323673,0.9841269841269841,12.314590323926026,0.47679031081861756,0.004347038579967397,0.0003621876131836291,0.00036203448749558276,0.00036203448749558276
231,1523300.0,64,62,0.05411996687560134,0.054674685938990324,72.70910464892192,73.04741657552887,0.9841269841269841,12.442055518673286,0.4705484376829325,0.0072846476051721,0.0003641660597232338,0.0005547190633889837,0.0005547190633889837
231,1585500.0,64,64,0.11453093886496041,0.05930764696401272,165.92877275041567,82.84734404995878,0.9538461538461539,10.633200886366975,0.4577847874413295,0.006222547584187409,0.00036596523330283625,-0.055223291900947685,0.055223291900947685
231,1647344.4444444445,64,64,0.03630209149299694,0.036243631658089075,49.96514117397858,49.85658812707358,0.984375,10.622006189779517,0.4548160758414857,0.0064208402128049895,0.00036683785766691124,-5.8459834907861885e-05,5.8459834907861885e-05
231,1709172.2222222222,64,64,0.10926485934685788,0.05515415698595543,159.61914236493112,77.10761771554324,0.984375,10.67880638088907,0.45898789012826224,0.005260293850897877,0.0003627130939426913,-0.05411070236090245,0.05411070236090245
232,1363.888888888889,64,77,0.47109105275870666,0.4019958853857164,718.6915761087402,520.1183666899808,0.8589743589743589,8.589214024105988,0.3789491619677324,0.002717391304347826,0.00033961623365596876,-0.06909516737299026,0.06909516737299026
232,67733.33333333333,64,70,0.504706516712082,0.4253064935430618,785.978182060355,592.8456171371695,0.9,6.269016446526285,0.4076216766467848,0.0031701303275801338,0.00035217467864060575,-0.07940002316902017,0.07940002316902017
232,131775.0,64,62,0.4756462814716688,0.4788196668241756,797.772464869869,815.9563610466436,0.9841269841269841,5.795856774533747,0.4197050375075644,0.004751399966061429,0.00033932813030200206,0.0031733853525067746,0.0031733853525067746
232,198205.55555555556,64,63,0.47087438523516884,0.4660206771924459,653.2677300448325,643.2882929799143,0.9375,6.070618462174445,0.3983229782769068,0.004008746355685131,0.00036436509382401167,-0.004853708042722948,0.004853708042722948
232,260127.77777777778,64,66,0.471435076691122,0.45149565757747784,692.673028056806,625.0609220680929,0.9402985074626866,6.429430926774521,0.40905614788529865,0.003295750216825672,0.000346860908775581,-0.019939419113644163,0.019939419113644163
232,326263.88888888893,64,67,0.44497188809571325,0.3883168817130834,630.2639875508676,516.4573002627251,0.9411764705882353,5.059279373059538,0.39641902942118734,0.0036880927291886197,0.0003511852502194908,-0.05665500638262988,0.05665500638262988
232,390438.8888888889,64,66,0.4357770494882272,0.4183271277431191,613.1423673260662,582.0343817912263,0.9253731343283582,6.875970566663543,0.40805630458834946,0.0018328445747800588,0.0003665017408832692,-0.01744992174510812,0.01744992174510812
232,452013.88888888893,64,68,0.45520881672327995,0.4172230567663433,647.1065910553881,561.3659350577302,0.9264705882352942,5.811232153991147,0.41946271624063447,0.003146400148065889,0.0003700962250185048,-0.03798575995693665,0.03798575995693665
232,512994.44444444444,64,63,0.4750903734824206,0.474561126528951,731.5833848381168,735.0455117089164,1.0,9.663849122997082,0.41001850868186823,0.00397183607149305,0.00036101083032490973,-0.0005292469534696198,0.0005292469534696198
232,575491.6666666666,64,64,0.44258052881061377,0.4432033671508715,639.8878164370399,640.998062248243,0.984375,8.461173199968774,0.40316831319573654,0.0036907178446207787,0.00036900369003690036,0.0006228383402577253,0.0006228383402577253
232,638994.4444444444,64,64,0.3793014392977419,0.3598992532474352,488.2603282554973,455.38792171804306,1.0,7.15193678809802,0.3444113681318901,0.0035643564356435645,0.0003959611958028113,-0.01940218605030669,0.01940218605030669
232,696025.0,64,68,0.4357870486329794,0.3903495704326859,630.8606149474405,506.80162453203906,0.9264705882352942,7.611335361087758,0.3703076375723876,0.0029148853478429848,0.0003885758694385079,-0.04543747820029348,0.04543747820029348
232,754130.5555555556,64,63,0.48547815287784696,0.48622242016611883,728.2850444726789,728.8040876692842,1.0,10.209206944919499,0.41468514101153847,0.0025130138215760187,0.0003589375448671931,0.0007442672882718715,0.0007442672882718715
232,817016.6666666666,64,66,0.4945194785319252,0.45804528586370086,777.5643678257167,674.7815344104766,0.9253731343283582,7.375556277769664,0.4147015711928228,0.005870513250587051,0.000335401643468053,-0.036474192668224326,0.036474192668224326
232,884186.1111111111,64,64,0.42425717527967677,0.42506554681983527,600.7560061462981,602.6715479345825,0.984375,11.355731239108307,0.4235390787665688,0.00383075047884381,0.00034818941504178273,0.0008083715401585034,0.0008083715401585034
232,948977.7777777778,64,62,0.34510570605365476,0.35028774110581007,435.8791342845792,446.7946041114401,0.9841269841269841,10.838461746440352,0.434043622578611,0.005,0.0003332777870354941,0.005182035052155309,0.005182035052155309
232,1016619.4444444444,64,64,0.3889605704023713,0.37118261025251276,464.355775250252,436.9568026146733,0.984375,8.944636711507428,0.4343061072851722,0.004943153732081068,0.00032948929159802305,-0.01777796014985855,0.01777796014985855
232,1084966.6666666667,64,65,0.3115492318909689,0.320351815378646,371.4978822185105,372.7331240972097,0.9692307692307692,10.011834993260612,0.42241739477083606,0.0034739454094292804,0.0003307972213033411,0.008802583487677096,0.008802583487677096
232,1153097.2222222222,64,63,0.2393490608853797,0.2396691930459678,230.49510176475906,231.2034881003258,1.0,6.922533499219401,0.42223000785590936,0.004369747899159664,0.0003360779700890607,0.0003201321605880991,0.0003201321605880991
232,1220169.4444444445,64,64,0.3297251448861984,0.34134951321069096,368.81342308739954,372.59252992347837,0.9538461538461539,11.379861123037895,0.440148292703591,0.005250596658711217,0.0003181673560292714,0.01162436832449254,0.01162436832449254
232,1290966.6666666667,64,68,0.3861086321898603,0.3743511062754277,433.40343984167004,392.6107391960012,0.9264705882352942,7.940278285611314,0.4257514446955534,0.004363001745200698,0.00034897923573547375,-0.011757525914432576,0.011757525914432576
232,1356975.0,64,64,0.2843877119709175,0.2838043990549991,256.43989501061543,255.07870048743558,0.984375,11.588645304909337,0.42666200140818045,0.003630050505050505,0.00031560675398453525,-0.0005833129159183992,0.0005833129159183992
232,1428341.6666666667,64,65,0.3233230567613462,0.34020950282764667,334.87025488515565,355.5741157521043,0.9692307692307692,8.587393667123866,0.4333667252156745,0.003441748408191361,0.00034411562284927734,0.016886446066300465,0.016886446066300465
232,1493894.4444444445,64,66,0.23752202220198324,0.33155829712033225,221.52285783463174,332.1838147612143,0.9545454545454546,8.503960272603393,0.42351396529582275,0.004700557103064067,0.00034812880765883376,0.09403627491834901,0.09403627491834901
232,1559180.5555555557,64,66,0.2900458313655664,0.2427630641088353,282.9492878538712,259.0872444052808,0.9545454545454546,8.715062836152324,0.41989186544168156,0.003863134657836645,0.0003678499172337686,-0.047282767256731084,0.047282767256731084
232,1620547.2222222222,64,63,0.3361452405898849,0.3459771201224664,322.61001764046154,322.1748122152622,0.96875,10.746154161738398,0.41838974406825613,0.0016891891891891893,0.00033778078027360244,0.009831879532581522,0.009831879532581522
232,1687255.5555555555,64,65,0.34493456480418044,0.3709156444089558,350.0129679099538,387.27358591641206,0.9692307692307692,10.985177314827098,0.42957474216578034,0.005557426743011115,0.0003367570298029971,0.02598107960477536,0.02598107960477536
233,116.66666666666667,64,62,0.20490201231286218,0.23743528059888971,210.04968026637886,244.6658408135381,1.0,6.317900366025171,0.41587508996140315,0.010247136829415311,0.0006025911419102139,0.03253326828602754,0.03253326828602754
233,37677.777777777774,64,63,0.19869302903907599,0.23534817403904315,200.78251933792842,237.753641453334,1.0,6.353547823693486,0.42395979297437836,0.005591798695246971,0.0006211180124223603,0.036655144999967165,0.036655144999967165
233,73977.77777777778,64,61,0.18153531739455528,0.21716151301904285,170.661502591375,205.99392253694967,0.9838709677419355,6.12894108085252,0.4383802932738404,0.006285355122564425,0.0006283380458686773,0.03562619562448757,0.03562619562448757
233,110011.11111111111,64,64,0.2418327204104627,0.26774357750855887,261.00933157046677,288.0200342620671,0.984375,6.163310100039572,0.42304152629173686,0.010160098522167487,0.0006155740227762388,0.02591085709809618,0.02591085709809618
233,146997.22222222225,64,63,0.2570934786545527,0.3086947454010609,272.89001734965984,331.0129333317243,1.0,6.453431746228577,0.4154376965103263,0.00819423368740516,0.0006067961165048543,0.05160126674650822,0.05160126674650822
233,184433.33333333334,64,62,0.19775824715723747,0.2586712340373472,207.2837759835809,270.76381202811956,0.9841269841269841,6.3199463289473545,0.41545763964366755,0.005813953488372093,0.000611807892321811,0.06091298688010974,0.06091298688010974
233,221369.44444444444,64,63,0.1742608641011131,0.21092111151014248,175.80707958264654,213.28855462087768,1.0,7.869244464862621,0.4409076954078851,0.008801213960546282,0.0006067961165048543,0.03666024740902937,0.03666024740902937
233,258694.44444444447,64,63,0.21775588871697668,0.2530151276816162,225.38850921822754,261.4891151886985,1.0,7.425063699496135,0.4252359059775878,0.008674842955429255,0.0005980861244019139,0.03525923896463953,0.03525923896463953
233,296550.0,64,64,0.26136052710731156,0.2785309761205866,279.58529303460915,297.2201917863469,0.953125,6.760233703986299,0.3985139115996596,0.009487103468722205,0.0005927682276229994,0.017170449013275024,0.017170449013275024
233,334758.3333333333,64,64,0.22107152678143413,0.2610672224113161,222.41423156405037,264.16935587677125,0.984375,7.250772875379164,0.4079468302653428,0.006524317912218268,0.0005929439667951378,0.03999569562988195,0.03999569562988195
233,372758.3333333333,64,62,0.24444317606202082,0.2756740869847429,252.40825328059742,285.0013823287301,0.96875,6.993029329482249,0.39863568959238055,0.010017678255745434,0.000589101620029455,0.031230910922722066,0.031230910922722066
233,411211.1111111111,64,63,0.18650128220410211,0.2124326149796192,190.31685363879788,215.33255128170848,1.0,6.3397382589579365,0.4418290771230348,0.007509762691498949,0.0006006006006006006,0.025931332775517096,0.025931332775517096
233,448875.0,64,63,0.2264181134013656,0.25378888075013945,230.95762109084836,257.10459342922684,0.96875,5.802619805165567,0.4282052990723962,0.009526644834772254,0.0005952380952380953,0.027370767348773833,0.027370767348773833
233,487100.0,64,63,0.24984546108024516,0.28059460168740086,251.47117903035317,283.11300355848283,0.9841269841269841,6.41253429034226,0.41651131612414855,0.008674842955429255,0.0005980861244019139,0.030749140607155695,0.030749140607155695
233,524733.3333333334,64,64,0.20093278530136816,0.20968157045589725,202.11939565407724,211.8266318558523,0.984375,7.242771551338798,0.4353966636821999,0.00861556743909685,0.000594000594000594,0.008748785154529093,0.008748785154529093
233,562877.7777777778,64,63,0.2132026314048197,0.23759274862158783,220.18245077394852,245.05421621021387,0.96875,7.760836140519437,0.4431591281531832,0.007100591715976331,0.0005915409642117716,0.02439011721676812,0.02439011721676812
233,601177.7777777778,64,63,0.24331469834138042,0.2721821499765083,249.03762396898304,279.218055488575,1.0,7.059419441563742,0.42671976317974414,0.0068759342301943195,0.0005977286312014345,0.028867451635127883,0.028867451635127883
233,639063.8888888889,64,62,0.19794849263194594,0.2114079431497689,210.52964159009036,224.6452884122405,0.96875,8.24368532013763,0.4607599760747787,0.008390770152831885,0.0005991611743559018,0.013459450517822963,0.013459450517822963
233,676741.6666666666,64,63,0.23593563490936578,0.2798813433442404,256.78928280329626,306.0478539169343,1.0,6.514844520898597,0.4264865065927256,0.005755831566192063,0.0006056935190793458,0.043945708434874636,0.043945708434874636
233,714238.888888889,64,62,0.20616914217772153,0.23704384614188623,211.21866954417106,240.76998553174963,0.9841269841269841,6.368654719248154,0.4284366286063772,0.00807657792402034,0.0005980861244019139,0.030874703964164696,0.030874703964164696
233,752111.1111111111,64,62,0.17075710962478707,0.21906897102312975,169.08127443997427,200.0796501637423,0.9841269841269841,7.46104935389021,0.4557558465967895,0.009391093607997577,0.0006056935190793458,0.048311861398342676,0.048311861398342676
233,789661.1111111111,64,63,0.1614892607715667,0.19201551578341444,160.821950371277,190.5605699154431,1.0,7.832770057274579,0.4337095976848422,0.00855222968845449,0.0006106870229007634,0.030526255011847747,0.030526255011847747
233,826763.8888888889,64,63,0.24567762148364258,0.28128011648819384,258.54401360182226,295.03152715444844,1.0,6.8946892630156125,0.4008477749196983,0.006357856494096276,0.0006053268765133172,0.03560249500455126,0.03560249500455126
233,864061.1111111111,64,63,0.22454795298582367,0.26937950855709114,242.50872947375564,293.17144403850546,1.0,6.872275628857175,0.42515007955534045,0.0111011101110111,0.0005998800239952009,0.04483155557126747,0.04483155557126747
233,901719.4444444444,64,62,0.17835806029086962,0.20052652654432215,186.6906399949409,210.68464472418523,0.9682539682539683,4.558700841176404,0.40262748066784293,0.00773754255648406,0.0006188118811881188,0.022168466253452535,0.022168466253452535
233,938175.0,64,62,0.1773950668807024,0.23025542941565735,170.5480687883042,224.4792534387991,0.953125,5.68651227642069,0.41884580630023155,0.005286069651741294,0.0006216972334473111,0.05286036253495496,0.05286036253495496
233,974608.3333333334,64,62,0.23758857781015838,0.2962542810810019,246.26238301926054,304.72396693842694,0.9841269841269841,6.70679474527359,0.40018221426229655,0.008234217749313814,0.0006097560975609756,0.0586657032708435,0.0586657032708435
233,1011927.7777777778,64,63,0.20487195163692487,0.22956053608786334,206.94519616903497,229.8363802845228,1.0,5.98656662389955,0.42783287211537807,0.011370620774431468,0.0006144393241167435,0.024688584450938467,0.024688584450938467
233,1048913.8888888888,64,63,0.20923678203549906,0.2362858918799947,211.48865034187813,235.94285514531768,0.9841269841269841,6.059832638600857,0.44880082967548074,0.00827966881324747,0.0006131207847946045,0.027049109844495628,0.027049109844495628
233,1085858.3333333333,64,63,0.19171963548808293,0.24052741352849943,190.79848999924914,236.23196124951264,0.953125,8.084614961521355,0.41846102868562063,0.007946210268948655,0.0006110601894286587,0.0488077780404165,0.0488077780404165
233,1122905.5555555555,64,64,0.19759080902670348,0.23446177292349404,193.22904841998223,232.68800938968732,0.984375,7.50251857883131,0.41349514686400135,0.009768009768009768,0.0006103143118706134,0.036870963896790565,0.036870963896790565
233,1159894.4444444445,64,64,0.21334994879085756,0.25915543931802054,217.93695265497504,266.8871414824418,0.984375,6.2135946216873785,0.40095532295229735,0.010262601871415635,0.0006035003017501509,0.045805490527162984,0.045805490527162984
233,1197261.1111111112,64,62,0.17091121719630992,0.20014828672034743,173.27620026145124,202.57466563938905,0.9841269841269841,7.649396282213243,0.42899873317965037,0.006346328195829556,0.0006042296072507553,0.029237069524037512,0.029237069524037512
233,1234747.2222222222,64,64,0.22899828040002515,0.26095976509458496,226.23037417274793,257.84084336177597,0.984375,7.448906142306456,0.3993061107378598,0.008086253369272238,0.0005988023952095808,0.03196148469455981,0.03196148469455981
233,1272775.0,64,64,0.22879838750643514,0.27430400484117445,231.06213509531133,276.2541776994586,0.984375,7.077124847868045,0.39476851860551937,0.010746268656716417,0.000596836765144733,0.04550561733473932,0.04550561733473932
233,1310897.222222222,64,64,0.21172837824814694,0.24578297934205895,214.45428692107248,248.25150951155865,0.96875,4.941595446706397,0.42558622673513563,0.005197187404463467,0.0006112469437652812,0.03405460109391201,0.03405460109391201
233,1347947.2222222222,64,64,0.2309152282129558,0.2673489369612573,228.14464729120255,266.28935022951623,0.984375,6.155894499316283,0.3895091378664449,0.009230769230769232,0.0006151953245155337,0.036433708748301485,0.036433708748301485
233,1384591.6666666667,64,63,0.19663084438427314,0.2367863867937775,195.7018992580043,238.33565858241943,0.96875,7.234923667622166,0.40918461815470947,0.008436275986742995,0.0006024096385542169,0.04015554240950436,0.04015554240950436
233,1422380.5555555555,64,64,0.2011939477905837,0.23456117924951572,209.0388293557678,245.98017622076222,0.984375,7.341134542970972,0.4595995684650047,0.008353221957040573,0.0005964807634953773,0.03336723145893203,0.03336723145893203
233,1460538.8888888888,64,62,0.22067773716958547,0.2516651203801802,219.27736255348333,257.07183647306397,0.9841269841269841,7.432153936941024,0.41621146571166656,0.008677438659485339,0.0005982650314089142,0.030987383210594716,0.030987383210594716
233,1498197.2222222222,64,63,0.20790984225399853,0.2551401812527631,212.59295294053933,263.25575686821304,0.984375,6.871645626898542,0.3986542577872349,0.0069131349564171924,0.0006009615384615385,0.04723033899876458,0.04723033899876458
233,1535677.7777777778,64,63,0.2495193735209073,0.27495413731143653,254.66745130203498,283.0662219982339,0.984375,7.048420194828154,0.407247511920641,0.010309278350515464,0.0005889281507656066,0.025434763790529225,0.025434763790529225
233,1573944.4444444443,64,63,0.22798038874546397,0.26829264612686754,225.10285714821646,266.86848654698736,0.9841269841269841,6.190789384118071,0.38737299459828395,0.006031363088057901,0.0006029544769369913,0.040312257381403566,0.040312257381403566
233,1611680.5555555557,64,64,0.22545373908727512,0.27118777846270264,224.16323008827686,270.17917383922617,0.984375,7.103594364705923,0.3879327591171986,0.008713942307692308,0.0006007810153199159,0.045734039375427527,0.045734039375427527
233,1649547.2222222222,64,63,0.234786340654395,0.2767135201224828,242.68417607864484,285.1352137784946,0.984375,7.119222174893816,0.40107931036108,0.010432190760059613,0.0005959475566150178,0.0419271794680878,0.0419271794680878
233,1687644.4444444445,64,64,0.21180234890094682,0.24528485239777836,217.84670842390508,253.05001116111174,0.984375,5.95763852126887,0.43529660271576565,0.010032457952198289,0.0005899705014749262,0.033482503496831545,0.033482503496831545
233,1725825.0,64,62,0.24544417591764528,0.2750614496837903,259.52460712713537,291.0069158388082,0.9841269841269841,6.94666485779571,0.4432624960570214,0.008572273130357671,0.000591016548463357,0.029617273766145036,0.029617273766145036
233,1764252.7777777778,64,64,0.23018956939515922,0.26742785247853385,243.536007476291,281.5085555862542,1.0,5.51227372595557,0.4007208231561044,0.007270524083611027,0.0006056935190793458,0.037238283083374624,0.037238283083374624
234,375.0,64,64,0.02124368335339124,0.021379116954509163,17.653012013087274,17.852961744170592,0.984375,16.810158671297387,0.5179533634699931,0.00677323218639935,0.0005417118093174431,0.00013543360111792357,0.00013543360111792357
234,42180.555555555555,64,64,0.021480668385052554,0.021742717300226557,18.99768373397255,19.412909808704203,0.984375,17.169918143298343,0.5131338145179459,0.005483959418700302,0.0005482456140350877,0.0002620489151740034,0.0002620489151740034
234,83488.88888888889,64,63,0.020070862508355665,0.02282356061977006,16.87076347693786,20.034372876480447,1.0,17.334586450137323,0.5132831355903784,0.00849780701754386,0.0005480953685941354,0.0027526981114143964,0.0027526981114143964
234,124811.11111111112,64,63,0.020663712976212643,0.02158215636038738,16.81904654144156,18.11154826160522,1.0,17.857993629130846,0.5113361395176366,0.004909983633387889,0.000545404963185165,0.0009184433841747386,0.0009184433841747386
234,166338.8888888889,64,63,0.0206071274463378,0.022491402395927104,18.126068542629792,20.43711411794064,1.0,16.68858684168423,0.5148728137753237,0.007921332969134116,0.0005461496450027307,0.0018842749495893048,0.0018842749495893048
234,207816.66666666666,64,63,0.021410422272670152,0.020883234618073863,16.216286290623493,15.958704969721818,0.96875,9.304116145255303,0.5147535749010609,0.005960444324031428,0.0005417118093174431,-0.0005271876545962888,0.0005271876545962888
234,249636.11111111112,64,63,0.026148890414207596,0.028313829143569252,15.839698777049716,19.77849554393772,0.984375,15.919298876656423,0.5163545440568544,0.009516041326808047,0.0005436259853220984,0.002164938729361656,0.002164938729361656
234,291286.1111111111,64,63,0.022017490963151917,0.023321614626042264,17.518551354985206,19.46700370614518,0.96875,18.42922395779118,0.5167524549450306,0.007606628633523499,0.0005431830526887561,0.0013041236628903476,0.0013041236628903476
234,332975.0,64,63,0.021052594232610744,0.022173969874418033,17.29332645227145,18.72004390197974,1.0,13.512689588431856,0.5265177657205674,0.010066225165562914,0.0005296610169491525,0.0011213756418072887,0.0011213756418072887
234,375708.3333333333,64,62,0.020056808737360706,0.020518634242547025,15.843626786727144,16.845822306417016,0.9841269841269841,5.98530209311969,0.5131871053846095,0.014004847831941825,0.0005385029617662897,0.0004618255051863189,0.0004618255051863189
234,417788.8888888889,64,63,0.0221379298052751,0.02352829743468434,17.293326452265116,18.610888196491675,1.0,8.729144520102054,0.521833649100399,0.008275493860117458,0.0005337603416066186,0.00139036762940924,0.00139036762940924
234,460225.0,64,62,0.019569796227175074,0.020277643943148866,17.824898350187894,19.03929908204145,0.9841269841269841,18.142698260868677,0.511745320101526,0.00821917808219178,0.0005477951246233908,0.0007078477159737917,0.0007078477159737917
234,501591.6666666666,64,63,0.01807709731331785,0.018825415537913,14.225316083744685,15.439583135398903,1.0,20.078181836109184,0.5142592973319731,0.00856353591160221,0.0005523336095001381,0.0007483182245951493,0.0007483182245951493
234,542630.5555555556,64,64,0.021892337867419988,0.022714394367121398,14.41218482000514,17.740323637118088,0.984375,18.928092450113237,0.5154057222235986,0.007158590308370044,0.0005505092210294523,0.0008220564997014103,0.0008220564997014103
234,583775.0,64,63,0.019665763989135884,0.020931754031803453,17.98130583738293,19.778495543913785,1.0,20.965600234226688,0.5171087926097467,0.008344549125168237,0.0005382131324004305,0.001265990042667569,0.001265990042667569
234,625891.6666666666,64,63,0.020413455706749142,0.01998090699240821,17.74793081426147,16.828679505910937,1.0,20.005225077338366,0.5148873181054394,0.006236442516268981,0.0005421523448088912,-0.0004325487143409315,0.0004325487143409315
234,667652.7777777779,64,63,0.019269576935281085,0.020476825059455556,14.481101817079026,16.646084451624546,0.9841269841269841,17.515562634961864,0.5156248005179637,0.008147745790331342,0.0005430355688297583,0.0012072481241744704,0.0012072481241744704
234,709355.5555555556,64,62,0.019587576129873344,0.02124949638583332,15.47003501203479,18.37493172067672,0.9841269841269841,18.8481055007519,0.516410127677594,0.007610763794509377,0.0005434782608695652,0.0016619202559599762,0.0016619202559599762
234,751038.8888888889,64,62,0.021542982884849363,0.023669213740338695,16.588076355647413,19.89063350587364,0.9841269841269841,17.974932307563776,0.5219906721937385,0.00864397622906537,0.0005401026194977045,0.002126230855489332,0.002126230855489332
234,792966.6666666667,64,63,0.0247015124574017,0.024872044516767288,18.77694532731096,19.097176191593952,0.96875,8.959003152245321,0.5198143765908851,0.013821138211382113,0.000541858574911948,0.00017053205936558638,0.00017053205936558638
234,834788.8888888889,64,64,0.16703191916424504,0.16701380357767673,41.06798086308347,40.642023072116764,0.984375,14.36099550824054,0.48101518542594307,0.008954269267668692,0.0006393861892583121,-1.811558656830692e-05,1.811558656830692e-05
234,870075.0,64,63,0.0982150444987128,0.09929714214904804,82.62919358201853,82.72706970855738,1.0,17.77444872511147,0.5267859574327737,0.005583621377293273,0.000531632110579479,0.001082097650335248,0.001082097650335248
234,912663.8888888889,64,63,0.02016128890319782,0.020465389270316096,16.162475284662158,17.481885400969713,0.984375,18.682351553678426,0.5214464218590558,0.007261968800430339,0.0005377789728421619,0.00030410036711827487,0.00030410036711827487
234,954802.7777777778,64,64,0.019784013696632345,0.021322577565002634,16.380457706171953,18.351279637758662,0.984375,17.307203355409253,0.5241754042462687,0.008006405124099279,0.0005336179295624333,0.0015385638683702886,0.0015385638683702886
234,997236.1111111111,64,62,0.05715811136278901,0.05892231272463179,64.22984445840379,66.18919780960216,0.9841269841269841,16.957006453121863,0.5155127910867049,0.008337816030123723,0.0005377789728421619,0.001764201361842778,0.001764201361842778
234,1039363.8888888889,64,64,0.025569253597579517,0.02701968663191876,18.462804482091215,20.32101153615392,0.984375,16.892184456475142,0.5201301287446115,0.008049369466058493,0.000536480686695279,0.0014504330343392442,0.0014504330343392442
234,1081602.777777778,64,63,0.02371912739414271,0.024645838301816606,19.482809054823356,20.18634248436794,1.0,17.813816726187667,0.5252205844225658,0.00718849840255591,0.0005323396326856535,0.0009267109076738951,0.0009267109076738951
234,1124147.222222222,64,62,0.020163542842867595,0.02086768714690727,15.36509748188938,16.78422860002047,0.9841269841269841,18.129664444200277,0.5182630002119409,0.007488633324418294,0.0005347593582887701,0.0007041443040396757,0.0007041443040396757
234,1166547.2222222222,64,62,0.021938733326869263,0.021609493441170205,18.51329077949077,18.26185414393759,0.9841269841269841,18.09021938500769,0.5267598665298279,0.007417218543046358,0.0005296610169491525,-0.00032923988569905777,0.00032923988569905777
234,1209352.777777778,64,64,0.022660349494289366,0.023492356523639513,14.787254082907232,16.632259617856523,0.984375,19.06635377624928,0.519038321373529,0.007993605115907274,0.0005327650506126798,0.0008320070293501465,0.0008320070293501465
234,1251858.3333333333,64,64,0.06199463340035697,0.061950311637316006,68.54525375275907,68.91190291429623,0.96875,17.376204420141658,0.5102924260813424,0.006362672322375398,0.0005300821627352239,-4.432176304096369e-05,4.432176304096369e-05
234,1294575.0,64,62,0.0179538857735254,0.019002923751694073,15.65397055395206,17.6856247258842,0.9841269841269841,20.074525522988555,0.5201045765561042,0.007673987827467584,0.0005291005291005291,0.0010490379781686737,0.0010490379781686737
234,1337408.3333333333,64,63,0.01984486059286603,0.02045731906950566,18.68725396555044,19.25654342914026,1.0,4.927022254565385,0.49505208546707835,0.012345679012345678,0.0005252100840336134,0.0006124584766396303,0.0006124584766396303
234,1380558.3333333335,64,63,0.026080671103814672,0.026164041386998644,17.181417726514063,17.009314514657742,0.96875,10.097657205702337,0.5067880630081667,0.004445679355376493,0.0005555555555555556,8.337028318397208e-05,8.337028318397208e-05
234,1421302.7777777778,64,64,0.039677343725239025,0.0400454414348745,18.327494454188894,19.872148563851532,0.984375,14.350205638925795,0.5168521616177055,0.007606628633523499,0.0005431830526887561,0.00036809770963547317,0.00036809770963547317
234,1463041.6666666667,64,63,0.022939589582524973,0.023234069570602048,17.786456215111514,18.05521360485595,1.0,18.73271040073447,0.5230920700799627,0.008418837148118917,0.0005260389268805891,0.0002944799880770753,0.0002944799880770753
234,1506091.6666666667,64,63,0.019836719845241192,0.018944151241191563,16.154773366071325,14.970592259259146,0.96875,17.82464872658452,0.5253263425951105,0.007159904534606206,0.0005302226935312832,-0.0008925686040496296,0.0008925686040496296
234,1548794.4444444445,64,63,0.01932212469156158,0.02185190969267865,17.525653950631124,21.363216837482145,1.0,14.785305291989328,0.5167636399563263,0.00963855421686747,0.0005353319057815846,0.0025297850011170714,0.0025297850011170714
234,1591116.6666666665,64,63,0.019634140206634364,0.021058743055448872,18.971461935822408,20.734036899663195,0.96875,20.368794473258053,0.5252075065568265,0.009814323607427056,0.0005303632988597189,0.0014246028488145088,0.0014246028488145088
234,1633844.4444444445,64,63,0.020432631409404434,0.021585760192508203,17.529204169175646,19.043757412271535,1.0,21.83662538658667,0.5239480845476902,0.006342494714587738,0.0005284015852047556,0.0011531287831037691,0.0011531287831037691
234,1676738.8888888888,64,64,0.059334386711108335,0.0590463517492494,64.08532991370521,63.7596152266935,0.984375,20.317889898550337,0.5100408799355124,0.008814102564102564,0.000534045393858478,-0.0002880349618589323,0.0002880349618589323
234,1719138.888888889,64,63,0.03355675339098767,0.034053754354251245,29.178398391543947,29.907141091289272,1.0,6.742951153741456,0.5192109394712084,0.012227538543328018,0.0005314908317831517,0.0004970009632635775,0.0004970009632635775
234,1761730.5555555555,64,62,0.020898251094281287,0.021330355644050666,17.803940202571003,19.36293641042076,0.9841269841269841,20.190720122688486,0.5301328858370773,0.006554798112218143,0.0005242463958060288,0.00043210454976937845,0.00043210454976937845
