record,t0_ms,cv_ref,cv_det,sdnn_det,mean_rr_det,bsqi,frac_short,frac_long,lag1,abs_d
100,213.88888888888889,0.048219551756096,0.05048229821479158,41.03831233665494,812.9248031071314,0.9841269841269841,0.0,0.0,-0.1648305962224903,0.0022627464586955845
100,52208.333333333336,0.03038339829001703,0.030981902436049456,25.16285147683604,812.1790302830929,0.9841269841269841,0.0,0.0,0.46935922616901465,0.0005985041460324254
100,104163.88888888889,0.03189434105760824,0.033056842797993154,26.426929025043606,799.438990182328,1.0,0.0,0.0,0.36132007310128145,0.0011625017403849164
100,155300.0,0.059062327580420806,0.06157827369291393,49.62668081627653,805.9121803862339,0.96875,0.0,0.0,-0.15744056637560705,0.002515946112493124
100,206897.22222222222,0.049801359222739934,0.05020007302458744,40.81791099672462,813.1046139461283,1.0,0.0,0.0,-0.01850607622312193,0.000398713801847507
100,259016.66666666666,0.056681783681015674,0.056627787480967605,45.63411445352702,805.8608058608061,0.984375,0.0,0.0,-0.27221829325791685,5.399620004806899e-05
100,310583.3333333333,0.0626764778893994,0.06355401490837213,50.37330487217333,792.606178300429,0.96875,0.0,0.0,-0.04688899509370071,0.0008775370189727377
100,361269.44444444444,0.04847109248451064,0.049438777565697964,36.94529427177348,747.2938468730905,1.0,0.0,0.0,0.741957229484591,0.0009676850811873236
100,409138.88888888893,0.04688239980663864,0.047453277020086435,35.30795488709998,744.0572517711374,1.0,0.0,0.0,0.6938494034092956,0.0005708772134477916
100,456836.1111111111,0.06113207831362024,0.06382736740712427,48.83400732141436,765.0951199338297,0.96875,0.0,0.0,0.08923187231370806,0.0026952890935040344
100,505788.8888888889,0.03925439665697843,0.03795356832379095,30.31873954041529,798.8376555732226,0.9841269841269841,0.0,0.0,0.6085618947835959,0.0013008283331874745
100,556761.111111111,0.03177813535929316,0.0312100186502035,24.316361134126613,779.1203653756247,1.0,0.0,0.0,0.46280273869975036,0.0005681167090896555
100,606711.1111111111,0.03092823551149725,0.03164423153745975,24.683295750760514,780.0251278512158,0.984375,0.0,0.0,0.40097850991969436,0.000715996025962503
100,656638.8888888889,0.04693822766135312,0.047857298971074054,36.5895701127426,764.5556874168368,0.9841269841269841,0.0,0.0,0.7004196557238381,0.0009190713097209369
100,705583.3333333334,0.045317793145765804,0.045531206833972736,35.40879446846689,777.6818786636445,1.0,0.0,0.0,0.6374694248875495,0.00021341368820693152
100,755422.2222222222,0.059455476050304,0.05980700436760726,47.508209482435085,794.3586204455767,0.984375,0.0,0.0,-0.08135821315672143,0.0003515283173032638
100,806269.4444444444,0.05786603106628075,0.05924639683212305,47.278654500838314,798.0005034703495,0.96875,0.0,0.0,-0.09971924765943957,0.0013803657658423008
100,857291.6666666666,0.08564844295013804,0.08638381663703977,69.95949044003815,809.8680188441781,0.96875,0.0,0.0,-0.18801234390335414,0.0007353736869017274
100,909100.0,0.03084931616595983,0.030899209474011834,25.11827836694346,812.9100645137703,0.9841269841269841,0.0,0.0,0.42242142970617613,4.9893308052002816e-05
100,961158.3333333333,0.0680881503134468,0.06873814340571383,54.979810690631346,799.8442781051484,0.984375,0.0,0.0,-0.16951645781149824,0.0006499930922670288
100,1012350.0,0.0525992571245395,0.052943781446598934,42.36340263914942,800.1582335383188,1.0,0.0,0.0,0.01565294641606266,0.0003445243220594335
100,1063597.2222222222,0.05979010455126215,0.05950842648606692,47.93716522055248,805.5525587082412,1.0,0.0,0.0,-0.19791970358438937,0.00028167806519523164
100,1115147.222222222,0.030115302210865016,0.030207273771741167,24.358894122882994,806.3916759568909,0.984375,0.0,0.0,0.42980480480515654,9.19715608761508e-05
100,1166727.777777778,0.09666366376256987,0.09731456728045945,78.27209287813695,804.3204123033058,0.9841269841269841,0.0,0.0,-0.32050198909676,0.0006509035178895867
100,1218250.0,0.07961456020941063,0.07960837983318282,64.83014209812008,814.3632898191103,0.96875,0.0,0.0,-0.29931229943881815,6.180376227807316e-06
100,1270369.4444444445,0.04922477303836884,0.05111698530773254,41.71971020099215,816.1613982090831,0.96875,0.0,0.0,-0.20920845476181293,0.0018922122693636953
100,1322600.0,0.03278364240900139,0.03391113038406661,27.461340850521523,809.8031690333871,0.9841269841269841,0.0,0.0,0.5164384714409288,0.0011274879750652195
100,1374413.8888888888,0.05596647198254067,0.056164044739535034,45.42935862122678,808.8690697386351,0.984375,0.0,0.0,-0.16725423891299224,0.00019757275699436305
100,1426177.7777777778,0.05591340224016531,0.057846839029851285,47.2780057644783,817.2962698978411,0.9841269841269841,0.0,0.0,-0.27780016457160694,0.001933436789685973
100,1478491.6666666665,0.07294897986878904,0.13807178523216046,113.72873805971611,823.692819416271,0.9841269841269841,0.0,0.01639344262295082,-0.018881278035733747,0.06512280536337142
100,1530422.2222222222,0.0789307975054676,0.0787849768933292,63.42294054580384,805.0131261912437,1.0,0.0,0.0,-0.3230156105260352,0.00014582061213840036
100,1581894.4444444445,0.07199904460721622,0.07131188634732848,56.87435574797981,797.5438410221001,0.984375,0.0,0.0,0.10857417660543606,0.0006871582598877435
100,1632897.222222222,0.06544801857421723,0.06425265464034381,48.939879357085985,761.678713992884,1.0,0.0,0.0,0.41152445512265234,0.001195363933873414
100,1681830.5555555555,0.03247703805740977,0.03330498313258216,26.307906444678228,789.9090157154677,0.96875,0.0,0.0,0.5133988674988834,0.0008279450751723857
100,1732327.7777777778,0.06284601536970064,0.06386129784761903,49.38399100955483,773.3007733007738,0.984375,0.0,0.0,0.050525835328276675,0.0010152824779183917
101,230.55555555555557,0.058239818985841726,0.059035840299066125,49.94369295545755,845.9893634519436,0.9841269841269841,0.0,0.0,0.845719842100181,0.0007960213132243987
101,54327.777777777774,0.03879836349055745,0.040092973299566535,35.05810212460749,874.4201100442335,0.96875,0.0,0.0,0.5810069766979843,0.001294609809009084
101,110255.55555555556,0.05507495606239334,0.05548625725334784,45.335626453629054,817.060452404071,0.96875,0.0,0.0,0.7275322044248536,0.0004113011909544981
101,162616.6666666667,0.03624529643816801,0.12873650530804276,117.07382539481706,909.4065829632469,0.9384615384615385,0.0,0.01639344262295082,0.04281602556976045,0.09249120886987475
101,219886.11111111112,0.046405288481982394,0.046204483771889356,43.18665096762035,934.6852825113687,0.984375,0.0,0.0,0.5937527756656893,0.0002008047100930388
101,279783.3333333334,0.1305999608812612,0.07793825199341048,74.62686583786241,957.5126966431318,0.9545454545454546,0.0,0.0,0.0014353259034312444,0.05266170888785071
101,342069.44444444444,0.0848248777547883,0.08442923073682312,82.00933298096137,971.3381522638186,0.96875,0.0,0.0,0.017213758144819364,0.00039564701796517
101,404186.1111111111,0.03427154738654939,0.03502812724743856,35.857001549909675,1023.6631064120542,0.96875,0.0,0.0,0.34931753066030796,0.0007565798608891727
101,469591.6666666666,0.050297207673560315,0.05044282467278155,49.350776611034014,978.3507749847166,0.96875,0.0,0.0,0.6438056881753406,0.00014561699922123472
101,532166.6666666666,0.04497583214368188,0.045182763595961246,44.285835286363984,980.1488833746895,0.96875,0.0,0.0,0.721127272904257,0.0002069314522793672
101,594866.6666666666,0.048636830964559605,0.04850446414970571,48.7626243501645,1005.3224008343232,0.96875,0.0,0.0,0.278550083434588,0.0001323668148538945
101,659236.1111111111,0.0369921960996483,0.03762177608867506,38.254961660995015,1016.8302945301552,0.96875,0.0,0.0,0.39198513896535925,0.0006295799890267614
101,724311.1111111111,0.031299217144262606,0.03178722220998429,32.087867351179845,1009.4580501312607,0.96875,0.0,0.0,0.1967111846898189,0.00048800506572168473
101,788950.0,0.03967822403659055,0.03987862452806322,40.10373612092919,1005.6449186883956,0.984375,0.0,0.0,0.47401015827841475,0.00020040049147267147
101,853302.7777777778,0.05332760743005085,0.10588293648851325,101.74025324850503,960.8748739183518,0.9538461538461539,0.015873015873015872,0.0,0.5152090419894217,0.052555329058462406
101,915891.6666666666,0.069544047912754,0.06921898344822822,66.37644720157421,958.934152091672,0.9841269841269841,0.0,0.0,0.7691411188519953,0.00032506446452577886
101,977163.8888888889,0.06660038771883763,0.06625228642838654,64.82988865092958,978.530585823714,0.96875,0.0,0.0,0.7668640044227626,0.0003481012904510833
101,1039722.2222222221,0.04458904771764512,0.045067072724259714,44.09764924350506,978.4893177623047,0.9841269841269841,0.0,0.0,0.5283900898484758,0.00047802500661459774
101,1102491.6666666665,0.035888262867520414,0.036315170842513136,36.36479778867836,1001.3665623763809,0.96875,0.0,0.0,0.46795677013613385,0.00042690797499272265
101,1166583.3333333333,0.03875577605536029,0.03887928029177985,38.268274232603815,984.2845326716291,0.96875,0.0,0.0,0.524880490834869,0.000123504236419561
101,1229583.3333333333,0.035830617774850075,0.03497039912697313,33.67883225879595,963.0668536699377,0.96875,0.0,0.0,0.3478013001923441,0.0008602186478769425
101,1291111.111111111,0.03456569303246682,0.03447907102740115,33.49615118126228,971.4922758400965,0.984375,0.0,0.0,0.3715817107856394,8.662200506567158e-05
101,1353369.4444444445,0.048620430697195315,0.04619150455212685,43.214729777522855,935.5557953033393,0.96875,0.0,0.0,0.6480775092680984,0.002428926145068462
101,1413469.4444444445,0.03360566266724996,0.03366764091447049,33.48360518896975,994.5337504944802,0.96875,0.0,0.0,0.3752461879274716,6.197824722053297e-05
101,1477158.3333333333,0.06700584102695559,0.050408202419424175,51.2861565635789,1017.4168905459009,0.9841269841269841,0.0,0.0,0.3701593544720755,0.016597638607531412
101,1541919.4444444445,0.04244962337581685,0.04200857556235596,41.89225016521478,997.2309130794376,0.96875,0.0,0.0,0.44620917606758304,0.0004410478134608889
101,1605772.222222222,0.04140113692996279,0.04143830397699367,41.31291334543408,996.9740404523022,0.984375,0.0,0.0,0.536193672098852,3.7167047030876865e-05
101,1669561.1111111112,0.03987840190521694,0.04113899691889188,40.795765096502365,991.6567770705198,0.9841269841269841,0.0,0.0,0.4769642578482966,0.0012605950136749464
101,1732975.0,0.040737244102995195,0.04129792784215792,41.11449842331226,995.5583868627325,0.984375,0.0,0.0,0.5534064270093547,0.0005606837391627234
103,736.1111111111112,0.03988598143843804,0.041011980671745406,35.10044510586906,855.8583255660947,1.0,0.0,0.0,0.5859320568118142,0.001125999233307369
103,55527.77777777778,0.03376580555542031,0.03375468149086152,28.71277342934496,850.6308506308505,0.984375,0.0,0.0,0.48600037982524397,1.1124064558790114e-05
103,109938.88888888888,0.03605916200340708,0.036243222382084175,30.034331442604127,828.6882199925677,0.96875,0.0,0.0,0.5323456790123062,0.0001840603786770964
103,163061.1111111111,0.036747754248105016,0.03612243488982162,31.430298563643476,870.1046499082966,1.0,0.0,0.0,0.49695136019129577,0.0006253193582833952
103,218605.55555555556,0.04144818657896517,0.04236404726200607,34.339757085827934,810.5872622001658,1.0,0.0,0.0,0.6044692395927451,0.0009158606830408991
103,270488.8888888889,0.03647896034224181,0.0366322447157521,31.776337986695825,867.4417370069543,0.984375,0.0,0.0,0.4809262710564638,0.00015328437351028873
103,325994.4444444445,0.04576352621454039,0.04525050275643271,38.25796813046115,845.4705649656563,1.0,0.0,0.0,0.6510639222447436,0.0005130234581076781
103,380263.88888888893,0.038794054919724895,0.03949996084543311,34.473608127563864,872.7504379678294,0.984375,0.0,0.0,0.5102237521513794,0.0007059059257082181
103,436080.55555555556,0.03602320831617356,0.036805823303400965,31.688914520591776,860.9755651808399,0.9841269841269841,0.0,0.0,0.47483385923334254,0.0007826149872274049
103,491161.1111111111,0.03853364204763781,0.039634009119931396,34.357456389971865,866.868054806345,0.96875,0.0,0.0,0.5170894732256346,0.0011003670722935857
103,546711.1111111111,0.03811499777692343,0.03796601677866338,32.26819178353248,849.9230238360682,0.984375,0.0,0.0,0.6011926589478276,0.00014898099826005096
103,601125.0,0.037039371320511154,0.03802560483462489,32.395676575404195,851.9437551695625,1.0,0.0,0.0,0.41887201822963815,0.0009862335141137338
103,655688.8888888889,0.03398883288032762,0.03411039345170626,29.40561907847626,862.0721165268571,0.9841269841269841,0.0,0.0,0.45194952179315545,0.00012156057137863857
103,710736.1111111111,0.03292045118484045,0.03265275345070449,28.041419513173818,858.7765670514632,0.96875,0.0,0.0,0.41173250935598793,0.0002676977341359646
103,765638.8888888889,0.04012270891587828,0.040581302516191534,35.69671879548472,879.6346243751562,1.0,0.0,0.0,0.5346972187651671,0.0004585936003132507
103,821963.8888888889,0.03578258108325625,0.03658215431891293,32.34542511374899,884.1859020048593,0.96875,0.0,0.0,0.4373931180529308,0.0007995732356566795
103,878533.3333333333,0.04418334910019689,0.04500541373125523,39.4588408231022,876.7576509511996,0.96875,0.0,0.0,0.5811775759475969,0.0008220646310583418
103,934619.4444444444,0.035439538652846866,0.03605600058769314,32.098618856703105,890.2434638760019,0.96875,0.0,0.0,0.5482312234358788,0.0006164619348462755
103,991580.5555555555,0.036134239301127344,0.03641364647655012,31.893205305727946,875.8585967562112,1.0,0.0,0.0,0.4657785008065704,0.0002794071754227759
103,1047613.8888888889,0.09258531881800738,0.09252893915540035,77.08698227665865,833.1121374599651,0.921875,0.0,0.0,0.8759432672144039,5.6379662607033976e-05
103,1100758.3333333335,0.09000952032181783,0.08698967659013174,73.67234450669277,846.9090516776365,0.96875,0.0,0.0,0.7950033632261319,0.003019843731686095
103,1154686.1111111112,0.07595330481169295,0.07316818279225795,63.74485577986603,871.2100444103278,0.9841269841269841,0.0,0.0,0.6471032753182361,0.0027851220194349963
103,1210100.0,0.07993580754401453,0.08067082934184379,68.48041596052143,848.8869709066048,1.0,0.0,0.0,0.8639970116563065,0.0007350217978292634
103,1264436.1111111112,0.04246854569013295,0.0433429981478073,38.297459793995344,883.5904628331022,1.0,0.0,0.0,0.6505169153914858,0.0008744524576743545
103,1321000.0,0.08422932483070235,0.08551914007860952,74.01079246203267,865.4295680943666,1.0,0.0,0.0,0.5980950159999991,0.0012898152479071667
103,1376397.222222222,0.03907960969219702,0.0396453469731504,35.04450780738805,883.9500845110967,1.0,0.0,0.0,0.5524128811288438,0.0005657372809533753
103,1433044.4444444445,0.04723038609000187,0.04479300239499169,39.96527455028381,892.221383104972,0.96875,0.0,0.0,0.49246842819199466,0.0024373836950101826
103,1490225.0,0.039996746991484776,0.04076708773560267,35.933445549668114,881.4327327651309,0.96875,0.0,0.0,0.5407141895419427,0.0007703407441178936
103,1546655.5555555555,0.040026522111852494,0.03882969125784748,34.19783288037836,880.7134894091381,0.96875,0.0,0.0,0.5331010452966156,0.0011968308540050154
103,1603091.6666666667,0.03388682755820096,0.03447305303115402,30.58403345483393,887.1866796130442,0.96875,0.0,0.0,0.4291419608712347,0.0005862254729530614
103,1659805.5555555557,0.03920017033106784,0.03873569214010889,34.51205713565645,890.9627072319929,1.0,0.0,0.0,0.3890356400663799,0.0004644781909589474
103,1716941.6666666665,0.04438822693979628,0.044961624761368744,39.94594669434361,888.4453554860271,1.0,0.0,0.0,0.6841068727349372,0.0005733978215724661
105,547.2222222222223,0.12464199793312487,0.12497932514921718,90.35915899817299,722.992854140395,0.9841269841269841,0.0,0.0,-0.3905986802174817,0.0003373272160923091
105,46816.66666666667,0.09930566354436507,0.099395440853948,71.77136663449176,722.0790613520478,0.9841269841269841,0.0,0.0,-0.3688558091602403,8.977730958292796e-05
105,93027.77777777777,0.09965943274462842,0.09765438903299584,69.69265292953092,713.6663658402789,0.96875,0.0,0.0,-0.4552107847663576,0.002005043711632584
105,138730.55555555556,0.07722060892132124,0.076131551102645,54.53808386250542,716.3663825655409,0.96875,0.0,0.0,-0.1977652580017102,0.0010890578186762423
105,184566.66666666666,0.12882661882408084,0.12805592160305593,91.70644913867525,716.143759622021,0.984375,0.0,0.0,-0.4074978488626042,0.0007706972210249075
105,230372.22222222225,0.031212608280412057,0.03141893252284142,22.744374092690556,723.9066469287428,0.9841269841269841,0.0,0.0,0.4949282988656047,0.0002063242424293621
105,276713.8888888889,0.10703378541823215,0.10812461416552249,77.30385266288789,714.9514776029382,0.9841269841269841,0.0,0.0,-0.48617500187708823,0.0010908287472903427
105,322511.1111111111,0.10581867111736758,0.10697722052497283,77.18735797514351,721.5307856790395,0.9841269841269841,0.0,0.0,-0.36831576559351564,0.00115854940760525
105,368661.1111111111,0.08570452031162594,0.08457254364872317,61.239554884991456,724.1068110633328,0.984375,0.0,0.0,-0.41954407501116925,0.0011319766629027672
105,415005.5555555555,0.1117506314131422,0.11139463896691448,79.95198379957978,717.7363699102832,0.984375,0.0,0.0,-0.3983521132969481,0.00035599244622772086
105,460683.3333333333,0.08388007744132642,0.06624226290267182,47.703862862804435,720.1424101844858,0.96875,0.0,0.0,-0.2154555393603056,0.017637814538654595
105,507066.6666666667,0.07885142569945347,0.07841891260799633,56.76889670942431,723.9184378034289,1.0,0.0,0.0,-0.36854282808397915,0.0004325130914571429
105,553413.8888888889,0.029597489817101672,0.030458660576048235,22.00577160329442,722.4799510914505,0.96875,0.0,0.0,0.5210150257427792,0.0008611707589465632
105,599655.5555555556,0.07190353240493659,0.10021695193571209,72.89571224740651,727.3790595244624,0.96875,0.0,0.0,-0.4861946814025424,0.0283134195307755
105,646266.6666666666,0.11137019051906918,0.11407581641733353,82.52005060720914,723.3790052864389,0.96875,0.0,0.0,-0.48794157970889585,0.002705625898264341
105,692533.3333333333,0.07475819309254723,0.07460598288856264,54.74646962423544,733.8080339482835,0.96875,0.0,0.0,-0.2791398674733713,0.00015221020398459295
105,739466.6666666667,0.07936136015479003,0.07809692899566982,56.78857497365557,727.155032905382,0.96875,0.0,0.0,-0.26028329349418394,0.0012644311591202134
105,786019.4444444444,0.07360859560814835,0.07321197901106018,52.43343625724685,716.1865717265435,1.0,0.0,0.0,-0.3738376188695638,0.000396616597088173
105,831791.6666666666,0.08037500382201973,0.08074295419930907,56.839764392112606,703.9594346747223,0.90625,0.0,0.0,-0.32344966028475947,0.00036795037728934443
105,876847.2222222221,0.033645361460073527,0.03470857017544544,24.52315227411441,706.5445839501422,0.9841269841269841,0.0,0.0,0.6063990891498764,0.0010632087153719105
105,922022.2222222222,0.030593581071712332,0.031139781173340878,22.65611580515563,727.5618180821318,0.9841269841269841,0.0,0.0,0.5065363375683775,0.000546200101628546
105,968605.5555555556,0.029150973725229682,0.029376154444339917,21.514200929945112,732.369547236309,0.984375,0.0,0.0,0.4903214355230556,0.00022518071911023507
105,1015452.7777777778,0.06255317122236025,0.07542736500863985,52.79942675920361,700.00359621678,0.9393939393939394,0.0,0.0,0.08117447447957775,0.012874193786279603
105,1060247.2222222222,0.031233019155475057,0.05013664751645477,34.581972142467684,689.754378393927,0.96875,0.0,0.0,-0.005853821115287268,0.01890362836097971
105,1104436.1111111112,0.032031638353103624,0.0330701654375904,23.22068561100639,702.1641804250474,0.9692307692307692,0.0,0.0,0.4797582985356679,0.0010385270844867761
105,1149352.777777778,0.0796770717138652,0.0800729642340847,56.094556884236994,700.5430287337757,1.0,0.0,0.0,-0.28218327453421466,0.0003958925202195013
105,1194191.6666666665,0.15459446897023935,0.25476657961438054,173.99760732842552,682.9687300107869,0.7972972972972973,0.0,0.03278688524590164,-0.29214974664892396,0.1001721106441412
105,1237175.0,0.06717301599409063,0.14546529455921914,96.90885682416467,666.1991584852766,0.9384615384615385,0.0,0.016129032258064516,0.0567965363958274,0.0782922785651285
105,1279141.6666666667,0.165560034600173,0.27585921804993574,188.0656914241769,681.7451769552013,0.855072463768116,0.0,0.03389830508474576,-0.037693742741158553,0.11029918344976275
105,1321341.6666666667,0.1610517251121982,0.3355924572859473,240.16366469308613,715.6408300573055,0.8142857142857143,0.0,0.07017543859649122,0.5336573656970134,0.17454073217374907
105,1364030.5555555555,0.028443734660612924,0.029200235566795834,19.10663811766286,654.331643111448,0.9841269841269841,0.0,0.0,0.5547013610010411,0.0007565009061829102
105,1405866.6666666665,0.030085996326407228,0.031394741197504204,20.408848153137644,650.072189630284,0.9841269841269841,0.0,0.0,0.5186761753789947,0.0013087448710969764
105,1447491.6666666665,0.082136328394408,0.08652900246672411,57.94116682599352,669.6155644262232,0.96875,0.0,0.0,-0.2236321267080195,0.004392674072316111
105,1490433.3333333335,0.03017047661183566,0.031877337894703,21.531347656930777,675.4437189219808,0.96875,0.0,0.0,0.4287762416784439,0.0017068612828673377
105,1533666.6666666667,0.029988085582091407,0.031086296859545566,21.041051386059678,676.8593725115468,0.984375,0.0,0.0,0.5364997227864382,0.0010982112774541586
105,1577022.222222222,0.10183725648871012,0.09996258813267754,69.12880579400564,691.5467785033028,0.984375,0.0,0.0,-0.3603154945270623,0.0018746683560325744
105,1621275.0,0.12302014790640727,0.14754349754661214,104.24605908861989,706.5445839501422,0.9104477611940298,0.0,0.01639344262295082,0.5463191361605333,0.024523349640204875
105,1665708.3333333333,0.06806381420035613,0.14949351530349975,102.34528726481864,684.6135570298056,0.9242424242424242,0.0,0.01639344262295082,-0.0734036798751503,0.08142970110314361
105,1708844.4444444445,0.08005972019530717,0.08532904172423496,57.935494938452344,678.9657280540822,0.9384615384615385,0.0,0.0,-0.26998806192562275,0.005269321528927784
105,1752327.7777777778,0.031532228813634336,0.03154962555429626,22.056486524095245,699.1045420217898,1.0,0.0,0.0,0.5431487566565985,1.7396740661923538e-05
106,975.0,0.11338698568090795,0.11138076628522071,98.44059172749373,883.8203848895225,0.9841269841269841,0.0,0.0,0.8466022212783284,0.0020062193956872365
106,57472.22222222222,0.28342173314019076,0.2836712794933332,244.28588354123698,861.1583237385092,0.9682539682539683,0.0,0.0,-0.2622676004824205,0.0002495463531424491
106,111819.44444444444,0.4374237323673412,0.4419537960410752,354.8262927442008,802.8583438419505,0.9523809523809523,0.0,0.36065573770491804,-0.5633694254009127,0.004530063673733986
106,163866.6666666667,0.23065381300660162,0.23394332188589598,230.85571088391367,986.801884417593,1.0,0.08064516129032258,0.0,-0.14783810476064002,0.003289508879294356
106,227233.3333333333,0.1157420747320219,0.11653024258250931,112.32153586857926,963.8831377961814,0.984375,0.0,0.0,0.37054893012260587,0.000788167850487409
106,289002.7777777778,0.0600271620469646,0.05965491313410887,60.825610850760974,1019.6244978853676,0.984375,0.0,0.0,0.4066415321618777,0.0003722489128557341
106,354344.44444444444,0.062312184483063894,0.0626010680737842,62.0450043555038,991.1173445535308,1.0,0.0,0.0,0.555704255914522,0.00028888359072030273
106,417738.8888888889,0.1495305368112818,0.1729213942811247,152.51185653772743,881.9721652821238,0.96875,0.0,0.0,0.16188810431893533,0.0233908574698429
106,475438.8888888889,0.06400816084321011,0.06298622957333665,57.262267904266906,909.1236019707266,1.0,0.0,0.0,0.6846197117528966,0.0010219312698734606
106,533836.1111111111,0.0661277245926902,0.06671685046529259,63.57469494417372,952.9031196885788,0.9841269841269841,0.0,0.0,0.7343074767672674,0.000589125872602389
106,594955.5555555555,0.07041876294663661,0.07128593429593462,66.12797767337831,927.6441183874549,1.0,0.0,0.0,0.7607652736068419,0.0008671713492980071
106,654380.5555555556,0.0775719602227862,0.078041005604899,70.06486513922059,897.7955191138936,1.0,0.0,0.0,0.7480365196231412,0.000469045382112801
106,711402.7777777779,0.32626909747032107,0.33219005506765714,248.59438744335162,748.3498787846627,0.953125,0.015873015873015872,0.0,-0.5965145229612617,0.005920957597336074
106,759977.7777777778,0.3427873207456734,0.34262975914262556,241.1358430043227,703.7796238357269,0.96875,0.0,0.0,-0.9516727735354613,0.00015756160304786215
106,805083.3333333334,0.3840520710139109,0.38360022028696605,298.31893996855564,777.6818786636445,1.0,0.0,0.016129032258064516,-0.8898408265480879,0.00045185072694486905
106,854861.1111111111,0.3714044988676484,0.3862086351058166,306.26875782824766,793.0137495354904,0.9206349206349206,0.0,0.016666666666666666,-0.7412547746733755,0.014804136238168175
106,904505.5555555556,0.18259295765811456,0.18443399234613672,157.84936786683448,855.8583255660945,0.9841269841269841,0.0,0.0,-0.3435899851104471,0.0018410346880221584
106,959325.0,0.3052655674933065,0.30918795205431415,241.28379758976556,780.3790412486057,0.9365079365079365,0.0,0.0,-0.46227339539443957,0.00392238456100763
106,1009347.2222222221,0.2165637132397322,0.20892774274134232,177.17066475132557,847.9997075863075,0.9841269841269841,0.0,0.0,-0.4629375237133736,0.007635970498389877
106,1063613.8888888888,0.3887980030919693,0.39048368382356047,350.36386202747053,897.2560865969036,0.96875,0.016129032258064516,0.0,-0.6482926680482649,0.0016856807315911437
106,1121008.3333333335,0.41901091839909604,0.409829610107197,362.8898625599663,885.4652119085467,0.953125,0.0,0.0,-0.8429631445453946,0.00918130829189906
106,1177350.0,0.34605953923083743,0.3424277368521939,319.0056648741715,931.599956845399,0.953125,0.016129032258064516,0.0,-0.748651482924166,0.0036318023786435227
106,1236627.7777777778,0.32717148609910834,0.326939583207345,310.0982403410603,948.4879050096423,0.984375,0.07936507936507936,0.0,-0.7722018897901615,0.0002319028917633359
106,1297461.1111111112,0.05247257593426881,0.05134471346931469,54.26585485188282,1056.892739002505,0.9841269841269841,0.0,0.0,0.37280488173730125,0.0011278624649541172
106,1364902.7777777778,0.07948750590684069,0.0800607129942841,82.14188634794259,1025.9949390384154,0.984375,0.0,0.0,0.7368733271144304,0.0005732070874434197
106,1430355.5555555555,0.3922021132697851,0.40224335495394914,342.5876851220756,851.6925908230274,0.96875,0.0,0.0,-0.8241046775124389,0.010041241684164037
106,1485597.2222222222,0.4134525546130504,0.4223405281061492,362.69863873582176,858.7824624888065,0.9841269841269841,0.0,0.45901639344262296,-0.851594912517376,0.008887973493098777
106,1540994.4444444445,0.36363466118228027,0.3690187950613905,338.12520054995974,916.281785847002,0.9384615384615385,0.23809523809523808,0.0,-0.25919569870524134,0.005384133879110242
106,1600513.888888889,0.3824075055193747,0.3888418593848278,350.1121047868203,900.3971571906368,0.9393939393939394,0.046875,0.0,-0.025660034643385916,0.006434353865453102
106,1659825.0,0.44778246607288336,0.4640194958563271,409.6010682212212,882.7238335435042,0.921875,0.0,0.45901639344262296,-0.23971237728580885,0.016237029783443768
106,1716322.2222222222,0.3887069762274164,0.3952579067550616,327.1259099809645,827.6264798003951,0.9538461538461539,0.0,0.1111111111111111,-0.1950580262790688,0.006550930527645216
107,263.8888888888889,0.060554071452282705,0.02925347289790737,24.906533277878122,851.4043226525695,0.96875,0.0,0.0,0.4494605997741139,0.031300598554375336
107,54377.77777777778,0.03361209296028623,0.03855421752981878,32.762835265566856,849.7860251015929,0.96875,0.0,0.0,0.05335656103593184,0.004942124569532552
107,108713.88888888889,0.02918548761328557,0.029628555623528625,25.22055279637941,851.2245118135717,0.96875,0.0,0.0,0.4539260977674337,0.00044306801024305426
107,163163.8888888889,0.028399030734865372,0.02979991452293689,25.355700996608302,850.8648901355778,0.96875,0.0,0.0,0.4440578811642503,0.0014008837880715164
107,217619.44444444444,0.041302535670753884,0.04219363772923751,35.78728182990135,848.167727550617,0.984375,0.0,0.0,0.044020136355640664,0.0008911020584836254
107,271933.3333333333,0.028362148444963518,0.029009294879880833,24.672558129578213,850.5052684575822,0.96875,0.0,0.0,0.47283384763278874,0.0006471464349173152
107,326422.2222222222,0.028300229127334927,0.029346414162020475,24.943449445080514,849.9658359405904,0.96875,0.0,0.0,0.49053879299317693,0.0010461850346855477
107,380897.22222222225,0.027555345487777768,0.02808847940219303,23.879298488432493,850.1456467795867,0.96875,0.0,0.0,0.40939781971764144,0.0005331339144152604
107,435372.2222222222,0.028068814929508485,0.028880218870107107,24.552392350463258,850.1456467795877,0.96875,0.0,0.0,0.400777963788883,0.000811403940598622
107,489838.8888888889,0.03534390004009397,0.03563423362711231,30.268658908634226,849.4264034235975,0.96875,0.0,0.0,0.2171333364191456,0.00029033358701834044
107,544227.7777777778,0.04602100769033563,0.046060779993568224,39.07554932384913,848.3475383896129,0.96875,0.0,0.0,-0.007200857549362059,3.977230323259223e-05
107,598530.5555555556,0.04252036812526469,0.04175813095435109,35.43291616743678,848.527349228612,0.96875,0.0,0.0,0.011496130805645042,0.0007622371709136017
107,652827.7777777778,0.029156605089299133,0.030660830038841437,26.104763231185323,851.4043226525687,0.96875,0.0,0.0,0.45732110439951945,0.0015042249495423043
107,707277.7777777779,0.045435083307022964,0.04696874807677978,39.812039852184725,847.6282950336256,0.953125,0.0,0.0,0.32244019497185494,0.0015336647697568179
107,761486.1111111111,0.03678879667292152,0.0373057101984578,31.59454364633663,846.9090516776365,0.96875,0.0,0.0,0.38576295377463976,0.000516913525536275
107,815638.8888888889,0.05257675119956132,0.05616397526879363,47.424394552137066,844.3916999316725,0.96875,0.0,0.0,0.304907524367604,0.0035872240692323143
107,869641.6666666666,0.0547708014053365,0.05910993308565836,49.72062196114477,841.1551048297214,0.96875,0.0,0.0,0.3046120439027301,0.004339131680321857
107,923452.7777777778,0.05006715188470919,0.0521864694434324,44.09397272533696,844.9311324486645,0.96875,0.0,0.0,0.3307745152298948,0.002119317558723209
107,977505.5555555556,0.06945426164078267,0.07271926885111132,60.895094737612176,837.39971124148,0.96875,0.0,0.0,0.1618578114074806,0.0032650072103286576
107,1031111.1111111111,0.052257024732548465,0.055862727242467596,46.97917346585781,840.975293990724,0.96875,0.0,0.0,0.1746436463932924,0.00360570250991913
107,1084911.111111111,0.050967586539451146,0.05610578720241778,47.12305031511727,839.8964289567366,0.96875,0.0,0.0,0.1010446050465719,0.0051382006629666355
107,1138647.222222222,0.06381724637645027,0.0694458375713938,57.777877952105364,831.9847520408521,0.96875,0.0,0.0,0.1553129668936755,0.005628591194943536
107,1191941.6666666665,0.05152571406802343,0.05524678443744896,46.73933196285039,846.0099974826444,0.96875,0.0,0.0,-0.06064940238838473,0.0037210703694255318
107,1246100.0,0.032151253647536224,0.03996697736431281,33.94900583828045,849.4264034235947,0.96875,0.0,0.0,0.00038998116294355884,0.007815723716776586
107,1300458.3333333333,0.028768140750662956,0.028282395615994202,24.084839363712195,851.5841334915698,0.96875,0.0,0.0,0.47262121444760435,0.00048574513466875455
107,1354908.3333333333,0.05093772423582738,0.05189744344618121,43.73778498799774,842.7734023806931,0.96875,0.0,0.0,0.23788362315679817,0.0009597192103538293
107,1408822.2222222222,0.07286379396563263,0.07721575013990264,63.992410615099,828.7481569389009,0.96875,0.0,0.0,0.10554987920015636,0.004351956174270019
107,1461891.6666666667,0.04362038908556412,0.04976626357465123,42.013271385440305,844.2118890926753,0.96875,0.0,0.0,0.08309606072395098,0.006145874489087107
107,1515969.4444444445,0.04877969172965878,0.058415169596177104,49.08369970204202,840.256050634735,0.953125,0.0,0.0,-0.10163998551417257,0.009635477866518326
107,1569802.7777777778,0.06659620315366982,0.07168454294604926,59.71778463499247,833.0636170748396,0.96875,0.0,0.0,0.13082572690736735,0.005088339792379437
107,1623197.2222222222,0.028694304899655746,0.029745746833802534,25.288217180964814,850.1456467795839,0.96875,0.0,0.0,0.4423366376025823,0.0010514419341467879
107,1677688.8888888888,0.052848967848281705,0.05656084067142152,47.58661011644204,841.3349156687149,0.96875,0.0,0.0,0.0944061803813239,0.0037118728231398113
107,1731575.0,0.061727279037121933,0.07042778231178172,58.65815939658596,832.8838062358404,0.96875,0.0,0.0,-0.011854616885761683,0.008700503274659786
108,244.44444444444443,0.1354611197852472,0.1567450819274507,162.7857311380677,1038.5380462106805,0.7222222222222222,0.0,0.08928571428571429,-0.11967313921558993,0.021283962142203516
108,66769.44444444445,0.07446280636852887,0.11808680438079207,126.27604517228971,1069.3493302188954,0.725,0.0,0.0,0.23947121198587254,0.0436239980122632
108,136136.11111111112,0.060188431468001236,0.07366036097549233,78.68574846971738,1068.2237695780102,0.3684210526315789,0.0,0.0,0.12919440790566267,0.013471929507491098
108,204455.55555555556,0.0898097376910293,0.119897025865957,126.66299382770843,1056.4314912140997,0.9538461538461539,0.0,0.0,0.16552316580872467,0.0300872881749277
108,273200.0,0.09961479118664981,0.10022086271455032,106.32270471748951,1060.88395008451,0.9841269841269841,0.016129032258064516,0.0,0.41241391597898647,0.0006060715279005008
108,340952.7777777778,0.05412797489430574,0.05444828089902996,58.831236957313955,1080.4976022367325,0.984375,0.0,0.0,0.3681658010462621,0.0003203060047242204
108,410175.0,0.054773486053584904,0.1136462988824528,119.88347993302212,1054.882394868139,0.96875,0.016129032258064516,0.016129032258064516,0.21122622691351797,0.058872812828867895
108,478683.3333333333,0.14713286276745216,0.1600330004117801,167.56299896241492,1047.052786183221,0.984375,0.031746031746031744,0.0,0.05118969190791068,0.01290013764432793
108,546675.0,0.12300771394557415,0.1451672420583987,154.84088177265093,1066.6378969324269,0.9538461538461539,0.016129032258064516,0.0,-0.0076981140217598455,0.022159528112824553
108,615938.8888888889,0.07635728147872553,0.0768802312650309,82.81897822648976,1077.2467364332724,1.0,0.0,0.0,0.30477272407643696,0.0005229497863053628
108,684838.8888888889,0.14467533084332365,0.1445217802318123,152.98301151233153,1058.546409177547,0.96875,0.016129032258064516,0.0,-0.17737546446683297,0.00015355061151134386
108,752744.4444444444,0.07083058837441009,0.1208167145817037,125.9669944462844,1042.6288687158246,0.9538461538461539,0.031746031746031744,0.0,0.5716371178201302,0.04998612620729362
108,820530.5555555556,0.08527203262020733,0.11105704853441922,118.11025494007535,1063.5097591619335,0.9393939393939394,0.015873015873015872,0.0,0.06876041659654035,0.025785015914211895
108,889616.6666666666,0.11740580804594193,0.13091955866891095,138.51604842976025,1058.0241015023619,0.9242424242424242,0.015873015873015872,0.0,0.3246358682777369,0.013513750622969015
108,958830.5555555555,0.05274446244401073,0.040444074367775355,43.06288306498147,1064.7513569822902,0.9841269841269841,0.0,0.0,0.32454213333906873,0.012300388076235375
108,1027516.6666666666,0.07216235045276004,0.0904140603021463,87.44870542763391,967.2025029668754,0.8088235294117647,0.0,0.0,0.17839606963106883,0.01825170984938626
108,1089527.7777777778,0.1552202790134681,0.15302802624158726,149.60502367668406,977.6315316287275,0.9841269841269841,0.0,0.0,0.3178273618251587,0.0021922527718808427
108,1152105.5555555555,0.12453193321809436,0.14747159251894656,161.4564850940029,1094.8310948310916,0.9242424242424242,0.015873015873015872,0.0,0.2928518458584083,0.022939659300852205
108,1223400.0,0.10728142723286646,0.1491862214393326,144.52361435709815,968.7463960327561,0.8309859154929577,0.03333333333333333,0.03333333333333333,0.37162496733286704,0.041904794206466145
108,1286908.3333333333,0.043967822864981874,0.04217139014976697,38.86980722618517,921.7103607005462,0.96875,0.0,0.0,0.31924370078109865,0.0017964327152149018
108,1345933.3333333335,0.10385244340126368,0.07839787051484244,71.18877370805079,908.044736936741,0.9538461538461539,0.0,0.0,0.29877155962313445,0.025454572886421237
108,1405097.2222222222,0.13950211873686053,0.14091767549069947,137.8349323292985,978.1238006469641,0.9841269841269841,0.01639344262295082,0.0,-0.3308772372942181,0.001415556753838948
108,1467350.0,0.09481681907777015,0.09991684898844574,100.92289537011406,1010.0688361557984,0.984375,0.0,0.0,-0.45894173414875306,0.005100029910675596
108,1532052.7777777778,0.08654864245480108,0.08808189920519953,93.23877811720241,1058.546409177545,0.96875,0.0,0.0,0.2313287147318207,0.0015332567503984484
108,1599744.4444444445,0.10996343975518313,0.16632601442317319,163.20370063423937,981.227748408677,0.8656716417910447,0.016129032258064516,0.016129032258064516,0.060805013875049295,0.05636257466799005
108,1662627.7777777778,0.09730260869068086,0.18599436722747428,166.11920840701538,893.1410713306643,0.4479166666666667,0.016129032258064516,0.016129032258064516,-0.1040269440333086,0.08869175853679342
108,1721230.5555555555,0.06804440795758113,0.1302031091242702,109.38388288430065,840.1019270584469,0.5930232558139535,0.0,0.034482758620689655,-0.148045967661628,0.06215870116668906
109,308.33333333333337,0.054532918405258604,0.05481190000002808,35.293525712968055,643.902614449599,0.9384615384615385,0.0,0.0,0.3276974269289657,0.0002789815947694743
109,41550.0,0.05279175015514033,0.053739701259420236,37.42472452579109,696.4073794368325,0.96875,0.0,0.0,-0.1449652639809197,0.0009479511042799066
109,86102.77777777778,0.052973172721919114,0.05347372471041315,37.88907116659754,708.5549280845074,0.9841269841269841,0.0,0.0,-0.12460854432005314,0.0005005519884940385
109,131433.33333333334,0.03503744972485622,0.03519348697720149,24.53431672071962,697.1266227928215,0.96875,0.0,0.0,0.4504796355227171,0.00015603725234526744
109,176027.77777777778,0.0333867354762685,0.03227879326654408,22.647508060210566,701.6218937677565,1.0,0.0,0.0,0.5270208825911208,0.001107942209724419
109,220972.22222222222,0.05173140794037593,0.06239524132894676,43.1047069417437,690.8332434279137,0.96875,0.0,0.0,0.04598400219084592,0.010663833388570833
109,265205.55555555556,0.0354546618827822,0.036342407264938294,26.16143985308503,719.8598502946321,0.984375,0.0,0.0,0.36640765092669453,0.0008877453821560938
109,311272.22222222225,0.057164894208114554,0.0572632894225645,39.234620327356104,685.1618327028166,0.9841269841269841,0.0,0.0,0.7425912719709628,9.839521444994503e-05
109,355044.44444444444,0.037931445864549634,0.0390606414602914,27.370683599589267,700.7228395727701,0.96875,0.0,0.0,0.5143086172912638,0.001129195595741768
109,399880.5555555555,0.07144863593619223,0.07023121265458981,49.439924756845244,703.9594346747223,0.96875,0.0,0.0,-0.22307183893223845,0.0012174232816024172
109,444894.44444444444,0.035020777738514544,0.035270742773094665,25.171643483010172,713.6692199805806,0.96875,0.0,0.0,0.2511272169997156,0.0002499650345801213
109,490525.0,0.06362430303390072,0.06536473408815914,46.62529221558021,713.309598302587,0.96875,0.0,0.0,-0.11895176528709495,0.0017404310542584178
109,536161.1111111111,0.03535407735065264,0.0365715109938684,26.44932233227871,723.222027569854,0.984375,0.0,0.0,0.44837551746502396,0.0012174336432157554
109,582433.3333333333,0.06056455776444684,0.07397754061201242,53.35417617772171,721.2212752184695,0.96875,0.0,0.0,-0.29812204999295233,0.013412982847565584
109,628583.3333333334,0.042902017522623424,0.042102383276003214,30.37270502091645,721.4010860574668,0.984375,0.0,0.0,0.04854567517691557,0.0007996342466202108
109,674780.5555555556,0.04876481225695612,0.048847174936011185,35.4755528403908,726.2559787103974,1.0,0.0,0.0,-0.2898479372180033,8.236267905506467e-05
109,721216.6666666667,0.034673274166381066,0.0345051963212754,24.858724692228662,720.4342343330223,0.9841269841269841,0.0,0.0,0.4468253582188451,0.0001680778451056686
109,767288.8888888889,0.030056104238529946,0.030333160904646994,21.898737913503346,721.9405185744587,0.984375,0.0,0.0,0.36759891507862813,0.00027705666611704816
109,813544.4444444445,0.038834543260914255,0.051757551602532946,37.432201412035226,723.222027569854,0.984375,0.0,0.0,-0.0746211252841998,0.012923008341618691
109,859825.0,0.032073920750929574,0.03251362323436238,23.483348689109405,722.2618199097161,0.9841269841269841,0.0,0.0,0.4407161027214128,0.0004397024834328078
109,906022.2222222222,0.06235476681467469,0.06191128986300002,44.17304962354523,713.4894091415841,0.9841269841269841,0.0,0.0,-0.26008492569017816,0.00044347695167466783
109,951705.5555555555,0.03415117518307756,0.03470823047533124,25.077189402200982,722.5142007750729,0.984375,0.0,0.0,0.44265909156631006,0.0005570552922536803
109,997952.7777777778,0.039856504007012135,0.03965403262587215,28.656373776994904,722.6597619304459,0.96875,0.0,0.0,0.1550301487500421,0.00020247138113998336
109,1044205.5555555555,0.06326041102167401,0.05814611722962481,41.6991728364215,717.1445802949717,0.9841269841269841,0.0,0.0,-0.016610502227546148,0.005114293792049203
109,1090275.0,0.07154509181896715,0.07015643256938456,50.353823238205436,717.7363699102804,0.984375,0.0,0.0,-0.39048443713011743,0.0013886592495825911
109,1136225.0,0.04986689889708865,0.07496537744880193,53.797033372562474,717.6250584385238,0.953125,0.0,0.0,-0.3080372464556895,0.025098478551713273
109,1182150.0,0.03046224219456452,0.03186965064155383,22.885286458109913,718.0902833076718,0.984375,0.0,0.0,0.3049981677575683,0.001407408446989309
109,1228116.6666666665,0.033244231482474684,0.03317393019185632,23.794513528125126,717.2654367605292,0.96875,0.0,0.0,0.43577033471264714,7.030129061836449e-05
109,1274072.2222222222,0.04170312355464377,0.04320787764175205,30.92312240164859,715.6825118336147,0.9841269841269841,0.0,0.0,0.11912781762132799,0.001504754087108283
109,1319908.3333333333,0.030733711465634573,0.029885610559673332,21.29619783651324,712.5903549465921,1.0,0.0,0.0,0.3859573055707534,0.000848100905961241
109,1365605.5555555555,0.03245441464863288,0.03268046187861802,23.323039737518393,713.6692199805797,1.0,0.0,0.0,0.3893544294665705,0.0002260472299851421
109,1411291.6666666667,0.042724233668485184,0.03767698130657902,26.983748074963824,716.1865717265417,1.0,0.0,0.0,0.057515501545206724,0.005047252361906167
109,1457122.2222222222,0.04749534203502855,0.04798356466966624,32.546053578742296,678.2750261011126,0.984375,0.0,0.0,0.6706642444693273,0.0004882226346376861
109,1500536.111111111,0.043813554358345254,0.04470230047371007,32.81094518173215,733.9878447872865,0.96875,0.0,0.0,0.04610461223441913,0.0008887461153648177
109,1547480.5555555555,0.059250933273162255,0.12464627240907482,88.06814868020632,706.5445839501459,0.953125,0.0,0.01639344262295082,0.041944658888422574,0.06539533913591256
109,1591986.111111111,0.04958438420615412,0.059635838195257355,43.17077966471378,723.9066469287424,0.9841269841269841,0.0,0.0,-0.17597591821061095,0.010051453989103239
109,1638244.4444444445,0.05542078411659859,0.06228568498896438,46.086523848237675,739.9216024741988,0.96875,0.0,0.0,-0.26898847737409276,0.006864900872365784
109,1685555.5555555557,0.042751344050263256,0.05395120506613188,40.04577525676864,742.2591433811655,0.96875,0.0,0.0,-0.1371906398728542,0.011199861015868624
109,1733063.8888888888,0.04011027428294438,0.040313067461986006,29.9638586486645,743.2790540417076,0.9841269841269841,0.0,0.0,0.0907504774186788,0.00020279317904162847
111,547.2222222222223,0.03280969356517735,0.03228408121764377,27.872507570252242,863.3514264305427,1.0,0.0,0.0,0.17943216978445492,0.00052561234753358
111,55750.0,0.03281743140952816,0.03333647835832084,29.271399482222577,878.0591389287041,0.984375,0.0,0.0,0.3413335030982118,0.0005190469487926785
111,111938.88888888888,0.03452299595803669,0.03509067813727233,30.5388718999529,870.2844607472937,1.0,0.0,0.0,0.26376821478092655,0.0005676821792356401
111,167602.77777777778,0.03525398032585456,0.03421551222963355,28.596178489242682,835.7664879404012,0.984375,0.0,0.0,0.4140442220987379,0.001038468096221011
111,221108.3333333333,0.032397561159491335,0.03157256408221411,27.215965801800714,862.0131621534149,0.9538461538461539,0.0,0.0,0.3368921201017378,0.0008249970772772272
111,276200.0,0.03261969300449696,0.03210356552271804,27.685241170740433,862.37278383141,0.96875,0.0,0.0,0.24550649752979417,0.0005161274817789135
111,331305.55555555556,0.03301319500450713,0.0344404060809579,29.663312318442866,861.2939187974242,0.96875,0.0,0.0,0.21608421600480052,0.001427211076450767
111,386472.22222222225,0.032590317032273476,0.032959786789948736,28.577712788350567,867.0478656453413,0.96875,0.0,0.0,0.38366484426512765,0.0003694697576752601
111,441997.2222222222,0.03252369697689009,0.03318162762345511,28.60299975309159,862.0131621534134,0.96875,0.0,0.0,0.2186515258313599,0.0006579306465650248
111,497194.44444444444,0.04998647245025042,0.05559131325445998,47.8204845199656,860.2150537634415,0.96875,0.0,0.0,0.04593302145150804,0.00560484080420956
111,552166.6666666666,0.028395798082550914,0.02888287671115902,24.237851190523852,839.1771856007493,0.96875,0.0,0.0,0.2099534994508482,0.00048707862860810497
111,605819.4444444445,0.05708582053641835,0.058162448041606335,49.55113439442055,851.9437551695605,0.96875,0.0,0.0,-0.09321836321298815,0.0010766275051879853
111,660286.1111111111,0.03319724729657774,0.03244095821308641,28.069531219004595,865.2497572553693,0.96875,0.0,0.0,0.2481110142397783,0.0007562890834913322
111,715608.3333333334,0.039945993516424715,0.036103328277601154,31.115052403089493,861.8333513144152,0.96875,0.0,0.0,0.3899792070652691,0.00384266523882356
111,770836.1111111111,0.03810563032226558,0.03728066526039065,32.283900437667015,865.9690006113566,1.0,0.0,0.0,0.31042843949692456,0.0008249650618749257
111,826272.2222222222,0.03298539573111072,0.03259692517048423,27.635937386059798,847.808105872621,0.96875,0.0,0.0,0.20514843761938567,0.00038847056062649155
111,880519.4444444444,0.038604309599025874,0.03813848785293384,32.01866432649116,839.536807278742,0.9841269841269841,0.0,0.0,0.2999383728996781,0.0004658217460920336
111,934275.0,0.0352473588221169,0.03411498633931539,29.02724410357829,850.8648901355768,0.96875,0.0,0.0,0.38952996829572817,0.0011323724828015136
111,988763.8888888889,0.03453288111952376,0.035681118037200456,30.693434870710092,860.2150537634415,0.96875,0.0,0.0,0.3857397480396491,0.0011482369176766954
111,1043822.2222222224,0.03040468017128059,0.03110768995206858,27.04457167588226,869.385406552307,1.0,0.0,0.0,0.28143882243605706,0.0007030097807879908
111,1099466.6666666667,0.030698081476110493,0.031550584558067085,27.690582088669412,877.6567051461898,0.96875,0.0,0.0,0.2983044919069597,0.0008525030819565918
111,1155686.1111111112,0.03439183125133888,0.13293514791351424,119.92029718389239,902.0962406564656,0.9682539682539683,0.0,0.01639344262295082,0.05341368829138615,0.09854331666217536
111,1212405.5555555555,0.03406270818788356,0.03509161175472751,30.489606221038724,868.8573905965202,0.984375,0.0,0.0,0.3948776708565901,0.0010289035668439514
111,1268022.222222222,0.03471581923009294,0.03460824892172677,28.980223545956218,837.3790772107708,0.96875,0.0,0.0,0.3959075665150254,0.00010757030836616721
111,1321650.0,0.04321178582193874,0.042666380176276684,35.49777773144044,831.9847520408558,0.96875,0.0,0.0,0.5694475874804316,0.0005454056456620573
111,1374875.0,0.03870987552965605,0.03678208500226905,29.2595289045991,795.4831517243817,0.96875,0.0,0.0,0.3790186376631874,0.0019277905273870008
111,1425822.2222222222,0.035306681336676554,0.03615774915381513,29.84235158700764,825.3376464352973,0.9841269841269841,0.0,0.0,0.43937064082256366,0.000851067817138576
111,1478675.0,0.03483242566037172,0.03655624753669765,31.045268658219776,849.2465925846031,0.96875,0.0,0.0,0.29960272723559256,0.0017238218763259289
111,1533091.6666666667,0.03318245575395204,0.03260503384164707,27.19724385791355,834.1424821088195,0.96875,0.0,0.0,0.3062796386839999,0.0005774219123049693
111,1586555.5555555557,0.03722315395875627,0.036652445505472364,30.51188648453441,832.465230184405,0.9841269841269841,0.0,0.0,0.3885848636916449,0.0005707084532839066
111,1639733.3333333333,0.038595822252227255,0.03912729762076359,32.60786906275611,833.3790229727537,0.9841269841269841,0.0,0.0,0.4977743828374142,0.0005314753685363369
111,1693061.1111111112,0.04974637215845039,0.04956696993249516,40.71311516014646,821.3759125400102,0.96875,0.0,0.0,0.6778260980794512,0.00017940222595522887
111,1745602.777777778,0.050481954765566904,0.05015392572717361,39.38256439935391,785.2339339015344,0.96875,0.0,0.0,0.07642947508267159,0.000328029038393296
112,344.44444444444446,0.023984320647868693,0.025436315250569677,17.81995931358591,700.5715701367874,0.984375,0.0,0.0,-0.08693259534944263,0.0014519946027009845
112,45191.66666666667,0.017372031992601296,0.018292903080016142,12.763695005309346,697.7402629576542,0.984375,0.0,0.0,0.0012245783731064184,0.0009208710874148464
112,89844.44444444445,0.01883585216521261,0.019500810359556756,13.555963039890386,695.1487035638506,0.96875,0.0,0.0,0.10840371036970974,0.0006649581943441452
112,134341.66666666666,0.017427644479446152,0.01675482599611457,11.788692437658916,703.5998129967272,0.9841269841269841,0.0,0.0,0.20813659905883355,0.0006728184833315817
112,179397.22222222222,0.020848557593467352,0.021913083724404755,15.564955153821503,710.3041885650582,0.984375,0.0,0.0,0.080884836204007,0.001064526130937403
112,224852.77777777778,0.028466218645134017,0.02919826054499394,20.570141477916767,704.4988671917147,0.96875,0.0,0.0,0.5712703805027246,0.0007320418998599219
112,269938.8888888889,0.022117696272849707,0.023460260526799295,16.20290946226419,690.6534325889163,1.0,0.0,0.0,0.07646199007552376,0.001342564253949588
112,314180.55555555556,0.022819077244048896,0.02371380606271209,16.718126268132764,704.995487604184,0.984375,0.0,0.0,0.1908502472030322,0.0008947288186631937
112,359313.8888888889,0.014406112528890387,0.015644793666147436,10.858579413696019,694.0698385298658,0.96875,0.0,0.0,-0.20181968569100767,0.0012386811372570496
112,403738.8888888889,0.02216107168530024,0.022833170355282803,16.19107425087218,709.1032037575162,0.9841269841269841,0.0,0.0,0.15162660324502725,0.0006720986699825619
112,449086.1111111111,0.015020576592044472,0.017028899500399985,12.100947751569878,710.6124357176247,0.96875,0.0,0.0,-0.15577401980577923,0.002008322908355514
112,494577.7777777778,0.02026094800065502,0.022915264961421763,16.536329300964034,721.6294172815905,0.984375,0.0,0.0,0.14433473335073638,0.0026543169607667443
112,540755.5555555556,0.01705076089450522,0.018920802109260962,13.108056884103393,692.7854753941712,0.984375,0.0,0.0,-0.22690476190430994,0.0018700412147557403
112,585097.2222222221,0.01935030027668979,0.020702660925482508,14.383982777010154,694.7890818858549,0.96875,0.0,0.0,0.1092040004909831,0.0013523606487927178
112,629561.1111111111,0.01849963002082028,0.019586778579685382,13.682640123364225,698.5651095048017,1.0,0.0,0.0,-0.15115199284323969,0.001087148558865103
112,674244.4444444444,0.06256434704718927,0.06421510615024628,45.88607757778239,714.5682741755679,1.0,0.0,0.0,0.2845145984956768,0.001650759103057009
112,719955.5555555555,0.01945383495299155,0.02103404754858716,14.53089528549798,690.8273479905682,0.9841269841269841,0.0,0.0,0.018966617277690334,0.0015802125955956085
112,764158.3333333333,0.04263176083830937,0.04521097902382741,31.266031512356843,691.5583822212476,0.9841269841269841,0.0,0.0,-0.41552263352008867,0.0025792181855180396
112,808375.0,0.015932979045201395,0.017048536361009628,11.44355490265919,671.2338619771988,0.96875,0.0,0.0,0.00684421419081317,0.0011155573158082334
112,851350.0,0.02300175348354315,0.02363718247545408,16.36335320791495,692.2717301398928,0.96875,0.0,0.0,0.4056724785025344,0.0006354289919109288
112,895672.2222222222,0.014401936713970461,0.01556418109942775,11.04610759870559,709.7133815226374,1.0,0.0,0.0,-0.19852219316711858,0.0011622443854572891
112,941052.7777777778,0.01886520263733644,0.020549321127704995,14.498087688442915,705.5263577002703,0.96875,0.0,0.0,0.1831451926832773,0.0016841184903685531
112,986250.0,0.023323519209014314,0.024424003932341867,17.338434121783333,709.8931923616366,1.0,0.0,0.0,0.292254961423335,0.001100484723327553
112,1031694.4444444444,0.019901895895712517,0.02302640517801687,16.37941145830803,711.3316790736111,1.0,0.0,0.0,0.23709914494793466,0.003124509282304351
112,1077222.2222222222,0.021686013497504444,0.02153033617201746,15.319757524673433,711.5428854559275,1.0,0.0,0.0,0.09437084667647329,0.00015567732548698449
112,1122794.4444444445,0.014391350170769488,0.016466450741836343,11.920367297197307,723.9184378034307,1.0,0.0,0.0,-0.0745277670012131,0.002075100571066855
112,1169105.5555555555,0.014257848422213398,0.015680237693242692,11.4076027091847,727.5146545833766,1.0,0.0,0.0,-0.1010426849119949,0.001422389271029294
112,1215677.7777777778,0.016841044103307626,0.01669118383982703,12.128615777025846,726.6480252937849,0.9841269841269841,0.0,0.0,-0.04247082330735537,0.00014986026348059664
112,1262169.4444444445,0.01409020430120584,0.015222753953622624,10.995962138112484,722.3372440763734,0.984375,0.0,0.0,-0.12807435254703003,0.0011325496524167838
112,1308427.7777777778,0.01931446785449893,0.020147294795951846,14.774183722536245,733.308559395517,0.984375,0.0,0.0,0.20975056689162605,0.0008328269414529174
112,1355350.0,0.017307589401452467,0.01790668082219856,13.001614190678188,726.0761678713982,1.0,0.0,0.0,0.04023478653564137,0.0005990914207460937
112,1401825.0,0.014446163776084337,0.015294220278769482,11.198271114314675,732.1897363973136,1.0,0.0,0.0,0.04495502806469585,0.0008480565026851451
112,1448647.222222222,0.017841643255811744,0.020360773249073868,14.9667590516277,735.0781263824781,0.984375,0.0,0.0,-0.13540539321818057,0.0025191299932621238
112,1495705.5555555555,0.018021296730098037,0.018672042105485755,13.805775009486359,739.3821699572051,1.0,0.0,0.0,0.12612903225960667,0.0006507453753877186
112,1543025.0,0.014668257022668283,0.016522084238149392,11.990642123963513,725.7342325054361,0.9841269841269841,0.0,0.0,0.0778010949627053,0.0018538272154811093
112,1589444.4444444443,0.016421798950154005,0.01678866595584338,12.102305501667939,720.861653540475,0.96875,0.0,0.0,-0.17480657465112878,0.00036686700568937594
112,1635572.2222222222,0.01623906433449149,0.018044673337484517,13.09856263951974,725.8963570324028,1.0,0.0,0.0,-0.11373114778324521,0.0018056090029930257
112,1682013.888888889,0.016898542237867818,0.01905299223794346,13.768830834734963,722.6597619304516,1.0,0.0,0.0,0.1468275935360614,0.002154450000075643
112,1728288.8888888888,0.017620396058479117,0.017815949854532605,12.976314275319172,728.3537718320324,0.984375,0.0,0.0,-0.1798941798954883,0.0001955537960534881
113,472.22222222222223,0.08728400179890511,0.43118810240422145,285.05027813548963,661.0810375938121,0.6326530612244898,0.26804123711340205,0.0,-0.026551922455142717,0.34390410060531634
113,66761.11111111111,0.05649562138420979,0.41953399420125204,300.10400873989124,715.3270363972704,0.6847826086956522,0.27472527472527475,0.0,0.016659381068571386,0.36303837281704227
113,132891.6666666667,0.09033650455935852,0.4277910379964691,296.45532787398713,692.9909734958824,0.6595744680851063,0.3118279569892473,0.010752688172043012,0.0966777274513278,0.3374545334371106
113,198950.0,0.07342676988698495,0.4289835414634767,300.62427726777236,700.7827765191016,0.6702127659574468,0.1827956989247312,0.0,-0.018352092187546777,0.3555567715764918
113,266219.44444444444,0.06590609047810184,0.42828272779475196,281.79956971820394,657.9755648078625,0.6363636363636364,0.22448979591836735,0.0,-0.10213572316957986,0.36237663731665015
113,332408.3333333334,0.09040165677055591,0.42571698178333317,287.57846560684334,675.5156075808251,0.6428571428571429,0.25,0.0,-0.08773869065718833,0.3353153250127773
113,398480.55555555556,0.08922611984755927,0.43264314606724974,297.14135283989714,686.8047154818667,0.6631578947368421,0.30851063829787234,0.0,-0.08953394454617053,0.3434170262196905
113,465119.4444444445,0.08630532617465704,0.4231386006289009,273.84448277090155,647.1744302313543,0.6262626262626263,0.1958762886597938,0.0,-0.12154648899781761,0.3368332744542439
113,530011.111111111,0.06875731752517594,0.40852961902771345,278.20188689993785,680.9833949422048,0.65625,0.3157894736842105,0.0,-0.05654721677977277,0.3397723015025375
113,595797.2222222222,0.062071043731184244,0.42333832651339426,285.58049339586836,674.5916339489113,0.6595744680851063,0.22826086956521738,0.0,0.042726507405976465,0.36126728278221
113,661186.1111111111,0.1217157057955632,0.38730419846827085,276.33744372318074,713.4894091415824,0.7159090909090909,0.27586206896551724,0.011494252873563218,0.07289931869797793,0.2655884926727077
113,724366.6666666666,0.12231045132589564,0.35988343270598905,282.87692027889824,786.0237359411814,0.7875,0.21518987341772153,0.0,0.18974223333288984,0.23757298138009342
113,788686.1111111111,0.08491901332614601,0.4333400921542672,269.4462789107069,621.7894069556462,0.5961538461538461,0.049019607843137254,0.029411764705882353,-0.2194507071846975,0.34842107882812123
113,854558.3333333333,0.0788273454956113,0.41885512555379,267.8898389411474,639.5763656633219,0.6237623762376238,0.14,0.0,-0.15351000283215088,0.3400277800581787
113,919558.3333333333,0.09103910331053994,0.40529642536440325,288.91201201405875,712.8412537917084,0.7126436781609196,0.26744186046511625,0.0,0.19300458468263929,0.3142573220538633
113,982811.1111111111,0.1347274838520688,0.36635453427826087,289.82452325810783,791.1039611645002,0.7654320987654321,0.22784810126582278,0.0,0.03182894008837501,0.23162705042619205
113,1048061.1111111111,0.06793508942806525,0.4144603689966176,281.80130997528175,679.9234162183104,0.6595744680851063,0.22826086956521738,0.0,-0.0057386549757527045,0.34652527956855234
113,1113727.777777778,0.10315343419005235,0.39508824073023807,289.0421938216623,731.588956652894,0.7325581395348837,0.25882352941176473,0.0,0.33465933514978635,0.2919348065401857
113,1176966.6666666667,0.09506237374236703,0.35038795217393615,281.63847660803583,803.7904124860652,0.7777777777777778,0.2125,0.0,0.09769671077690333,0.2553255784315691
113,1242252.7777777778,0.1253958062190694,0.3108280635080193,263.1108531367051,846.4835837769099,0.8493150684931506,0.14084507042253522,0.0,0.3004168019658366,0.18543225728894988
113,1305305.5555555557,0.11371528071003292,0.29431344106348367,249.87089607459228,848.9958704288157,0.875,0.1267605633802817,0.0,0.21773359128671832,0.18059816035345075
113,1367491.6666666665,0.06389970158402229,0.32697122965477254,269.98516250200794,825.7153474544765,0.8051948051948052,0.17333333333333334,0.0,0.29974183704290897,0.26307152807075024
113,1431308.3333333335,0.12130130867895313,0.28019975840689704,235.21785739174302,839.464882943144,0.8611111111111112,0.11428571428571428,0.0,0.3944632724219278,0.15889844972794392
113,1492080.5555555555,0.09524017525332132,0.23753551725084726,211.69533116114476,891.2154847882634,0.9,0.08695652173913043,0.0,0.3082415419418633,0.14229534199752594
113,1554477.777777778,0.09917340041613883,0.2650135454939036,217.78466232657158,821.7869087434307,0.8873239436619719,0.11428571428571428,0.0,0.3489547246260198,0.1658401450777648
113,1614000.0,0.08176419513005567,0.33480908918385077,274.82042694778374,820.8272589543529,0.7974683544303798,0.19230769230769232,0.0,0.20185315110982763,0.2530448940537951
113,1678938.8888888888,0.10981732317481319,0.2775926801567449,233.90613238774452,842.6235600148664,0.863013698630137,0.125,0.0,0.39741516604175814,0.1677753569819317
113,1740675.0,0.1268191091010463,0.3717337059008532,288.64272704564536,776.4771460423624,0.7777777777777778,0.2125,0.0,0.14677004694270704,0.2449145967998069
114,861.1111111111112,0.03889449969805741,0.039054618742503204,42.9517183353077,1099.7858823945778,0.984375,0.0,0.0,0.34210619972951484,0.0001601190444457945
114,71241.66666666666,0.13349913316060988,0.16869660289346,179.35077952680146,1063.1558457645415,0.984375,0.047619047619047616,0.0,-0.16094529903515165,0.03519746973285012
114,140400.0,0.08494602141034284,0.09135567512678466,99.30772987627866,1087.0450000884787,0.984375,0.0,0.0,-0.4024541658114343,0.006409653716441824
114,209969.44444444444,0.17777608671695913,0.19451303378326656,207.10745240287997,1064.748456052804,0.984375,0.031746031746031744,0.0,-0.19955540041170394,0.016736947066307434
114,279236.11111111107,0.18081756577757724,0.1678267898323512,178.55373440729159,1063.916759568934,0.953125,0.03278688524590164,0.01639344262295082,-0.32563826496360476,0.012990775945226046
114,347319.44444444444,0.1440960848230781,0.15778918477871187,168.55927406234528,1068.2561944834033,1.0,0.0,0.0,-0.41117953952080544,0.01369309995563378
114,415369.4444444445,0.14041408131819796,0.1511611123707247,165.50728735365823,1094.9065189977523,0.9841269841269841,0.01639344262295082,0.0,-0.3880517015362066,0.010747031052526723
114,485683.3333333333,0.17888302822554228,0.19282157166193986,208.65033545907227,1082.090212524996,0.984375,0.015873015873015872,0.0,-0.5363386930797868,0.013938543436397582
114,555005.5555555556,0.14355206116649616,0.15352154127181084,153.4552896626742,999.5684539864061,1.0,0.016129032258064516,0.0,-0.2428534528207254,0.009969480105314676
114,618772.2222222222,0.05111523827313186,0.051152795022408645,48.698843980916735,952.0270389835609,0.984375,0.0,0.0,0.41190704061311095,3.755674927678754e-05
114,679777.7777777779,0.1629655041235937,0.170198770231284,167.65746871111722,985.0686258384042,0.9841269841269841,0.06557377049180328,0.0,0.4995953793834677,0.007233266107690289
114,743008.3333333334,0.102177679945657,0.11091705721847613,110.45036553312487,995.7924263674612,1.0,0.0,0.0,-0.2822266952194538,0.008739377272819121
114,806736.1111111111,0.10065209754066522,0.11211529463299987,112.51042171877084,1003.5242924443484,1.0,0.0,0.0,-0.38275467901249627,0.011463197092334648
114,870869.4444444444,0.04062027113065401,0.03948596423968738,38.54592366261429,976.1930449167492,1.0,0.0,0.0,0.26747267236181066,0.0011343068909666285
114,933419.4444444445,0.1159068794993375,0.12134756966460436,116.40761034283871,959.2908260509928,1.0,0.0,0.0,-0.5110915772682408,0.005440690165266854
114,994736.1111111111,0.04076684713217012,0.04153774023067429,39.1297552897656,942.0289855072455,1.0,0.0,0.0,0.21989354624089943,0.0007708930985041718
114,1055038.8888888888,0.04111582522113396,0.04098106769745679,38.782205792015546,946.3444456431841,1.0,0.0,0.0,0.09013108605005238,0.0001347575236771703
114,1115497.2222222222,0.03742447420916746,0.03829464767051512,35.71423635481451,932.6169197872686,0.9841269841269841,0.0,0.0,0.1981196552844377,0.0008701734613476564
114,1175138.888888889,0.035743478180872854,0.09571697031021183,88.05067590026273,919.9066332218499,0.9692307692307692,0.015625,0.0,0.4374658947234807,0.05997349212933897
114,1234969.4444444445,0.046831714956672994,0.04856454096814346,42.98102467817485,885.0289495450768,1.0,0.0,0.0,0.30917727475112805,0.0017328260114704633
114,1291605.5555555555,0.04209809965833677,0.04259702045840481,37.64811501669412,883.8203848895205,0.9841269841269841,0.0,0.0,0.3373805053929979,0.0004989208000680465
114,1348161.111111111,0.036741219983674585,0.03743335582142916,32.58495052314031,870.4790101796503,0.9841269841269841,0.0,0.0,0.11396923896470113,0.0006921358377545775
114,1403819.4444444443,0.04867064983992772,0.04980976936464641,43.82335410170362,879.8144352141535,1.0,0.0,0.0,0.2133193609648516,0.001139119524718686
114,1460133.3333333335,0.04260124617563398,0.04386176158732773,39.00821246645158,889.3444096810192,1.0,0.0,0.0,0.24129316494616218,0.0012605154116937453
114,1517011.1111111112,0.04194327722337053,0.0422362070864395,36.07400720332778,854.101485237528,1.0,0.0,0.0,0.30739165852042893,0.0002929298630689678
114,1571580.5555555555,0.07163593776396454,0.07196417288693478,60.40363200564823,839.3569964397466,1.0,0.0,0.0,-0.13947135683306056,0.00032823512297024127
114,1625238.8888888888,0.0454626929664393,0.045759223972376674,39.27226526057348,858.2371345344676,1.0,0.0,0.0,0.4623608947004011,0.0002965310059373713
114,1680155.5555555555,0.04837028934362678,0.04881470448880714,41.87745524972788,857.8860752773804,0.984375,0.0,0.0,0.2743823416588096,0.00044441514518036435
114,1735005.5555555555,0.06345235025646621,0.0628670454702609,52.20842745517416,830.457786979527,0.96875,0.0,0.0,0.1562937293586497,0.0005853047862053179
115,447.22222222222223,0.07047723917778376,0.07218432434356327,68.92978319263082,954.9134638229435,1.0,0.0,0.0,0.4531573076887064,0.0017070851657795122
115,61580.555555555555,0.06065718088543306,0.061382595614598114,58.530568659728445,953.5368792030783,1.0,0.0,0.0,0.18140639702895386,0.0007254147291650553
115,122652.77777777777,0.0686100398617981,0.06869420898603328,64.88486348826426,944.5463372532097,1.0,0.0,0.0,0.15755105812586723,8.416912423517275e-05
115,182952.77777777778,0.08139665597280128,0.11466005450390383,106.64352895410076,930.0844083452783,0.984375,0.015873015873015872,0.0,0.4882840883747353,0.03326339853110255
115,243483.3333333333,0.07180698345925735,0.07189867365694269,68.50632425434951,952.8176358470889,1.0,0.0,0.0,0.46895895670464244,9.16901976853457e-05
115,304594.44444444444,0.06363615534367094,0.06348731571444716,60.13757284719186,947.2376044008263,0.9841269841269841,0.0,0.0,0.159630189350626,0.00014883962922378202
115,365038.8888888889,0.07354582469066279,0.07345639025959491,69.67354598111322,948.5021757111516,1.0,0.0,0.0,0.2623634877518629,8.943443106787519e-05
115,425625.0,0.09441958146822937,0.09481631998299234,88.80825166170514,936.6346603373249,1.0,0.0,0.0,0.582039174299172,0.00039673851476296207
115,485525.0,0.060771262001460394,0.06145749754851699,58.1599614481686,946.3444456431832,1.0,0.0,0.0,0.2591123320744444,0.0006862355470565948
115,545986.1111111111,0.060005958703365565,0.06052865979319519,55.66481657469089,919.6439631222248,0.984375,0.0,0.0,0.18440518814292567,0.0005227010898296233
115,604761.111111111,0.06860343454712016,0.06984243062147945,63.47687327167371,908.8583072902383,0.9841269841269841,0.0,0.0,0.23600779647999579,0.0012389960743592887
115,662866.6666666666,0.07237049026557361,0.07302547186546506,66.71680352641047,913.6100297896459,0.9841269841269841,0.0,0.0,0.324800522269001,0.000654981599891441
115,721330.5555555555,0.07839429560354477,0.07841371624047042,72.51442849367773,924.7671449634983,1.0,0.0,0.0,0.44060704341959067,1.942063692564333e-05
115,780308.3333333333,0.06651108838653982,0.06712711826071192,61.55793561506648,917.0352788866111,1.0,0.0,0.0,0.3618519405415872,0.0006160298741720999
115,839036.1111111111,0.08477427631873198,0.08587337324979498,80.86432475800626,941.669363829251,1.0,0.0,0.0,0.4229436162718287,0.0010990969310629983
115,899344.4444444444,0.08419170035935605,0.0837699226860355,77.66348785723008,927.1046858704649,1.0,0.0,0.0,0.2869741702087771,0.00042177767332055027
115,958766.6666666666,0.07599464654945062,0.0759453675017179,68.9481354544131,907.8649260977437,1.0,0.0,0.0,0.4362906514921748,4.927904773271985e-05
115,1016897.2222222222,0.06020946313822422,0.06055698163916472,54.04060420206815,892.3926315230653,0.984375,0.0,0.0,0.508594900338366,0.00034751850094049547
115,1074105.5555555555,0.09203440936148716,0.0930631886047105,88.79925940844562,954.1824295922626,0.9841269841269841,0.0,0.0,0.5400916149823567,0.0010287792432233378
115,1135088.888888889,0.068575475393889,0.06718406476192663,59.53232480072913,886.1078145790642,1.0,0.0,0.0,0.38828243334113893,0.001391410631962367
115,1191961.1111111112,0.083578200594237,0.08402916277632462,75.81969899603249,902.3022066500326,0.984375,0.0,0.0,0.5001037595573639,0.00045096218208762195
115,1249913.8888888888,0.10156087843798448,0.10115672916098219,85.27038988504408,842.9532132196923,1.0,0.0,0.0,0.782485355136383,0.00040414927700228864
115,1303691.6666666665,0.09901885781743469,0.09814223396974796,88.4440586481033,901.1824478681207,1.0,0.0,0.0,0.7085161386004446,0.0008766238476867333
115,1361102.777777778,0.09625510619410967,0.09218855521509522,82.30232974483904,892.7608156219658,1.0,0.0,0.0,0.5863558363820317,0.004066550979014441
115,1418602.777777778,0.11136489088098421,0.11166601104729015,103.3648146004096,925.660490877882,0.984375,0.0,0.0,0.6835869765505056,0.0003011201663059432
115,1477894.4444444445,0.0998474639092838,0.10213993512961544,93.95074538212135,919.8238207504046,0.9841269841269841,0.0,0.0,0.6446134660130637,0.002292471220331646
115,1536788.8888888888,0.11368397580150637,0.11412796352995326,107.14246369437308,938.7923904052943,1.0,0.0,0.0,0.7207164508510717,0.00044398772844689294
115,1596747.2222222222,0.15716074466460928,0.15788057935173905,145.19346369463742,919.6410621927333,0.9841269841269841,0.0,0.0,0.8075025062364967,0.0007198346871297723
115,1655400.0,0.12215993956172991,0.16429846891229016,161.44224901306976,982.6156633221872,0.9692307692307692,0.03125,0.0,0.4174150753474109,0.042138529350560255
115,1719977.777777778,0.12311168115723216,0.12336848194694733,111.01968402996643,899.9031379644332,0.9841269841269841,0.0,0.0,0.8126663717678194,0.00025680078971516973
116,783.3333333333334,0.01641611215229499,0.016328637568568758,12.396070740190833,759.1613622469163,0.9841269841269841,0.0,0.0,0.07429840779268866,8.747458372623113e-05
116,49413.88888888889,0.04995871944601224,0.01779835666460202,13.691043588155399,769.2307692307692,1.0,0.0,0.0,-0.08695652173905338,0.03216036278141022
116,98655.55555555555,0.06714956161459303,0.06843224583857888,52.504835651673325,767.252850001798,1.0,0.0,0.0,-0.501078229719069,0.00128268422398585
116,147769.44444444444,0.08641187362434814,0.08860774303154792,66.73294656655659,753.1277096494488,0.984375,0.0,0.0,-0.5008391406310674,0.002195869407199777
116,195994.44444444444,0.06780843343547176,0.07057453992215579,52.65108895907945,746.0351710001081,1.0,0.0,0.0,-0.45310292241079014,0.0027661064866840307
116,243758.3333333333,0.11963953897722297,0.12026674047329225,91.30186253070089,759.1613622469163,0.96875,0.0,0.0,-0.6086876572731269,0.0006272014960692768
116,292327.7777777778,0.06925151513400364,0.0691947033670272,52.29611546080817,755.7820601298858,0.984375,0.0,0.0,-0.3967991732557216,5.681176697644452e-05
116,340680.55555555556,0.09699778937123203,0.09750130958589055,73.09435311170634,749.6756035601377,0.9841269841269841,0.0,0.0,-0.47474029493567754,0.0005035202146585205
116,388644.44444444444,0.1365347406690549,0.13138659508713244,97.66464992451641,743.3380084151473,1.0,0.0,0.0,-0.45136862498229036,0.005148145581922475
116,436444.44444444444,0.10405013474377368,0.09788766139216835,71.32666373715207,728.658369428148,0.9841269841269841,0.0,0.0,-0.4311102284489694,0.00616247335160533
116,483344.44444444444,0.13960749937246114,0.13548725283922475,100.2012210824127,739.5619807962005,1.0,0.0,0.0,-0.43237176472030164,0.0041202465332363936
116,530941.6666666667,0.12573780273422153,0.13084233926073022,97.61298694443283,746.0351710001066,1.0,0.0,0.0,-0.46771812706980065,0.005104536526508691
116,578750.0,0.20417217248081543,0.20533687065414152,155.4079375321198,756.8438003220602,1.0,0.015873015873015872,0.0,-0.3957809461157331,0.0011646981733260953
116,627247.2222222222,0.13717373262879431,0.13760055463462906,105.62390184759795,767.6124716797926,0.96875,0.0,0.0,-0.48300938885816413,0.0004268220058347427
116,676380.5555555556,0.12698439945748796,0.12753537020298913,97.74303911612714,766.3994620516361,0.984375,0.0,0.0,-0.47606048043351307,0.0005509707455011725
116,725433.3333333333,0.11730057722546221,0.11821269975447309,92.80336734060309,785.054123062539,1.0,0.0,0.0,-0.48066583953692266,0.0009121225290108781
116,775669.4444444445,0.09575356983822239,0.09703626369775573,75.11438041119837,774.0856618836988,1.0,0.0,0.0,-0.47669245726122705,0.0012826938595333348
116,825227.7777777778,0.10118899944495195,0.10291993574852079,79.66884658492147,774.0856618836988,1.0,0.0,0.0,-0.4792397321417878,0.001730936303568839
116,874705.5555555555,0.01501430111136621,0.016552366510482548,12.774940836260722,771.7893890381416,0.9841269841269841,0.0,0.0,-0.06974887947382802,0.0015380653991163371
116,924125.0,0.08668177243278428,0.08981055433713751,68.5598050818253,763.3824953853466,0.9841269841269841,0.0,0.0,-0.44402469900180497,0.0031287819043532283
116,973022.2222222222,0.08832043178966006,0.1997989379665915,152.39216654642493,762.7276105536982,0.9523809523809523,0.0,0.016666666666666666,-0.30413910830594443,0.11147850617693145
116,1021080.5555555555,0.10643182628804598,0.10650964786194456,79.95788467357497,750.7102528140418,1.0,0.0,0.0,-0.47119806785543733,7.782157389857325e-05
116,1069152.7777777778,0.1226486893712219,0.11848826183111077,89.3691277988554,754.2445675018778,0.9841269841269841,0.0,0.0,-0.38908780328474485,0.004160427540111131
116,1117155.5555555555,0.12485451031308109,0.12719659061159277,95.80798325456927,753.227604560002,1.0,0.0,0.0,-0.4751159332840422,0.002342080298511684
116,1165369.4444444445,0.12668028142952134,0.12750965813989285,95.65402484259936,750.1708202970462,1.0,0.0,0.0,-0.4901778046981945,0.0008293767103715044
116,1213394.4444444445,0.06116487410012023,0.06103608527148919,45.10390757440822,738.9711737537808,0.984375,0.0,0.0,-0.4551761583010651,0.00012878882863104346
116,1260688.8888888888,0.1341443637712006,0.1345073176608304,98.5816209561526,732.9089797533027,1.0,0.0,0.0,-0.4902686521316694,0.00036295388962981345
116,1307600.0,0.11984368028368789,0.11929563266454561,88.67697799748856,743.3380084151493,1.0,0.0,0.0,-0.4829348729286643,0.0005480476191422751
116,1355152.7777777778,0.09779910421272825,0.10083648693290724,74.88232733806795,742.6114258412414,0.8627450980392157,0.0,0.02,0.009356796097709112,0.003037382720178991
116,1402550.0,0.09357819589964253,0.13638301403428016,102.96584808662968,754.9756017325515,1.0,0.0,0.0,-0.012054993385062853,0.04280481813463763
116,1450055.5555555557,0.07891588097095217,0.0805889285220321,58.38328352847629,724.4578703204245,1.0,0.0,0.0,-0.4738010713815681,0.0016730475510799286
116,1496405.5555555555,0.10364025316555843,0.10490092505184699,77.50528662531708,738.8427374402114,1.0,0.0,0.0,-0.47882438601516963,0.0012606718862885613
116,1543669.4444444445,0.11235570206339467,0.11311568887823394,82.29865625386044,727.5618180821299,0.9841269841269841,0.0,0.0,-0.25681695756203876,0.0007599868148392697
116,1590261.1111111112,0.08913953640615452,0.08872633306351715,64.42207590003987,726.0761678713982,1.0,0.0,0.0,-0.4948772072507477,0.0004132033426373638
116,1636700.0,0.017263157457575746,0.01791702093634903,12.74872877582405,711.5428854559275,0.984375,0.0,0.0,0.035450149779567404,0.0006538634787732825
116,1682238.8888888888,0.01705862868898587,0.017562870280322322,12.597239822383909,717.2654367605292,1.0,0.0,0.0,-0.0070641754442365085,0.000504241591336451
116,1728130.5555555555,0.06294303321038484,0.06192690054128069,44.80775484196645,723.5588161254324,1.0,0.0,0.0,-0.46527727912037103,0.001016132669104157
117,525.0,0.02876662585118884,0.027373682393802255,32.95335772044918,1203.833567087424,1.0,0.0,0.0,0.3566949272497272,0.0013929434573865841
117,77488.88888888889,0.022935292098514186,0.02161348810323092,25.937429352494537,1200.0575394684788,0.96875,0.0,0.0,0.0971176997063359,0.0013218039952832654
117,154330.55555555556,0.029306611386445997,0.02893612578830544,34.36080388139121,1187.4707807386628,0.96875,0.0,0.0,0.43602437850616993,0.0003704855981405582
117,230352.77777777778,0.020828640312767776,0.020094437749795666,23.969953614583467,1192.8651059085846,0.96875,0.0,0.0,0.14539007092199918,0.0007342025629721097
117,306675.0,0.018353087599170884,0.01771483569187305,20.73324442018227,1170.3887510339123,0.96875,0.0,0.0,0.10373701329978276,0.0006382519072978335
117,381552.7777777778,0.022554319290444512,0.02126275806020814,25.3712486941312,1193.2247275865793,0.96875,0.0,0.0,0.06636386991381954,0.0012915612302363717
117,457880.5555555555,0.02533652963189754,0.02389268733278704,28.251575484663494,1182.4360772467362,0.96875,0.0,0.0,0.4998246844317105,0.001443842299110501
117,533469.4444444444,0.020042182502077843,0.020030788363749098,23.77517063852772,1186.9313482216733,0.984375,0.0,0.0,0.26198683122399036,1.1394138328745668e-05
117,609427.7777777778,0.029305437364263692,0.028460036464582766,33.442359531061996,1175.0638328478428,0.96875,0.0,0.0,0.4568483341126574,0.0008454008996809266
117,684672.2222222222,0.1097574220867465,0.1095638075878944,119.99733017187498,1095.2278203330109,0.96875,0.0,0.0,0.8430597018276582,0.00019361449885210713
117,754858.3333333334,0.04743927766337688,0.04465416017428225,52.72842627117478,1180.8177796957598,0.96875,0.0,0.0,0.6796713760911848,0.0027851174890946365
117,830272.2222222222,0.019390739918762417,0.020837103434129135,24.46993967855171,1174.3445894918555,0.96875,0.0,0.0,0.12062384593449024,0.0014463635153667172
117,905447.2222222222,0.01863031142449568,0.020166488139560623,23.744050839328747,1177.4013737548094,0.96875,0.0,0.0,-0.12807707639250196,0.001536176715064945
117,980780.5555555556,0.05294214210434743,0.05298424843768453,62.02169549561739,1170.5685618729105,0.96875,0.0,0.0,0.8050847457627215,4.2106333337101065e-05
117,1055661.111111111,0.024971577159889537,0.025404762500503948,30.4871767771359,1200.0575394684809,0.96875,0.0,0.0,0.40659714143674064,0.0004331853406144108
117,1132450.0,0.02028355377600308,0.021702107126430593,25.680865789017115,1183.3351314417237,0.96875,0.0,0.0,-0.19165411588228004,0.0014185533504275129
117,1208200.0,0.020286860011809404,0.020879587816199086,24.778882940790815,1186.751537382674,0.96875,0.0,0.0,-0.06104930214750726,0.0005927278043896811
117,1284138.888888889,0.02011288319654301,0.01908928589740221,22.45515667652121,1176.3225087208239,0.96875,0.0,0.0,-0.07198358505324803,0.0010235972991408
117,1359388.888888889,0.01875483152870312,0.018446124155609842,21.632254781689387,1172.726291940878,0.96875,0.0,0.0,-0.27937658571961144,0.00030870737309327684
117,1434422.2222222222,0.01752095389185035,0.016858363596606314,19.645962252239727,1165.3540475419911,0.96875,0.0,0.0,-0.2916615169100505,0.0006625902952440352
117,1509022.222222222,0.01823837872480965,0.018323831854407124,21.4031739717029,1168.0512101269446,0.96875,0.0,0.0,-0.20453093904651298,8.545312959747434e-05
117,1583772.222222222,0.02563739026831296,0.026202170360247575,30.56307388911536,1166.432912575971,0.96875,0.0,0.0,0.4650648282143527,0.0005647800919346135
117,1658386.1111111112,0.01865271024627393,0.01963606279610058,22.939457688039965,1168.2310209659438,0.9841269841269841,0.0,0.0,-0.28562579194865323,0.0009833525498266493
118,188.88888888888889,0.03678999209329882,0.049040949469044234,40.600818958417015,827.8962662426668,0.9841269841269841,0.0,0.0,-0.17745131677060963,0.012250957375745414
118,53213.88888888889,0.04850166338504288,0.05001202071721834,40.895674777347054,817.7169046734264,0.984375,0.0,0.0,-0.0908580826392428,0.0015103573321754576
118,105363.88888888889,0.05603520909345506,0.055250676605099705,45.26724477231244,819.306614032202,0.9841269841269841,0.0,0.0,-0.17678234950220614,0.0007845324883553537
118,157952.77777777778,0.1525327203599662,0.1537221121889348,130.13336645188346,846.54942999964,1.0,0.0,0.016129032258064516,0.013474412287894822,0.0011893918289686
118,212100.0,0.03708654647696454,0.04648675940531858,38.76822205233708,833.9626712698237,1.0,0.0,0.0,-0.003461662161942849,0.009400212928354038
118,265500.0,0.12553229027682464,0.126997706275486,104.19867906193451,820.4768583450209,1.0,0.0,0.016129032258064516,0.09138183725092877,0.0014654159986613735
118,318025.0,0.09371170853783578,0.09460748034669958,76.6706070274706,810.407451361168,1.0,0.0,0.0,-0.4455130650021959,0.0008957718088637989
118,369783.3333333334,0.042804801977472565,0.04326045577356576,31.192582380695253,721.0414643794722,1.0,0.0,0.0,0.5083608614932114,0.0004556537960931986
118,415850.0,0.054526567762248505,0.05308304535039179,36.37564027589155,685.2591074189958,1.0,0.0,0.0,-0.12838853883362167,0.001443522411856718
118,459772.22222222225,0.09298561568704028,0.09408986807864483,67.96461600343794,722.3372440763744,0.984375,0.0,0.0,-0.23586974443894151,0.0011042523916045544
118,506005.5555555555,0.07053439046205702,0.07364667659729134,52.16818786058588,708.3576648794032,0.984375,0.0,0.0,-0.1484631390162754,0.0031122861352343156
118,551394.4444444444,0.09263215689789855,0.09552329190988443,73.14775903328312,765.7583566350485,0.9841269841269841,0.0,0.0,-0.4439030642820308,0.0028911350119858736
118,600394.4444444444,0.058443366554085094,0.05923981039619976,44.95127123960917,758.8017405689199,1.0,0.0,0.0,-0.2935574106252735,0.0007964438421146636
118,648958.3333333334,0.08628193796627341,0.08659557423496139,71.17423127773736,821.9153450570002,0.96875,0.0,0.0,0.09082105901058131,0.00031363626868798067
118,701563.8888888889,0.1279939631370941,0.13088870070541495,105.56350607909728,806.5135149953402,0.9841269841269841,0.0,0.0,-0.16426817375413494,0.002894737568320843
118,753116.6666666666,0.08606049920225402,0.08786512443988596,66.51421834284884,757.003632178947,1.0,0.0,0.0,-0.10273182878131283,0.001804625237631946
118,801666.6666666666,0.1479764705609594,0.14824280224843472,120.90585471200909,815.5934242890752,0.984375,0.0,0.015873015873015872,0.04310941291120412,0.0002663316874753352
118,853872.2222222222,0.11788508813054996,0.12046134311023533,96.34481500239646,799.7986118603243,1.0,0.0,0.0,0.023117533447374033,0.0025762549796853745
118,905058.3333333333,0.1108457838175866,0.11259229778306508,90.35484320599458,802.4957744452817,1.0,0.0,0.0,-0.10356118603025874,0.00174651396547848
118,956352.7777777778,0.0955391249270274,0.09365493687465401,72.85058742758181,777.8616895026437,1.0,0.0,0.0,-0.40019294916618064,0.0018841880523733923
118,1006063.8888888889,0.1557831837621874,0.15760158778194053,131.26381030063456,832.8838062358404,1.0,0.0,0.03225806451612903,0.03504877592599713,0.0018184040197531393
118,1059327.7777777778,0.04242618418476785,0.04210738723311482,33.972713078538725,806.8112345812166,1.0,0.0,0.0,0.08457810831051273,0.00031879695165303035
118,1111044.4444444445,0.10782712246716106,0.10825148381515438,91.18172797510805,842.3138857921438,0.984375,0.0,0.015873015873015872,0.055540672477311946,0.0004243613479933267
118,1164947.2222222222,0.05393687962425311,0.054759020789150285,43.727264955697564,798.5399359873413,1.0,0.0,0.0,-0.04783934447060032,0.0008221411648971777
118,1216130.5555555555,0.05000847096435397,0.04963644155290446,40.8505040075599,822.9942100909839,1.0,0.0,0.0,0.19084004622065856,0.0003720294114495093
118,1268900.0,0.022556788219967455,0.023150125935834317,19.360389158350227,836.2973580364884,0.984375,0.0,0.0,0.2301344759766018,0.0005933377158668617
118,1322447.2222222222,0.13548350695269876,0.13735047394175798,117.6570032471204,856.6188369834938,1.0,0.0,0.016129032258064516,-0.12936582592659734,0.001866966989059221
118,1377291.6666666667,0.1434769222715727,0.1468510440657658,125.36162926169037,853.6652228740601,0.9841269841269841,0.0,0.0,-0.3711675445810706,0.003374121794193108
118,1432102.777777778,0.0686492539765564,0.07089742300486958,60.54084616285928,853.9216743985327,1.0,0.0,0.0,-0.43528893372496585,0.0022481690283131794
118,1486741.6666666665,0.041111269264634334,0.042808228928278756,36.40092685327986,850.3254576185868,1.0,0.0,0.0,-0.12191317899662626,0.001696959663644422
118,1541111.111111111,0.09959331734545233,0.10753819093493058,90.16625028402541,838.4579422447545,1.0,0.0,0.0,-0.38262277152269825,0.007944873589478249
118,1594788.8888888888,0.1033509754974927,0.10263043100522806,79.51856136971406,774.804905239688,0.984375,0.0,0.0,0.7600289995169183,0.0007205444922646354
118,1644194.4444444443,0.0391148338999449,0.0405892652335321,27.777671715543423,684.3600532240084,1.0,0.0,0.0,-0.19979941748591107,0.0014744313335872047
118,1688036.111111111,0.1006744073436753,0.10103044665772891,71.33933254664309,706.1171647426897,1.0,0.0,0.0,-0.24777142554784712,0.000356039314053605
118,1733183.3333333335,0.11620672187622919,0.11801167365718847,83.16031018493887,704.6786780307077,1.0,0.0,0.0,-0.12752845544668154,0.0018049517809592824
119,858.3333333333333,0.31704843366428254,0.31630406690353685,287.9576169188706,910.3822778437084,0.9841269841269841,0.0,0.0,-0.7074699974133658,0.000744366760745685
119,59155.55555555556,0.2029898237992834,0.19354848519331658,178.952477948724,924.5873341245009,1.0,0.0,0.0,-0.665129048809147,0.009441338605966826
119,118319.44444444444,0.2724984583335094,0.2675331340354426,240.75390682795464,899.9031379644352,0.9841269841269841,0.0,0.0,-0.549941905648024,0.004965324298066787
119,176441.66666666666,0.32622507796831096,0.32569916270314914,303.30419743942343,931.2403351674039,1.0,0.0,0.0,-0.7382441541765514,0.0005259152651618249
119,235941.66666666666,0.3184811315488417,0.312816828419988,286.5265803523245,915.9564138526264,1.0,0.0,0.0,-0.6024979117011444,0.005664303128853743
119,294536.1111111111,0.3264333215389603,0.3217038673015318,289.19248392202945,898.9400293748116,0.984375,0.0,0.0,-0.6230412581448452,0.004729454237428543
119,352052.7777777778,0.25067332709574436,0.2508460214748195,225.07311956689873,897.2560865969009,0.96875,0.0,0.0,-0.570444359475915,0.0001726943790751334
119,409450.0,0.26122631799275964,0.2537667170769434,229.38204170636806,903.9090876398034,1.0,0.0,0.0,-0.5542286849720167,0.007459600915816211
119,467341.6666666666,0.15442924745672673,0.1553224825547362,140.39740349600075,903.9090876398025,1.0,0.0,0.0,-0.5578183690673076,0.0008932350980094816
119,525177.7777777778,0.24577483016547969,0.23813887956793883,216.71177572074257,910.0226561657131,1.0,0.0,0.0,-0.45730268734178947,0.007635950597540853
119,583452.7777777778,0.28643821886239085,0.28439113099939606,258.90464563777897,910.3822778437095,1.0,0.0,0.0,-0.5408436605592961,0.0020470878629947897
119,641741.6666666666,0.2351902328036282,0.2366368874411685,214.4639371348494,906.2996874828671,0.9841269841269841,0.0,0.0,-0.4763720787630085,0.0014466546375403178
119,699666.6666666666,0.27278121872756156,0.27399190820531544,250.52205288140692,914.3410640203234,0.9841269841269841,0.0,0.0,-0.5814067324627218,0.001210689477753879
119,757755.5555555556,0.2863284666034596,0.2863511986821026,263.10904183578646,918.833387276584,1.0,0.0,0.0,-0.6152108646364307,2.2732078643006304e-05
119,816541.6666666666,0.26336458103630167,0.26384207916796526,240.71901134575037,912.3601970726797,1.0,0.0,0.0,-0.6055346173451979,0.00047749813166358956
119,874919.4444444445,0.2317605841309816,0.23161077628661494,211.18751511299718,911.820764555686,0.96875,0.0,0.0,-0.5175326248189921,0.00014980784436666172
119,933241.6666666666,0.29073153849768846,0.28819870972277,262.6432650408353,911.3269982835193,0.984375,0.0,0.0,-0.6074964129704123,0.0025328287749184497
119,991561.1111111111,0.20778730788089828,0.20902579071601435,189.9748263301608,908.8583072902402,0.9841269841269841,0.0,0.0,-0.6712627462187768,0.0012384828351160726
119,1049705.5555555555,0.2843512360988627,0.28241569954495727,261.77088252136537,926.899187768754,0.984375,0.0,0.0,-0.7118684037392539,0.001935536553905437
119,1109425.0,0.32399638479849135,0.3258510268407636,277.4895643395275,851.5841334915623,1.0,0.0,0.0,-0.6847980965446757,0.0018546420422722587
119,1163822.2222222222,0.3048585168755717,0.304454055779301,254.0128059150495,834.3222929478187,1.0,0.0,0.0,-0.6122792715352444,0.0004044610962706807
119,1217036.111111111,0.3595833445636119,0.35457128268015736,327.43913068750624,923.4789919037921,0.9841269841269841,0.0,0.0,-0.6803648210271812,0.005012061883454544
119,1275983.3333333333,0.37166937815270357,0.36547461897599265,342.513344500103,937.1740928543169,1.0,0.0,0.0,-0.7896875295703458,0.006194759176710918
119,1335991.6666666665,0.3214878051325622,0.3208854697317736,288.4567935866308,898.9400293748116,0.96875,0.0,0.0,-0.8233127409905617,0.0006023354007885784
119,1393150.0,0.35101581024263057,0.3485831837583511,327.049254178262,938.2244164852854,0.984375,0.0,0.0,-0.6756758986255589,0.002432626484279443
119,1453150.0,0.3198523409614312,0.3170752931137322,290.24977283667465,915.3970023535214,0.984375,0.0,0.0,-0.7777369449526393,0.002777047847698999
119,1511811.1111111112,0.31376034824360605,0.3070069227860526,265.58246224398584,865.0699464163721,1.0,0.0,0.0,-0.562943197964728,0.006753425457553419
119,1567363.8888888888,0.32821363821475946,0.32773394253416416,292.40936070097166,892.2156748243733,0.984375,0.0,0.0,-0.6033865251060901,0.00047969568059530454
119,1624505.5555555555,0.27884003859102935,0.2821206154237523,263.7807388029163,934.9927810369724,0.9841269841269841,0.0,0.0,-0.5817199251459215,0.0032805768327229257
119,1683919.4444444445,0.22404279816322847,0.22261730444539496,209.95212748877972,943.107850541233,1.0,0.0,0.0,-0.5761683662874965,0.0014254937178335148
119,1744241.6666666665,0.1788798670780023,0.17815248399983072,163.86838170110613,919.8209198209206,0.984375,0.0,0.0,-0.5225554357083706,0.0007273830781715784
121,452.77777777777777,0.024308147915358545,0.025027627127206246,25.066329179440213,1001.5463732153775,0.9841269841269841,0.0,0.0,0.5205223376974167,0.0007194792118477011
121,64555.555555555555,0.023479487026195834,0.024778712844648148,24.950694416878775,1006.9406983852986,0.984375,0.0,0.0,0.5677548768526827,0.001299225818452314
121,128958.33333333334,0.024351672552229794,0.025220245917482093,24.148201803609183,957.4927176610204,1.0,0.0,0.0,0.6777238476991769,0.0008685733652522981
121,190216.66666666666,0.028698271866527014,0.028472578983912113,27.88688778461704,979.4296400187,1.0,0.0,0.0,0.6893172849518061,0.00022569288261490086
121,252963.8888888889,0.022339107879639705,0.022937989735647084,23.076572908070897,1006.0416441903122,0.9538461538461539,0.0,0.0,0.6277303898637538,0.0005988818560073786
121,317394.44444444444,0.023279242393697372,0.023412075453991512,23.601624395383,1008.096204104757,0.9841269841269841,0.0,0.0,0.5785733987309187,0.00013283306029414008
121,381869.4444444445,0.0448974923238105,0.045548585232312824,42.170975898367104,925.846009997483,0.984375,0.0,0.0,0.8434845767265245,0.0006510929085023209
121,441202.7777777778,0.02691391998315846,0.026983187089028603,26.14187291611573,968.8208005178547,1.0,0.0,0.0,0.5364213961744687,6.926710587014384e-05
121,503286.1111111111,0.021839856362431978,0.022368531786230474,22.202016661270907,992.5558312655072,1.0,0.0,0.0,0.5291956989252508,0.0005286754237984956
121,566872.2222222222,0.021923855158688096,0.02326828065394486,24.04350728610923,1033.3168850631403,0.9841269841269841,0.0,0.0,0.4800917508935085,0.0013444254952567625
121,632958.3333333334,0.019484602471424032,0.020345583778661,20.711095573065307,1017.9651662189052,1.0,0.0,0.0,0.25404385427590104,0.0008609813072369688
121,698130.5555555556,0.021702142357030253,0.022499160329085274,22.88280191373051,1017.0513734305583,1.0,0.0,0.0,0.40154259956210153,0.0007970179720550204
121,763241.6666666666,0.02226523228889937,0.022566863057598235,22.435391420408656,994.1741288164856,1.0,0.0,0.0,0.4750961929293728,0.0003016307686988656
121,826913.8888888889,0.0223097285825856,0.022609494549833197,22.815205418359408,1009.0984284532681,0.96875,0.0,0.0,0.6547653958944097,0.00029976596724759844
121,891500.0,0.019016194186085203,0.020438232414554603,20.24256991103717,990.426642600556,0.9538461538461539,0.0,0.0,0.2727452009944992,0.0014220382284694001
121,954908.3333333333,0.10165326941241122,0.10814395986610786,110.44254029493763,1021.2548202569577,0.9841269841269841,0.0,0.0,-0.43460627341423885,0.006490690453696643
121,1020263.8888888889,0.02130021519586999,0.02208049156469197,22.158309674280954,1003.5242924443503,1.0,0.0,0.0,0.4441458986000656,0.0007802763688219798
121,1084500.0,0.01708616695012813,0.018097119087854774,18.333363710751588,1013.0542669112103,1.0,0.0,0.0,0.4005639168882061,0.001010952137726645
121,1149394.4444444445,0.013434735920205516,0.013999697889412358,14.5701174855106,1040.7451361168041,1.0,0.0,0.0,0.301577948668204,0.0005649619692068425
121,1216002.7777777778,0.025464707506851113,0.026076054248999992,26.70314203234115,1024.048415352764,0.984375,0.0,0.0,0.6714285714286146,0.0006113467421488793
121,1281563.8888888888,0.02949695213935888,0.02991660715468015,30.78590692024208,1029.0574315819747,1.0,0.0,0.0,0.7175263485787875,0.00041965501532127
121,1347494.4444444445,0.020430354078366207,0.021099412420560116,21.96151967895355,1040.8593017288654,0.984375,0.0,0.0,0.43835619307320633,0.0006690583421939088
121,1414130.5555555555,0.03572133104399652,0.032323937443955564,33.199253907266844,1027.0795123530027,0.984375,0.0,0.0,0.6621039875347136,0.003397393600040953
121,1479630.5555555555,0.037691102531051186,0.03808054408807917,36.06502662479862,947.0722514200763,1.0,0.0,0.0,0.7634634067919677,0.00038944155702798355
121,1540155.5555555555,0.04485283621234308,0.045078110036809914,35.194223357397135,780.7386629266003,0.96875,0.0,0.0,0.8146008565173669,0.00022527382446683314
121,1590183.3333333335,0.029114329623354685,0.02942210367599645,22.434542786336948,762.5064146803278,0.96875,0.0,0.0,0.6448400154931642,0.0003077740526417662
121,1639030.5555555555,0.035110836246419204,0.12549419093760592,106.87773996550338,851.6548787396989,0.96875,0.0,0.01639344262295082,-0.07347302110353626,0.09038335469118672
121,1692666.6666666667,0.021424402197696982,0.023074972409129167,19.618175639612776,850.1928102783439,0.9841269841269841,0.0,0.0,0.38775395082872127,0.0016505702114321848
121,1747119.4444444445,0.02770568871640532,0.028093142258030085,23.34275728671873,830.9058870068721,0.9841269841269841,0.0,0.0,0.6180227660508538,0.0003874535416247653
122,258.33333333333337,0.03192071467774265,0.03149627200092197,21.498156671971053,682.5619448340346,0.96875,0.0,0.0,0.4707649822011886,0.00042444267682067993
122,43916.666666666664,0.024718652593216973,0.02437179389459194,17.020902558095994,698.3852986658032,0.9841269841269841,0.0,0.0,0.293805983256241,0.0003468586986250313
122,88622.22222222222,0.03449503694681302,0.035858717753764854,25.288217180973465,705.2181105477042,0.9841269841269841,0.0,0.0,0.6101680867288714,0.0013636808069518377
122,133769.44444444444,0.036935471342872866,0.03728433970610918,26.347224627793185,706.6565972596826,0.9841269841269841,0.0,0.0,0.685983226539448,0.00034886836323631126
122,179038.8888888889,0.08429238188819227,0.08513756351920902,62.842035862616086,738.1234940842236,0.984375,0.0,0.0,0.9266080916141898,0.0008451816310167531
122,226216.66666666666,0.026148845627574576,0.025917302179227907,18.65223902654703,719.6828935959372,0.984375,0.0,0.0,0.6582728695405228,0.00023154344834666954
122,272294.44444444444,0.043300309613270284,0.04406068445357846,32.807439551600005,744.5966842881284,1.0,0.0,0.0,0.6804956551629401,0.0007603748403081784
122,319847.22222222225,0.03859070275461482,0.03975587980697446,28.2055531938291,709.4687208728541,0.9841269841269841,0.0,0.0,0.7307523294250358,0.0011651770523596408
122,365261.1111111111,0.040884698941757766,0.040813810642711106,26.700758780786565,654.2089150784803,0.9538461538461539,0.0,0.0,0.6361086670377252,7.088829904666055e-05
122,407152.77777777775,0.04731662040192689,0.04831746685520951,34.17860873312368,707.3758406156717,0.9841269841269841,0.0,0.0,0.7730773837827722,0.0010008464532826195
122,452480.55555555556,0.03741917800253458,0.038604571824109556,28.404701676602347,735.7859531772575,1.0,0.0,0.0,0.7752525252526654,0.0011853938215749746
122,499527.77777777775,0.051424535393601006,0.05188452475285283,38.58639809720561,743.6976300931419,1.0,0.0,0.0,0.831216875464179,0.00045998935925182366
122,547113.888888889,0.02483420946766954,0.024981439199901936,19.253016266605723,770.6928376921254,0.9841269841269841,0.0,0.0,0.5003619292484547,0.00014722973223239497
122,596397.2222222222,0.044476518506244136,0.045302130819813644,32.2900072948792,712.7701657855932,1.0,0.0,0.0,0.7510634750221439,0.000825612313569507
122,642008.3333333334,0.031026450757118833,0.03098370883473512,22.576538758354598,728.658369428148,1.0,0.0,0.0,0.5572995052480388,4.2741922383713465e-05
122,688519.4444444444,0.042416614449839775,0.042724366659867404,29.621501756005106,693.3163454902584,0.96875,0.0,0.0,0.7281590617102692,0.00030775221002762865
122,732922.2222222222,0.032852480203542506,0.03419857029760675,26.187840990363522,765.7583566350485,0.9841269841269841,0.0,0.0,0.6247812421870154,0.0013460900940642437
122,781958.3333333334,0.027645776937124285,0.028339440389523556,21.498920955766522,758.6219297299244,1.0,0.0,0.0,0.42800247697877686,0.0006936634523992714
122,830466.6666666667,0.0415985904682028,0.042484528247483874,32.22181311049458,758.4364106103238,0.984375,0.0,0.0,0.7391644654593096,0.0008859377792810735
122,878975.0,0.03175850924880762,0.03299453347759046,23.64210736652598,716.5461934045363,0.9841269841269841,0.0,0.0,0.6955340531299642,0.0012360242287828421
122,924877.7777777778,0.025715032405319003,0.02689850021431004,20.07206384892055,746.2149818391058,1.0,0.0,0.0,0.48888596537338985,0.001183467808991038
122,972694.4444444445,0.05012869575341876,0.05026527826529083,37.987730526309434,755.744956305966,1.0,0.0,0.0,0.856745706135895,0.0001365825118720687
122,1021105.5555555556,0.030239458527636674,0.030949117537629935,22.432461753189102,724.8174919984153,0.9841269841269841,0.0,0.0,0.5386262568394449,0.0007096590099932611
122,1067550.0,0.0355527456611928,0.03588425735529688,26.434882300808766,736.6707366707343,0.96875,0.0,0.0,0.6908570792555399,0.0003315116941040794
122,1114744.4444444445,0.03698311027331542,0.037596503874091754,28.893346559835365,768.5115258747809,1.0,0.0,0.0,0.7188530127331416,0.0006133936007763352
122,1163944.4444444443,0.04706787246100025,0.04633763192821048,36.25256887108351,782.3569604775778,0.984375,0.0,0.0,0.7740616704700097,0.0007302405327897707
122,1213863.8888888888,0.044966583484342924,0.04565491606491125,34.81542399958431,762.5777681878648,1.0,0.0,0.0,0.7576499757319235,0.0006883325805683224
122,1262611.111111111,0.02832862640826288,0.0287388717379783,21.35049685013461,742.913536926365,0.9841269841269841,0.0,0.0,0.6953266964976144,0.0004102453297154182
122,1310116.6666666665,0.038996466764837916,0.04014230451320742,28.44221253753819,708.5346215780979,1.0,0.0,0.0,0.7104136074392734,0.001145837748369502
122,1355441.6666666665,0.0598643298217573,0.06055700857589646,43.051841906580655,710.930789334211,0.9841269841269841,0.0,0.0,0.858172783797057,0.000692678754139156
122,1400897.222222222,0.030850463709850232,0.031826612831995546,23.686544846914476,744.2370626101375,1.0,0.0,0.0,0.607589232573161,0.0009761491221453138
122,1448530.5555555555,0.03831932146749378,0.03858576101762197,28.017111413822516,726.0997496207787,1.0,0.0,0.0,0.7001622607576311,0.0002664395501281863
122,1495080.5555555555,0.03552788928210729,0.03596138221490415,26.351698563451006,732.777689299428,0.984375,0.0,0.0,0.6754679572214934,0.0004334929327968612
122,1542036.111111111,0.05182601276536375,0.052094714303804614,40.26020104249865,772.8269860107159,1.0,0.0,0.0,0.8197134941834378,0.0002687015384408645
122,1591377.7777777778,0.02558287211440701,0.026147059795496162,18.237214540714483,697.4862444708161,0.9841269841269841,0.0,0.0,0.5122262558549829,0.0005641876810891511
122,1636027.7777777778,0.022892059780201514,0.024224925734560573,17.005450078707586,701.9815154457502,1.0,0.0,0.0,0.46453812316489496,0.0013328659543590596
122,1680980.5555555555,0.0497924249764195,0.05055489863828964,38.07025488135294,753.0477937210028,1.0,0.0,0.0,0.7417774995175916,0.0007624736618701347
122,1729097.2222222222,0.03265806756757148,0.033703318970470124,24.139354687806783,716.2307875066248,0.9841269841269841,0.0,0.0,0.702116053343719,0.001045251402898642
123,194.44444444444446,0.08031506015303791,0.07778168118011913,95.37023211020691,1226.1271634044263,1.0,0.0,0.0,0.3468955893468584,0.002533378972918776
123,78333.33333333333,0.10590882248224824,0.10637692921419509,127.08156803543223,1194.6346728955425,0.984375,0.0,0.0,0.5195731147787636,0.00046810673194684627
123,154763.88888888888,0.10277788436109052,0.10173385039274004,123.30699705843737,1212.0547544638775,0.9841269841269841,0.0,0.0,0.4454708865879327,0.001044033968350483
123,232016.6666666667,0.0932622060709735,0.09442305403862877,114.50157809841272,1212.6442981982955,1.0,0.0,0.0,0.5148256434470908,0.001160847967655268
123,309619.4444444445,0.09610071454632889,0.09414849836133701,113.50841182305969,1205.6316754773968,1.0,0.0,0.0,0.5104246791976845,0.0019522161849918757
123,386375.0,0.1287769176652814,0.12927674502373393,145.37648134973776,1124.536987089581,0.9841269841269841,0.016129032258064516,0.0,0.5393127417760443,0.0004998273584525259
123,458233.3333333334,0.10880695095833819,0.10885151017001378,128.8820680128759,1184.017270973794,0.984375,0.0,0.0,0.7516125597376688,4.455921167559329e-05
123,533961.1111111111,0.13314363105159377,0.16420517330213122,188.12315788881648,1145.6591415830553,0.9692307692307692,0.015625,0.0,0.6952283888237136,0.03106154225053745
123,608552.7777777778,0.0860444017867581,0.08739954213118338,104.4315672375454,1194.8754500429486,0.9841269841269841,0.0,0.0,0.5318371695427306,0.0013551403444252846
123,685100.0,0.06148129929743493,0.057070776016758494,69.13471752164959,1211.385622325314,1.0,0.0,0.0,-0.07968038023454502,0.004410523280676433
123,762205.5555555555,0.1044281462419517,0.10520294761921847,127.87642066852175,1215.5212716222534,1.0,0.0,0.0,0.5971204954178618,0.0007748013772667789
123,839961.1111111111,0.0696338690013899,0.06996325286170552,84.4223994025889,1206.6677284068594,0.984375,0.0,0.0,0.303155597393719,0.00032938386031561295
123,917072.2222222222,0.05817369556911299,0.05970995780454231,71.93453398252838,1204.7326212824105,1.0,0.0,0.0,-0.008917962610607125,0.0015362622354293184
123,994191.6666666667,0.09080015764766346,0.0913643788742832,108.37753217420914,1186.2121048656822,1.0,0.0,0.0,0.6794514075812126,0.0005642212266197405
123,1070075.0,0.09025373320475705,0.08944050497495744,107.90914386920426,1206.4907717081637,0.984375,0.0,0.0,0.478549264643526,0.0008132282297996091
123,1147450.0,0.08056328413278738,0.08123850704876322,96.52678364768325,1188.1900240946486,1.0,0.0,0.0,0.4554868472491156,0.0006752229159758399
123,1223397.222222222,0.06352957582821694,0.06410376045702428,77.91948442649036,1215.5212716222516,1.0,0.0,0.0,0.05515347530750729,0.000574184628807331
123,1301116.6666666665,0.12426855741003945,0.12570538883627308,147.9738307097311,1177.1478699490115,0.9841269841269841,0.0,0.0,0.7232167844756192,0.0014368314262336312
123,1376413.8888888888,0.10130199724212093,0.10204427192518477,120.66082860071504,1182.4360772467392,1.0,0.0,0.0,0.6125365476742031,0.0007422746830638427
123,1451841.6666666667,0.1501276238182571,0.15086620709112697,171.06525369810595,1133.887150717445,0.953125,0.016129032258064516,0.0,0.7266531020981434,0.0007385832728698805
123,1524166.6666666667,0.09696486780131128,0.0964581117228828,117.66314775560771,1219.8367317581901,1.0,0.0,0.0,0.5620729766580148,0.000506756078428483
123,1602327.7777777778,0.13914992140516025,0.13866979523771797,163.96816871349577,1182.4360772467392,0.9841269841269841,0.016129032258064516,0.0,0.5965973162596078,0.00048012616744227965
123,1678341.6666666667,0.07638285540975359,0.07674642698321132,91.90123540468065,1197.4659800746751,0.984375,0.0,0.0,0.5075131852549883,0.0003635715734577327
124,675.0,0.0282747951859484,0.028604135807294786,34.79465219843011,1216.4203258172402,0.9841269841269841,0.0,0.0,0.14582149446053058,0.00032934062134638495
124,78550.0,0.026083586178955318,0.026007053301167878,31.59356955504547,1214.8077365468669,0.984375,0.0,0.0,0.04593358329411725,7.653287778744064e-05
124,156319.44444444447,0.024444238865086128,0.024415889376793978,29.574200206004992,1211.2686025729506,0.984375,0.0,0.0,0.19995334183346125,2.83494882921502e-05
124,233877.77777777775,0.09977218826349912,0.10124902919274256,112.2015620014515,1108.1742007408207,1.0,0.0,0.0,0.8411114777739466,0.0014768409292434392
124,304144.44444444444,0.03246141569730246,0.044937570609687706,47.616985579690315,1059.6252742115298,1.0,0.0,0.0,-0.04784476370386507,0.012476154912385247
124,372063.8888888889,0.028772676578152665,0.02981175603293875,33.18592137665259,1113.1823747646986,0.9841269841269841,0.0,0.0,0.1705004973835609,0.0010390794547860856
124,443313.8888888889,0.04541075086655161,0.04585978653264772,52.61760327721959,1147.358225048888,0.9841269841269841,0.0,0.0,0.14556971696930335,0.00044903566609610923
124,516850.0,0.05418817381125717,0.11080824262951196,120.11560999920795,1083.9952619843925,0.9692307692307692,0.015625,0.0,0.5853495883566803,0.056620068818254786
124,587316.6666666667,0.07500045491811962,0.12992172210435807,139.89730831254397,1076.781511564118,0.9538461538461539,0.015873015873015872,0.0,-0.02011382174004851,0.05492126718623845
124,657341.6666666667,0.033116372524743476,0.03408394142654823,38.15343334568926,1119.3961657254602,0.9841269841269841,0.0,0.0,0.3503021857411428,0.0009675689018047509
124,729016.6666666666,0.025197888834568728,0.024897667124667185,28.148713570720503,1130.5763479676523,0.984375,0.0,0.0,0.01113444065849187,0.0003002217099015436
124,801394.4444444444,0.07417902395427023,0.07516454113264084,85.82278494484662,1141.7988276333313,0.96875,0.0,0.0,-0.4181965557776751,0.0009855171783706151
124,874494.4444444444,0.036837508687111796,0.03696116028010528,42.594324492968454,1152.407667134175,0.984375,0.0,0.0,0.16615891868910523,0.0001236515929934831
124,948277.7777777779,0.06548382907032121,0.07822372980762897,90.59410709485994,1158.140979951387,0.9841269841269841,0.0,0.0,-0.4171754502747222,0.012739900737307755
124,1022425.0,0.1408808722197499,0.16839017057882444,191.2420793783328,1135.7080922298326,0.96875,0.015873015873015872,0.0,-0.2939455557024253,0.027509298359074535
124,1096330.5555555555,0.030318471274660412,0.0295944329600948,34.663598428823136,1171.2878052288959,1.0,0.0,0.0,0.23661913180902552,0.0007240383145656129
124,1171191.6666666665,0.05879704475753155,0.059225673720217246,68.5396547745744,1157.2625597871036,1.0,0.0,0.0,-0.17425655171461982,0.0004286289626856954
124,1245302.7777777778,0.029573960409073688,0.03024920807965971,34.88661499315586,1153.3067213291595,0.9841269841269841,0.0,0.0,0.22830097307212602,0.0006752476705860211
124,1318961.1111111112,0.03870661763507775,0.03863878093924565,42.082046993384935,1089.1142518070992,1.0,0.0,0.0,0.43541682754119393,6.783669583210195e-05
124,1388663.8888888888,0.09942312005116496,0.1092493929713319,115.72412953467,1059.2656525335306,0.96875,0.0,0.0,-0.5041826050648194,0.00982627292016694
124,1456461.1111111112,0.04086184396683697,0.04153246861358929,42.942827787369374,1033.957990479733,0.984375,0.0,0.0,0.49798013161644267,0.00067062464675232
124,1522666.6666666667,0.06343158072543742,0.07721622404693601,83.27447376518639,1078.4582488075027,0.9841269841269841,0.0,0.0,-0.2337289767762099,0.01378464332149859
124,1591725.0,0.03460982137333165,0.03386770621612566,35.18675270916928,1038.9470277268313,0.984375,0.0,0.0,0.23828637380270618,0.0007421151572059859
124,1658125.0,0.08875869050619475,0.08948953960985111,86.4096859972131,965.5842054159035,1.0,0.0,0.0,-0.3408943643933698,0.000730849103656353
124,1719941.6666666665,0.05406209015366852,0.10749104857072453,110.19105714163773,1025.1184503901895,0.9692307692307692,0.03125,0.0,0.551487161757238,0.053428958417056006
200,625.0,0.28449980774838934,0.31497186281777617,216.49746441830806,687.3549353948499,0.9841269841269841,0.0,0.04918032786885246,-0.5862991721388324,0.030472055069386828
200,44986.11111111112,0.25748072554582796,0.3026833934149086,213.07683051378555,703.9594346747222,0.96875,0.0,0.0,-0.8027252000787551,0.045202667869080615
200,89683.33333333334,0.25514241250295683,0.29716673808427296,218.54424403291918,735.4263314992629,0.96875,0.0,0.0,-0.7003468174735938,0.042024325581316135
200,136869.44444444444,0.10743354418046404,0.1077972627718516,76.42762741565264,708.9941381666482,1.0,0.0,0.0,-0.14440070349292086,0.0003637185913875629
200,182327.77777777778,0.22189894524511036,0.27071806825511047,189.79568959734524,701.0824612507643,0.9841269841269841,0.0,0.0,-0.8792542694652992,0.048819123010000104
200,227672.22222222222,0.16540734648693953,0.181757062708409,119.5176715080109,657.5682382133997,0.96875,0.0,0.016129032258064516,-0.5551266701996159,0.016349716221469468
200,269647.22222222225,0.10997100368898742,0.13857899086578676,86.31913217737588,622.8875794093178,0.9538461538461539,0.0,0.0,-0.44633392780041625,0.02860798717679934
200,309663.8888888889,0.10556503199472521,0.15001549915700688,92.36038931089142,615.6723127270112,0.96875,0.0,0.0,-0.6250969292803004,0.04445046716228167
200,349122.2222222222,0.10999286421509946,0.13303653231477902,87.28922688830659,656.12975150142,1.0,0.0,0.0,-0.5133821835135264,0.02304366809967956
200,391116.6666666667,0.2477376681088136,0.2753563827827219,193.69118737116685,703.4200021577295,1.0,0.0,0.03225806451612903,-0.6231084803554515,0.027618714673908307
200,436175.0,0.23637215351261126,0.2689589271538947,189.48125950101783,704.4988671917151,0.96875,0.0,0.016129032258064516,-0.7083964788426004,0.03258677364128343
200,481761.1111111111,0.23066402346147966,0.26664667311370976,192.21536169181508,720.861653540474,0.984375,0.0,0.0,-0.7099354291273099,0.03598264965223011
200,528000.0,0.1202742165989517,0.1520483227884978,110.15303808039316,724.4607244607242,0.984375,0.0,0.0,-0.6326068104230009,0.03177410618954611
200,574158.3333333333,0.23639917361324336,0.28770942767847235,201.96500387685978,701.9756200084078,0.9393939393939394,0.0,0.0,-0.7836869764219224,0.05131025406522899
200,619080.5555555555,0.19465578675028308,0.20894388886181017,139.57692846584422,668.011537576754,0.9393939393939394,0.0,0.0,-0.42527895579985,0.01428810211152709
200,662538.8888888889,0.15057184776768515,0.19385239380169605,124.33406852422947,641.3852627036357,1.0,0.0,0.0,-0.5258918384088382,0.04328054603401091
200,703513.8888888889,0.1432932352768839,0.18448493534975752,123.19899734415483,667.7997697242154,0.9841269841269841,0.0,0.0,-0.6175948161494167,0.04119170007287362
200,746400.0,0.12778098585133002,0.15453786138091707,107.3238432749393,694.4825191439595,0.9841269841269841,0.0,0.0,-0.5178545865749644,0.026756875529587054
200,790611.1111111111,0.17528924640904978,0.21360245604709302,141.2263514376166,661.1644549933469,0.96875,0.0,0.0,-0.5966444552504054,0.038313209638043244
200,832980.5555555556,0.07613909776273332,0.09614931082079606,57.57133186486346,598.7700938612594,1.0,0.0,0.0,-0.0800835396234575,0.020010213058062734
200,871369.4444444444,0.07218772944145405,0.08573582266757258,52.69071722752735,614.570614570615,0.984375,0.0,0.0,0.07498778425019578,0.013548093226118538
200,910680.5555555555,0.14386605638004857,0.1698770374389484,110.18396583709404,648.6101211689233,0.9841269841269841,0.0,0.0,-0.5319252622399906,0.026010981058899818
200,952316.6666666667,0.19045318222248064,0.24571016826278289,165.37079868515053,673.0319703671736,0.9538461538461539,0.0,0.0,-0.772291442319387,0.05525698604030224
200,995608.3333333334,0.2530266697744184,0.29463505437472265,202.84194123025324,688.4514867408644,0.9841269841269841,0.0,0.01639344262295082,-0.7161813183252465,0.04160838460030425
200,1039869.4444444445,0.2515961237106927,0.2925012129967592,213.82076248688094,731.0081223124705,0.96875,0.0,0.015873015873015872,-0.7055613817195954,0.04090508928606651
200,1086902.7777777778,0.31203854958703836,0.3303810853518314,244.2778838002537,739.3821699572051,0.953125,0.0,0.04838709677419355,-0.6678267168546963,0.018342535764793055
200,1133744.4444444445,0.2747174103406513,0.29207343950466585,208.08119966834613,712.4276689494118,0.9538461538461539,0.0,0.0,-0.7287785181181212,0.017356029164014575
200,1180069.4444444443,0.24671754366447798,0.2990870447425599,209.25444871674475,699.6439745387873,0.984375,0.0,0.06451612903225806,-0.8069409920953567,0.05236950107808194
200,1224838.888888889,0.22708954172445706,0.29289036236850674,202.86504762172865,692.6313518178837,0.96875,0.0,0.0,-0.883108871946577,0.06580082064404968
200,1269236.111111111,0.24251642969175505,0.29493850405175825,204.22472905355252,692.4315619967797,0.984375,0.0,0.015873015873015872,-0.7396137432772678,0.05242207436000321
200,1313694.4444444443,0.2260314417906645,0.2807416621547821,200.15476147080162,712.9499766245942,1.0,0.0,0.0,-0.7872344408699877,0.05471022036411757
200,1359386.1111111112,0.22100830517080394,0.2779937945313404,189.39808096508938,681.3032689610526,1.0,0.0,0.0,-0.8380206674904705,0.056985489360536434
200,1403044.4444444445,0.19856823306259166,0.254062818495302,170.85534958327523,672.4925378501798,0.96875,0.0,0.0,-0.7741171436179055,0.055494585432710325
200,1445908.3333333333,0.1874768905202283,0.25393480097001314,171.29472565753227,674.561836357988,0.9841269841269841,0.0,0.0,-0.850508927528019,0.06645791044978483
200,1489100.0,0.24337203715699704,0.2740242815630922,197.716955171352,721.5307856790386,0.9841269841269841,0.0,0.01639344262295082,-0.5657229082014608,0.03065224440609518
200,1535150.0,0.2542611503300917,0.30215756270872624,228.06636584371276,754.792843174884,0.9841269841269841,0.0,0.0,-0.6889270008952715,0.04789641237863451
200,1583311.1111111112,0.2266426014075771,0.26173627264964544,196.93481632739233,752.4169819251803,0.9841269841269841,0.0,0.0,-0.6856137055001833,0.03509367124206833
200,1631522.222222222,0.23809923356111726,0.27603878666568743,204.25947006616497,739.9665551839462,0.9692307692307692,0.0,0.0,-0.5146350004730306,0.03793955310457017
200,1679375.0,0.21922022084766474,0.24781118179022574,187.6385238462693,757.1834430179462,0.9841269841269841,0.0,0.0,-0.5408232459358621,0.028590960942561
200,1727758.3333333335,0.21595981130131658,0.2573831805739318,195.58048712652268,759.880605602911,1.0,0.0,0.0,-0.7499472624880403,0.041423369272615196
201,441.66666666666663,0.18292526427353192,0.18277317314338482,125.37843987880986,685.9783507749847,0.9841269841269841,0.0,0.0,0.0608675852634508,0.0001520911301471084
201,44152.77777777778,0.21717671150306386,0.2187080518446589,141.25927324522868,645.8805336785701,1.0,0.0,0.0,0.06094698710743984,0.00153134034159505
201,85500.0,0.25545338587465327,0.25554520209484244,173.6916921035355,679.6906796906795,0.984375,0.0,0.0,0.2034707065240299,9.181622018916702e-05
201,129055.55555555555,0.2162299272996549,0.21868486348078517,148.15592757703644,677.4859732806985,0.9841269841269841,0.0,0.0,-0.040560103456577824,0.0024549361811302683
201,172425.0,0.26819084773329555,0.26772743622926454,182.9331207378008,683.2811881900242,1.0,0.0,0.03225806451612903,-0.026086896472726342,0.0004634115040310083
201,215925.0,0.1935009426939622,0.1957683748417357,132.35679674271344,676.0887546301294,1.0,0.0,0.0,0.29273251986235954,0.0022674321477735015
201,258997.22222222222,0.23009829667566278,0.2233808395722772,160.986515087152,720.6818427014781,0.96875,0.0,0.0,0.10656182137164638,0.006717457103385588
201,304477.77777777775,0.27428989097777623,0.27336054416865363,193.5652574776417,708.0950839716609,1.0,0.0,0.03225806451612903,0.07981023855758727,0.0009293468091225998
201,350033.3333333334,0.36140796462290414,0.3649779414020303,317.1686792897244,869.0078037904129,0.9841269841269841,0.0,0.16129032258064516,0.41997803077529416,0.0035699767791261827
201,410252.7777777778,0.3407916026577612,0.3425934284544585,387.81302079651243,1131.992001557219,0.890625,0.15873015873015872,0.0,0.47847685589644423,0.0018018257966972984
201,482061.1111111111,0.4685750195997347,0.47212004725106005,325.20431640792646,688.8170038562079,0.9841269841269841,0.0,0.11290322580645161,0.26838187645289907,0.003545027651325361
201,527788.8888888889,0.2829356729022681,0.28470443655633937,355.4838003824976,1248.6064659977712,0.96875,0.015873015873015872,0.0,0.3289181472081691,0.0017687636540712481
201,608541.6666666666,0.17611409151207574,0.23277386788688773,260.0216450642827,1117.0568561872915,0.9104477611940298,0.06153846153846154,0.0,-0.06369527004517714,0.05665977637481198
201,684047.2222222222,0.20708755709780047,0.2586480254510564,279.5199739931578,1080.696338221422,0.8955223880597015,0.09230769230769231,0.0,-0.14538930807954903,0.05156046835325595
201,756636.111111111,0.23414843140243347,0.2523178818802614,281.97138056709133,1117.5243643686822,0.9375,0.08064516129032258,0.0,-0.16358998641102301,0.01816945047782792
201,829600.0,0.17141176836149477,0.26018476220851355,277.8872760116941,1068.0382419512855,0.9117647058823529,0.07575757575757576,0.0,-0.028861157869158955,0.08877299384701878
201,903075.0,0.19253657390306014,0.2430124826395814,266.20713945956675,1095.4463596604048,0.9545454545454546,0.06153846153846154,0.0,-0.017930505592699316,0.05047590873652125
201,976897.2222222222,0.17641137539072088,0.2394882212567164,252.24203185618663,1053.254437869823,0.9393939393939394,0.07692307692307693,0.0,-0.11356047198550852,0.06307684586599552
201,1047483.3333333334,0.23979273506883286,0.23937393607353855,253.7327567075752,1059.9848958895234,0.9523809523809523,0.0967741935483871,0.0,0.07172511068747761,0.0004187989952943172
201,1115280.5555555555,0.2711255725009228,0.2750910426315884,297.9310851535713,1083.0272127492392,0.9841269841269841,0.0967741935483871,0.016129032258064516,0.14987660179051715,0.003965470130665616
201,1185597.2222222222,0.2632845086347582,0.2773962267670312,288.85776261380204,1041.3182831661106,0.8636363636363636,0.125,0.0,0.04772139928649595,0.014111718132272966
201,1253108.3333333333,0.22816842478374824,0.2306501806907767,260.27785780911444,1128.452867583305,0.890625,0.07936507936507936,0.0,-0.24600841825008446,0.0024817559070284545
201,1325377.7777777778,0.0982489104122154,0.18745515266849638,209.62311901185086,1118.2574393276734,0.9545454545454546,0.046153846153846156,0.0,0.1295570781771525,0.08920624225628099
201,1400400.0,0.22646218782954008,0.24467590795700267,261.4645450765042,1068.6158161614007,0.96875,0.14285714285714285,0.015873015873015872,0.00579815939391887,0.018213720127462585
201,1470722.2222222222,0.5135770024915289,0.5082662670997852,506.7282739360819,996.9740404523022,0.8939393939393939,0.23076923076923078,0.1076923076923077,-0.32116005555574373,0.005310735391743759
201,1538877.7777777778,0.5482483608357154,0.5394944027598476,495.28833965745747,918.0602006689063,0.984375,0.12698412698412698,0.14285714285714285,0.08305478967555642,0.008753958075867763
201,1601502.7777777778,0.271470113165032,0.27434550049520934,171.8667464532862,626.4609630668514,1.0,0.0,0.03225806451612903,0.12638473506237577,0.002875387330177337
201,1641652.7777777778,0.18153299038750703,0.18445312494193222,121.39110384631739,658.1135661677328,0.9841269841269841,0.0,0.0,-0.16652624858575785,0.002920134554425191
201,1683877.7777777778,0.1968830474044212,0.19728692312685622,126.11123309166231,639.2275326356645,0.9841269841269841,0.0,0.0,0.0868304259536231,0.00040387572243502645
201,1724925.0,0.22165416024682122,0.22026363121474105,144.99679107368038,658.2874815693883,1.0,0.0,0.016129032258064516,-0.013231565082657737,0.0013905290320801733
202,966.6666666666666,0.07807042675183264,0.07821975473392188,88.40572162686186,1130.2224345702607,0.984375,0.0,0.0,-0.43627006227768655,0.0001493279820892479
202,73261.11111111111,0.034370244705569264,0.03445050016226595,38.90192056299317,1129.2120689035137,1.0,0.0,0.0,0.4079035480228795,8.025545669668871e-05
202,145444.44444444447,0.03587890245024169,0.036081025403370694,41.130747225940794,1139.9550529985313,0.984375,0.0,0.0,0.3863966391050102,0.0002021229531290053
202,218380.55555555556,0.12948834083337712,0.12990600808815023,145.85719971674766,1122.7902532250353,0.984375,0.0,0.0,-0.44882987519950185,0.00041766725477310196
202,290252.7777777778,0.08107195003744966,0.08159505871523395,93.34679170320608,1144.0250570685362,0.984375,0.0,0.0,-0.41706156192810184,0.0005231086777842953
202,363508.3333333333,0.09650323807234086,0.09749135232380442,110.6669017190235,1135.1458265904269,1.0,0.0,0.0,-0.18661054674296543,0.0009881142514635566
202,436166.6666666667,0.07201268174124559,0.07225573601389501,80.65659890931428,1116.265688495703,0.96875,0.0,0.0,-0.2701048284439808,0.00024305427264942336
202,507644.44444444444,0.04462970697530097,0.0451988910980035,50.00697251160061,1106.3760923508473,1.0,0.0,0.0,0.6318826099287979,0.000569184122702529
202,578411.1111111111,0.11105796753049266,0.16058133630441596,146.65690256480835,913.2873467112586,0.9692307692307692,0.03125,0.0,0.09828009833505427,0.0495233687739233
202,638730.5555555556,0.10010438094914785,0.10216523742069446,93.46988660343179,914.8893396933335,0.9841269841269841,0.0,0.0,-0.25868604214461516,0.002060856471546607
202,697388.8888888889,0.20612577810363664,0.2081825025976688,209.9643357914053,1008.5589959362725,0.9841269841269841,0.0967741935483871,0.0,-0.07192549689201667,0.0020567244940321583
202,761497.2222222222,0.2268911425070531,0.2290921993834323,237.39473481807497,1036.241021985854,0.9523809523809523,0.13114754098360656,0.0,-0.2904615083357118,0.0022010568763791982
202,828147.2222222222,0.08067821417381033,0.08042978745947632,86.874120413758,1080.1237098572292,1.0,0.016129032258064516,0.0,-0.10903806185009797,0.00024842671433400465
202,897311.1111111111,0.03330911223657496,0.03379339761654387,37.26060239951215,1102.6000647319015,1.0,0.0,0.0,0.3244986592227536,0.00048428537996890453
202,967805.5555555555,0.04658148982284862,0.04580450274236473,50.093050498073865,1093.6272090940668,0.9841269841269841,0.0,0.0,0.60779216515193,0.0007769870804838902
202,1037972.2222222221,0.03401612297262276,0.03346658348949471,38.92218901896133,1163.0165066350187,0.96875,0.0,0.0,0.2755216569875599,0.0005495394831280531
202,1112369.4444444445,0.44907790815256937,0.45088396138706205,337.34817911525147,748.1929010680741,1.0,0.0,0.3064516129032258,0.057186932944926334,0.0018060532344926772
202,1160452.7777777778,0.3972214263724689,0.397615391564081,244.51480547149202,614.9530693710211,1.0,0.0,0.14516129032258066,-0.23098092777156595,0.0003939651916121112
202,1199752.7777777778,0.13516694446133423,0.13568319962472647,69.38594953298127,511.3820261085338,1.0,0.0,0.0,0.26473657880981016,0.0005162551633922374
202,1232686.1111111112,0.19963096854943765,0.1996402708063734,100.72834176334794,504.5492142266331,1.0,0.0,0.03225806451612903,0.2848106926192423,9.302256935739273e-06
202,1264875.0,0.4971706630145922,0.4863510955412929,263.54350536029585,541.8791234899564,0.9841269841269841,0.0,0.13114754098360656,0.340671664005518,0.010819567473299263
202,1300119.4444444445,0.33351500048980687,0.3242263453401539,206.38564994786785,636.548056362735,0.9682539682539683,0.0,0.03278688524590164,-0.0244972688747401,0.009288655149652991
202,1340491.6666666665,0.21883364415935408,0.21932633605738427,149.35210778182605,680.9583858764219,0.9841269841269841,0.0,0.0,0.0625203082491223,0.0004926918980301953
202,1383813.8888888888,0.23859464905809938,0.23710966446024195,151.26858156308447,637.9688567626853,0.96875,0.0,0.016129032258064516,0.18617062280931906,0.001484984597857425
202,1424575.0,0.1979006576498867,0.1958182368656003,129.22158616477032,659.9057791203659,0.96875,0.0,0.0,0.12876905492931992,0.002082420784286415
202,1466597.2222222222,0.24511157116625065,0.24537666906297045,165.60786675269833,674.9128488258954,0.984375,0.0,0.0,0.13520907482826316,0.00026509789671980144
202,1509636.1111111112,0.22231933839651485,0.22319987460054755,125.10810450132071,560.5204963722404,0.9841269841269841,0.0,0.0,0.5101821142706442,0.0008805362040326947
202,1545347.2222222222,0.03798733585318135,0.038214843725561574,17.047941291454876,446.10783741218484,0.984375,0.0,0.0,0.6345504846724248,0.0002275078723802254
202,1573897.222222222,0.22300464490806676,0.2244900697902411,151.7752117113158,676.0887546301332,1.0,0.0,0.0,-0.060651607528112425,0.0014854248821743465
202,1617219.4444444445,0.24361857948352708,0.2450085711857576,160.8014681245753,656.3095623404163,1.0,0.0,0.0,0.2260853130775482,0.0013899917022305308
202,1659477.777777778,0.22507284706955252,0.22658634605541367,151.85264743776165,670.1756309739192,0.9682539682539683,0.0,0.0,-0.11928449053195972,0.0015134989858611447
202,1702752.7777777778,0.22344872310567326,0.2255033355666604,152.6224610840633,676.8079979861185,1.0,0.0,0.0,0.02402088815608371,0.0020546124609871486
202,1745858.3333333333,0.22684829989311472,0.22673751487521654,153.62084296217057,677.5272413421077,1.0,0.0,0.0,0.06925824455204377,0.00011078501789818507
203,275.0,0.2882397018559086,0.2657965435186118,164.07938092611997,617.31194376736,0.921875,0.0,0.0,0.1797993651521837,0.022443158337296765
203,38930.555555555555,0.38098939853803043,0.38782487098541274,223.11149018939378,575.2892784377041,0.8484848484848485,0.0,0.06896551724137931,0.09314463072089862,0.006835472447382307
203,73469.44444444445,0.32864251518292736,0.3489392085553782,226.96785654286174,650.4509982770851,0.8870967741935484,0.01818181818181818,0.03636363636363636,0.059609593531633455,0.020296693372450825
203,110152.77777777777,0.41328565112231946,0.4060118170570166,243.30879765519992,599.2653105981688,0.9384615384615385,0.0,0.04918032786885246,-0.006038237292251454,0.007273834065302853
203,147694.44444444447,0.27505304284259285,0.26729375718384,170.04762117019334,636.1825392474001,0.9230769230769231,0.01639344262295082,0.0,0.2986865478529912,0.007759285658752835
203,187475.0,0.29460039491279877,0.27793901878780936,179.01563730318517,644.0824252885969,0.8805970149253731,0.0,0.016129032258064516,-0.321492021323399,0.016661376124989413
203,228141.6666666667,0.3027126940865105,0.3211085200811606,211.75457458633272,659.4486329195236,0.9076923076923077,0.01694915254237288,0.03389830508474576,-0.0006466589352425235,0.01839582599465006
203,268741.6666666667,0.3709352623609209,0.4256968953641833,282.23988014301506,663.0066679287362,0.8,0.018867924528301886,0.05660377358490566,0.06517384465729033,0.05476163300326242
203,305980.55555555556,0.31232965404227636,0.3643200730346126,238.7045012939728,655.2054606974523,0.9047619047619048,0.0,0.017543859649122806,-0.028777770504871764,0.05199041899233625
203,344150.0,0.3404300727125266,0.3363772080152268,231.33772542161287,687.7330565486496,0.9354838709677419,0.034482758620689655,0.017241379310344827,-0.06457652152532967,0.004052864697299818
203,384733.3333333334,0.2955699125006875,0.29185572464675885,183.12835045189615,627.461910070606,0.9076923076923077,0.0,0.0,0.3746608689947754,0.00371418785392863
203,423697.2222222222,0.31426055474836023,0.3013355247499368,207.29632166225034,687.925268135163,0.890625,0.0,0.017241379310344827,-0.14060178796365494,0.012925029998423432
203,464052.7777777778,0.3139745728710368,0.3230934416529539,189.46170603060602,586.399108138238,0.9230769230769231,0.0,0.016666666666666666,0.0015633435834962312,0.009118868781917089
203,500555.55555555556,0.36839224855498626,0.3543057867673498,235.69990543224554,665.2443009264615,0.8382352941176471,0.0,0.034482758620689655,0.06955402086660134,0.01408646178763645
203,540013.8888888889,0.3672017786350842,0.3715503075223468,215.59190893922593,580.2495774445274,0.953125,0.0,0.016129032258064516,-0.13079647734074784,0.004348528887262615
203,577197.2222222222,0.3103353185963059,0.3144365227797572,200.4856469443972,637.6029259324454,0.875,0.017543859649122806,0.0,-0.20267952069811823,0.004101204183451279
203,615083.3333333334,0.321088818800296,0.3530573023930996,219.03377010911854,620.3915586066616,0.8769230769230769,0.0,0.03508771929824561,-0.12487421970369172,0.03196848359280363
203,650841.6666666667,0.2711667211058328,0.26383447918089237,171.9413333890561,651.7015286359455,0.921875,0.03389830508474576,0.0,0.051252508062362805,0.007332241924940419
203,690072.2222222222,0.28030814262639325,0.3573393931138318,210.5575384173324,589.2368501064155,0.8888888888888888,0.0,0.01818181818181818,0.022432112672685328,0.07703125048743853
203,724572.2222222222,0.2884749896066374,0.29350720326234464,174.7300407381187,595.31772575251,0.8888888888888888,0.0,0.01818181818181818,0.10104936224102354,0.005032213655707218
203,758458.3333333334,0.28873649750913755,0.3717130251610384,207.7253086792303,558.8324718759501,0.875,0.0,0.01818181818181818,0.14978781772022007,0.08297652765190083
203,791686.1111111111,0.33208121378231825,0.3506472534033707,209.8837213540395,598.5608594304247,0.873015873015873,0.0,0.01818181818181818,0.009022391724144874,0.018566039621052466
203,825263.8888888889,0.344559263672879,0.31104647739224706,190.89307224574358,613.7123745819398,0.9090909090909091,0.0,0.0,0.16301358182759804,0.03351278628063192
203,863188.8888888889,0.3135982976094233,0.30281322063959826,168.90664310944095,557.7915084178903,0.921875,0.0,0.0,-0.09859694292023707,0.010785076969825058
203,897341.6666666667,0.2823944568855232,0.3663650638829601,216.4018093801429,590.6726124117423,0.90625,0.0,0.016666666666666666,-0.024157738311653403,0.08397060699743686
203,933830.5555555555,0.30337944006467094,0.3011196901869328,192.0623789228936,637.8273662664263,0.96875,0.0,0.0,0.17204997275914172,0.0022597498777381375
203,973766.6666666666,0.3547897968847444,0.3342114559665062,233.5937448028468,698.9399693894902,0.9076923076923077,0.01694915254237288,0.01694915254237288,0.01063261759781696,0.02057834091823818
203,1015952.7777777778,0.3437427433542175,0.3673233108843069,237.02532106454734,645.2771006934581,0.8529411764705882,0.0,0.03389830508474576,-0.18035999779450682,0.023580567530089414
203,1055072.2222222222,0.36682132345082297,0.4025545710581072,293.22885322137546,728.4201305940431,0.875,0.03571428571428571,0.05357142857142857,-0.1722029792266648,0.035733247607284246
203,1097166.6666666667,0.3291368692410481,0.2910327264370149,200.6962423112396,689.6002548176455,0.8636363636363636,0.0,0.017857142857142856,0.050201621674801286,0.038104142804033236
203,1136486.111111111,0.41155353329078115,0.4951815641575698,351.2788926906696,709.3941255431927,0.7352941176470589,0.08,0.1,-0.21130329760494238,0.08362803086678866
203,1174286.111111111,0.3009454714973743,0.28985308753926187,185.94018332214605,641.4980254331762,0.9523809523809523,0.0,0.0,0.06690377172183401,0.011092383958112406
203,1213569.4444444443,0.33893740099253367,0.33121051241612587,221.24283547726296,667.9825282818866,0.9682539682539683,0.01639344262295082,0.0,0.09242853467491581,0.007726888576407798
203,1255677.7777777778,0.354067254409116,0.34026662863426915,202.66625412926078,595.6101394447758,0.9242424242424242,0.0,0.03278688524590164,0.1128496863603614,0.013800625774846864
203,1293377.7777777778,0.31197129425124925,0.3015086695762185,227.27994657575567,753.8089929394268,0.9523809523809523,0.03333333333333333,0.0,-0.07977866072760686,0.01046262467503073
203,1339027.7777777778,0.26229000156423576,0.2663885873125879,179.19223669154994,672.6723486891752,0.96875,0.0,0.0,-0.10642485864287618,0.004098585748352146
203,1381302.7777777778,0.2610821045879137,0.23138187985627182,143.9795458265801,622.2593831289482,0.8787878787878788,0.0,0.0,-0.0720947884048709,0.029700224731641883
203,1419016.6666666667,0.29441886080347357,0.31959603264287195,207.01930381087885,647.7530465536462,0.8507462686567164,0.017241379310344827,0.017241379310344827,0.13656117594422015,0.025177171839398382
203,1457294.4444444445,0.3166132468671571,0.331468214896961,244.35996707818845,737.2048241613433,0.8253968253968254,0.01818181818181818,0.03636363636363636,0.20396930821290002,0.014854968029803906
203,1499530.5555555555,0.32098656296138856,0.309329812265119,210.7148069556713,681.197862607154,0.9206349206349206,0.0,0.017241379310344827,-0.14180003716088402,0.011656750696269536
203,1539436.1111111112,0.29909756173167307,0.31196674343683684,200.17823276253006,641.6652959774851,0.953125,0.01639344262295082,0.01639344262295082,-0.33254405822435446,0.012869181705163768
203,1580330.5555555555,0.3826561980444006,0.3933751267662911,263.4780113279709,669.7881828316673,0.8095238095238095,0.0,0.0784313725490196,-0.04207412480223823,0.010718928721890508
203,1617280.5555555555,0.25610323646783695,0.2651596762636324,177.364331948918,668.8963210702341,0.96875,0.016129032258064516,0.0,-0.060038860103807684,0.009056439795795457
203,1660113.8888888888,0.308123211074015,0.3339400061268039,222.17460990519646,665.3129479216461,0.859375,0.017857142857142856,0.017857142857142856,-0.03107212576244066,0.025816795052788888
203,1698516.6666666667,0.34216426494490887,0.3482708784626712,238.32806491602014,684.3180973615769,0.9365079365079365,0.06666666666666667,0.016666666666666666,0.16392311982592403,0.006106613517762316
203,1741472.2222222222,0.29985193512719277,0.3041601087802381,193.9899855869938,637.78904592369,0.96875,0.016129032258064516,0.0,0.22285527154259466,0.004308173653045311
205,636.1111111111111,0.018313445838986583,0.019486943100428554,13.0276217375528,668.5308039548952,0.9841269841269841,0.0,0.0,0.05981080956972287,0.0011734972614419713
205,43444.444444444445,0.0158650963879011,0.0174506790224868,11.69431110016767,670.1350179611051,0.984375,0.0,0.0,0.10568222946076582,0.001585582634585702
205,86352.77777777778,0.015692058373647087,0.01692666039533248,11.202369428702989,661.8180531224008,0.984375,0.0,0.0,0.10486895907798294,0.0012346020216853944
205,128722.22222222223,0.01565927982197113,0.017511985365609183,11.669618758756352,666.3789693242703,0.96875,0.0,0.0,0.048464939593952955,0.0018527055436380509
205,171388.88888888888,0.017931082878372803,0.019414902819317133,12.845697588332676,661.6410964237053,0.984375,0.0,0.0,0.030913509509506044,0.0014838199409443302
205,213766.6666666667,0.05527928327357024,0.0650541064624295,43.54954478362018,669.4357535872268,1.0,0.0,0.0,-0.3815283412972414,0.009774823188859257
205,256608.33333333334,0.02903586272913856,0.030932146112976615,19.772679438923976,639.2275326356669,1.0,0.0,0.0,0.5773629567764328,0.0018962833838380537
205,297250.0,0.24844728421534087,0.1741158754100166,116.28490188385116,667.8592725104346,0.7142857142857143,0.0,0.06666666666666667,0.04489855709367469,0.07433140880532427
205,332763.88888888893,0.055193142056918366,0.06261282323727276,41.56017411884597,663.7645768080561,0.984375,0.0,0.0,-0.3808737234977358,0.0074196811803543886
205,375277.77777777775,0.016406960587119743,0.018560921486640843,12.120213548214936,652.9963265529902,1.0,0.0,0.0,-0.07422144410795391,0.0021539608995211
205,417052.7777777778,0.01587670139869564,0.018506845769402275,11.920673603479715,644.1223832528174,0.953125,0.0,0.0,-0.07749912922372051,0.0026301443707066365
205,458288.8888888889,0.014206633616328394,0.01591874261202185,10.293055423603862,646.599777034559,1.0,0.0,0.0,-0.03846153846137627,0.0017121089956934551
205,499669.44444444444,0.020557105034463986,0.021759484562592288,13.854485351914866,636.7101808897044,0.96875,0.0,0.0,0.2780704806394516,0.0012023795281283015
205,540411.1111111111,0.054382258883692275,0.06520026072714606,42.51614035843162,652.0854346941295,0.984375,0.0,0.0,-0.41422731857542594,0.010818001843453787
205,582150.0,0.016300891621400762,0.01655315018459837,10.82827352313608,654.1518322724507,1.0,0.0,0.0,0.0828330681319675,0.00025225856319760834
205,624005.5555555556,0.09435589549347441,0.10940806540721378,71.14313590271138,650.2549481879477,0.9841269841269841,0.0,0.0,-0.44718924774937996,0.015052169913739366
205,665666.6666666666,0.014238551215136576,0.016448457862788132,10.939184926565044,665.0583913591747,0.9841269841269841,0.0,0.0,-0.04064401481127913,0.0022099066476515567
205,708261.111111111,0.01742921878759215,0.019327394005761063,12.875893622351363,666.1991584852747,0.96875,0.0,0.0,0.03773458230766172,0.001898175218168912
205,750872.2222222222,0.019720306534230802,0.02115551393866204,13.698482351861326,647.513569822907,0.9841269841269841,0.0,0.0,0.26033119144658257,0.0014352074044312393
205,792294.4444444445,0.03515239686037506,0.04590864317483214,29.660146914992165,646.0689069384724,0.984375,0.0,0.0,-0.2533688822756736,0.010756246314457082
205,833658.3333333333,0.021067016352686454,0.021688109753011848,14.415932008645258,664.6928742438379,0.9841269841269841,0.0,0.0,0.11524965177424816,0.000621093400325394
205,876238.888888889,0.02088387043678233,0.022512541593181515,15.297388190137875,679.5051605710779,1.0,0.0,0.0,0.147992534575444,0.0016286711563991835
205,919711.1111111111,0.1044254796308264,0.09349148424936977,62.14312338303592,664.6928742438361,0.9375,0.0,0.0,-0.6595148968655893,0.010933995381456632
205,961575.0,0.03647587831606044,0.04270318979901936,28.22841849937923,661.0377030904485,0.9682539682539683,0.0,0.0,-0.38009509398308344,0.006227311482958922
205,1003866.6666666666,0.023877282188986833,0.024796723273510544,16.92430883649729,682.5219868698106,0.984375,0.0,0.0,0.3876792811473685,0.000919441084523711
205,1047538.8888888888,0.0205647064923144,0.021496998035760984,14.94107563097375,695.0307948169676,0.9841269841269841,0.0,0.0,0.23163530450378986,0.0009322915434465846
205,1092011.1111111112,0.018590850267306856,0.019214506408433616,13.48109181826068,701.6101028930709,0.9841269841269841,0.0,0.0,0.13298537087371645,0.0006236561411267598
205,1136933.3333333335,0.018737708480352843,0.019058807417174674,13.498874818615965,708.2748948106572,1.0,0.0,0.0,0.08592163820568197,0.00032109893682183074
205,1182275.0,0.0907990453420624,0.09813362142198064,69.68203527805984,710.0730032006338,0.96875,0.0,0.0,-0.6997422970191542,0.007334576079918234
205,1227725.0,0.018327167254143576,0.01856500854262924,13.419522843415255,722.839572769447,1.0,0.0,0.0,0.20773487167315619,0.00023784128848566496
205,1273983.3333333333,0.018120532371158276,0.017578168052019956,12.798841588399922,728.1100937551437,0.9841269841269841,0.0,0.0,0.13413805290536202,0.00054236431913832
205,1320527.7777777778,0.11227628126222826,0.1272688557038918,91.15387274586541,716.2307875066248,0.9841269841269841,0.01639344262295082,0.0,-0.458766964422925,0.014992574441663534
205,1366375.0,0.08620429373445028,0.09467464387067541,68.80585414819507,726.7611615437726,0.984375,0.015873015873015872,0.0,-0.4272070712310842,0.00847035013622513
205,1412916.6666666667,0.13121103860606248,0.14750552679103368,107.28590927998965,727.3348437443849,1.0,0.016129032258064516,0.0,-0.6219180240796434,0.0162944881849712
205,1459491.6666666665,0.219539272702364,0.19787891205269925,142.55223296371773,720.4013377926452,0.8387096774193549,0.0392156862745098,0.0196078431372549,-0.17265386842061192,0.021660360649664756
205,1500136.1111111112,0.01995342914259665,0.02097204135208098,15.47692727666043,737.97905586929,0.9841269841269841,0.0,0.0,0.1349077607376939,0.0010186122094843278
205,1547316.6666666665,0.016540403399583393,0.017945826530116903,13.217194495515269,736.5051965332448,0.96875,0.0,0.0,-0.0038107721025950874,0.0014054231305335105
205,1594427.7777777778,0.015049773686138876,0.015403018840211622,11.299544497068467,733.592850485225,0.9841269841269841,0.0,0.0,0.1395317404951606,0.0003532451540727462
205,1641355.5555555555,0.13360502840367677,0.15031154845766456,110.81334712058519,737.2244398892338,1.0,0.016129032258064516,0.0,-0.4958226258806509,0.01670652005398779
205,1688502.7777777778,0.10266001116932036,0.11822813699020082,86.480393655579,731.4704930413207,1.0,0.016129032258064516,0.0,-0.5289004953007036,0.015568125820880463
205,1735330.5555555555,0.014981029405289325,0.016718818352185007,12.241347202160908,732.1897363973136,0.96875,0.0,0.0,-0.17509903791466164,0.0017377889468956822
207,138.88888888888889,0.3799469483573091,0.41349819301156526,402.75537727533344,974.0196791236489,0.57,0.07142857142857142,0.19642857142857142,0.07740732778861724,0.033551244654256185
207,77180.55555555556,0.1998326082667073,0.24297750552385128,227.3948960338807,935.8680983394945,0.9365079365079365,0.05172413793103448,0.034482758620689655,0.20192291255967132,0.04314489725714399
207,135791.66666666666,0.35550004378084715,0.45875852319500704,562.2391711249103,1225.5667038275737,0.7619047619047619,0.3617021276595745,0.0,-0.04408462640757204,0.10325847941415989
207,198166.66666666666,0.4031026763105692,0.44115271822918095,413.33343237700893,936.9395569773645,0.5691056910569106,0.06756756756756757,0.0945945945945946,0.08681507958030453,0.03805004191861178
207,290550.0,0.05695619605735053,0.3617285811152654,324.052121161549,895.8432871476342,0.6716417910447762,0.0,0.26666666666666666,-0.10481846957006954,0.3047723850579149
207,338088.8888888889,0.03581455937477614,0.3514260313950385,335.1775004592119,953.7640086839168,0.6825396825396826,0.0,0.30952380952380953,-0.1838924984684002,0.31561147202026235
207,387419.44444444444,0.03534614640156378,0.3391195168591121,328.50097156848113,968.6878968542454,0.7384615384615385,0.0,0.22916666666666666,-0.04991594070055249,0.3037733704575484
207,438455.55555555556,0.03063830909040788,0.3446184440967923,318.19470857147127,923.3246624550964,0.7121212121212122,0.0,0.23404255319148937,0.02529498854238283,0.31398013500638444
207,487825.0,0.03055698533565634,0.24986224178259944,211.18882174649258,845.221031556437,0.8125,0.0,0.1346153846153846,0.012736445089066949,0.2193052564469431
207,537850.0,0.02924930780485585,0.29602486032502734,265.9171950865848,898.293456821886,0.8571428571428571,0.0,0.1320754716981132,-0.11993145989008742,0.2667755525201715
207,589494.4444444444,0.0330926828535156,0.2316867265378431,202.89654205286854,875.7365822583191,0.890625,0.0,0.07017543859649122,-0.03983502807639338,0.1985940436843275
207,642758.3333333334,0.03258095833950584,0.2623224123539686,243.90869141402504,929.8050030315491,0.890625,0.0,0.08771929824561403,0.12777825581746766,0.22974145401446275
207,697500.0,0.030066544209455988,0.3104674159085956,310.24110829902327,999.2710745219106,0.828125,0.0,0.1509433962264151,0.189557954018332,0.28040087169913963
207,753919.4444444445,0.037329091249723355,0.3071399079205473,322.79728844999244,1050.9780074997466,0.859375,0.0,0.12727272727272726,-0.13485250698154136,0.26981081667082396
207,813522.2222222222,0.028479835753573712,0.22360368794617472,225.09499146452364,1006.6694048387427,0.90625,0.0,0.06896551724137931,-0.07402585933812537,0.195123852192601
207,874763.8888888889,0.02829494824637551,0.20588124407367267,207.03663453698493,1005.611926761521,0.921875,0.0,0.05084745762711865,-0.06561327278876157,0.17758629582729715
207,936061.1111111111,0.03548302458591994,0.13131769740125446,129.23280872917852,984.1233229539096,0.921875,0.0,0.03389830508474576,-0.025244865298407797,0.09583467281533452
207,997913.8888888889,0.028896017683137983,0.21581507852832696,220.12542635449796,1019.9724127506005,0.921875,0.0,0.05084745762711865,-0.026397482623675937,0.18691906084518897
207,1060008.3333333335,0.02907641581500045,0.2249611902828106,230.45076720411654,1024.4023287501489,0.9047619047619048,0.0,0.08928571428571429,-0.08184436265693838,0.19588477446781016
207,1122269.4444444445,0.0285094375687523,0.2807878054133554,297.378389233764,1059.085841694532,0.859375,0.0,0.10909090909090909,-0.11485793490223986,0.2522783678446031
207,1184266.6666666667,0.02807456138283991,0.18540478667276608,187.80811450840372,1012.9625986403439,0.84375,0.0,0.09259259259259259,-0.08805106304597282,0.15733022528992618
207,1246613.8888888888,0.027992404734570302,0.18640569713427535,188.3737814177442,1010.5580693815981,0.859375,0.0,0.09259259259259259,0.040211833076481796,0.15841329239970506
207,1309102.777777778,0.028794398296779974,0.30761879917904106,342.14426602319696,1112.2345803842154,0.7619047619047619,0.0,0.2127659574468085,-0.00035951508665415984,0.27882440088226107
207,1371811.1111111112,0.028992803779588443,0.29868213437380275,328.53924851224804,1099.962839093278,0.640625,0.0,0.2926829268292683,0.24664581175144182,0.2696893305942143
207,1434758.3333333335,0.027846301334047717,0.32781271568792913,375.7916750313272,1146.3608854913152,0.65625,0.0,0.30952380952380953,-0.15793258266900254,0.29996641435388144
207,1497677.7777777778,0.1495105441401745,0.34321627953168227,353.79317873368825,1030.8170090778856,0.38125,0.08,0.25333333333333335,-0.061705441138937854,0.19370573539150776
207,1666208.3333333333,0.13123153129426057,0.11990631938086585,116.10911884027172,968.3319397993291,0.9692307692307692,0.0,0.0,0.38344182782344277,0.011325211913394723
207,1729219.4444444445,0.3213101033858335,0.10550756071184261,96.89869938498218,918.4052662313694,0.38095238095238093,0.0,0.08695652173913043,-0.027479481348462852,0.21580254267399088
208,127.77777777777777,0.20011882361340938,0.1962145363283591,113.3530985496177,577.6998007931721,1.0,0.0,0.0,-0.19894864372319626,0.0039042872850502675
208,36922.222222222226,0.14144514323717378,0.13496357550706212,76.32913721586424,565.5536090318698,0.984375,0.0,0.0,-0.3060642438263873,0.006481567730111659
208,73113.88888888889,0.18521454163575124,0.17789042064300362,104.32778841007342,586.4722115613065,0.9841269841269841,0.0,0.0,-0.3927658195943914,0.007324120992747624
208,110527.77777777777,0.23790653265473433,0.232709597305174,142.1012321444907,610.6376092350845,0.96875,0.0,0.0,-0.4459978018369119,0.005196935349560339
208,149541.66666666666,0.20395896057337343,0.20024418178926257,117.71357291570305,587.8501530675437,0.984375,0.0,0.0,-0.39470193326381203,0.0037147787841108615
208,187030.55555555556,0.18168450659049312,0.1746074770577001,100.09145842053223,573.2369547236308,0.8253968253968254,0.0,0.0,-0.44770354663061745,0.007077029532793017
208,223680.55555555553,0.15915646210175033,0.15202452227609042,85.99797660311799,565.6848994857409,0.96875,0.0,0.0,-0.37178131735002995,0.007131939825659905
208,259841.66666666663,0.18219221703274086,0.17942774178681203,103.76207466852497,578.2944913379694,0.984375,0.0,0.0,-0.4466179703788006,0.0027644752459288213
208,296816.6666666667,0.15803259344541523,0.15324614171579765,90.13344293745713,588.1612543604128,1.0,0.0,0.0,-0.40842510439110763,0.004786451729617586
208,334469.44444444444,0.09116547758782738,0.08394976912205762,44.68143212164036,532.2400834322297,1.0,0.0,0.0,-0.27880775994638135,0.007215708465769757
208,368416.6666666667,0.20351262448783683,0.2003414540689955,117.59349562861351,586.965369574065,0.953125,0.0,0.0,-0.42487167917562524,0.0031711704188413237
208,405991.6666666667,0.24325857807685855,0.23962360257717769,150.21089548764004,626.8618528062581,0.9841269841269841,0.0,0.0,-0.45118474116539037,0.0036349754996808648
208,445827.7777777778,0.25744781619231544,0.2522181778571061,161.81437382568316,641.565073542633,1.0,0.0,0.016129032258064516,-0.4316585739187719,0.005229638335209341
208,486644.44444444444,0.28588663819499777,0.276260333314774,178.2821477086208,645.341101161578,1.0,0.0,0.016129032258064516,-0.462568007587358,0.009626304880223757
208,528050.0,0.27065628703233,0.2624441031881688,162.40578492884117,618.8204762688017,0.9841269841269841,0.0,0.0,-0.44860202554610007,0.008212183844161225
208,567666.6666666666,0.24940518523321112,0.24590792926910793,152.30269371306125,619.3484454354038,0.984375,0.0,0.0,-0.4826276864512486,0.003497255964103191
208,607261.111111111,0.20061762221440785,0.19605854505833487,115.49590283293418,589.088849958413,0.984375,0.0,0.0,-0.35596999079633157,0.004559077156072983
208,644947.2222222222,0.2215485527821201,0.21666253014206605,130.39333412189248,601.8268781242115,1.0,0.0,0.0,-0.43843223595601616,0.004886022640054055
208,683647.2222222222,0.2391301898752191,0.23312573608152742,142.81644600815704,612.6155284640563,1.0,0.0,0.0,-0.45791285453256425,0.006004453793691689
208,722613.888888889,0.25832186799493273,0.25628272115737094,161.9482219838564,631.9123710428054,0.984375,0.0,0.0,-0.4646321584024193,0.0020391468375617894
208,763255.5555555556,0.2564596854986461,0.25689982114053894,159.96764854347566,622.6849354479083,0.96875,0.0,0.0,-0.4792369682992863,0.00044013564189282484
208,803008.3333333334,0.23883355559810054,0.24067878249913024,147.27526143264006,611.916264090177,0.984375,0.0,0.0,-0.48732939466341463,0.0018452269010297007
208,842011.111111111,0.247284257837113,0.24316440509248097,152.10953124204514,625.5419298897567,0.984375,0.0,0.0,-0.45337996833953337,0.00411985274463203
208,881961.1111111111,0.19085723632421148,0.1914329412121306,112.26288106333277,586.4344994779768,0.9692307692307692,0.0,0.0,-0.2948398091194824,0.0005757048879191096
208,920088.8888888889,0.22036621854286795,0.21439922909132725,139.09310938999332,648.7575071025283,1.0,0.0,0.0,-0.3790762563961594,0.0059669894515407
208,961358.3333333334,0.23882490071744086,0.22881348109474875,151.95926360329725,664.1184902054475,0.984375,0.0,0.0,-0.469892922693177,0.010011419622692114
208,1003758.3333333334,0.18421021349286829,0.17857591743308965,113.57266514921365,635.9909375337132,1.0,0.0,0.0,-0.204365575564064,0.005634296059778637
208,1044577.7777777778,0.22052658354855345,0.21975075194602328,136.9966730558369,623.418449505406,0.984375,0.0,0.015873015873015872,-0.1582509897963637,0.0007758316025301693
208,1084541.6666666667,0.17321222376411072,0.17417516498724125,114.40421495406264,656.834256264049,0.9841269841269841,0.0,0.0,-0.16908578339249558,0.0009629412231305368
208,1126711.1111111112,0.11919934611397649,0.11855611850597955,77.36184307156448,652.5335347214714,1.0,0.0,0.0,-0.39219839840626003,0.0006432276079969407
208,1168433.3333333335,0.12377472056168427,0.12215760367337,65.26053431896494,534.2322733627063,0.984375,0.0,0.0,0.6638446258842771,0.0016171168883142711
208,1202588.888888889,0.07622959494063371,0.27281266795313636,157.7467526328799,578.2237086584908,0.9206349206349206,0.0,0.016666666666666666,0.010439029161888332,0.19658307301250266
208,1238341.6666666667,0.11386466204848551,0.11740715765266939,68.99703961432536,587.673196368847,0.9846153846153847,0.0,0.015625,-0.07913168234780452,0.003542495604183876
208,1278580.5555555555,0.11698452686589039,0.1152661778073151,67.96321149050202,589.6197200545058,0.96875,0.0,0.0,0.08568275093428432,0.0017183490585752914
208,1316280.5555555555,0.15472528468992108,0.1514799871960822,91.60722949573909,604.7480673282522,0.96875,0.0,0.0,-0.3508707503121414,0.0032452974938388945
208,1355202.7777777778,0.14243323010103495,0.1479123343579312,87.51517259365572,591.6692003648517,0.9473684210526315,0.0,0.017857142857142856,0.03413530592352983,0.005479104256896239
208,1393030.5555555555,0.1273630777181611,0.1251826380350645,75.85598773297549,605.9625274211567,0.9841269841269841,0.0,0.0,-0.12038724415558548,0.0021804396830966133
208,1431702.7777777778,0.1260823409851472,0.1241546100822454,75.24721550347563,606.0766930332156,0.984375,0.0,0.0,-0.24372237609119737,0.0019277309029017975
208,1470519.4444444445,0.13016581997684254,0.12753570504570627,76.19464148151592,597.4377250214695,0.9841269841269841,0.0,0.0,-0.18392474557611976,0.002630114931136268
208,1508675.0,0.14207577448231637,0.1415200923171613,82.67680439070338,584.2054159024715,0.96875,0.0,0.0,-0.2736284254951752,0.0005556821651550581
208,1546069.4444444443,0.13033676383360315,0.12430284896616932,79.14745431915765,636.7308149204101,0.9841269841269841,0.0,0.0,-0.13955638282861665,0.006033914867433834
208,1586811.1111111112,0.19362061316070786,0.18783292931733694,123.306446279561,656.4687391487103,0.9682539682539683,0.0,0.0,-0.2917570514004271,0.005787683843370917
208,1629058.3333333335,0.20527190394897543,0.20155943141731758,130.40076855459193,646.9593987125535,1.0,0.0,0.0,-0.3197385331784836,0.003712472531657851
208,1670394.4444444445,0.2644872934064847,0.2561115355118522,172.41730300938102,673.211781206169,0.9841269841269841,0.0,0.0,-0.42171917871152975,0.008375757894632518
208,1713677.7777777778,0.2561539376416485,0.24728646740339866,165.1866843607039,667.997266875242,1.0,0.0,0.0,-0.45542542548874165,0.008867470238249853
208,1756602.777777778,0.19982156024095746,0.19083904264504806,125.00084596009587,655.0066706873591,0.9841269841269841,0.0,0.0,-0.29930258164777596,0.0089825175959094
209,525.0,0.03716171225945179,0.03541588971830108,22.925796623028017,647.3308112652375,1.0,0.0,0.0,0.5543828469387453,0.0017458225411507156
209,41875.0,0.05535454971327409,0.05746849370557155,36.15084075051213,629.0549554982911,0.9841269841269841,0.0,0.0,-0.017411057714759096,0.0021139439922974596
209,82150.0,0.06348489556048652,0.06326574215132126,39.92242864426602,631.0275875493269,1.0,0.0,0.0,-0.009661022857355412,0.00021915340916525694
209,122561.11111111112,0.05434370049118609,0.05647631319787988,35.339585343370736,625.7417197108642,1.0,0.0,0.0,-0.0679673786461039,0.0021326127066937928
209,162638.88888888888,0.04576481357473755,0.047204317667979764,30.123372424867874,638.1486676016831,1.0,0.0,0.0,0.11970343561861432,0.0014395040932422137
209,203461.1111111111,0.043689613255333916,0.04415153062627729,27.389286989005747,620.3473945409426,1.0,0.0,0.0,0.5297964582263162,0.00046191737094337243
209,243138.88888888888,0.07408816236396204,0.07423154969717313,42.61900567897901,574.1360089186177,1.0,0.0,0.0,0.07543466068429519,0.00014338733321109243
209,279827.7777777778,0.06901511757646799,0.06794764144818928,36.55542547074157,537.9940302801448,1.0,0.0,0.0,0.043179986418930796,0.0010674761282787049
209,314302.7777777778,0.08082253120427213,0.08388911455375343,46.489418321765775,554.1770057899092,1.0,0.0,0.0,-0.18804320956160203,0.0030665833494813027
209,349800.0,0.09141352527875773,0.08533027676273894,46.83129943500288,548.8239486813975,0.9841269841269841,0.0,0.0,-0.3071441661467534,0.006083248516018797
209,384819.44444444444,0.09482802358675965,0.0982764216840127,55.58885266224744,565.6377359869876,0.9841269841269841,0.0,0.0,-0.09494721671761353,0.0034483980972530442
209,421158.3333333334,0.22153334789924448,0.22152745538586524,120.73836290075658,545.0266319831542,0.984375,0.0,0.0,0.8699906629318105,5.8925133792353535e-06
209,456150.0,0.0658349123420872,0.06569494032272337,42.37370732712686,645.007166746297,0.984375,0.0,0.0,-0.30991114149035276,0.00013997201936383208
209,497394.44444444444,0.09087563035472512,0.09192774997472801,58.29991983329108,634.1928291437395,1.0,0.0,0.0,0.20785475715152507,0.0010521196200028865
209,538013.8888888889,0.2646493801468261,0.26283601327303574,131.38492410167208,499.8741324127017,1.0,0.0,0.016129032258064516,0.907106933904426,0.0018133668737903563
209,569713.8888888889,0.2723626272424973,0.2730750595053111,130.80890199799697,479.0217833696118,0.984375,0.0,0.06349206349206349,0.8997886368517506,0.0007124322628137558
209,600294.4444444445,0.17363453548760396,0.17453991468494112,70.14361659309583,401.8772251591323,0.96875,0.0,0.016129032258064516,0.8261022491081652,0.0009053791973371583
209,626261.111111111,0.08211561913915817,0.08200767224575234,51.89422164725644,632.797154536286,0.984375,0.0,0.0,-0.09142175231057935,0.00010794689340583308
209,666775.0,0.04489656729469969,0.04526532014535679,28.023249048883958,619.0887186679606,1.0,0.0,0.0,0.03102629969709396,0.0003687528506571003
209,706361.1111111111,0.2072750150898429,0.20749826745615815,115.25845614922395,555.4670772062068,0.984375,0.0,0.0,0.8036676822970179,0.00022325236631526302
209,741736.1111111111,0.2115795597368665,0.21179113698814456,110.21029784652961,520.3725680584021,1.0,0.0,0.0,0.782800388476451,0.0002115772512780445
209,775219.4444444444,0.2327651387142207,0.233609361047947,121.37935439795922,519.5825794542831,0.9841269841269841,0.0,0.0,0.8525963255406536,0.0008442223337263022
209,808450.0,0.058266861759400594,0.05735887934548472,36.67568866698024,639.4073434746655,1.0,0.0,0.0,-0.23492149056058267,0.0009079824139158754
209,849330.5555555555,0.18106559714697948,0.18109903671805724,101.29957973948046,559.360124577515,0.984375,0.0,0.0,0.8046991316800719,3.343957107776463e-05
209,885177.7777777778,0.07008708475428334,0.0712846800347312,43.683326601948984,612.8010475836558,0.984375,0.0,0.0,-0.23639470906514218,0.0011975952804478551
209,924294.4444444445,0.07417061043392348,0.068134956905477,43.13458170597293,633.0756437670187,0.9841269841269841,0.0,0.0,-0.03255530901961145,0.006035653528446483
209,964955.5555555555,0.08896647471634997,0.08983478955893955,58.151767974283786,647.3190203905481,1.0,0.0,0.0,-0.18594280168433727,0.0008683148425895765
209,1006347.2222222221,0.05019389800279759,0.05101237448039722,32.278301470226545,632.7543424317621,1.0,0.0,0.0,0.15456145616637712,0.000818476477599632
209,1046847.2222222221,0.049368463417689294,0.0512380950936108,32.01620102071653,624.8515086718911,1.0,0.0,0.0,0.043657737328678295,0.0018696316759215029
209,1086850.0,0.07351154327635162,0.0739351336601249,46.410535406101985,627.7196389398342,1.0,0.0,0.0,-0.17419822382606687,0.0004235903837732785
209,1127005.5555555555,0.061285340842777085,0.06214415249225104,39.27728557741959,632.0350990757692,1.0,0.0,0.0,-0.1698545655685172,0.0008588116494739548
209,1167486.111111111,0.07649794128355952,0.0762000762001209,48.13828671133624,631.7354143441115,0.984375,0.0,0.0,-0.23712033833200008,0.0002978650834386254
209,1207955.5555555555,0.07088558103617042,0.07315963843813908,46.107910368913956,630.2369906858,1.0,0.0,0.0,-0.3191931818913465,0.0022740574019686627
209,1248261.1111111112,0.05667811360498654,0.05959786761692406,37.07643718917517,622.1101303068524,0.9841269841269841,0.0,0.0,-0.065988850742056,0.002919754011937517
209,1288100.0,0.06391009592905239,0.06670559262154771,42.56808505302117,638.1486676016807,1.0,0.0,0.0,-0.36367909599461956,0.0027954966924953195
209,1328938.8888888888,0.061234737555986574,0.06311306411181808,40.400350314322274,640.1265868306529,1.0,0.0,0.0,-0.10632405624925627,0.0018783265558315054
209,1369952.7777777778,0.0737968855041746,0.06878424895050099,43.58537298190494,633.6533966267504,1.0,0.0,0.0,-0.20304478451472266,0.005012636553673608
209,1410425.0,0.052178211999719046,0.05243591056698983,33.47133500787819,638.3284784406799,0.96875,0.0,0.0,-0.013086032859246557,0.00025769856727078655
209,1451286.111111111,0.04262259884997213,0.04248170647289234,26.927407511086265,633.8588947284568,0.984375,0.0,0.0,0.21005416384634057,0.00014089237707979457
209,1491866.6666666665,0.11124553946948856,0.10379907365834215,65.23137383319039,628.4388822958234,1.0,0.0,0.0,0.027427638274528206,0.007446465811146413
209,1531663.8888888888,0.10290724387585329,0.09182140280576088,58.46551663564736,636.7308149204101,0.9841269841269841,0.0,0.0,-0.13329561581003763,0.011085841070092403
209,1572177.7777777778,0.07994475625188668,0.0738429018335116,46.76163803810847,633.25840232469,0.9841269841269841,0.0,0.0,-0.08788645923204057,0.006101854418375088
209,1612472.2222222222,0.05750676417723466,0.059473431119036205,36.5198991749394,614.0540151760327,1.0,0.0,0.0,-0.20979187448063455,0.0019666669418015453
209,1651819.4444444443,0.07702876801176574,0.0761635845363207,45.57708658554954,598.410472183263,0.96875,0.0,0.0,-0.24018306038243298,0.000865183475445036
209,1690133.3333333335,0.17541692653221633,0.17637715054277606,98.600453309866,559.0318984428361,1.0,0.0,0.0,0.5812222398495389,0.0009602240105597293
209,1725961.1111111112,0.14281470258845416,0.1447983542720463,90.81466172202957,627.1802064228405,1.0,0.0,0.0,0.44241445510072064,0.0019836516835921303
210,158.33333333333331,0.18535520132435893,0.21708800194419192,145.36806460944845,669.6273553009119,0.9523809523809523,0.0,0.01639344262295082,-0.11447143735571301,0.031732800619832996
210,42177.777777777774,0.16665705167643827,0.17323265848143446,118.4707875134835,683.88252279913,0.9841269841269841,0.0,0.0,-0.09581931159773312,0.0065756068049961924
210,85230.55555555555,0.16895574123213164,0.20342203981774393,136.17978541447738,669.4445967432424,0.9375,0.0,0.01639344262295082,-0.306820699220299,0.03446629858561229
210,127725.0,0.139957084339082,0.14587718164976676,101.68112730591055,697.0324361628707,1.0,0.0,0.0,-0.05194957072866027,0.005920097310684769
210,172275.0,0.15418202026073977,0.1563048504919575,106.00384695199642,678.186547751765,0.9682539682539683,0.0,0.0,0.033269803578503884,0.0021228302312177316
210,214858.3333333333,0.16763393526241038,0.17925176251777625,124.12685786498791,692.4721750095949,0.8823529411764706,0.0,0.0,-0.15948648596894408,0.011617827255365865
210,258363.88888888888,0.17484585528999957,0.18311709540165055,126.60325380704971,691.378669639539,0.9682539682539683,0.0,0.016666666666666666,-0.11981674438911162,0.00827124011165098
210,301813.8888888889,0.15735926766443023,0.16342933344117952,111.05107546197323,679.5051605710797,1.0,0.0,0.0,-0.045127053246729144,0.006070065776749289
210,345258.3333333333,0.1361107315839637,0.1395655129125738,99.99836523561996,716.4976730194129,0.984375,0.0,0.0,-0.06532149839808307,0.0034547813286101015
210,391191.6666666667,0.19992384238317717,0.16055854231648783,110.91299208437104,690.7947125338427,0.890625,0.017543859649122806,0.017543859649122806,-0.1826479984912161,0.03936530006668934
210,433772.22222222225,0.1722427217334956,0.17669893921034457,119.90897913831778,678.6061063760924,0.953125,0.016129032258064516,0.0,-0.0681985140699747,0.0044562174768489615
210,477300.0,0.18864861557238274,0.18793682589406804,133.30095240873536,709.2859623151846,0.9682539682539683,0.0,0.0,-0.163440221318673,0.0007117896783147004
210,521916.6666666666,0.16660043236856195,0.17831807312344689,124.09949786247174,695.9445876053155,0.953125,0.01639344262295082,0.01639344262295082,-0.27310890562305873,0.011717640754884934
210,564991.6666666666,0.1693491514051748,0.1814489511694124,130.40589801621843,718.6919360832409,0.9682539682539683,0.0,0.0,-0.03125891180958453,0.012099799764237584
210,609483.3333333334,0.1817572457665691,0.19875606715168082,133.05617522462964,669.4445967432417,0.9682539682539683,0.01639344262295082,0.01639344262295082,-0.059282004958102964,0.016998821385111718
210,651725.0,0.17034253191861543,0.17789355201656498,124.30221583349015,698.744920343799,1.0,0.016129032258064516,0.0,-0.03471957891208037,0.007551020097949557
210,696413.8888888889,0.12066545511450305,0.1294172220597008,88.15139474322503,681.1411444340874,0.96875,0.0,0.0,-0.2629419766291263,0.008751766945197748
210,739591.6666666667,0.16461646278972816,0.17244775383989389,115.8768037004502,671.9531053331898,0.9841269841269841,0.0,0.0,0.1101890076372376,0.007831291050165723
210,782663.8888888889,0.17866348441264246,0.26241227114267873,192.87750833229617,735.0171068312002,0.9047619047619048,0.017241379310344827,0.05172413793103448,-0.18678457109290833,0.08374878673003627
210,825930.5555555555,0.15427660818104472,0.20296919032830152,138.91836500164317,684.43079847214,0.96875,0.0,0.01639344262295082,-0.17693062346763241,0.0486925821472568
210,868980.5555555556,0.13555152385504254,0.147005537899494,101.50171284688284,690.4618308752314,0.9841269841269841,0.0,0.0,-0.10255262821473381,0.011454014044451455
210,912477.7777777778,0.1980762359698851,0.21974247286726206,150.78204241895236,686.1761426978842,0.9375,0.0,0.016666666666666666,-0.08140134440869616,0.021666236897376956
210,955225.0,0.21849722376766623,0.1778200070004987,118.88119893880906,668.5479375696777,0.9696969696969697,0.0,0.0,-0.4547561625939506,0.04067721676716754
210,998752.7777777778,0.1997157537905479,0.2188065347522171,148.47829075698237,678.5825246267143,0.9841269841269841,0.01639344262295082,0.0,-0.43680116013112097,0.01909078096166919
210,1042349.9999999999,0.19033332063415256,0.2655092325380744,190.59191172309636,717.8353456909082,0.9523809523809523,0.01694915254237288,0.03389830508474576,-0.040683049983156166,0.07517591190392184
210,1085527.7777777778,0.20769472826792326,0.3729018158343832,280.8344420491862,753.105590062112,0.9047619047619048,0.017857142857142856,0.08928571428571429,-0.0649777261606414,0.16520708756645994
210,1130061.1111111112,0.17005795980896452,0.17885989570680788,123.4980399744926,690.47362174992,1.0,0.04838709677419355,0.0,-0.21029281055739588,0.008801935897843366
210,1174341.6666666667,0.17027295878774898,0.17363231886893132,119.70616593465985,689.4232981189501,0.984375,0.0,0.0,-0.06887662329649713,0.0033593600811823443
210,1218494.4444444445,0.1776349617442645,0.19010455987923636,132.37172599738477,696.3101047206533,0.9841269841269841,0.01639344262295082,0.0,-0.21461266580965657,0.012469598134971865
210,1262472.2222222222,0.2040284515969838,0.2371616283949867,164.1006882465496,691.9360832404307,0.9523809523809523,0.03333333333333333,0.016666666666666666,-0.16524680670612701,0.0331331767980029
210,1305494.4444444445,0.16622331373619495,0.17287498581640343,116.82850610197049,675.7976323193723,0.984375,0.0,0.0,-0.18489256024388612,0.006651672080208476
210,1348827.7777777778,0.1872036923416929,0.20879020575095628,147.71038003946705,707.4583767384909,0.9841269841269841,0.01639344262295082,0.01639344262295082,0.09350831184148771,0.021586513409263375
210,1393250.0,0.1721694591367946,0.18018268762573814,122.13710335066945,677.851490396033,0.9841269841269841,0.0,0.0,-0.01980505498675568,0.008013228488943536
210,1435938.8888888888,0.1100520264998587,0.11459523804894703,78.21834855140813,682.5619448340318,0.984375,0.0,0.0,-0.22891866454527596,0.004543211549088336
210,1479758.3333333335,0.16110765188158205,0.16933133524375224,119.73297806131207,707.092859623156,0.9841269841269841,0.01639344262295082,0.0,-0.13934492241899835,0.008223683362170192
210,1525063.8888888888,0.16456008439619718,0.18390226150995892,129.4646108771237,703.985964142767,0.953125,0.01639344262295082,0.01639344262295082,0.02977291392726561,0.019342177113761738
210,1569172.2222222222,0.2302643299515918,0.2453092279331869,173.87869538472728,708.814327327651,0.96875,0.0,0.03225806451612903,-0.001453117772840842,0.015044897981595112
210,1613683.3333333335,0.18115933047564528,0.18864677510016686,127.84724985660631,677.7070521811069,0.96875,0.016129032258064516,0.0,-0.24345868822178224,0.007487444624521583
210,1657180.5555555557,0.2278493556617043,0.2571767103549895,173.12360119214517,673.1698253437372,0.9523809523809523,0.03333333333333333,0.016666666666666666,-0.37068426007376976,0.029327354693285207
210,1699569.4444444443,0.14681001844992345,0.14800532807288977,102.08383283935252,689.7307966445519,0.9841269841269841,0.0,0.0,-0.025423115860553503,0.001195309622966323
210,1743936.1111111112,0.21582963702297184,0.3039624826229887,220.08431822846137,724.0509300005842,0.890625,0.017241379310344827,0.06896551724137931,-0.3066771861065206,0.08813284560001686
212,594.4444444444445,0.052384907991349663,0.053373210539880964,35.317260903147044,661.7038875103392,0.9841269841269841,0.0,0.0,0.5141794063754614,0.0009883025485313002
212,42938.88888888889,0.051733375896228694,0.05345244775996628,35.546052747598395,665.0032736989259,0.984375,0.0,0.0,0.6260215930576347,0.001719071863737584
212,85480.55555555555,0.06357107011589898,0.06387746709456198,41.86596316748994,655.4105081454313,1.0,0.0,0.0,0.6254621406068562,0.0003063969786629983
212,127344.44444444445,0.058085796279813695,0.058894916684460626,36.84241650398074,625.5619088718668,1.0,0.0,0.0,0.7441280638523579,0.0008091204046469305
212,167400.0,0.048669432118089655,0.04914719386693307,31.592983434797986,642.823749415614,0.9523809523809523,0.0,0.0,0.762351005721285,0.000477761748843418
212,208597.22222222222,0.04069318889508699,0.04135408147568904,26.73198204936529,646.4170184768899,0.9841269841269841,0.0,0.0,0.5447625739668874,0.0006608925806020488
212,250044.44444444444,0.042060345944113,0.04240252510764514,26.929499528932045,635.0918833387278,1.0,0.0,0.0,0.6546100908046932,0.00034217916353213723
212,290666.6666666667,0.04296012511952722,0.043942242114670925,28.296405842276254,643.9454265541216,0.984375,0.0,0.0,0.7349558325954829,0.0009821169951437017
212,331830.55555555556,0.04856235475555239,0.04950127771399117,31.428521077252988,634.9032293437135,0.9841269841269841,0.0,0.0,0.657654443722914,0.0009389229584387815
212,372433.3333333333,0.04414087473429674,0.0450088243915912,29.316565259723863,651.3514995339658,0.9841269841269841,0.0,0.0,0.6015376543970332,0.0008679496572944617
212,414072.2222222222,0.043656971159368986,0.04368696786401166,26.66711856750163,610.4135826160048,0.9841269841269841,0.0,0.0,0.6975604753799528,2.9996704642674954e-05
212,453130.5555555555,0.05313621676232991,0.05276037300355672,33.66670295178383,638.1058554971602,0.984375,0.0,0.0,0.6823993198425898,0.0003758437587731908
212,493977.77777777775,0.06047533498707792,0.060917799314001674,39.91764627413224,655.2706552706567,0.984375,0.0,0.0,0.7631472680396639,0.0004424643269237555
212,535908.3333333333,0.050490847453670704,0.050783601427333395,32.62664219438677,642.4641277376213,1.0,0.0,0.0,0.7102296095428304,0.0002927539736626919
212,576902.7777777779,0.04335831214445459,0.04276948311517985,27.115400501957094,633.9894365553656,0.9841269841269841,0.0,0.0,0.617908314228317,0.0005888290292747414
212,617497.2222222222,0.05510487030973922,0.05532938901187405,34.66170232627929,626.4609630668551,1.0,0.0,0.0,0.7475294698947256,0.00022451870213482938
212,657661.1111111111,0.05505431781141959,0.055169085576869684,35.047195837710234,635.2687464590532,0.9841269841269841,0.0,0.0,0.6425960302598526,0.00011476776545009393
212,698216.6666666667,0.06222503375340457,0.060786074576234174,39.85972103359618,655.7377049180328,0.9841269841269841,0.0,0.0,0.7181118319538564,0.001438959177170393
212,739994.4444444444,0.07633823059256817,0.07385286199022159,46.50496685902038,629.6975581688063,1.0,0.0,0.0,0.7188884074479328,0.002485368602346577
212,780447.2222222222,0.049319493500273065,0.0498570258621859,31.964187862007872,641.117020304477,0.9841269841269841,0.0,0.0,0.7602780477811512,0.0005375323619128333
212,821544.4444444445,0.04861573994527905,0.04819568186679839,31.146260051591327,646.2458636371681,0.984375,0.0,0.0,0.7127045561510543,0.0004200580784806604
212,862927.7777777778,0.04822598812985565,0.047828276630002164,30.942953090003876,646.9593987125535,1.0,0.0,0.0,0.6300087686667467,0.00039771149985348697
212,904466.6666666667,0.05420661476986259,0.05429113978638995,35.6806048691436,657.2086165354046,1.0,0.0,0.0,0.6814448475442497,8.452501652735783e-05
212,946577.7777777778,0.05797199131342949,0.05900430778972265,39.812837757855064,674.7445949156555,0.9841269841269841,0.0,0.0,0.6814604977667611,0.001032316476293156
212,989741.6666666666,0.06461441833986996,0.06481342669515906,42.79406315399435,660.2654007983605,1.0,0.0,0.0,0.7417247830473966,0.0001990083552891042
212,1032047.2222222222,0.05010895331447759,0.050667976475543004,32.324591026581,637.9688567626891,1.0,0.0,0.0,0.7188589353906143,0.0005590231610654167
212,1072786.111111111,0.05596112310750588,0.05702359398827156,37.063166590384334,649.9619543097788,0.984375,0.0,0.0,0.7484311554081134,0.0010624708807656785
212,1114430.5555555557,0.0364762791911517,0.037412828058537385,24.850395017124605,664.2212392563008,1.0,0.0,0.0,0.5616803306827148,0.0009365488673856864
212,1156986.111111111,0.04544056718713539,0.04425120075050404,29.050443043134873,656.4893731794155,1.0,0.0,0.0,0.7040695330173555,0.0011893664366313533
212,1199094.4444444445,0.050853388090036485,0.051185384585428345,33.94319745946334,663.142374222317,1.0,0.0,0.0,0.703522072759909,0.00033199649539186055
212,1241536.111111111,0.030575101847102392,0.03201913978459715,21.072041502431972,658.1076707303893,1.0,0.0,0.0,0.49969919211496083,0.001444037937494761
212,1283661.111111111,0.037926639148699606,0.03882183354092382,26.0639586017351,671.3737148519768,0.984375,0.0,0.0,0.6090346083793595,0.0008951943922242134
212,1326641.6666666667,0.04488537579654128,0.04493420941644385,31.07436426361045,691.5524867839038,1.0,0.0,0.0,0.581606843312236,4.8833619902564906e-05
212,1370827.7777777778,0.04907551267063769,0.04927782169858681,32.790640715784114,665.4239084745193,0.9841269841269841,0.0,0.0,0.6549735335772425,0.00020230902794911992
212,1413347.2222222222,0.060267066916161065,0.061000022399416244,41.08139747095929,673.4652850119679,0.9841269841269841,0.0,0.0,0.7380232212946995,0.0007329554832551793
212,1456383.3333333335,0.10183006533999034,0.10209739132373341,72.7550733238972,712.6046256481056,0.984375,0.0,0.0,0.8090840426946623,0.0002673259837430719
212,1501916.6666666667,0.045770737788792155,0.04646961803778424,31.44517339570836,676.6824158128528,0.984375,0.0,0.0,0.6034969056919781,0.0006988802489920828
212,1545241.6666666665,0.042835238356810516,0.0427330202451165,29.130647790318243,681.6894201070955,0.9841269841269841,0.0,0.0,0.612631938020538,0.00010221811169401629
212,1588977.777777778,0.05598358326091412,0.056376716719756234,39.36253299939123,698.2054878268091,0.9841269841269841,0.0,0.0,0.649546496042899,0.000393133458842114
212,1633625.0,0.055882538987624165,0.056147897767076606,38.60379615105788,687.5376939525232,0.9841269841269841,0.0,0.0,0.7287846379931201,0.00026535877945244035
212,1677627.7777777778,0.04056744008184829,0.04130574520792924,28.119944605796505,680.7756273187506,0.9841269841269841,0.0,0.0,0.5211173110409414,0.0007383051260809528
212,1721263.888888889,0.049832228547517426,0.05016102760644385,33.16749783067679,661.2204616481179,0.9841269841269841,0.0,0.0,0.5896740945558188,0.0003287990589264239
213,263.8888888888889,0.03723265772557651,0.029624937016524043,16.134348065362076,544.6205018549995,0.9841269841269841,0.0,0.0,0.006088198688690932,0.007607720709052468
213,35016.666666666664,0.03711909654814996,0.03754545803263313,20.383547494137144,542.9031515988037,0.984375,0.0,0.0,-0.29826391168096705,0.00042636148448316896
213,69766.66666666667,0.01929190868128682,0.018981648037419124,10.351950677435939,545.3662746790379,0.96875,0.0,0.0,-0.1187989039578229,0.000310260643867695
213,104655.55555555555,0.027527713753786758,0.025469898551645723,13.867524870425296,544.4672204840507,1.0,0.0,0.0,-0.24873767997715102,0.002057815202141034
213,139533.33333333334,0.03880359743267907,0.028993033172910736,15.753109202453274,543.3411919513129,0.9841269841269841,0.0,0.0,-0.5592770554611569,0.009810564259768333
213,174283.33333333334,0.04110771798468733,0.030852524731746055,16.83674888041993,545.7170532010161,0.9841269841269841,0.0,0.0,-0.30907373514435793,0.010255193252941271
213,209227.77777777778,0.04814185357308609,0.03940878569368004,21.400102994734027,543.0287337720722,1.0,0.0,0.0,-0.08246453835046012,0.008733067879406052
213,244122.22222222225,0.040512845430795176,0.03293340088539815,17.932097206627056,544.4957618870665,0.984375,0.0,0.0,-0.5264780626942549,0.007579444545397024
213,278988.8888888889,0.04420322089716648,0.04254001210708479,23.268730325053383,546.9845722300139,0.96875,0.0,0.0,-0.45631573588938507,0.0016632087900816939
213,313991.6666666667,0.06987691394844872,0.062260281527118044,34.04421838457325,546.8047613910157,0.96875,0.0,0.0,-0.39905143784306407,0.007616632421330677
213,348986.11111111107,0.07490004826997636,0.07819085185030382,42.74153149556053,546.630845989363,0.9841269841269841,0.0,0.0,-0.4196078957167048,0.0032908035803274616
213,383955.55555555556,0.0409652750888996,0.041185770928128695,22.542792589136532,547.3441939080095,1.0,0.0,0.0,-0.43174991238810184,0.00022049583922909705
213,418997.2222222222,0.03674167871983825,0.03930223305052874,21.455313327832084,545.9057071960302,0.96875,0.0,0.0,-0.35423076214489735,0.0025605543306904885
213,453927.7777777778,0.04170672037779475,0.04049421234814154,22.258928893492392,549.6817348149742,0.96875,0.0,0.0,-0.39064950458585035,0.0012125080296532115
213,489094.44444444444,0.05892964603473172,0.048522547261584864,26.541084757388628,546.9845722300139,1.0,0.0,0.0,-0.6488271162768916,0.010407098773146856
213,524100.0,0.04727867353394663,0.040502967794624326,22.190912876293815,547.8836264250014,1.0,0.0,0.0,-0.4576113748148003,0.006775705739322305
213,559150.0,0.054481436696641655,0.04096096122558306,22.463935652538677,548.4230589419941,1.0,0.0,0.0,-0.4859548437523508,0.013520475471058592
213,594280.5555555556,0.048854473901919854,0.03878585615658133,21.304046559082035,549.2735927518538,0.984375,0.0,0.0,-0.5156048304540027,0.010068617745338522
213,629427.7777777778,0.06720516149229432,0.0664282304949296,36.64008678888994,551.5740298349003,0.984375,0.0,0.0,-0.5011207270166302,0.0007769309973647137
213,664747.2222222222,0.02180451557809113,0.022465468417451433,12.401371604555697,552.0192757219418,1.0,0.0,0.0,-0.23515301902444657,0.0006609528393603029
213,700055.5555555555,0.023172218268703058,0.023679596212091827,13.08619188659953,552.635770027073,0.984375,0.0,0.0,-0.0021500238897385927,0.0005073779433887697
213,735416.6666666666,0.02184102166277594,0.024538394880490883,13.576552854905291,553.277951594921,1.0,0.0,0.0,-0.30050494884357143,0.0026973732177149427
213,770858.3333333334,0.057078567185034026,0.033956200926483215,18.759402468984923,552.458813328379,0.984375,0.0,0.0,-0.45682137834046804,0.02312236625855081
213,806213.8888888889,0.044555676513305935,0.039824814377298456,22.031491697293838,553.2101540654653,0.96875,0.0,0.0,-0.38916133560519484,0.0047308621360074785
213,841591.6666666667,0.05273137259083601,0.05750395291575645,31.921201234578707,555.1131638088152,1.0,0.0,0.0,-0.6073470690633309,0.004772580324920436
213,877144.4444444444,0.09978671993885652,0.16300483854145645,91.57608671462914,561.799806275928,0.9682539682539683,0.0,0.01639344262295082,-0.19127413376537594,0.06321811860259993
213,912525.0,0.07262457602835144,0.07496417390284431,41.75951928759957,557.0596874944703,0.984375,0.0,0.0,-0.4747849412850588,0.002339597874492866
213,948175.0,0.02338776678646683,0.025339050216944464,14.019537799391918,553.2779515949228,0.984375,0.0,0.0,0.03569097842066158,0.0019512834304776343
213,983616.6666666666,0.04416930088111208,0.046068126377038214,25.36106973137368,550.5122896427241,0.96875,0.0,0.0,-0.42980819516900615,0.0018988254959261333
213,1018852.7777777778,0.052914934050913624,0.0485906541546771,27.17246276495958,559.2117092818371,0.96875,0.0,0.0,-0.4399863318155833,0.004324279896236523
213,1054655.5555555555,0.11210847091652988,0.11853475288648434,66.03025577054903,557.0539792138715,0.96875,0.0,0.0,-0.22769803518473822,0.006426281969954456
213,1090388.888888889,0.04464795257121715,0.038556037337546784,21.512127855689226,557.9444709879509,0.984375,0.0,0.0,-0.5031038818163713,0.006091915233670364
213,1126011.1111111112,0.04202089011151766,0.034677815055636385,19.434205779618093,560.4218647696877,0.984375,0.0,0.0,-0.26070659659536544,0.007343075055881276
213,1161930.5555555557,0.0635523421479995,0.055100578766781774,30.802981153293246,559.0318984428399,0.96875,0.0,0.0,-0.3345099730409375,0.008451763381217725
213,1197700.0,0.024899706503450504,0.024763994049582974,13.919560793864253,562.0886827057956,0.9841269841269841,0.0,0.0,-0.08495644942630672,0.00013571245386753
213,1233697.2222222222,0.023948544593032597,0.025315231772581038,14.299201893096688,564.8457822370867,0.984375,0.0,0.0,-0.08605664487986515,0.0013666871795484405
213,1269877.7777777778,0.02491408992992738,0.025322448014821065,14.33363296124308,566.0445211637397,0.96875,0.0,0.0,-0.13646213856830458,0.00040835808489368686
213,1306122.2222222222,0.03127864050607957,0.0342504201841888,19.379589686980044,565.820494544658,0.9841269841269841,0.0,0.0,-0.24689769661667507,0.0029717796781092293
213,1342330.5555555555,0.05328934456755649,0.03319071879600317,18.691935712065582,563.1675477397756,0.9841269841269841,0.0,0.0,-0.16163620476316784,0.020098625771553323
213,1378422.2222222222,0.04535824619088171,0.12273989161237765,70.40097462047746,573.5785953177256,0.9682539682539683,0.0,0.016666666666666666,0.05703614765057039,0.07738164542149595
213,1414480.5555555555,0.06885760325075693,0.12972323174002776,74.25355224331891,572.3998026207594,0.953125,0.0,0.01639344262295082,-0.027685439915950207,0.06086562848927082
213,1450577.7777777778,0.05266981758682005,0.052047351180492474,29.47047665468592,566.2243320027313,1.0,0.0,0.0,-0.4118478113613378,0.0006224664063275778
213,1486819.4444444443,0.10026704731514786,0.08840937358784158,50.01588493573437,565.7305657305636,0.96875,0.0,0.0,-0.1365182331730371,0.011857673727306284
213,1523041.6666666667,0.028154551818403456,0.030588943573640087,17.397119967029354,568.7388296083968,0.984375,0.0,0.0,0.02670144312300927,0.002434391755236631
213,1559466.6666666667,0.07098110837786031,0.0729119087413918,41.1402829558183,564.246412773763,0.96875,0.0,0.0,0.21782210464097954,0.001930800363531493
213,1595600.0,0.08383655203915234,0.09135007304303958,51.93816861978829,568.561872909698,0.96875,0.0,0.0,-0.39652567975820663,0.007513521003887233
213,1631980.5555555555,0.06629814149898376,0.06409308770793239,36.21039335029378,564.9656561297522,1.0,0.0,0.0,-0.3650238499485482,0.0022050537910513757
213,1668147.222222222,0.05309132249893693,0.05557955827501201,31.551241872597927,567.6770894162187,0.984375,0.0,0.0,-0.4015341310935235,0.0024882357760750776
213,1704461.1111111112,0.050250074620022914,0.04112975875179999,23.384812668247392,568.5618729096967,0.9841269841269841,0.0,0.0,-0.3068181818182798,0.009120315868222921
213,1740777.7777777778,0.052152816163019027,0.05321298801720053,30.24530785816002,568.3820620707025,0.9841269841269841,0.0,0.0,-0.3140789642923529,0.001060171854181502
214,161.11111111111111,0.12451419360226018,0.1309076966691328,104.04071264026449,794.7639083683964,0.9841269841269841,0.0,0.0,-0.3624958280907052,0.006393503066872613
214,51083.333333333336,0.17124814516400658,0.17464826694751698,134.43903168308705,769.7702017477615,0.9393939393939394,0.0,0.0,-0.2933094515044628,0.0034001217835104014
214,100475.0,0.2390209519271421,0.24050475195741328,188.23813379831162,782.6794783316521,0.984375,0.015873015873015872,0.0,-0.49274761185236426,0.0014838000302711818
214,150516.6666666667,0.24725231913923557,0.2534052473837304,201.08660638195747,793.5376574008073,0.9841269841269841,0.03278688524590164,0.0,-0.3017605099897111,0.006152928244494815
214,201080.55555555556,0.22780829947268375,0.23277073820927116,178.4365588863341,766.5764187503318,0.9375,0.015873015873015872,0.015873015873015872,-0.2056296783595976,0.004962438736587416
214,250169.44444444444,0.27500182417221847,0.2755345065490781,219.956270374175,798.289379900214,0.9682539682539683,0.04918032786885246,0.01639344262295082,-0.3118908177736123,0.0005326823768596056
214,301241.6666666667,0.2923825335640905,0.2781001359922082,229.87491012266347,826.5904268709315,0.953125,0.04838709677419355,0.03225806451612903,0.00490524240066346,0.014282397571882322
214,352986.11111111107,0.22695473092724727,0.2296019890451221,187.350995484368,815.9815873700868,1.0,0.06451612903225806,0.0,-0.35165124628843153,0.0026472581178748344
214,405322.2222222222,0.21285621990563952,0.2187237092436004,176.46874588701334,806.8112345812214,1.0,0.016129032258064516,0.0,-0.3494613784160568,0.005867489337960885
214,456933.3333333333,0.2322647219751524,0.25181978149391826,204.06252373924613,810.3514447063981,0.9841269841269841,0.03278688524590164,0.01639344262295082,-0.35687694736698744,0.01955505951876585
214,507900.0,0.19993858493486513,0.20535428618947452,155.3062408229815,756.2843888229578,1.0,0.0,0.0,-0.3794594033941426,0.005415701254609384
214,556316.6666666667,0.15885436503795805,0.1622173211682545,122.21573267432429,753.4074153990011,1.0,0.0,0.0,-0.25134843887695557,0.0033629561302964406
214,604700.0,0.2512664022085066,0.25394190850858483,204.73170447613995,806.2147192581989,0.984375,0.031746031746031744,0.0,-0.41108104498441106,0.002675506300078234
214,656602.7777777778,0.24803084406503154,0.2532579308838368,207.49589782923783,819.3066140322022,0.9841269841269841,0.03278688524590164,0.01639344262295082,-0.38167659444621055,0.0052270868188052655
214,708891.6666666666,0.18487187441639885,0.19292280098711118,157.10924689298136,814.3632898191103,1.0,0.016129032258064516,0.0,-0.360204474593718,0.008050926570712325
214,761141.6666666666,0.27021007476846415,0.27106548831485416,218.40623820240572,805.7323695472347,1.0,0.06451612903225806,0.0,-0.39084550901285214,0.0008554135463900159
214,812977.7777777778,0.26339022238364906,0.2741489324340068,213.59501640532136,779.1203653756266,0.96875,0.03225806451612903,0.0,-0.2151560416838733,0.010758710050357723
214,863825.0,0.2539234347915177,0.2604115083776292,215.40334574577378,827.1652320119892,0.9841269841269841,0.04918032786885246,0.0,-0.4206378913124945,0.006488073586111531
214,916688.8888888889,0.21867471257790602,0.22172799993155562,181.15378876395567,817.0090778786412,0.984375,0.015873015873015872,0.0,-0.3446679764439311,0.0030532873536495975
214,968977.7777777778,0.24517077487905248,0.24600371108442867,200.81313712949157,816.30125108386,0.984375,0.0,0.015873015873015872,-0.3465713963084253,0.0008329362053761946
214,1021150.0,0.21485933922032976,0.2198912788217521,181.72567261216102,826.4341977813098,0.9841269841269841,0.0,0.0,-0.380071411570344,0.005031939601422342
214,1073802.7777777778,0.22201406986319153,0.22302126017342744,173.84060899266552,779.4799870536212,0.96875,0.016129032258064516,0.0,-0.4019203598283648,0.0010071903102359114
214,1123613.8888888888,0.19517200393983677,0.20374707513706775,165.08151195159985,810.2276405221708,1.0,0.016129032258064516,0.0,-0.23400481814776106,0.008575071197230971
214,1175322.2222222222,0.24473728288659488,0.24598309913653504,196.53053256913827,798.9594946116697,0.984375,0.0,0.0,-0.25882868544284066,0.0012458162499401626
214,1226538.8888888888,0.2766889841870391,0.2783252924882108,216.39849043748418,777.5020678246491,1.0,0.0,0.0,-0.3939495642332892,0.0016363083011717294
214,1276655.5555555555,0.17924641291112187,0.18338805590945978,146.6983790623944,799.934206919237,0.9841269841269841,0.03278688524590164,0.0,-0.2596437204135011,0.004141642998337913
214,1327852.777777778,0.15719529538607466,0.15779927483463363,138.696713578529,878.9439224221833,0.984375,0.031746031746031744,0.0,-0.24684420319358902,0.0006039794485589722
214,1384044.4444444445,0.18572538879772763,0.18292866542112823,143.01683699267525,781.8175279605841,1.0,0.0,0.0,-0.2503037072601794,0.0027967233765993915
214,1434044.4444444445,0.23815310212534294,0.24005166609634085,194.93498535083546,812.0542903151585,0.984375,0.0,0.0,-0.4581425620524202,0.001898563970997913
214,1486058.3333333335,0.2477043333025606,0.24801143087272742,199.02883314891133,802.4986285855808,0.984375,0.047619047619047616,0.0,-0.4396052313063963,0.0003070975701668366
214,1537436.1111111112,0.20102058841144263,0.20596522068733766,159.07469755737534,772.3376647111517,0.9841269841269841,0.0,0.0,-0.23772764294923804,0.004944632275895033
214,1586844.4444444445,0.22758521441501717,0.25273228805574066,215.05593018395132,850.9238445090176,0.9841269841269841,0.04918032786885246,0.01639344262295082,-0.26243346596708667,0.025147073640723494
214,1640422.2222222222,0.1675454630985231,0.1689096370475966,135.51889821023116,802.31596360629,1.0,0.0,0.016129032258064516,-0.1573156698518805,0.0013641739490734828
214,1691597.2222222222,0.22015272143673328,0.22343932231997868,167.97925101949616,751.7891178480199,0.96875,0.0,0.0,-0.2944143420734605,0.003286600883245394
214,1739950.0,0.18066849033047755,0.1824183352414403,141.22564043837608,774.185556794258,0.984375,0.015873015873015872,0.0,-0.3891047928190132,0.00174984491096275
215,344.44444444444446,0.13295538286474784,0.13236383152779782,70.7349421549637,534.3978135001978,1.0,0.0,0.0,-0.20419726030183374,0.0005915513369500192
215,34544.444444444445,0.11149626946150638,0.14791660969609693,79.31228289886741,536.1959218901717,0.96875,0.0,0.016129032258064516,-0.1255698497814251,0.03642034023459055
215,68336.11111111111,0.13174417456517232,0.13334572817673865,70.87603346107804,531.5208400762398,1.0,0.0,0.0,-0.18192937259854447,0.001601553611566331
215,102300.0,0.054474406549783624,0.05524815751743465,29.2960075734374,530.2621642032581,1.0,0.0,0.0,0.0984891808201894,0.0007737509676510254
215,136250.0,0.09558099468878868,0.09918737120383829,52.11376607645829,525.4072715503285,1.0,0.0,0.0,-0.19303315737461774,0.0036063765150496085
215,169911.1111111111,0.15719890355145985,0.15712276982765516,81.69568509963602,519.9480965696213,0.96875,0.0,0.0,0.11684829797480008,7.613372380468886e-05
215,203175.0,0.05013856729509431,0.05150407947126824,27.005051918261263,524.3284065163448,1.0,0.0,0.0,0.3601268693162785,0.001365512176173929
215,236791.66666666666,0.05164143808104996,0.05210766456093034,27.396484909584007,525.7668932283244,0.96875,0.0,0.0,0.48959663295888667,0.00046622647988037863
215,270452.7777777778,0.06637187131378412,0.06625877187113703,35.62299562964361,537.6344086021512,1.0,0.0,0.0,0.03125229722586372,0.00011309944264709104
215,304841.6666666666,0.10451516745407871,0.10352366041977908,54.44792799076736,525.9467040673209,1.0,0.0,0.0,-0.03940620102311282,0.0009915070342996352
215,338552.7777777778,0.06732363932995224,0.06882491065607163,36.766491921650974,534.2032640678407,0.9841269841269841,0.0,0.0,0.12245252622414624,0.0015012713261193938
215,372727.77777777775,0.07258477736180653,0.07096690530557057,38.08862412482445,536.7096671444496,0.984375,0.0,0.0,-0.125571033782659,0.0016178720562359666
215,407061.1111111111,0.1025986494975746,0.10293664326588342,54.50026307294569,529.4544424979211,1.0,0.0,0.0,0.10905994677808,0.0003379937683088141
215,441172.2222222222,0.05081575814832381,0.050724201319145984,27.04141222068995,533.1067127218245,0.9841269841269841,0.0,0.0,0.5165327571952152,9.155682917782321e-05
215,475294.44444444444,0.1417149869628624,0.19540524018167404,105.35034057714033,539.1377451249158,0.9841269841269841,0.0,0.01639344262295082,-0.2759404679516912,0.05369025321881166
215,509216.6666666666,0.10419736011929598,0.10422610884085061,55.97604720001086,537.063580541841,0.984375,0.0,0.0,-0.09751732066248553,2.8748721554630596e-05
215,543611.1111111111,0.1208066781310527,0.12139109572999052,64.30362283247946,529.7227316862649,1.0,0.0,0.0,-0.25462151610956524,0.0005844175989378197
215,577525.0,0.0755529163295438,0.07565313501115536,40.29283739760526,532.5997051102233,1.0,0.0,0.0,-0.07499719233919419,0.000100218681611558
215,611563.8888888889,0.07065380389545343,0.07193267769644823,38.91923385992971,541.0508145431015,0.96875,0.0,0.0,-0.07987252980151581,0.001278873800994798
215,646044.4444444445,0.10419310370933588,0.10183913417808982,55.054216952462575,540.5998135862708,0.9841269841269841,0.0,0.0,-0.17324782202577702,0.0023539695312460585
215,680788.8888888889,0.06069720280933689,0.06255236473080963,33.38285656867741,533.678570144207,1.0,0.0,0.0,0.04791718984281233,0.0018551619214727463
215,714930.5555555555,0.10087970947559392,0.10339697327261252,55.367277388883466,535.4825739715244,0.9841269841269841,0.0,0.0,-0.2763421681704946,0.0025172637970185957
215,749180.5555555555,0.06342976390899632,0.06394294928707697,34.67686824357612,542.3094904160826,1.0,0.0,0.0,0.2842750751086745,0.0005131853780806495
215,783869.4444444444,0.05505663813628679,0.05626170177532472,30.258343224726833,537.8142194411465,0.96875,0.0,0.0,0.42910774802523477,0.001205063639037926
215,818300.0,0.0578732831418772,0.0588626884205246,31.551349333186547,536.0161110511737,1.0,0.0,0.0,0.23878773228737968,0.0009894052786473956
215,852611.1111111111,0.07411610005728636,0.07583214102035865,40.8790518177141,539.0728953141295,1.0,0.0,0.0,0.05502622410869064,0.0017160409630722906
215,886969.4444444444,0.09915001554627781,0.10074411526814066,54.86998330405969,544.6470313230473,0.984375,0.0,0.0,-0.19647343234990425,0.0015940997218628489
215,921933.3333333333,0.047377436895640446,0.04737912640474533,25.3278208367152,534.5776243391954,1.0,0.0,0.0,0.6448878048621818,1.689509104882414e-06
215,956161.1111111111,0.10886744652467546,0.11172267763927135,58.90079671276003,527.2053799403028,1.0,0.0,0.0,-0.23550965981946753,0.002855231114595888
215,989861.1111111111,0.09425057854860186,0.0950245438585123,51.135113141465716,538.1253207340183,0.984375,0.0,0.0,-0.14999862860579388,0.000773965309910446
215,1024308.3333333334,0.07691532147595742,0.0767304399744447,41.22270279457336,537.2405372405358,0.984375,0.0,0.0,-0.253778334162607,0.0001848815015127181
215,1058722.2222222222,0.08071603762845424,0.08344095511882703,45.32583979105541,543.2085446110672,1.0,0.0,0.0,-0.08773071789026743,0.0027249174903727913
215,1093552.7777777778,0.09080263002721924,0.09061035318908503,49.51332849319486,546.4422855727182,0.984375,0.0,0.0,-0.1962544890580831,0.00019227683813420604
215,1128513.888888889,0.05716584359503835,0.058101849652065836,31.44650042304427,541.2306253820988,1.0,0.0,0.0,0.3927075248822604,0.0009360060570274831
215,1163091.6666666667,0.08312945513739764,0.08349966626881411,45.072463433484174,539.7921386701167,1.0,0.0,0.0,-0.09732939543524069,0.0003702111314164702
215,1197658.3333333333,0.10643718150132711,0.09512964547287885,51.26470807390548,538.8930844751322,1.0,0.0,0.0,-0.08604295078631702,0.011307536028448265
215,1231750.0,0.10468235336594547,0.105233296182392,57.50422323484902,546.4451397130221,1.0,0.0,0.0,-0.10527220997815256,0.0005509428164465202
215,1266700.0,0.09433344901070022,0.09494848577954887,51.610974307112784,543.5681662890654,1.0,0.0,0.0,-0.16711239044357226,0.0006150367688486508
215,1301427.7777777778,0.12045355771445021,0.1794088254596246,98.8048603980543,550.7246376811604,0.9682539682539683,0.0,0.016666666666666666,-0.13472294148126074,0.0589552677451744
215,1336086.1111111112,0.15365245306350822,0.15441608216577485,84.98062599061413,550.3353329440283,0.984375,0.0,0.015873015873015872,0.3045311290537214,0.0007636291022666275
215,1371311.1111111112,0.06578980938176959,0.06742765629849731,36.275676564372894,537.9940302801439,1.0,0.0,0.0,-0.04600262292129102,0.0016378469167277199
215,1405825.0,0.10131892601506025,0.10119946202127117,54.547532571851995,539.010104227497,0.984375,0.0,0.0,-0.1860155118027081,0.00011946399378907901
215,1440330.5555555555,0.11784750014996277,0.16737374436636923,91.34018667097038,545.7258963570367,0.96875,0.0,0.016129032258064516,-0.1937133742231939,0.04952624421640646
215,1474822.2222222222,0.12300495115601628,0.12376623471725325,65.85109658149963,532.0602725932315,1.0,0.0,0.0,-0.24321302613923604,0.0007612835612369612
215,1508938.8888888888,0.08478554500153122,0.0896043104724327,47.981018554123864,535.4766785341818,1.0,0.0,0.0,-0.17965719590243173,0.004818765470901473
215,1543191.6666666665,0.10551848884019806,0.10488646947291476,57.012945879925915,543.5681662890617,0.96875,0.0,0.0,-0.027879338734968277,0.0006320193672832985
215,1577983.3333333333,0.1423928383526237,0.1438945909455184,78.475257010422,545.3662746790421,0.96875,0.0,0.0,-0.05571690239504336,0.0015017525928947006
215,1612866.6666666665,0.1053880495942355,0.10797116458101387,58.50732002534963,541.8791234899564,0.9841269841269841,0.0,0.0,-0.3311255542620202,0.002583114986778365
215,1647547.2222222222,0.1229597698533913,0.15173545438248676,83.85840123775785,552.6618783924553,0.9841269841269841,0.0,0.01639344262295082,0.0025733643957079905,0.028775684529095458
215,1682416.6666666667,0.06979620342647502,0.07119602627985513,38.26199002175155,537.4174939392334,0.984375,0.0,0.0,0.32258894719233266,0.0013998228533801116
215,1716888.888888889,0.07774947845757335,0.07751828408401493,41.983146628736144,541.5902470600934,1.0,0.0,0.0,0.3656703850800438,0.00023119437355842432
215,1751505.5555555555,0.11477890775141769,0.11737176297682833,64.07322331483576,545.8998117586865,0.9841269841269841,0.0,0.0,-0.03989367544360996,0.0025928552254106396
217,569.4444444444445,0.053141231258288256,0.05067867057073681,42.337020079771854,835.4011579818031,0.96875,0.0,0.0,0.14270574097026587,0.002462560687551449
217,54000.0,0.0839966390183918,0.08409141915114136,69.02530449616289,820.8364800230157,0.96875,0.0,0.0,-0.26449999833131116,9.478013274956398e-05
217,106497.22222222222,0.04338926477662074,0.04273917348132525,35.83499945039373,838.4579422447588,0.96875,0.0,0.0,0.36244527966696655,0.0006500912952954879
217,160169.44444444444,0.1069857455697685,0.10592451399134296,85.71655119930838,809.222983136027,0.984375,0.0,0.0,0.006051092369664517,0.0010612315784255394
217,212013.88888888888,0.08039641573109592,0.07784501421173498,64.26195926314867,825.5115618369468,0.96875,0.0,0.0,-0.13380133817134235,0.002551401519360938
217,264891.6666666666,0.1106101288592253,0.10425176044199638,85.13773857121859,816.6551644812515,0.984375,0.0,0.0,-0.011589188478053892,0.006358368417228921
217,317175.0,0.05801111100824275,0.05678534581716094,47.539677418730555,837.1821415299671,0.984375,0.0,0.0,0.13413623601164723,0.0012257651910818138
217,370819.44444444444,0.12227095710217269,0.1240495724926439,101.17755615971379,815.6219656920913,0.96875,0.0,0.0,-0.049223185313002106,0.0017786153904712082
217,423125.0,0.13449738517856863,0.1281352306501645,102.39021919109051,799.0793685043332,0.96875,0.0,0.0,0.13989401545682006,0.006362154528404135
217,474347.22222222225,0.07004072702151783,0.06627565869766812,55.731084236930705,840.8982322025806,0.984375,0.0,0.0,0.07170517109661655,0.0037650683238497074
217,528138.8888888889,0.07220264644208393,0.07134780332747029,59.501404652211036,833.9626712698223,0.96875,0.0,0.0,0.0527370370105701,0.0008548431146136459
217,581472.2222222221,0.07615759118112511,0.07937865684424084,66.4272069898042,836.8396446937827,0.96875,0.0,0.0,-0.03512361155028756,0.003221065663115724
217,635005.5555555556,0.03936544144670046,0.04028482062561162,33.835076984613885,839.8964289567366,0.96875,0.0,0.0,0.4160199528309091,0.0009193791789111547
217,688722.2222222221,0.12788414847361448,0.12282873887565267,99.29837990163179,808.4295321321979,0.953125,0.0,0.0,0.12629807187838885,0.005055409597961816
217,740566.6666666667,0.10602818554630766,0.09850339052406393,80.34443260940792,815.6514428788128,0.9841269841269841,0.0,0.0,-0.15974728479150133,0.007524795022243735
217,792583.3333333334,0.12501691577071683,0.12659510838531926,96.85729963310187,765.0951199338286,1.0,0.0,0.0,-0.19429772716566843,0.0015781926146024305
217,841611.1111111111,0.12432869221547871,0.20433827022188597,169.20823553472727,828.079024800338,0.9523809523809523,0.0,0.01639344262295082,0.35782648364243164,0.08000957800640726
217,893000.0,0.13465611865120633,0.1332405785647277,102.27359503844468,767.585942211746,0.9841269841269841,0.0,0.0,-0.03684487831985424,0.0014155400864786227
217,942072.2222222222,0.14778567051733604,0.14206351793252214,108.25784676484838,762.0383356708729,1.0,0.0,0.0,0.05522772111724548,0.0057221525848139
217,990633.3333333334,0.16751935887635946,0.16515119285716942,119.14024989084848,721.4010860574687,1.0,0.0,0.0,-0.14006395750900807,0.0023681660191900433
217,1036947.2222222224,0.13350434019845567,0.1220781098679736,95.59646284658942,783.0762038335632,0.96875,0.0,0.0,-0.21040669499902426,0.011426230330482068
217,1086647.222222222,0.10310886472139412,0.10356710437162191,86.01727174677626,830.5462653288738,0.96875,0.0,0.0,0.1264628941207057,0.00045823965022778745
217,1139661.111111111,0.04518508427544599,0.04452849758260236,37.599493769177066,844.3916999316745,0.96875,0.0,0.0,0.3816799388122845,0.0006565866928436304
217,1193622.2222222222,0.07195134547188335,0.06909959697036612,57.986805311737776,839.1771856007474,0.96875,0.0,0.0,0.29437103536667053,0.0028517485015172317
217,1247302.7777777778,0.0682714408979915,0.06865063705966978,57.461918853663285,837.01945553278,0.96875,0.0,0.0,0.13544987185350923,0.0003791961616782802
217,1300830.5555555555,0.11551278480031855,0.11730725184451406,95.34088149336593,812.7449922681366,0.96875,0.0,0.0,0.5848472182832862,0.0017944670441955024
217,1352727.777777778,0.1138625974829336,0.11294590019255102,90.17923973541257,798.4286245155806,0.984375,0.0,0.0,0.373992914770844,0.0009166972903825871
217,1403869.4444444445,0.07036572753867491,0.060531158181329335,50.83258801528001,839.7755724911799,0.9841269841269841,0.0,0.0,0.24796229167732983,0.009834569357345578
217,1457491.6666666665,0.10210863877068524,0.08799074398248,72.51080297617636,824.0730751249714,0.96875,0.0,0.0,-0.15302413936358386,0.014117894788205243
217,1510211.1111111112,0.08074602612824229,0.0705311133734281,58.17352052431325,824.7923184809605,0.96875,0.0,0.0,0.006690397946821928,0.01021491275481419
217,1563066.6666666665,0.04726050544273912,0.048175881324729566,40.74861469261829,845.830186643649,0.9384615384615385,0.0,0.0,0.36144252180825687,0.000915375881990449
217,1617277.7777777778,0.05902817034002562,0.05772566324219051,48.2967438173684,836.6598338547853,0.96875,0.0,0.0,0.22102893504922164,0.0013025070978351094
217,1670897.222222222,0.062141302706578146,0.06102595808533063,51.23022865580293,839.4825786130118,0.984375,0.0,0.0,0.1467590058824592,0.001115344621247516
217,1724691.6666666665,0.04155286946898006,0.04153074008649116,34.948729385546564,841.514726507714,0.96875,0.0,0.0,0.41405197672636,2.2129382488904337e-05
219,833.3333333333334,0.18149565683008087,0.18144366048861943,146.12201144621525,805.3299357647184,0.96875,0.0,0.0,0.11745712412289915,5.1996341461441054e-05
219,52200.0,0.18675762795086331,0.18292260892463474,139.40590295808008,762.10318548166,0.9841269841269841,0.0,0.0,-0.2528296652948393,0.00383501902622857
219,101266.66666666667,0.18467047914530638,0.18529126856526798,148.16238200987996,799.6188010213253,1.0,0.0,0.0,-0.1660930635520114,0.0006207894199616038
219,152530.55555555556,0.16337045478687662,0.16636788077502127,130.7872792369535,786.1329880965228,1.0,0.0,0.0,-0.19518273289984447,0.0029974259881446474
219,203080.55555555556,0.16257103058041208,0.1664071004725585,130.42010369537996,783.7412185238273,0.984375,0.0,0.0,-0.1332238316984962,0.00383606989214641
219,253416.66666666666,0.1913934705553808,0.19265928645661157,148.30337780428556,769.770201747761,1.0,0.0,0.0,-0.08952464683941258,0.0012658159012307602
219,304705.55555555556,0.17848817146881527,0.1820118403242454,147.82619997458693,812.1790302830938,0.9841269841269841,0.0,0.01639344262295082,0.10526575626801085,0.003523668855430123
219,356605.55555555556,0.1589360450726142,0.1656007057733047,126.33020873612509,762.8603280777193,0.984375,0.0,0.0,-0.29812104278281637,0.006664660700690522
219,405352.77777777775,0.14949869023874096,0.14814433054373238,113.17201266019725,763.9307710583547,0.9841269841269841,0.0,0.0,0.007193493527625202,0.0013543596950085779
219,454533.3333333334,0.16747095752224747,0.17081281347135605,140.70422514362917,823.733432429085,0.984375,0.0,0.0,-0.20051651678676058,0.003341855949108574
219,507077.7777777778,0.22695089885376932,0.2310033625215238,187.20684627692805,810.407451361168,1.0,0.0,0.016129032258064516,0.19581853213285247,0.004052463667754469
219,558719.4444444444,0.1358989551705353,0.13535154290531654,105.22972083981529,777.4549043258961,0.9841269841269841,0.0,0.0,0.1507596069805035,0.0005474122652187607
219,608683.3333333333,0.17742128995463669,0.18228784159675654,139.23809672079392,763.8364440608495,1.0,0.0,0.0,-0.129002841089227,0.004866551642119854
219,657655.5555555556,0.1881023078725152,0.19081557600204407,151.8591972138394,795.8427734023801,1.0,0.0,0.016129032258064516,-0.01941873335999401,0.0027132681295288785
219,708452.7777777778,0.19510236601617553,0.19372581368718222,150.761556737175,778.2213111806383,0.96875,0.0,0.0,-0.25896306608030945,0.001376552328993308
219,758166.6666666666,0.1836624535022066,0.18246942724642753,143.70771592393106,787.5714748084991,1.0,0.0,0.0,-0.09758038337809055,0.0011930262557790783
219,808397.2222222222,0.25679142511890685,0.25935637777318643,220.64512647516872,850.7410859513482,0.96875,0.0,0.06451612903225806,0.013696682733942539,0.002564952654279584
219,864522.2222222222,0.31597114297703266,0.3182336015950834,262.30496452545475,824.2528859639668,0.984375,0.0,0.0967741935483871,0.12126514379908476,0.0022624586180507444
219,917013.8888888889,0.2945574788113938,0.29682592855832557,345.01396378290997,1162.3444267777825,0.9841269841269841,0.0,0.0,-0.7803415507330427,0.0022684497469317444
219,991072.2222222222,0.34330606583073897,0.34813094103235903,373.7268394875587,1073.523767750424,0.9841269841269841,0.0,0.22950819672131148,0.19522086199737143,0.00482487520162006
219,1060180.5555555557,0.3180024696332908,0.3211961438911198,329.4906437964173,1025.8237841986959,0.9841269841269841,0.0,0.16393442622950818,0.3378174339650074,0.00319367425782896
219,1125588.888888889,0.3084544514480474,0.312177454686392,284.3526571553591,910.8686514246033,0.9841269841269841,0.0,0.11475409836065574,0.5280216035356216,0.0037230032383446243
219,1183680.5555555557,0.3366386000132824,0.3389889104342218,312.7393716526763,922.5651991154472,0.9841269841269841,0.0,0.16393442622950818,0.40335626814964093,0.0023503104209394166
219,1242391.6666666667,0.19709452660840013,0.19679584821876375,154.6549100068181,785.8646989081772,0.984375,0.0,0.015873015873015872,0.11477417324944267,0.0002986783896363754
219,1292911.111111111,0.24659365940657865,0.24763754570301585,206.96277974213422,835.7487922705321,0.9841269841269841,0.0,0.06557377049180328,0.0213942147428268,0.001043886296437202
219,1349938.8888888888,0.35237752638909764,0.3526855404801897,350.82109000187114,994.7135613334756,1.0,0.0,0.25806451612903225,0.018238919410414035,0.0003080140910920459
219,1413341.6666666667,0.17443806286154273,0.17472880628104417,137.45433298801856,786.6724206135127,1.0,0.0,0.0,0.09289517000087394,0.00029074341950144356
219,1463919.4444444445,0.1632169729058452,0.16203812805625784,126.30779035724288,779.4942577551267,0.984375,0.0,0.0,-0.03543813388601106,0.0011788448495873571
219,1514133.3333333335,0.20394461622577956,0.20072904825348378,160.25406808455892,798.3601251483421,1.0,0.0,0.0,-0.03107042723753065,0.003215567972295774
219,1565591.6666666667,0.1664052145900837,0.16515493971159012,134.05067030929573,811.666127234149,1.0,0.0,0.0,0.21050743831513558,0.001250274878493579
219,1617547.2222222222,0.16300999548268327,0.16217509372207614,126.90241978358559,782.5025216329562,0.984375,0.0,0.0,-0.004082568133996343,0.0008349017606071318
219,1667619.4444444445,0.18363301059137646,0.1835682117749381,153.582577776345,836.6512714338762,0.984375,0.0,0.0,-0.022678902887367573,6.479881643836616e-05
219,1721169.4444444445,0.160769078042801,0.15213299933965482,118.9128903027074,781.637717121585,1.0,0.0,0.0,-0.2040488465361376,0.008636078703146172
220,77.77777777777779,0.05301454523297968,0.05353831837988857,44.600825161654214,833.0636170748372,0.9384615384615385,0.0,0.0,-0.35365273966796723,0.000523773146908893
220,53377.77777777778,0.0187694490820492,0.019148873195698468,16.117501965164262,841.6945373467112,1.0,0.0,0.0,0.2882352941175943,0.0003794241136492668
220,107280.55555555555,0.014158128952124347,0.01539659317578847,12.946566003582577,840.8721238371991,0.9841269841269841,0.0,0.0,-0.026353721072449734,0.0012384642236641236
220,161086.1111111111,0.015695834390950757,0.01577277560419393,13.213464512521943,837.7386988887691,1.0,0.0,0.0,-0.07383897075341728,7.694121324317363e-05
220,214708.33333333334,0.02110890842566383,0.0220298931199567,19.085126955793754,866.3286222893516,1.0,0.0,0.0,0.380257505733696,0.0009209846942928694
220,270188.8888888889,0.09005202914867776,0.09015445908353159,77.50359062077264,859.6756212464496,1.0,0.016129032258064516,0.0,0.10536853791751931,0.00010242993485383434
220,325222.22222222225,0.0659925744764588,0.06766879615262213,58.62341494288013,866.3286222893521,1.0,0.0,0.0,0.04783681577301393,0.0016762216761633253
220,380708.3333333333,0.23300408275116535,0.23616389821234557,184.25489163580534,780.1992304096094,0.984375,0.11290322580645161,0.0,0.48650910011178566,0.0031598154611802154
220,430863.8888888889,0.1048045190436841,0.10573842724528867,93.39144003827417,883.2308411551048,1.0,0.016129032258064516,0.0,0.4779242788934931,0.0009339082016045774
220,487427.7777777778,0.020598773329810974,0.02109843300937406,19.433832696830127,921.1031306540941,0.9841269841269841,0.0,0.0,0.2389253613428654,0.0004996596795630859
220,546338.8888888889,0.04437273473106482,0.04428309249250796,40.41906727475283,912.7426518730853,0.984375,0.0,0.0,-0.1437561520919856,8.964223855685571e-05
220,604772.2222222222,0.21473125389856845,0.21670787611851064,176.32243443164066,813.6410987444477,0.9841269841269841,0.08196721311475409,0.0,0.43951598780905954,0.001976622219942187
220,657194.4444444445,0.01835688238895464,0.01905889067509605,18.19391710613964,954.6157442370633,1.0,0.0,0.0,0.13059344206614687,0.0007020082861414097
220,718263.8888888889,0.025903627219182008,0.0252593854781159,23.381908263731,925.6720945958285,0.9841269841269841,0.0,0.0,0.3710518277165947,0.000644241741066108
220,777588.8888888889,0.08228985807296336,0.08247266350357894,75.10118851009855,910.6191714887382,0.984375,0.0,0.0,-0.22721623156009052,0.00018280543061557908
220,835888.8888888889,0.12539206454527518,0.12734202543059095,116.71331716549008,916.534166712354,0.9841269841269841,0.01639344262295082,0.0,0.3510438227800237,0.0019499608853157657
220,894550.0,0.08250891255803042,0.08227231593184647,76.64488597167905,931.5999568453971,1.0,0.0,0.0,-0.13437359415403896,0.00023659662618394361
220,954313.8888888889,0.07617961898395072,0.05329434224411748,51.12477359520378,959.2908260509928,1.0,0.0,0.0,0.21506789090202014,0.02288527673983324
220,1014775.0,0.06282200808072885,0.06443884082968465,61.88510966147846,960.3696910849802,1.0,0.0,0.0,-0.049109810724384854,0.0016168327489557988
220,1076252.7777777778,0.17006385086284637,0.17157319355436734,150.02705078845068,874.4201100442348,1.0,0.04838709677419355,0.0,0.26051494671051206,0.0015093426915209762
220,1132305.5555555557,0.07555545350540162,0.07698677800341125,70.91798175126316,921.1709281835488,1.0,0.016129032258064516,0.0,0.2663952938145526,0.0014313244980096312
220,1191272.222222222,0.2056419079525341,0.20944457480613868,176.84338242307922,844.3445364329201,0.9841269841269841,0.06557377049180328,0.0,0.3790202931257168,0.003802666853604586
220,1245611.111111111,0.12473111172818808,0.12677887795975334,111.83823772261522,882.1519761211239,1.0,0.016129032258064516,0.0,0.06554892001869182,0.0020477662315652595
220,1302158.3333333333,0.05826325664354971,0.05834965951383458,53.0155769272856,908.5841694537347,1.0,0.0,0.0,-0.06832185574503025,8.640287028486432e-05
220,1360261.1111111112,0.027944418164655503,0.028215173419550463,24.97929829909417,885.3143635752338,0.984375,0.0,0.0,0.4200545559025555,0.0002707552548949603
220,1416927.7777777778,0.10877344641058236,0.1099366081982936,94.39121518805565,858.5967562124658,1.0,0.0,0.0,0.3075813144158233,0.0011631617877112393
220,1471894.4444444445,0.047283673567465954,0.04687452633471515,40.70988639491384,868.4863523573187,1.0,0.0,0.0,-0.2258205235793414,0.00040914723275080334
220,1527447.2222222222,0.10601750538645133,0.10748711415590852,91.50263679262808,851.2893616243601,0.9841269841269841,0.0,0.0,0.017095080318667993,0.0014696087694571897
220,1582008.3333333335,0.018398988554597328,0.01949719078652568,17.128679589675748,878.5203867171067,0.9841269841269841,0.0,0.0,0.022643442623041174,0.001098202231928351
220,1638216.6666666667,0.0323266701918828,0.033534830827758565,29.381358442216285,876.1445254674067,0.9841269841269841,0.0,0.0,-0.1266322831270855,0.0012081606358757616
220,1694286.111111111,0.05992173635188848,0.06114675694824022,53.57790243621656,876.2182184342078,1.0,0.0,0.0,-0.26860074233438785,0.001225020596351739
220,1750363.8888888888,0.0977359384296423,0.09841706429420005,85.77471691192633,871.5431366202745,1.0,0.0,0.0,-0.3109853344926788,0.0006811258645577495
221,611.1111111111112,0.2515743421496886,0.25474027958606327,196.41211185403662,771.028877620743,1.0,0.0,0.0,-0.15155870433996246,0.003165937436374666
221,49750.0,0.2645066485907232,0.2685424316598015,201.69413044251283,751.0698744920343,0.9841269841269841,0.0,0.016129032258064516,-0.2476567828303023,0.004035783069078314
221,97852.77777777778,0.27670021032106057,0.28255644258917817,206.5292802396895,730.9310605243284,1.0,0.0,0.03225806451612903,-0.18090175006994313,0.0058562322681176004
221,144813.8888888889,0.2893975010720673,0.2915643054763416,216.59269069556044,742.8642211250905,0.984375,0.0,0.06349206349206349,-0.12286612859879217,0.002166804404274303
221,192538.8888888889,0.2676818357052949,0.26941455570385775,198.13455835379193,735.4263314992629,1.0,0.0,0.016129032258064516,-0.16499755947214576,0.0017327199985628372
221,239666.66666666666,0.24719611213751955,0.254561501901158,177.96510220298902,699.1045420217936,0.96875,0.0,0.0,-0.45537679482207183,0.007365389763638458
221,284141.6666666666,0.3116451303091113,0.27216897727348127,196.48981259269738,721.9405185744596,0.96875,0.0,0.016129032258064516,-0.20169333140883108,0.03947615303563001
221,331216.6666666666,0.2866385693418048,0.2892588680868905,220.18078213021536,761.1893926933132,0.9841269841269841,0.0,0.03278688524590164,-0.048269012023125814,0.0026202987450856807
221,379511.1111111111,0.2343047011054324,0.23597618916056615,164.46285273246937,696.9468119538252,0.96875,0.0,0.0,-0.3699962532549239,0.0016714880551337574
221,424150.0,0.21821487632443254,0.21934376298971936,149.60449649608574,682.0549372224352,0.9841269841269841,0.0,0.0,-0.33923524229269325,0.0011288866652868212
221,468102.77777777775,0.23878637953987686,0.2421970922532297,180.33915183598123,744.5966842881303,1.0,0.0,0.0,-0.19669030688940953,0.0034107127133528314
221,515447.2222222222,0.23737008074164684,0.23992903378721483,165.11546643989274,688.184601228079,0.984375,0.0,0.0,-0.27569026535332153,0.0025589530455679965
221,559566.6666666667,0.24432333138961543,0.240342374001148,168.40701462441302,700.6963101047202,0.9841269841269841,0.0,0.0,-0.20876676006102168,0.003980957388467432
221,604247.2222222222,0.22598876291538278,0.24422539975344873,176.57969799126488,723.0193836084462,0.9841269841269841,0.0,0.03225806451612903,0.005839506958952175,0.01823663683806595
221,649700.0,0.22387221708133334,0.229114838606884,158.44628712985894,691.5583822212476,0.9841269841269841,0.0,0.0,-0.3347608675773162,0.005242621525550661
221,694050.0,0.23285795394202088,0.23355468957200906,158.6176255103893,679.1455388930851,0.96875,0.0,0.0,-0.30306748086279595,0.0006967356299881766
221,737711.1111111111,0.29188549601155955,0.2897053024115854,214.82804098704995,741.5399000251745,0.9841269841269841,0.0,0.04838709677419355,0.20989544505436852,0.0021801935999741784
221,784947.2222222222,0.3065493757001518,0.3059437823074606,231.98476530011308,758.259453911628,0.96875,0.0,0.047619047619047616,-0.16259579029481314,0.0006055933926911727
221,834008.3333333334,0.26010429593189666,0.2570452134431335,184.6204449862955,718.2411316409879,1.0,0.0,0.01639344262295082,-0.10425412898363845,0.003059082488763132
221,878938.8888888889,0.2945579730301723,0.30742122291751967,228.05028488809944,741.8169855803507,0.9841269841269841,0.0,0.06557377049180328,-0.033999757406316236,0.012863249887347383
221,925797.2222222222,0.24189884370817952,0.2459094647224564,173.3864639690107,705.0825154887871,0.9841269841269841,0.0,0.01639344262295082,-0.32672853019568154,0.004010621014276877
221,971166.6666666666,0.24367874765976777,0.24530443980466585,170.55106864018214,695.2628691759135,0.984375,0.0,0.0,-0.1869868523349853,0.0016256921448980777
221,1015436.1111111111,0.2612436583143179,0.2624732860808333,187.87571308187273,715.7898462246291,0.984375,0.0,0.015873015873015872,-0.36255835314095847,0.0012296277665154176
221,1060997.2222222222,0.31922143622233246,0.3235979454655442,251.77263099748512,778.0415003416429,0.96875,0.0,0.06451612903225806,0.078045784333405,0.004376509243211757
221,1110927.7777777778,0.3108270695088105,0.31122259436662475,230.64269242770175,741.0859513496674,0.9841269841269841,0.0,0.06557377049180328,-0.20272125115704653,0.0003955248578142445
221,1158138.888888889,0.22460810203058104,0.22810110124754435,165.53674338027974,725.7165461934036,0.96875,0.0,0.0,-0.1941954331224917,0.003492999216963305
221,1205113.8888888888,0.29780566411511233,0.3009917195543641,230.44966049240847,765.6345524508206,1.0,0.0,0.016129032258064516,-0.08639289756651031,0.003186055439251767
221,1253738.8888888888,0.32363540004725105,0.3285894651872695,260.74811445128984,793.5376574008069,0.9841269841269841,0.0,0.08196721311475409,0.06409137949649812,0.004954065140018449
221,1304163.8888888888,0.29112768361539837,0.2936390944188721,235.06333807185493,800.5178552163096,0.9841269841269841,0.0,0.06451612903225806,0.02650716502680099,0.0025114108034737237
221,1355369.4444444445,0.29807619032798655,0.2949118203200745,246.05150614685968,834.3222929478187,1.0,0.0,0.03225806451612903,-0.09245201786862657,0.003164370007912032
221,1408502.7777777778,0.2692081608120336,0.2704304692605575,215.41463998710188,796.5620167583693,1.0,0.0,0.04838709677419355,-0.014040817438159643,0.0012223084485239455
221,1459241.6666666665,0.2752136733385832,0.27962805148061715,221.4840807660153,792.0667457834352,1.0,0.0,0.03225806451612903,-0.002627436442717073,0.004414378142033937
221,1509944.4444444443,0.23000845323301664,0.22583273124788047,180.61005390294147,799.7514483615695,0.9841269841269841,0.0,0.01639344262295082,-0.3139123195129786,0.0041757219851361604
221,1560869.4444444445,0.259541177923241,0.2621084667644284,205.5336828064285,784.1550688675508,1.0,0.0,0.04838709677419355,0.24042446260014996,0.0025672888411873984
221,1610955.5555555555,0.26252681082958546,0.26684007687417666,201.47111928555134,755.0257129499748,0.9841269841269841,0.0,0.04838709677419355,-0.021714691556595667,0.004313266044591202
221,1659252.7777777778,0.195783486158888,0.19971189683456514,151.03310289332975,756.2549116362391,0.9841269841269841,0.0,0.01639344262295082,0.09044584871171862,0.003928410675677146
221,1707308.3333333335,0.24862824144450515,0.23716962986561896,191.52170455757437,807.5304779372095,0.9841269841269841,0.0,0.03225806451612903,0.03297546045522392,0.011458611578886196
222,225.0,0.07033688532621404,0.13277466597499127,106.6477798417469,803.2238609572892,0.6533333333333333,0.0,0.0,-0.45827978438351435,0.062437780648777225
222,51594.44444444444,0.06175078300184785,0.14145879021276617,115.17424390918237,814.189374417457,0.5822784810126582,0.0,0.0,-0.5599581854745381,0.07970800721091831
222,103663.88888888889,0.06274105037265221,0.1304386693904444,107.2620368879325,822.3177788395182,0.8955223880597015,0.0,0.0,-0.4658518392090957,0.0676976190177922
222,156433.33333333334,0.06336747760290345,0.13618670967810198,111.9769005687046,822.2307509549137,0.7361111111111112,0.0,0.0,-0.5430889704716034,0.07281923207519853
222,209258.3333333333,0.06752771768531482,0.17506794190674846,143.41884117796698,819.218182472039,0.8,0.0,0.0,-0.5968694339996017,0.10754022422143364
222,261836.1111111111,0.06198491061066543,0.13491586029857816,109.79774583942248,813.8238573021173,0.5679012345679012,0.0,0.0,-0.49185234452941534,0.07293094968791272
222,314022.22222222225,0.07348755636920373,0.13785940583811312,113.60622450391493,824.0730751249686,0.6710526315789473,0.0,0.0,-0.5609807972751141,0.06437184946890939
222,366922.2222222222,0.06756733170765912,0.1701797853294595,138.37396865174532,813.1046139461292,0.9090909090909091,0.0,0.0,-0.5712495418674987,0.10261245362180037
222,419038.8888888889,0.0746520088633495,0.13762470239493374,115.62416742685288,840.1410896065215,0.6447368421052632,0.0,0.0,-0.4864056571946524,0.06297269353158425
222,472663.8888888889,0.06760103975812873,0.16129035917042484,129.63508190477404,803.7373254764548,0.5421686746987951,0.0,0.0,-0.6128200217901058,0.09368931941229611
222,524230.5555555556,0.30226558849921087,0.31048598409222133,246.87471170133463,795.123530046391,0.8529411764705882,0.0,0.0,-0.07906248739003391,0.008220395593010466
222,574497.2222222222,0.292124220864041,0.3013933955197575,235.03584236760153,779.830765575598,0.8656716417910447,0.0,0.0,0.18553900446217594,0.009269174655716528
222,623963.8888888889,0.273950878168102,0.2901457433222767,213.74187847509992,736.6707366707361,0.8955223880597015,0.0,0.0,0.6270396899687355,0.01619486515417473
222,671252.7777777778,0.38025069602157563,0.38614072522524245,282.2115174764233,730.8514721201824,0.953125,0.0,0.09836065573770492,-0.017808942308892826,0.0058900292036668245
222,718238.888888889,0.4023893841136787,0.4041299379859087,262.5659172724936,649.7066725149396,0.9841269841269841,0.0,0.21311475409836064,0.43378605760327515,0.0017405538722299885
222,759377.7777777778,0.3655139902614885,0.3657295457388406,282.6003836803591,772.7031818264904,0.8939393939393939,0.04918032786885246,0.0,0.21453618921492268,0.0002155554773520807
222,808563.8888888889,0.2585056952819313,0.27064350142540666,212.32380276891573,784.5146905455452,0.726027397260274,0.016129032258064516,0.0,0.4402576302515568,0.012137806143475371
222,859130.5555555556,0.35240770654771936,0.36038969843027546,262.73269861987524,729.0238865434886,0.9230769230769231,0.0,0.04918032786885246,0.1663798160845276,0.007981991882556105
222,905872.2222222222,0.308201963386186,0.31493415694920845,231.38435740900968,734.7070881432737,0.9384615384615385,0.016129032258064516,0.0,0.5447946350078743,0.006732193563022459
222,953447.2222222222,0.360701973957495,0.3530915942009888,224.24352392280946,635.0859879013838,0.9841269841269841,0.0,0.11475409836065574,0.2745922119635704,0.0076103797565061915
222,994961.1111111111,0.22996500656110716,0.23242191651236002,135.36422260285747,582.4073075124949,0.96875,0.0,0.0,0.1575073593054966,0.0024569099512528614
222,1032136.1111111111,0.2589998167269298,0.2625631625781376,153.89002730195156,586.1066944459682,1.0,0.0,0.0,0.12433026009575317,0.003563345851207822
222,1069800.0,0.2617901054747166,0.27042731998384256,216.96656153097965,802.3100681689369,0.7361111111111112,0.0,0.0,-0.12219524279592078,0.008637214509125968
222,1120355.5555555555,0.30394338231869333,0.3172819369409303,257.46995026691496,811.4863163951536,1.0,0.0,0.016129032258064516,-0.6203853494569556,0.013338554622236987
222,1172075.0,0.32655687571747055,0.3281461194878137,240.32422495664187,732.369547236309,0.96875,0.0,0.016129032258064516,-0.7281437376882185,0.0015892437703431406
222,1219547.2222222222,0.43974788294819195,0.42519040239179695,284.48353620417004,669.0732777689303,0.9538461538461539,0.0,0.2222222222222222,0.12367534164652974,0.014557480556394997
222,1262575.0,0.3617507672103758,0.3626765104939402,251.00030658487609,692.0776485993845,0.9538461538461539,0.0,0.031746031746031744,0.576729520058268,0.0009257432835643731
222,1307186.1111111112,0.36561008944851425,0.3613443340135222,236.30908454834807,653.9720214334534,1.0,0.0,0.16129032258064516,0.14179276573700106,0.00426575543499208
222,1349838.888888889,0.41678688242097084,0.41327866547402237,306.8636690784093,742.5103077276995,0.96875,0.0,0.20634920634920634,0.4630449374930029,0.0035082169469484725
222,1397769.4444444445,0.32940115657231056,0.3310653245872153,256.6896248462753,775.3443377566816,0.9090909090909091,0.0,0.016129032258064516,0.12670537986211447,0.0016641680149047655
222,1447286.111111111,0.40668666633603096,0.408000679690152,296.7356432422921,727.2920316398543,0.9411764705882353,0.0,0.25396825396825395,0.4940958480758173,0.0013140133541210686
222,1494061.1111111112,0.2606386441166536,0.2748050705598359,185.5455532693534,675.189700435141,0.8,0.0,0.0,0.42119895682096364,0.014166426443182278
222,1537013.888888889,0.3705687459068362,0.3782782812784421,248.9500686959577,658.1135661677366,0.8115942028985508,0.0,0.11475409836065574,0.7575266089533108,0.007709535371605902
222,1579613.8888888888,0.4081330930112507,0.390932557078756,243.00605060259352,621.6060704139264,0.96875,0.0,0.12903225806451613,0.516059748925995,0.01720053593249471
222,1620616.6666666665,0.23151170147164277,0.23482082955893285,139.4636602354003,593.9152012083289,0.96875,0.0,0.0,0.17931606731451616,0.0033091280872900863
222,1658552.7777777778,0.2279864299237238,0.2305617959829447,139.87763866049104,606.681770777142,0.96875,0.0,0.0,-0.179919957315235,0.0025753660592209016
222,1697375.0,0.24793169879812882,0.25208340490465414,148.62831026043057,589.5997410723902,1.0,0.0,0.0,-0.004925180890496374,0.004151706106525321
222,1734969.4444444445,0.22141065491921294,0.22357406602215946,139.5780122323409,624.3032329988877,1.0,0.0,0.0,-0.05375444467704736,0.0021634111029465164
223,566.6666666666666,0.029019249114488516,0.036227965781239636,27.170648626883615,749.9910094580501,1.0,0.0,0.0,-0.1058829864376926,0.00720871666675112
223,48580.555555555555,0.08305124327812924,0.08318738911881671,62.13550803746621,746.9342251950948,0.984375,0.0,0.0,-0.3572170301141936,0.00013614584068746827
223,96383.33333333334,0.16361131954979063,0.16794775301136577,124.84194824126773,743.3380084151476,1.0,0.0,0.0,-0.3434072675867539,0.00433643346157514
223,143905.55555555556,0.08881332961654315,0.09095970975101639,66.23994398741617,728.2338979393676,1.0,0.0,0.0,-0.3383796555789409,0.0021463801344732414
223,190544.44444444444,0.03968929266371017,0.041168262577107914,30.40946931829383,738.6629266012155,1.0,0.0,0.0,-0.016351422610419608,0.001478969913397743
223,237811.1111111111,0.04139382237061323,0.047379099477315764,34.443431363827,726.9752220663856,1.0,0.0,0.0,-0.4712535887220326,0.005985277106702533
223,284350.0,0.06245131649263924,0.07187617303161609,52.25495117052626,727.0135424091227,0.9841269841269841,0.0,0.0,-0.30178046176929085,0.009424856538976845
223,330861.11111111107,0.061542485784292444,0.06058083907106998,44.46732856732286,734.016386190299,0.984375,0.0,0.0,-0.010919594837820398,0.0009616467132224638
223,377855.55555555556,0.036268467597376765,0.03751007258715753,26.816997268050894,714.9278958535616,1.0,0.0,0.0,0.5346813992841891,0.0012416049897807646
223,423588.8888888889,0.06584629622849075,0.06826739750404028,47.21048851018432,691.5524867839038,1.0,0.0,0.0,-0.3893911375933008,0.0024211012755495226
223,467819.44444444444,0.05764405855320657,0.05935173468073993,41.02349554298633,691.1928651059083,1.0,0.0,0.0,-0.17554479418887997,0.001707676127533364
223,512086.1111111111,0.06053893555756209,0.06118843645311455,42.33702007976125,691.9121084618964,1.0,0.0,0.0,-0.033922302443769446,0.0006495008955524628
223,556333.3333333334,0.13232788221079803,0.16676696937559807,104.92279387298481,629.1581256518144,1.0,0.0,0.0,-0.37007578504093175,0.03443908716480004
223,596500.0,0.06851430182279306,0.1364028339746655,74.88607073850834,549.0067072390677,0.9841269841269841,0.0,0.0,-0.8499914531663016,0.06788853215187243
223,631697.2222222222,0.09014359034441352,0.08079868217524207,55.168206701153885,682.7859714531119,0.9841269841269841,0.0,0.0,-0.21190574959377184,0.009344908169171454
223,675616.6666666666,0.06108248424357787,0.06241880031262312,42.61592131244464,682.741755673031,1.0,0.0,0.0,0.28836281494136895,0.0013363160690452458
223,719327.7777777778,0.2306646002579787,0.23863013549526169,160.9060682754761,674.2906462401564,1.0,0.0,0.0,-0.8224116295820733,0.007965535237282995
223,762441.6666666667,0.07385407321769376,0.07336346068623809,49.877016969644835,679.8618345304018,0.9841269841269841,0.0,0.0,-0.2806581544288691,0.0004906125314556725
223,805577.7777777778,0.09227961590330619,0.09716236200382819,67.6995275946404,696.7670011148251,1.0,0.0,0.0,-0.22571682596086454,0.004882746100522001
223,850177.7777777778,0.09280697188383293,0.09605140542864049,65.79515322933011,684.9993806515547,0.96875,0.0,0.0,-0.232340902334767,0.003244433544807565
223,894008.3333333334,0.17013576033381006,0.17092889582473902,118.57512138883061,693.7102168518712,0.9841269841269841,0.0,0.0,-0.6009441612760736,0.0007931354909289645
223,938397.2222222222,0.11328699562654192,0.11921345782341383,82.14226100969569,689.0351350379398,1.0,0.0,0.0,-0.7928557917274229,0.005926462196871915
223,982463.8888888889,0.15256654170819983,0.1558084760647218,108.5764422820669,696.8583803936633,0.9682539682539683,0.0,0.0,-0.5293253201590619,0.0032419343565219805
223,1027019.4444444444,0.17236770285679331,0.17337486743757868,104.95574693492524,605.3688662384308,0.984375,0.0,0.0,-0.1696054042400918,0.001007164580785369
223,1065822.2222222222,0.17698448487046878,0.17649295525245476,117.57165449406985,666.1549427051967,0.9841269841269841,0.0,0.0,-0.22863200742025275,0.0004915296180140194
223,1108341.6666666667,0.08625255394778199,0.09599462651022629,66.31682714797526,690.8389517085161,0.984375,0.0,0.0,-0.39769829900608805,0.009742072562444304
223,1152647.222222222,0.08704726703971363,0.09370507180622144,65.17265755861182,695.5083252418441,0.984375,0.0,0.0,-0.22173189059014256,0.006657804766507805
223,1197147.222222222,0.020577386098387135,0.021039802845242286,14.610658932701403,694.4294602078603,0.96875,0.0,0.0,0.02967583028703964,0.00046241674685515086
223,1241619.4444444445,0.032705037511818184,0.0330007451480231,22.99383023134273,696.7670011148269,1.0,0.0,0.0,-0.15703275529833874,0.00029570763620491436
223,1286244.4444444445,0.28270761576442904,0.29439757459016347,203.431699385091,691.0101065482356,0.9841269841269841,0.0,0.0,-0.9604945659237216,0.011689958825734426
223,1330505.5555555555,0.28285919403775645,0.29645745467801143,204.96345761772716,691.3756236635783,0.9841269841269841,0.0,0.03278688524590164,-0.9611790229023471,0.013598260640254989
223,1374983.3333333333,0.27354046385023906,0.2842968399085268,193.5423595334657,680.7756273187506,0.9841269841269841,0.0,0.01639344262295082,-0.9744279456726819,0.01075637605828772
223,1418744.4444444445,0.2413666584821721,0.24626864703437057,170.08628641331606,690.6534325889154,0.96875,0.0,0.0,-0.9328343666530289,0.004901988552198477
223,1463152.7777777778,0.11350549885002585,0.12175885858238168,84.37778994075211,692.990973495882,1.0,0.0,0.0,-0.33132217982396484,0.00825335973235583
223,1507433.3333333335,0.16848452804459677,0.1794389404205673,125.39229100897478,698.8020031498264,0.953125,0.0,0.0,-0.3557530086136062,0.01095441237597053
223,1551988.8888888888,0.1523751465230539,0.15610002911690762,108.95078516685265,697.9549317396758,1.0,0.0,0.0,-0.12681638447589577,0.003724882593853729
223,1596647.222222222,0.11726059987390493,0.12023434870830804,84.44552919312594,702.3411371237448,1.0,0.0,0.0,-0.23742857142874377,0.0029737488344031143
223,1641433.3333333335,0.25965880897741367,0.26824105956827565,185.1689712402621,690.3080816124307,0.984375,0.0,0.0,-0.8771911365411638,0.008582250590861984
223,1685413.8888888888,0.21879737912554825,0.23024730351915312,158.6403374211326,688.9997624138782,0.9841269841269841,0.0,0.0,-0.8759976153320355,0.011449924393604871
223,1729716.6666666667,0.12313896728489224,0.13740871471545926,95.54419746910462,695.3285144028449,1.0,0.0,0.0,-0.3280170642392958,0.014269747430567026
228,444.4444444444444,0.19784098204332712,0.23580059762158012,191.09129984769163,810.3936197581683,0.6417910447761194,0.015384615384615385,0.0,-0.340585930739334,0.037959615578253
228,53911.11111111111,0.263285917263502,0.2656853243456425,224.68371910739958,845.6760630673675,0.78125,0.0,0.015873015873015872,-0.3587473926298238,0.0023994070821405367
228,108805.55555555556,0.21720297400247654,0.21448724954077034,184.91654363975738,862.1330360460794,0.984375,0.0,0.0,-0.3102226391005803,0.0027157244617062037
228,164802.77777777778,0.16256310027174747,0.16755724198887598,145.31649466254024,867.2647803082585,0.9384615384615385,0.0,0.0,-0.2879834652875879,0.004994141717128503
228,220305.55555555553,0.15651430144926956,0.1698802004639695,146.77497810432135,863.991081382385,0.9375,0.0,0.0,-0.2694708469285969,0.01336589901469995
228,275552.7777777778,0.14247498967138417,0.22190979259142055,181.67283160152795,818.6787499550471,0.8450704225352113,0.0,0.016129032258064516,-0.023490503901074294,0.07943480292003638
228,328463.8888888889,0.3069331394921473,0.31901222825893827,270.977409698138,849.4264034235986,0.953125,0.0,0.06451612903225806,-0.6092014726514061,0.01207908876679098
228,384147.22222222225,0.2974142412208902,0.30491418697744704,261.63205363216434,858.051428258128,0.47619047619047616,0.0,0.0,-0.9043864752459656,0.007499945756556825
228,439258.3333333333,0.21337358746926044,0.21716337291292917,187.36924237840853,862.8031507575337,0.9523809523809523,0.0,0.0,-0.6557600943094151,0.0037897854436687306
228,494725.0,0.2820520782563781,0.28751039276197354,257.2466850763442,894.7387348509369,0.6984126984126984,0.0,0.0,-0.7116149997776514,0.0054583145055954185
228,551908.3333333333,0.170642033056952,0.17339619905133266,147.42020176303495,850.1928102783401,0.9841269841269841,0.0,0.0,-0.4855221823769875,0.002754165994380664
228,606330.5555555555,0.1921346595963693,0.19389482764219512,168.6385089383284,869.7421740899989,0.9538461538461539,0.0,0.0,-0.575538740935205,0.0017601680458258218
228,661961.1111111111,0.2505766626639203,0.25165218622518126,219.00898718485934,870.2844607472935,1.0,0.0,0.0,-0.8310744251558896,0.0010755235612609493
228,717936.1111111111,0.23360154631241575,0.2366328078206091,209.913161261474,887.083930562193,1.0,0.0,0.0,-0.6122134640559097,0.003031261508193356
228,774358.3333333334,0.2352110927396061,0.23653263184476098,207.73149507981572,878.2360956273984,0.984375,0.0,0.0,-0.846044969312012,0.0013215391051548675
228,830516.6666666666,0.14869153278100675,0.16246479694099655,144.16581668353598,887.3664904520434,0.96875,0.016129032258064516,0.0,-0.2863816522629057,0.013773264159989806
228,887558.3333333333,0.10607235704915204,0.1125087851854504,103.39705848937972,919.0131981155813,1.0,0.0,0.0,-0.12200190596136952,0.006436428136298369
228,946508.3333333334,0.13650451209335007,0.1385225904483224,123.54300151466897,891.86176142698,0.984375,0.015873015873015872,0.0,-0.1733648542157845,0.002018078354972336
228,1003616.6666666666,0.19256355887118812,0.20444917599485596,189.6639101832873,927.6824387301973,0.9841269841269841,0.03278688524590164,0.0,-0.4772705368359526,0.011885617123667841
228,1062858.3333333333,0.16958538642977558,0.17712547520261723,161.37928990032373,911.1015211996968,1.0,0.0,0.0,-0.3556818711432369,0.007540088772841652
228,1121277.7777777778,0.17150188700783478,0.18346907740191032,168.874421408347,920.4516848275633,1.0,0.016129032258064516,0.0,-0.30993289929758955,0.011967190394075539
228,1180519.4444444445,0.16805451232581348,0.19007064881436053,170.59304043220558,897.5243757852456,0.9076923076923077,0.0,0.0,-0.35603962962481295,0.022016136488547056
228,1239266.6666666667,0.1803974044671944,0.18738469962877347,160.9215890651673,858.7765670514613,0.9538461538461539,0.0,0.0,-0.36424649311193036,0.00698729516157906
228,1294238.8888888888,0.2396705062324568,0.2596371055211992,227.7613683467031,877.2296544035635,0.9393939393939394,0.0,0.03125,-0.12649040838357237,0.019966599288742365
228,1352516.6666666667,0.1826946550786104,0.18535952954097035,166.71492191964836,899.4138166648673,0.8985507246376812,0.0,0.0,-0.2614692916479587,0.0026648744623599396
228,1409922.2222222222,0.3270642310653354,0.31844841772465204,285.6461625960006,896.9935056891566,0.9242424242424242,0.0,0.015873015873015872,-0.8379500100245701,0.008615813340683343
228,1468455.5555555555,0.17654932142738683,0.19566015761878683,172.1446310692859,879.8144352141572,0.9,0.016129032258064516,0.0,-0.47146917791872056,0.0191108361914
228,1524602.777777778,0.2055025677583594,0.21294435874868786,186.37544712748542,875.2307326790541,0.96875,0.0,0.0,-0.43246492808680376,0.007441790990328462
228,1580577.7777777778,0.24015744176535286,0.24787267416588651,211.1113200545751,851.6925908230238,0.9692307692307692,0.0,0.0,-0.5154202665518784,0.00771523240053365
228,1636369.4444444445,0.22537926823157206,0.23363806364024012,196.6312099720388,841.6060589973682,0.96875,0.0,0.0,-0.5572740106129492,0.008258795408668057
228,1691177.7777777778,0.22131814935993477,0.22166662313011656,192.71435993669618,869.3882606926094,0.984375,0.0,0.0,-0.6182308223724786,0.00034847377018179526
228,1746777.7777777778,0.2188810796574689,0.22346484506730097,189.2556756192786,846.9147599582406,0.984375,0.0,0.0,-0.588326223697761,0.004583765409832075
230,208.33333333333334,0.04135089005103986,0.04126718248073528,31.04258696396118,752.2342233675091,1.0,0.0,0.0,0.7293753300004965,8.370757030458365e-05
230,48475.0,0.03992804995421232,0.03921199920545522,31.388518471388025,800.4824825922474,0.9841269841269841,0.0,0.0,0.6782463412236,0.0007160507487571008
230,99852.77777777778,0.05475925435168212,0.05468872746331172,44.251316859945824,809.1487754881863,1.0,0.0,0.0,0.763192199338662,7.052688837039939e-05
230,151516.6666666667,0.0795235609083424,0.08021204450937461,56.350877989296976,702.5238956814159,0.9841269841269841,0.0,0.0,0.8812770939190557,0.0006884836010322137
230,196483.3333333333,0.04413461422851928,0.04404752836280952,30.785906920243203,698.9247311827954,1.0,0.0,0.0,0.7800415179554115,8.708586570976146e-05
230,241261.11111111112,0.07707213775447286,0.06835269174313609,49.443491770260124,723.3583712557332,0.9841269841269841,0.0,0.0,0.7731719735707429,0.00871944601133677
230,287908.3333333334,0.04778882405363452,0.04719442928185117,44.17848003044503,936.0952278203322,1.0,0.0,0.0,0.44487364432694737,0.0005943947717833506
230,347644.44444444444,0.06627090000668816,0.06674845615928107,61.582754082294244,922.6094148955299,1.0,0.0,0.0,0.7380561584657687,0.0004775561525929145
230,406788.8888888889,0.06697293815265216,0.06731659337961499,60.182346582415555,894.0194914949477,1.0,0.0,0.0,0.6833642794090384,0.0003436552269628218
230,463994.4444444445,0.05212259562245765,0.05324334510401112,47.65803069870308,895.0983565289315,1.0,0.0,0.0,0.6262337836903952,0.001120749481553468
230,521375.0,0.08535658731060984,0.08613166540713477,75.6095210770008,877.8365159851843,1.0,0.0,0.0,0.8430587418531424,0.0007750780965249254
230,577741.6666666666,0.04269701251528838,0.04291677674820998,38.545923662622485,898.1551407918863,1.0,0.0,0.0,0.6631110949390836,0.00021976423292159597
230,635219.4444444444,0.04581605957931753,0.04532863415932335,39.65644529500539,874.8652155637192,0.9841269841269841,0.0,0.0,0.6267536084545109,0.000487425419994178
230,691380.5555555556,0.053852563988179634,0.054841462063284316,47.629061345284065,868.4863523573187,1.0,0.0,0.0,0.7226419538018758,0.0009888980751046814
230,746930.5555555555,0.042619523419595746,0.04328755423293572,37.968261507580905,877.1172726291942,1.0,0.0,0.0,0.6065366186535364,0.0006680308133399718
230,803075.0,0.049376152345059855,0.05034070697960467,42.95081357539894,853.2024310425415,1.0,0.0,0.0,0.6620132084699951,0.0009645546345448119
230,857694.4444444445,0.058203095123577464,0.05956739672506489,51.28361483072802,860.9342971194307,1.0,0.0,0.0,0.7752004037094938,0.0013643016014874276
230,912819.4444444445,0.0568160283204071,0.05795812236375328,50.82564871579534,876.937461790195,1.0,0.0,0.0,0.7819573725246114,0.001142094043346177
230,968950.0,0.060071949094635646,0.06086847084498784,49.3610967581714,810.946883878158,1.0,0.0,0.0,0.7895968786111592,0.0007965217503521915
230,1020800.0,0.055862386608843954,0.056137564800177085,46.83842402945173,834.3508343508335,0.984375,0.0,0.0,0.8060772277427478,0.0002751781913331308
230,1074211.1111111112,0.12893015496449792,0.12965309018477547,97.12208683241212,749.0919552630662,1.0,0.0,0.0,0.952416657675992,0.0007229352202775541
230,1122025.0,0.05387305859423834,0.05526090447946888,38.94118111537355,704.6786780307115,1.0,0.0,0.0,0.7749328029815378,0.0013878458852305403
230,1167088.888888889,0.07051630374063327,0.07033955853471603,52.5010802095888,746.394792678105,1.0,0.0,0.0,0.9046443582714099,0.00017674520591723364
230,1214963.888888889,0.047581934946314644,0.0445656437713791,36.54103923427348,819.9374258280282,1.0,0.0,0.0,0.760370024578562,0.0030162911749355426
230,1267188.8888888888,0.044814932519897425,0.045825487814486955,35.81068976188747,781.4579062825933,1.0,0.0,0.0,0.6347739687075193,0.0010105552945895296
230,1317227.777777778,0.03876681369020733,0.03938344243255771,30.528647521623384,775.1645269176826,1.0,0.0,0.0,0.7523513093288113,0.0006166287423503766
230,1366883.3333333335,0.06597359216016867,0.06430660733021706,48.761276497199304,758.2623080519261,1.0,0.0,0.0,0.8302625167026678,0.0016669848299516038
230,1415200.0,0.08407110788177995,0.0843151197738107,65.09650644531786,772.0620764099017,0.984375,0.0,0.0,0.8983536057601255,0.00024401189203075713
230,1464522.222222222,0.04014656753943077,0.03949051240040512,29.816352279875698,755.0257129499748,1.0,0.0,0.0,0.6356536690815334,0.0006560551390256547
230,1513005.5555555555,0.05504399688987286,0.05572952965359407,43.76628490075404,785.3338288120918,0.984375,0.0,0.0,0.7872351421190869,0.0006855327637212069
230,1563191.6666666665,0.0616792824994847,0.06246690226446036,45.47928350213997,728.054087100374,1.0,0.0,0.0,0.8733762955691277,0.0007876197649756625
230,1609744.4444444445,0.04439587420629624,0.04311400154192534,30.249219057962254,701.6101028930709,0.9841269841269841,0.0,0.0,0.72896673735989,0.001281872664370902
230,1654775.0,0.07350835857890481,0.07357061317957424,53.36495371064879,725.3569245154091,1.0,0.0,0.0,0.9096208393198341,6.225460066942856e-05
230,1701108.3333333333,0.04326377261400201,0.04345526798667887,31.112529290598694,715.9668029233229,0.984375,0.0,0.0,0.8321572838374458,0.00019149537267686145
230,1746944.4444444443,0.06680067254826183,0.07004800567886958,51.72926948666107,738.4831157622168,0.96875,0.0,0.0,0.6794308043534225,0.003247333130607752
231,500.0,0.11745213444942537,0.06218076741508732,58.13045146146879,934.8622392100652,0.96875,0.0,0.0,-0.1796731234866752,0.055271367034338055
231,61277.77777777778,0.28207730635539985,0.18984585181876348,169.65296426593156,893.6353501570891,0.7078651685393258,0.0,0.0,-0.42959870777095915,0.09223145453663636
231,141583.33333333334,0.15392414009112887,0.10955767113243509,105.66834327276564,964.4997212931994,0.9393939393939394,0.015625,0.0,0.16939088385017392,0.04436646895869378
231,204980.55555555556,0.04618456683829959,0.0469665143734091,44.345158948245285,944.1867155752153,0.9682539682539683,0.0,0.0,0.03802037765667458,0.0007819475351095104
231,265352.77777777775,0.040841524685957815,0.041859024630303505,39.47757474483795,943.1078505412302,0.96875,0.0,0.0,-0.26724471576512304,0.00101749994434569
231,325702.7777777778,0.13625988948807985,0.30123869554843435,269.2683710849043,893.8704590878506,0.5625,0.018018018018018018,0.018018018018018018,-0.08239988729733093,0.1649788060603545
231,427630.5555555555,0.02864833565533559,0.3461840570426189,313.0069204490984,904.1633029639027,0.5254237288135594,0.08620689655172414,0.034482758620689655,-0.46281318528074633,0.3175357213872833
231,534555.5555555555,0.2748608077795199,0.1886387078003934,171.3258645748264,908.2222125700391,0.7848101265822784,0.025974025974025976,0.012987012987012988,-0.36217270934571233,0.08622209997912647
231,607147.2222222222,0.05259394754455513,0.05220246062523215,49.17146080056403,941.9376062284106,0.9841269841269841,0.0,0.0,0.1340446321963689,0.00039148691932298224
231,667561.1111111111,0.11800298854286947,0.04988765977243768,46.82347639096976,938.5783298826769,0.9538461538461539,0.0,0.0,-0.2191641372677763,0.0681153287704318
231,728566.6666666667,0.04398255181491509,0.04553236325992433,43.038430977635635,945.2272602664631,0.9841269841269841,0.0,0.0,0.29902525313857015,0.001549811445009243
231,789105.5555555556,0.18451234354946075,0.24862951116678983,210.72893791024342,847.5620489350465,0.5478260869565217,0.05263157894736842,0.008771929824561403,-0.7346346620301918,0.06411716761732908
231,887391.6666666666,0.02143220494137761,0.2835279776676052,238.77140349664268,842.1440644442046,0.49206349206349204,0.11290322580645161,0.0,-0.82872360443597,0.2620957727262276
231,994111.1111111111,0.2784100443784307,0.25164124195472093,222.981270966459,886.107814579063,0.6702127659574468,0.07526881720430108,0.010752688172043012,-0.5604737564129867,0.02676880242370977
231,1077494.4444444445,0.04885934354780415,0.04889068376865629,46.46962175012,950.4800949401238,0.96875,0.0,0.0,0.19317432078983,3.134022085213989e-05
231,1138200.0,0.04904896474352025,0.04980268004084798,48.24091728342638,968.6409896788556,0.96875,0.0,0.0,0.08393760929479183,0.000753715297327727
231,1200186.1111111112,0.27844451409975285,0.21692144027835025,195.88223704065058,903.0100334448153,0.7,0.0,0.0,-0.1288648409893138,0.061523073821402596
231,1282208.3333333333,0.025947642038553483,0.24594160895363032,206.54336760850333,839.8065235372388,0.49206349206349204,0.016129032258064516,0.0,-0.8965931948973181,0.21999396691507683
231,1389752.7777777778,0.25408231168522416,0.13722331142469774,128.054693292345,933.1846897064273,0.8289473684210527,0.0,0.0,-0.31671476394271264,0.11685900026052642
231,1460805.5555555557,0.04767504890472116,0.04803708339221674,46.9862145795902,978.1238006469641,0.9841269841269841,0.0,0.0,0.04567944256164645,0.00036203448749558276
231,1523300.0,0.05411996687560134,0.054674685938990324,53.15885907404079,972.2755268015441,0.9841269841269841,0.0,0.0,0.054065580862866086,0.0005547190633889837
231,1585500.0,0.11453093886496041,0.05930764696401272,56.42050398657475,951.3192121887779,0.9538461538461539,0.0,0.0,-0.08214385670291321,0.055223291900947685
231,1647344.4444444445,0.03630209149299694,0.036243631658089075,34.96027962135575,964.5909645909643,0.984375,0.0,0.0,-0.027004209993796022,5.8459834907861885e-05
231,1709172.2222222222,0.10926485934685788,0.05515415698595543,52.89864466455709,959.1053069313944,0.984375,0.0,0.0,-0.06586081474655132,0.05411070236090245
232,1363.888888888889,0.47109105275870666,0.4019958853857164,343.7238185638298,855.0431262101741,0.8589743589743589,0.0,0.11842105263157894,-0.1474912075329958,0.06909516737299026
232,67733.33333333333,0.504706516712082,0.4253064935430618,385.63650845227454,906.7261241174284,0.9,0.0,0.14492753623188406,-0.18478067911501592,0.07940002316902017
232,131775.0,0.4756462814716688,0.4788196668241756,481.32581817066557,1005.2340192354927,0.9841269841269841,0.0,0.3114754098360656,-0.30500034704335793,0.0031733853525067746
232,198205.55555555556,0.47087438523516884,0.4660206771924459,423.9385424626935,909.6989966555188,0.9375,0.0,0.20967741935483872,-0.100559485845936,0.004853708042722948
232,260127.77777777778,0.471435076691122,0.45149565757747784,420.40844263465334,931.1461485374533,0.9402985074626866,0.0,0.2153846153846154,-0.09960232509077767,0.019939419113644163
232,326263.88888888893,0.44497188809571325,0.3883168817130834,334.36852053863214,861.0712958539048,0.9411764705882353,0.0,0.18181818181818182,-0.015335007958453052,0.05665500638262988
232,390438.8888888889,0.4357770494882272,0.4183271277431191,369.37364313856506,882.9779821627662,0.9253731343283582,0.0,0.15384615384615385,-0.14512281393983542,0.01744992174510812
232,452013.88888888893,0.45520881672327995,0.4172230567663433,368.0177700810516,882.0647951082722,0.9264705882352942,0.0,0.14925373134328357,-0.210503409048065,0.03798575995693665
232,512994.44444444444,0.4750903734824206,0.474561126528951,458.1084252290736,965.330701610104,1.0,0.0,0.24193548387096775,-0.3160911623017439,0.0005292469534696198
232,575491.6666666666,0.44258052881061377,0.4432033671508715,409.1270002885845,923.1134747884553,0.984375,0.0,0.20634920634920634,-0.2656548510457434,0.0006228383402577253
232,638994.4444444444,0.3793014392977419,0.3598992532474352,304.67250769391234,846.54942999964,1.0,0.0,0.12698412698412698,0.0037543207693068108,0.01940218605030669
232,696025.0,0.4357870486329794,0.3903495704326859,330.1464028535152,845.7711442786064,0.9264705882352942,0.0,0.1044776119402985,-0.17979185807285314,0.04543747820029348
232,754130.5555555556,0.48547815287784696,0.48622242016611883,463.90786465124796,954.1062801932353,1.0,0.0,0.22580645161290322,-0.2706096876083444,0.0007442672882718715
232,817016.6666666666,0.4945194785319252,0.45804528586370086,421.44383208626397,920.0920631495632,0.9253731343283582,0.0,0.2,-0.09337519151587703,0.036474192668224326
232,884186.1111111111,0.42425717527967677,0.42506554681983527,381.8305102850351,898.2861893694587,0.984375,0.0,0.20634920634920634,-0.045661598709377436,0.0008083715401585034
232,948977.7777777778,0.34510570605365476,0.35028774110581007,295.7228016024536,844.2282355325868,0.9841269841269841,0.0,0.16393442622950818,0.12461291912287971,0.005182035052155309
232,1016619.4444444444,0.3889605704023713,0.37118261025251276,326.2041683737563,878.8239517789965,0.984375,0.0,0.1746031746031746,0.1037224802234365,0.01777796014985855
232,1084966.6666666667,0.3115492318909689,0.320351815378646,261.6497840797244,816.7576130962841,0.9692307692307692,0.0,0.15625,0.13693478164382858,0.008802583487677096
232,1153097.2222222222,0.2393490608853797,0.2396691930459678,193.34820884219155,806.7295023816765,1.0,0.0,0.14516129032258066,0.18948661186923837,0.0003201321605880991
232,1220169.4444444445,0.3297251448861984,0.34134951321069096,273.9929203028936,802.6755852842746,0.9538461538461539,0.0,0.19047619047619047,0.14413075903907466,0.01162436832449254
232,1290966.6666666667,0.3861086321898603,0.3743511062754277,314.50240133193535,840.1268115941966,0.9264705882352942,0.0,0.13432835820895522,0.08913170171725357,0.011757525914432576
232,1356975.0,0.2843877119709175,0.2838043990549991,226.36471273567057,797.6081889125434,0.984375,0.0,0.1746031746031746,0.24297895226185445,0.0005833129159183992
232,1428341.6666666667,0.3233230567613462,0.34020950282764667,284.19453721003924,835.3515549917336,0.9692307692307692,0.0,0.203125,0.5663003007670465,0.016886446066300465
232,1493894.4444444445,0.23752202220198324,0.33155829712033225,280.6109333673571,846.3396506874783,0.9545454545454546,0.0,0.16923076923076924,0.2710200903519345,0.09403627491834901
232,1559180.5555555557,0.2900458313655664,0.2427630641088353,198.7886132901132,818.8585607940444,0.9545454545454546,0.0,0.09230769230769231,0.09532466921928305,0.047282767256731084
232,1620547.2222222222,0.3361452405898849,0.3459771201224664,298.85227030804606,863.7920050963502,0.96875,0.0,0.20967741935483872,0.38580981550904614,0.009831879532581522
232,1687255.5555555555,0.34493456480418044,0.3709156444089558,316.2614459305218,852.6505977780365,0.9692307692307692,0.0,0.203125,0.27319072977527425,0.02598107960477536
233,116.66666666666667,0.20490201231286218,0.23743528059888971,138.77186749186708,584.4618674269421,1.0,0.0,0.0,-0.5603674088490674,0.03253326828602754
233,37677.777777777774,0.19869302903907599,0.23534817403904315,134.06390753329893,569.6407379436832,1.0,0.0,0.0,-0.5838731618150138,0.036655144999967165
233,73977.77777777778,0.18153531739455528,0.21716151301904285,123.71185412790506,569.6767001114824,0.9838709677419355,0.0,0.016666666666666666,-0.386600875381936,0.03562619562448757
233,110011.11111111111,0.2418327204104627,0.26774357750855887,153.74491851414297,574.2244872679654,0.984375,0.0,0.0,-0.7708920067416618,0.02591085709809618
233,146997.22222222225,0.2570934786545527,0.3086947454010609,180.72968875208653,585.4640917754521,1.0,0.0,0.0,-0.6881524622205373,0.05160126674650822
233,184433.33333333334,0.19775824715723747,0.2586712340373472,152.08168574632123,587.9342800226619,0.9841269841269841,0.0,0.01639344262295082,-0.5852224395935363,0.06091298688010974
233,221369.44444444444,0.1742608641011131,0.21092111151014248,123.06955206430264,583.4861725464814,1.0,0.0,0.0,-0.5265471606771055,0.03666024740902937
233,258694.44444444447,0.21775588871697668,0.2530151276816162,149.72359211712853,591.75747114036,1.0,0.0,0.0,-0.5317269724094204,0.03525923896463953
233,296550.0,0.26136052710731156,0.2785309761205866,166.24816096949942,596.8749447010314,0.953125,0.0,0.0,-0.6165643389257335,0.017170449013275024
233,334758.3333333333,0.22107152678143413,0.2610672224113161,155.77828634619078,596.6979880023365,0.984375,0.0,0.0,-0.4570992129051979,0.03999569562988195
233,372758.3333333333,0.24444317606202082,0.2756740869847429,164.3454267858675,596.1584151177877,0.96875,0.0,0.0,-0.5048149678212197,0.031230910922722066
233,411211.1111111111,0.18650128220410211,0.2124326149796192,124.44806336598671,585.8237134534462,1.0,0.0,0.0,-0.5526490293778186,0.025931332775517096
233,448875.0,0.2264181134013656,0.25378888075013945,150.6378061920037,593.5555795303334,0.96875,0.0,0.0,-0.47686389912522675,0.027370767348773833
233,487100.0,0.24984546108024516,0.28059460168740086,165.9934979594258,591.5776603013642,0.9841269841269841,0.0,0.0,-0.45454381072289185,0.030749140607155695
233,524733.3333333334,0.20093278530136816,0.20968157045589725,124.89394386129256,595.6362478101611,0.984375,0.0,0.0,-0.4665923575231049,0.008748785154529093
233,562877.7777777778,0.2132026314048197,0.23759274862158783,142.17798888996367,598.410472183263,0.96875,0.0,0.0,-0.5140106441712741,0.02439011721676812
233,601177.7777777778,0.24331469834138042,0.2721821499765083,161.16370336113934,592.1170928183541,1.0,0.0,0.0,-0.5014224518845305,0.028867451635127883
233,639063.8888888889,0.19794849263194594,0.2114079431497689,124.98943584069026,591.2239340607146,0.96875,0.0,0.0,-0.6152399601218007,0.013459450517822963
233,676741.6666666666,0.23593563490936578,0.2798813433442404,164.11210498176087,586.3631459704371,1.0,0.0,0.0,-0.7572883448395706,0.043945708434874636
233,714238.888888889,0.20616914217772153,0.23704384614188623,140.31928242658944,591.9549682913902,0.9841269841269841,0.0,0.0,-0.490944915171636,0.030874703964164696
233,752111.1111111111,0.17075710962478707,0.21906897102312975,130.6398472958079,596.3411736754571,0.9841269841269841,0.0,0.01639344262295082,-0.3720333989231019,0.048311861398342676
233,789661.1111111111,0.1614892607715667,0.19201551578341444,111.24428954115164,579.350523249541,1.0,0.0,0.0,-0.5002922708242804,0.030526255011847747
233,826763.8888888889,0.24567762148364258,0.28128011648819384,163.46555480451744,581.1486316395158,1.0,0.0,0.0,-0.6443303296136579,0.03560249500455126
233,864061.1111111111,0.22454795298582367,0.26937950855709114,158.97140056179563,590.139173589382,1.0,0.0,0.0,-0.7046134075884561,0.04483155557126747
233,901719.4444444444,0.17835806029086962,0.20052652654432215,114.3415689490074,570.206699928723,0.9682539682539683,0.0,0.0,-0.6976752097828565,0.022168466253452535
233,938175.0,0.1773950668807024,0.23025542941565735,132.6397853533914,576.0549737741468,0.953125,0.0,0.01639344262295082,-0.4321377289655703,0.05286036253495496
233,974608.3333333334,0.23758857781015838,0.2962542810810019,174.6653344970144,589.5791070416883,0.9841269841269841,0.0,0.01639344262295082,-0.5366775041503754,0.0586657032708435
233,1011927.7777777778,0.20487195163692487,0.22956053608786334,132.6657969191913,577.9120365375608,1.0,0.0,0.0,-0.5268748140394185,0.024688584450938467
233,1048913.8888888888,0.20923678203549906,0.2362858918799947,135.5752653988314,573.7763872406213,0.9841269841269841,0.0,0.0,-0.5333597301698877,0.027049109844495628
233,1085858.3333333333,0.19171963548808293,0.24052741352849943,141.5121546850157,588.3410651994074,0.953125,0.0,0.016129032258064516,-0.3935114595138857,0.0488077780404165
233,1122905.5555555555,0.19759080902670348,0.23446177292349404,135.91986836144682,579.7101449275405,0.984375,0.0,0.0,-0.5211588541667609,0.036870963896790565
233,1159894.4444444445,0.21334994879085756,0.25915543931802054,151.93183105246877,586.2575427792848,0.984375,0.0,0.0,-0.5475872342847505,0.045805490527162984
233,1197261.1111111112,0.17091121719630992,0.20014828672034743,116.75956854567123,583.3653160809257,0.9841269841269841,0.0,0.0,-0.53753862668281,0.029237069524037512
233,1234747.2222222222,0.22899828040002515,0.26095976509458496,154.05173795465203,590.3275468492851,0.984375,0.0,0.0,-0.43603809738310123,0.03196148469455981
233,1272775.0,0.22879838750643514,0.27430400484117445,162.46314951131833,592.2740705349402,0.984375,0.0,0.0,-0.46321850693537153,0.04550561733473932
233,1310897.222222222,0.21172837824814694,0.24578297934205895,142.26542185200643,578.8253614340562,0.96875,0.0,0.0,-0.5254437243163411,0.03405460109391201
233,1347947.2222222222,0.2309152282129558,0.2673489369612573,153.75485217463586,575.1092707614437,0.984375,0.0,0.0,-0.5160270724206866,0.036433708748301485
233,1384591.6666666667,0.19663084438427314,0.2367863867937775,138.24673605915635,583.8457942244733,0.96875,0.0,0.0,-0.5060885475106368,0.04015554240950436
233,1422380.5555555555,0.2011939477905837,0.23456117924951572,138.96601159550815,592.451027233634,0.984375,0.0,0.0,-0.5941209866708616,0.03336723145893203
233,1460538.8888888888,0.22067773716958547,0.2516651203801802,149.89429744302635,595.6101394447795,0.9841269841269841,0.0,0.0,-0.47103367273203434,0.030987383210594716
233,1498197.2222222222,0.20790984225399853,0.2551401812527631,149.37541449257378,585.4640917754544,0.984375,0.0,0.0,-0.5552061233844369,0.04723033899876458
233,1535677.7777777778,0.2495193735209073,0.27495413731143653,164.09047753023626,596.7921746322855,0.984375,0.0,0.0,-0.4880089686376395,0.025434763790529225
233,1573944.4444444443,0.22798038874546397,0.26829264612686754,156.44856535934002,583.1265508684878,0.9841269841269841,0.0,0.0,-0.4704938563171108,0.040312257381403566
233,1611680.5555555557,0.22545373908727512,0.27118777846270264,159.56174256135682,588.3810231636301,0.984375,0.0,0.0,-0.4489838370407215,0.045734039375427527
233,1649547.2222222222,0.234786340654395,0.2767135201224828,164.1453416197499,593.1959578523434,0.984375,0.0,0.0,-0.5135152557997449,0.0419271794680878
233,1687644.4444444445,0.21180234890094682,0.24528485239777836,147.09885947445028,599.7062518801614,0.984375,0.0,0.0,-0.48331674005382197,0.033482503496831545
233,1725825.0,0.24544417591764528,0.2750614496837903,164.08073757111936,596.5239322331283,0.9841269841269841,0.0,0.0,-0.5874822838865772,0.029617273766145036
233,1764252.7777777778,0.23018956939515922,0.26742785247853385,156.02442526618302,583.4262356001492,1.0,0.0,0.0,-0.6465286927243566,0.037238283083374624
234,375.0,0.02124368335339124,0.021379116954509163,13.96370984040157,653.1471748863053,0.984375,0.0,0.0,0.13532471300095916,0.00013543360111792357
234,42180.555555555555,0.021480668385052554,0.021742717300226557,14.031903522133078,645.3610801436887,0.984375,0.0,0.0,0.03267973856206472,0.0002620489151740034
234,83488.88888888889,0.020070862508355665,0.02282356061977006,14.737189589958337,645.7007228395728,1.0,0.0,0.0,0.07044889910640317,0.0027526981114143964
234,124811.11111111112,0.020663712976212643,0.02158215636038738,14.00546666390443,648.9373179415259,1.0,0.0,0.0,0.15601846097291283,0.0009184433841747386
234,166338.8888888889,0.0206071274463378,0.022491402395927104,14.571245159946303,647.8584529075414,1.0,0.0,0.0,-0.00878971097049168,0.0018842749495893048
234,207816.66666666666,0.021410422272670152,0.020883234618073863,13.634520965624878,652.8931563994678,0.96875,0.0,0.0,0.2807569269022552,0.0005271876545962888
234,249636.11111111112,0.026148890414207596,0.028313829143569252,18.4299028121913,650.9152371704967,0.984375,0.0,0.0,0.41725132327977577,0.002164938729361656
234,291286.1111111111,0.022017490963151917,0.023321614626042264,15.197168231879946,651.6344805264858,0.96875,0.0,0.0,0.17776818991238505,0.0013041236628903476
234,332975.0,0.021052594232610744,0.022173969874418033,14.816138392012324,668.177077714244,1.0,0.0,0.0,0.1819972957307434,0.0011213756418072887
234,375708.3333333333,0.020056808737360706,0.020518634242547025,13.481091818256958,657.0170148217194,0.9841269841269841,0.0,0.0,0.1899734127279681,0.0004618255051863189
234,417788.8888888889,0.0221379298052751,0.02352829743468434,15.602611022245448,663.142374222318,1.0,0.0,0.0,0.2618093778310281,0.00139036762940924
234,460225.0,0.019569796227175074,0.020277643943148866,13.100402313546288,646.0515013615511,0.9841269841269841,0.0,0.0,-0.08689108448428623,0.0007078477159737917
234,501591.6666666666,0.01807709731331785,0.018825415537913,12.057419021477745,640.4862085086511,1.0,0.0,0.0,0.14858834509726532,0.0007483182245951493
234,542630.5555555556,0.021892337867419988,0.022714394367121398,14.598694119973972,642.7067296632514,0.984375,0.0,0.0,0.23369923265311074,0.0008220564997014103
234,583775.0,0.019665763989135884,0.020931754031803453,13.764056621409251,657.5682382134011,1.0,0.0,0.0,-0.07476428951066237,0.001265990042667569
234,625891.6666666666,0.020413455706749142,0.01998090699240821,13.038211866697093,652.5335347214714,1.0,0.0,0.0,0.15280020952569406,0.0004325487143409315
234,667652.7777777779,0.019269576935281085,0.020476825059455556,13.34708721554401,651.8142913654841,0.9841269841269841,0.0,0.0,0.21978149490258653,0.0012072481241744704
234,709355.5555555556,0.019587576129873344,0.02124949638583332,13.829240753322093,650.8032238609577,0.9841269841269841,0.0,0.0,0.07924855625915775,0.0016619202559599762
234,751038.8888888889,0.021542982884849363,0.023669213740338695,15.525121646668413,655.9204634757021,0.9841269841269841,0.0,0.0,0.13022832568829773,0.002126230855489332
234,792966.6666666667,0.0247015124574017,0.024872044516767288,16.234315387468133,652.7133455604705,0.96875,0.0,0.0,0.28371007964012473,0.00017053205936558638
234,834788.8888888889,0.16703191916424504,0.16701380357767673,92.41601879057123,553.3435968218597,0.984375,0.0,0.0,0.8781996854705247,1.811558656830692e-05
234,870075.0,0.0982150444987128,0.09929714214904804,66.0802537299291,665.4799151292856,1.0,0.0,0.0,0.07406983465404672,0.001082097650335248
234,912663.8888888889,0.02016128890319782,0.020465389270316096,13.464749764463363,657.9278598913938,0.984375,0.0,0.0,0.14554719430310442,0.00030410036711827487
234,954802.7777777778,0.019784013696632345,0.021322577565002634,14.138078982156538,663.0567500132713,0.984375,0.0,0.0,0.1357393004954808,0.0015385638683702886
234,997236.1111111111,0.05715811136278901,0.05892231272463179,38.777573354058035,658.1135661677366,0.9841269841269841,0.0,0.0,-0.46023362932522527,0.001764201361842778
234,1039363.8888888889,0.025569253597579517,0.02701968663191876,17.819959313613527,659.5176160393563,0.984375,0.0,0.0,0.34132391767335823,0.0014504330343392442
234,1081602.777777778,0.02371912739414271,0.024645838301816606,16.392447203657188,665.1202934512853,1.0,0.0,0.0,0.22060500144094075,0.0009267109076738951
234,1124147.222222222,0.020163542842867595,0.02086768714690727,13.809582974021154,661.7687373211279,0.9841269841269841,0.0,0.0,0.23220540843253548,0.0007041443040396757
234,1166547.2222222222,0.021938733326869263,0.021609493441170205,14.43476406372372,667.9825282818866,0.9841269841269841,0.0,0.0,0.19550035266041915,0.00032923988569905777
234,1209352.777777778,0.022660349494289366,0.023492356523639513,15.601708345847614,664.1184902054495,0.984375,0.0,0.0,0.3973109243696018,0.0008320070293501465
234,1251858.3333333333,0.06199463340035697,0.061950311637316006,41.350635362311,667.4806674806667,0.96875,0.0,0.0,-0.391455131807213,4.432176304096369e-05
234,1294575.0,0.0179538857735254,0.019002923751694073,12.710985787086361,668.8963210702354,0.9841269841269841,0.0,0.0,-0.025641025644334105,0.0010490379781686737
234,1337408.3333333333,0.01984486059286603,0.02045731906950566,13.783143552601441,673.7512137231628,1.0,0.0,0.0,0.022010367665208693,0.0006124584766396303
234,1380558.3333333335,0.026080671103814672,0.026164041386998644,16.658911524321567,636.7101808897024,0.96875,0.0,0.0,0.4656257758913627,8.337028318397208e-05
234,1421302.7777777778,0.039677343725239025,0.0400454414348745,26.084703849121855,651.3776078993448,0.984375,0.0,0.0,0.68043530543617,0.00036809770963547317
234,1463041.6666666667,0.022939589582524973,0.023234069570602048,15.62891614766475,672.6723486891827,1.0,0.0,0.0,0.3234073855480193,0.0002944799880770753
234,1506091.6666666667,0.019836719845241192,0.018944151241191563,12.637609433743515,667.098212680265,0.96875,0.0,0.0,0.28526483472804975,0.0008925686040496296
234,1548794.4444444445,0.01932212469156158,0.02185190969267865,14.439847542092686,660.8048333153541,1.0,0.0,0.0,-0.1093240804303879,0.0025297850011170714
234,1591116.6666666665,0.019634140206634364,0.021058743055448872,14.05582303409686,667.4578343582557,0.96875,0.0,0.0,-0.1099521387337776,0.0014246028488145088
234,1633844.4444444445,0.020432631409404434,0.021585760192508203,14.458042348526048,669.7953752652186,1.0,0.0,0.0,0.12428812674034084,0.0011531287831037691
234,1676738.8888888888,0.059334386711108335,0.0590463517492494,39.11973614857113,662.5258799171859,0.984375,0.0,0.0,-0.3361313088115979,0.0002880349618589323
234,1719138.888888889,0.03355675339098767,0.034053754354251245,22.674336025783486,665.8395368072783,1.0,0.0,0.0,0.11526613676637205,0.0004970009632635775
234,1761730.5555555555,0.020898251094281287,0.021330355644050666,14.41593200864432,675.8411462616717,0.9841269841269841,0.0,0.0,0.06786403085992276,0.00043210454976937845
