record,n_ect,n_pac,couplets,regular,rr_cv,rmssd_norm,pnn_norm,iqr_norm,mad_norm,range_norm,turning_point_ratio
800,1,1,1,False,0.146346363767104,0.068169819191023,0.11290322580645161,0.0476190476190472,0.023809523809524086,0.619047619047619,0.6557377049180327
800,0,0,0,True,0.06544396538813912,0.055558094529148574,0.24193548387096775,0.09459459459460245,0.05405405405404595,0.2972972972972968,0.6065573770491803
800,0,0,0,False,0.13532072573753218,0.08818007303647026,0.3064516129032258,0.136363636363614,0.03896103896103742,0.5714285714285714,0.6065573770491803
800,2,2,2,False,0.16997271764933594,0.12559564420544506,0.3709677419354839,0.27941176470588724,0.11764705882352339,0.6470588235294042,0.5245901639344263
800,1,1,1,True,0.08530883861710742,0.08826691400546818,0.22580645161290322,0.05952380952382654,0.035714285714267956,0.5595238095237799,0.5573770491803278
800,0,0,0,True,0.08313905147216577,0.038964759577689335,0.12903225806451613,0.14583333333333182,0.05555555555559987,0.3750000000000272,0.5737704918032787
800,0,0,0,True,0.015746658216773055,0.018114818305843758,0.0,0.01538461538460797,0.01538461538460797,0.07692307692303985,0.4918032786885246
800,0,0,0,True,0.03562277127294839,0.018955640009788076,0.0,0.062499999999969406,0.031249999999984703,0.1250000000000204,0.6229508196721312
800,1,0,0,True,0.034991844273716266,0.03353488962985309,0.06451612903225806,0.04687499999997705,0.015625000000073934,0.20312499999998215,0.5409836065573771
800,0,0,0,True,0.040129101986335805,0.036054843962427315,0.08064516129032258,0.03968253968251995,0.01587301587300798,0.23809523809536834,0.639344262295082
800,5,1,3,False,0.23585378960163653,0.35281352424715984,0.1935483870967742,0.059701492537285517,0.029850746268642758,1.4776119402985959,0.5901639344262295
800,0,0,0,False,0.17952732496302046,0.07877498829377778,0.24193548387096775,0.11538461538463599,0.051282051282030686,0.7692307692307281,0.5737704918032787
800,2,2,3,False,0.1509235276687037,0.15551032086962308,0.2903225806451613,0.1062500000000098,0.050000000000104426,0.7999999999998434,0.5081967213114754
800,3,3,3,False,0.17165204393874134,0.14521365832017732,0.3548387096774194,0.255952380952378,0.04761904761914826,0.773809523809512,0.4918032786885246
800,0,0,0,True,0.037465210428287175,0.02703210997768416,0.0967741935483871,0.06329113924034904,0.025316455696324677,0.15189873417728714,0.6229508196721312
800,2,2,2,True,0.111811228291743,0.09805255293010148,0.3387096774193548,0.11764705882353302,0.0588235294117358,0.611764705882298,0.47540983606557374
800,2,2,2,False,0.13176027911730248,0.1349118746990692,0.3387096774193548,0.14367816091959126,0.0574712643677885,0.6781609195401443,0.5245901639344263
800,2,2,2,False,0.12760327352666967,0.12847944795782806,0.3548387096774194,0.20202020202020096,0.10101010101004773,0.5757575757574831,0.5245901639344263
800,2,2,2,True,0.10552939714543291,0.10507766544379683,0.16129032258064516,0.14678899082571356,0.02752293577980333,0.5321100917432476,0.6721311475409836
800,0,0,0,True,0.07420128520946312,0.02909713782265778,0.06451612903225806,0.12385321100906709,0.03669724770640444,0.23853211009182046,0.5573770491803278
800,2,2,2,True,0.0958318032009654,0.10655497061091868,0.3387096774193548,0.12755102040805563,0.06122448979589227,0.5510204081632436,0.6229508196721312
800,2,2,2,True,0.08474657901408442,0.10688116801671373,0.16129032258064516,0.028037383177751597,0.018691588785037606,0.5233644859814434,0.639344262295082
800,0,0,0,True,0.05074663340898199,0.03519292303876121,0.14516129032258066,0.07009345794384224,0.028037383177654005,0.2336448598130677,0.5901639344262295
800,2,2,1,True,0.09125840453845387,0.08413810062808347,0.06451612903225806,0.06018518518510192,0.027777777777664974,0.4814814814813955,0.4426229508196721
800,1,1,1,True,0.10402915145521921,0.08735814443850533,0.3064516129032258,0.17346938775513465,0.10204081632648712,0.5306122448979461,0.6557377049180327
800,2,2,2,True,0.10955430479753459,0.11058616455068772,0.27419354838709675,0.09883720930245972,0.04651162790695415,0.5697674418605526,0.5901639344262295
800,2,2,1,True,0.054884322843635085,0.07880112377387649,0.3225806451612903,0.0731707317072798,0.036585365853512554,0.3414634146339724,0.5409836065573771
800,0,0,0,True,0.06433727743123073,0.03296898849600162,0.16129032258064516,0.09868421052633025,0.0526315789473395,0.26315789473697226,0.5901639344262295
800,1,0,1,True,0.10703781999074605,0.13674483485445238,0.3225806451612903,0.10810810810804708,0.05405405405402354,0.8378378378379294,0.5081967213114754
801,23,3,2,False,0.12870538888289162,0.21233963409349824,0.7741935483870968,0.1981132075471674,0.09433962264151262,0.7924528301886681,0.8524590163934426
801,43,25,0,False,0.20411818092000983,0.3253698892848061,0.7903225806451613,0.31521739130435633,0.10869565217390471,0.9565217391304551,0.819672131147541
801,30,2,7,False,0.16024345561151665,0.3002868704292786,0.9193548387096774,0.2200000000000141,0.11999999999999582,0.8000000000000157,0.9016393442622951
801,21,1,0,True,0.09958125057338982,0.18330516574902475,0.7258064516129032,0.1734693877550988,0.08163265306123862,0.3877551020408968,0.8032786885245902
801,27,0,9,False,0.15303356188805187,0.29733480673785256,0.8870967741935484,0.2352941176470528,0.1176470588235264,0.5490196078431915,1.0
801,21,0,4,False,0.13029787884366548,0.2456449189480997,0.7741935483870968,0.23584905660374292,0.11320754716976114,0.4716981132075351,0.8852459016393442
801,28,1,4,False,0.14923390445267307,0.2919073826297602,0.9193548387096774,0.2596153846153798,0.13461538461531702,0.6346153846154174,0.9672131147540983
801,26,2,3,False,0.15101377401955343,0.2800454214402397,0.9193548387096774,0.24038461538454492,0.11538461538465787,0.7692307692308851,0.9672131147540983
801,27,3,5,False,0.17439866883403168,0.3139895633449963,0.9032258064516129,0.3173076923077338,0.13461538461541744,0.8269230769230634,0.8688524590163934
801,22,0,8,False,0.14713571293999683,0.28066865863544016,0.7903225806451613,0.2830188679245367,0.11320754716985407,0.5283018867924881,0.7868852459016393
801,21,1,9,False,0.15827233473500946,0.29990557248162225,0.7903225806451613,0.2788461538461143,0.11538461538465787,0.6538461538461268,0.8524590163934426
801,0,0,0,True,0.059659659964539785,0.060467523223334096,0.27419354838709675,0.0819672131146692,0.0327868852458848,0.262295081967164,0.6065573770491803
801,0,0,0,True,0.038750803008799815,0.05959218927509477,0.3225806451612903,0.042857142857160975,0.028571428571415786,0.1714285714285693,0.7540983606557377
801,5,3,4,False,0.1341788634287969,0.21365300024163467,0.27419354838709675,0.08108108108118214,0.04054054054059107,0.7432432432432995,0.5737704918032787
801,6,2,4,False,0.15471252592419033,0.26763613576443385,0.4032258064516129,0.06849315068483058,0.027397260274103892,0.8630136986301957,0.6557377049180327
801,0,0,0,True,0.022644006392470335,0.027890438428850847,0.0967741935483871,0.027397260273960847,0.013698630136980423,0.1506849315069277,0.5901639344262295
801,3,1,3,True,0.1251742021297247,0.23426675295669047,0.3064516129032258,0.04166666666672105,0.01388888888902788,0.8888888888890822,0.6065573770491803
801,2,2,0,True,0.07347667179014043,0.08487366550392077,0.14516129032258066,0.04054054054051766,0.013513513513647,0.47297297297298824,0.5737704918032787
801,1,1,0,True,0.04685409089559362,0.060877009997408506,0.06451612903225806,0.027027027027015586,0.013513513513507793,0.4054054054053749,0.6885245901639344
801,7,7,1,True,0.09681059023704162,0.10257544648381603,0.1774193548387097,0.02739726027403237,0.013698630136980423,0.5342465753425226,0.5573770491803278
801,7,5,4,False,0.1486840978592111,0.23529359181024326,0.3387096774193548,0.03623188405802475,0.014492753623330972,0.8840579710142603,0.6721311475409836
801,5,3,3,True,0.1273195663658358,0.21863425400581862,0.12903225806451613,0.034246575342379536,0.013698630136980423,0.8082191780822741,0.639344262295082
801,0,0,0,True,0.030970834913193173,0.026134508038550205,0.08064516129032258,0.04225352112674192,0.014084507042394383,0.14084507042247307,0.5737704918032787
801,1,1,1,True,0.03969756429822384,0.06492085543966804,0.04838709677419355,0.01428571428585707,0.014285714285707893,0.399999999999821,0.4098360655737705
801,0,0,0,True,0.019915151927209364,0.024466367390270586,0.03225806451612903,0.02173913043484841,0.014492753623030485,0.14492753623181825,0.5409836065573771
801,0,0,0,True,0.02112000287679219,0.023689710569100787,0.06451612903225806,0.014705882353085708,0.014705882352778577,0.16176470588240713,0.5245901639344263
801,0,0,0,True,0.03230135170231913,0.03398682749483783,0.14516129032258066,0.029411764705864287,0.014705882353085708,0.20588235294135715,0.5737704918032787
801,0,0,0,True,0.026144742930434343,0.03754864315923028,0.08064516129032258,0.014705882353090225,0.014705882352783094,0.20588235294111323,0.4918032786885246
801,0,0,0,True,0.01578758391043905,0.013393958273643616,0.0,0.014705882353090225,0.014705882352783094,0.05882352941205377,0.5409836065573771
801,1,1,1,True,0.03992679956691674,0.06113262308632131,0.04838709677419355,0.014925373134477237,0.014925373134477237,0.3880597014926676,0.4262295081967213
801,0,0,0,True,0.016969108218136776,0.01487957643521705,0.0,0.029411764705873318,0.014705882352783094,0.07352941176483686,0.5081967213114754
801,0,0,0,True,0.017611116406373608,0.01145674003607462,0.0,0.014925373134477237,0.014925373134165521,0.07462686567176276,0.47540983606557374
801,0,0,0,True,0.013221800689510354,0.018192460284016308,0.0,0.014705882353090225,0.014705882352783094,0.058823529411746636,0.6229508196721312
801,0,0,0,True,0.01836903736121307,0.012117182652629892,0.0,0.029850746268798616,0.014925373134477237,0.05970149253759723,0.6885245901639344
801,0,0,0,True,0.015150183790648407,0.015454231164102794,0.0,0.0298507462684869,0.014925373134165521,0.05970149253759723,0.6885245901639344
801,0,0,0,True,0.015402200207046454,0.014998920978110867,0.0,0.015151515151668576,0.015151515151352138,0.06060606060635786,0.7213114754098361
801,1,1,1,True,0.0577936315659184,0.08526691240154691,0.16129032258064516,0.030303030303011125,0.015151515151347343,0.5606060606061805,0.7049180327868853
801,0,0,0,True,0.023821455105620212,0.03193719329816797,0.12903225806451613,0.02238805970140414,0.014925373134165521,0.17910447761216827,0.5737704918032787
801,6,1,6,True,0.1174943723967669,0.22751013151223884,0.3387096774193548,0.030303030303020714,0.015151515151352138,0.5606060606063579,0.5901639344262295
802,1,0,1,True,0.0736546858084956,0.1142982101007571,0.0967741935483871,0.0568181818181822,0.022727272727276773,0.7159090909090923,0.4098360655737705
802,1,0,1,True,0.07367282769396778,0.112372025449654,0.12903225806451613,0.050561797752814594,0.02247191011236367,0.6966292134831418,0.4098360655737705
802,0,0,0,True,0.02464559689085407,0.02758861206730398,0.08064516129032258,0.03333333333334687,0.01111111111113496,0.122222222222209,0.5081967213114754
802,0,0,0,True,0.04463075036757497,0.0275965479899418,0.08064516129032258,0.05617977528090019,0.022471910112377678,0.20224719101125244,0.4918032786885246
802,2,0,2,True,0.10850360116526457,0.1785193169687897,0.1774193548387097,0.06565656565653276,0.03030303030304149,0.8181818181818302,0.3770491803278688
802,8,0,8,False,0.18277957651581547,0.2731582070578092,0.46774193548387094,0.22666666666669544,0.09333333333335747,0.8000000000000278,0.5245901639344263
802,0,0,0,True,0.04015856146260476,0.028367262140129062,0.12903225806451613,0.05128205128202725,0.025641025641013625,0.1666666666666555,0.4426229508196721
802,0,0,0,True,0.0653491280815372,0.031713593481411305,0.06451612903225806,0.08045977011496874,0.03448275862061515,0.24137931034490623,0.4918032786885246
802,1,0,1,True,0.09428900713077136,0.1549413172466002,0.11290322580645161,0.05555555555552655,0.033333333333257914,0.9333333333333101,0.47540983606557374
802,0,0,0,True,0.032961100495528785,0.03192379819398512,0.11290322580645161,0.044943820224698006,0.022471910112349003,0.14606741573038587,0.5573770491803278
802,0,0,0,True,0.030300901403084213,0.032367033508223494,0.11290322580645161,0.045454545454523876,0.022727272727261938,0.125000000000178,0.3442622950819672
802,0,0,0,True,0.03775209983932049,0.03456939166482644,0.14516129032258066,0.05617977528087251,0.033707865168523504,0.15730337078656037,0.4918032786885246
802,0,0,0,True,0.067830909311789,0.0329620382825631,0.1774193548387097,0.11578947368425681,0.06315789473669747,0.2421052631578716,0.4918032786885246
802,4,0,1,True,0.10434614173991219,0.1454778856068352,0.2903225806451613,0.09693877551010949,0.03061224489805269,0.8673469387755668,0.45901639344262296
802,34,0,0,False,0.14564967652983088,0.10575330133563461,0.20967741935483872,0.16091954022992783,0.0574712643677885,1.0114942528735578,0.4262295081967213
802,1,0,1,True,0.08641963343030357,0.1326524668569978,0.1774193548387097,0.04411764705885665,0.01960784313734925,0.7941176470589079,0.36065573770491804
802,2,0,2,False,0.12798981819968158,0.1949991888428576,0.25806451612903225,0.08910891089104304,0.04950495049492052,0.8613861386138296,0.4262295081967213
802,0,0,0,True,0.05397123311085954,0.037326452266750104,0.11290322580645161,0.05445544554478478,0.02970297029711774,0.22772277227742016,0.5081967213114754
802,0,0,0,True,0.056005586260809696,0.03477835586241456,0.16129032258064516,0.05499999999991333,0.029999999999876778,0.2800000000000334,0.3442622950819672
802,0,0,0,True,0.06384708094814835,0.039685830137554716,0.22580645161290322,0.06435643564368618,0.02970297029711774,0.25742574257433115,0.3114754098360656
802,1,0,1,True,0.10542217228746294,0.13103127146739238,0.25806451612903225,0.08333333333324802,0.049019607843014804,0.7745098039213538,0.39344262295081966
802,2,0,2,True,0.10987550361713026,0.18504464615596436,0.22580645161290322,0.055555555555620015,0.027777777777664974,0.8611111111109017,0.4918032786885246
802,25,0,0,True,0.09524195228092786,0.04897549011681951,0.22580645161290322,0.17619047619053776,0.08571428571434254,0.31428571428585633,0.5245901639344263
802,1,0,1,True,0.10687447165739583,0.1480277256815687,0.45161290322580644,0.09090909090905168,0.049586776859482734,0.7851239669420689,0.5081967213114754
802,1,0,1,True,0.09656997844412155,0.1339074744688025,0.4032258064516129,0.07317073170737091,0.04065040650413268,0.7317073170730299,0.5737704918032787
802,1,0,1,True,0.09478496139350853,0.1396207043920971,0.4032258064516129,0.06611570247939662,0.03305785123982776,0.7851239669420689,0.5573770491803278
803,5,0,5,False,0.1497004223778814,0.25433885154980806,0.27419354838709675,0.05194805194805181,0.025974025974026305,0.8181818181818201,0.5409836065573771
803,6,0,6,False,0.1435010098356432,0.24620473829580927,0.2903225806451613,0.05263157894737746,0.026315789473671556,0.7631578947368358,0.5901639344262295
803,2,0,2,True,0.09099089493299181,0.15394220942531306,0.12903225806451613,0.04375000000001193,0.025000000000004487,0.7000000000000114,0.4918032786885246
803,5,0,5,False,0.13101357986039905,0.22463591981072523,0.24193548387096775,0.04430379746834899,0.025316455696189982,0.734177215189873,0.47540983606557374
803,2,0,2,True,0.12617285316468557,0.14257860624843882,0.11290322580645161,0.1733333333333359,0.07999999999999582,0.6933333333333087,0.4262295081967213
803,4,0,4,False,0.14246849492655342,0.2407980626786321,0.24193548387096775,0.06250000000003263,0.025000000000052213,0.8500000000000131,0.45901639344262296
803,7,0,7,False,0.1683404883610931,0.28832838972011343,0.3387096774193548,0.07051282051282094,0.038461538461520436,0.7820512820512503,0.4918032786885246
803,3,0,3,True,0.10830575417771446,0.18327616404444866,0.1774193548387097,0.04999999999997716,0.02499999999998858,0.762499999999978,0.47540983606557374
803,5,0,4,False,0.13454909980717145,0.22302220788282756,0.22580645161290322,0.044303797468366976,0.02531645569619082,0.7594936708861872,0.47540983606557374
803,4,0,4,True,0.12323733413901979,0.2120259410310121,0.24193548387096775,0.05063291139224946,0.02531645569612473,0.7341772151897982,0.5573770491803278
803,2,0,2,True,0.09401489192305244,0.15449568954186518,0.22580645161290322,0.0569620253164992,0.025316455696324677,0.7341772151898467,0.4426229508196721
803,7,0,6,False,0.18903484341807655,0.27712982178995776,0.3387096774193548,0.23376623376620648,0.06493506493517413,0.8961038961039384,0.5245901639344263
803,3,0,3,True,0.127194677923991,0.20996383890672846,0.1774193548387097,0.043209876543252056,0.024691358024678624,0.8024691358023132,0.45901639344262296
803,8,0,6,False,0.18675241285780456,0.3102401480320084,0.3225806451612903,0.04375000000004242,0.024999999999986946,0.8874999999999282,0.6229508196721312
803,4,0,4,False,0.13817081588461724,0.2387491004301744,0.1935483870967742,0.024691358024743086,0.012345679012339312,0.8641975308641386,0.5081967213114754
803,6,0,6,False,0.15815979285231366,0.27128525227964473,0.2903225806451613,0.06249999999984499,0.02500000000012074,0.8375000000000636,0.5081967213114754
803,4,0,4,True,0.12551608883219448,0.21006305460502153,0.1935483870967742,0.03164556962030252,0.012658227848226756,0.8227848101265438,0.6229508196721312
803,4,0,4,False,0.13079976027059623,0.22150890178278254,0.1935483870967742,0.05063291139251717,0.01265822784822843,0.7848101265823638,0.6229508196721312
803,4,0,4,False,0.13001297501269518,0.22322716384025404,0.20967741935483872,0.04430379746832515,0.012658227848357266,0.8227848101265672,0.45901639344262296
803,2,0,0,True,0.07612013366296382,0.0737830181361685,0.04838709677419355,0.05194805194801672,0.02597402597373713,0.7532467532465137,0.39344262295081966
803,5,0,4,False,0.17791153390163,0.2370538501262457,0.27419354838709675,0.23648648648634918,0.09459459459470901,0.7837837837838448,0.5081967213114754
803,5,0,5,False,0.15678187454270248,0.2610506352543121,0.3064516129032258,0.08641975308649297,0.04938271604960872,0.8765432098766228,0.4426229508196721
803,4,0,4,False,0.13270697207670493,0.22695386112692129,0.22580645161290322,0.062499999999967366,0.024999999999986946,0.7749999999998565,0.5409836065573771
803,5,0,4,False,0.16330292241542968,0.20580708021398278,0.25806451612903225,0.20138888888884457,0.09722222222202079,0.9583333333332125,0.5573770491803278
803,7,0,7,False,0.16917870904530793,0.29071852644802226,0.3548387096774194,0.06329113924034904,0.02531645569645686,0.79746835443046,0.639344262295082
803,7,0,7,False,0.163007875502905,0.2704814225490226,0.3548387096774194,0.06962025316459544,0.037974683544156555,0.8101265822784242,0.5901639344262295
803,4,0,4,False,0.12854827907622365,0.21840446881007802,0.22580645161290322,0.045454545454446826,0.02597402597373713,0.7922077922073907,0.5737704918032787
803,6,0,5,False,0.15823145972329677,0.24029404809195157,0.2903225806451613,0.07999999999996658,0.026666666666933993,0.7599999999998218,0.5737704918032787
803,3,0,2,False,0.20443099614757498,0.2109448845800553,0.1935483870967742,0.3354430379747488,0.08860759493680591,0.9113924050637229,0.4918032786885246
803,4,0,4,False,0.13081745505876632,0.21927800643851764,0.25806451612903225,0.0625000000000979,0.03749999999984989,0.8000000000001044,0.47540983606557374
803,1,0,0,True,0.04354578668019839,0.04384973204623972,0.016129032258064516,0.025641025641279666,0.012820512820639833,0.35897435897416674,0.3770491803278688
803,4,0,4,True,0.11951881590030822,0.2021824018765339,0.1935483870967742,0.0379746835442787,0.025316455695921433,0.7974683544305136,0.5245901639344263
804,1,0,0,False,0.14736124636718897,0.20332458716039253,0.8064516129032258,0.17213114754098224,0.08196721311475302,0.9344262295081985,0.6721311475409836
804,1,0,3,False,0.16614730189585997,0.217494682861694,0.7580645161290323,0.19999999999999674,0.09999999999999565,0.7833333333333282,0.6885245901639344
804,1,0,4,False,0.1309984538285822,0.20421965592340197,0.8225806451612904,0.19827586206896183,0.0862068965517284,0.5000000000000112,0.7049180327868853
804,3,0,6,False,0.19926074159130602,0.2831202512065171,0.7903225806451613,0.23728813559323758,0.11864406779659667,0.9152542372881326,0.639344262295082
804,4,0,4,False,0.14927276324904673,0.22512074489973646,0.7419354838709677,0.18032786885243832,0.08196721311475831,0.8688524590163695,0.7213114754098361
804,3,0,6,False,0.16262601569596685,0.250239196177111,0.8225806451612904,0.17796610169491714,0.10169491525423204,0.9830508474575911,0.7049180327868853
804,1,0,3,False,0.1836720085952971,0.29441990322691863,0.8709677419354839,0.2249999999999913,0.10000000000012182,0.8499999999999043,0.6885245901639344
804,1,0,5,False,0.14843064646191714,0.22809937607700362,0.7096774193548387,0.15833333333329416,0.08333333333328982,0.7499999999999565,0.6229508196721312
804,0,0,1,False,0.13719620560300053,0.16741744007533663,0.8225806451612904,0.1557377049180384,0.081967213114712,0.6885245901639232,0.5245901639344263
804,0,0,4,False,0.14727327101145504,0.2005510688465927,0.7258064516129032,0.17499999999999566,0.09999999999994778,0.8833333333333072,0.6885245901639344
804,0,0,3,False,0.13293949561034318,0.18550526046504756,0.6451612903225806,0.18032786885246743,0.08196721311471902,0.5901639344263193,0.5573770491803278
804,2,0,1,False,0.14176890678443302,0.19289719018297827,0.7903225806451613,0.17741935483871918,0.09677419354834635,0.9032258064516536,0.6885245901639344
804,0,0,1,True,0.12544878178991564,0.19865172387411267,0.8548387096774194,0.13934426229503427,0.06557377049195201,0.6557377049181506,0.7049180327868853
804,1,0,4,False,0.14079614887661643,0.22331347758590966,0.7419354838709677,0.1916666666666536,0.09999999999994778,0.7833333333330984,0.639344262295082
804,2,0,5,False,0.1515521635200073,0.23412095536369013,0.8064516129032258,0.15833333333333768,0.08333333333328982,0.7499999999997824,0.7049180327868853
804,2,0,6,False,0.17275204986280907,0.2699388018172479,0.8064516129032258,0.23728813559318285,0.1016949152541833,0.864406779660912,0.6721311475409836
804,3,0,3,False,0.17142267181061813,0.2566873760892362,0.8387096774193549,0.22321428571434732,0.10714285714298367,0.9107142857141491,0.6557377049180327
804,3,0,6,False,0.17359104781103796,0.2651943972516434,0.8709677419354839,0.17241379310356622,0.08620689655187314,0.8103448275862752,0.639344262295082
804,2,0,3,False,0.1590393238175942,0.220585210348234,0.8387096774193549,0.2241379310345821,0.10344827586203172,0.6551724137934076,0.5901639344262295
804,9,0,8,False,0.19209434760908284,0.3120409370611783,0.8870967741935484,0.19827586206898415,0.12068965517237033,0.7241379310345821,0.7213114754098361
804,14,0,11,False,0.243917491646777,0.4229426727214412,0.8870967741935484,0.3333333333333944,0.1754385964909806,1.0000000000003664,0.7377049180327869
804,6,0,8,False,0.18074237955794484,0.3044112806409066,0.8548387096774194,0.2377049180327504,0.0983606557376544,0.721311475409808,0.6557377049180327
804,8,0,3,False,0.1732954887217819,0.27677253564290033,0.8548387096774194,0.1500000000000348,0.08333333333330432,0.9166666666666957,0.7213114754098361
804,8,0,12,False,0.2045821091036796,0.3506291516569196,0.8709677419354839,0.3214285714285781,0.17857142857132868,0.8214285714284848,0.7540983606557377
804,10,0,12,False,0.1976280373678403,0.33512483526023823,0.9032258064516129,0.28070175438608547,0.14035087719308853,0.8771929824562078,0.7540983606557377
804,5,0,4,False,0.16492854150884842,0.2663283394543076,0.8064516129032258,0.210526315789358,0.105263157894679,0.8070175438599384,0.6065573770491803
804,5,0,7,False,0.1729992907873564,0.23583605717385925,0.8548387096774194,0.21052631578954117,0.08771929824574902,0.912280701754251,0.6065573770491803
804,12,0,3,False,0.2694843338817519,0.2641596524279443,0.7096774193548387,0.23148148148120573,0.11111111111102516,0.944444444444294,0.6229508196721312
804,4,0,7,False,0.1482199838807728,0.23750241530395566,0.9032258064516129,0.18750000000020978,0.08928571428586746,0.5714285714287313,0.6885245901639344
804,1,0,2,False,0.14284002140005486,0.18755508070398397,0.8709677419354839,0.23148148148148864,0.11111111111106814,0.6296296296297729,0.6229508196721312
804,0,0,1,False,0.14076428629223345,0.17244825034431482,0.7903225806451613,0.16666666666673113,0.09259259259232759,0.6481481481478402,0.6557377049180327
804,2,0,5,False,0.16516512258634997,0.22867347156398235,0.7741935483870968,0.23529411764711905,0.11764705882304764,0.9215686274510285,0.5901639344262295
804,1,0,4,False,0.15661827060576358,0.22896515662246542,0.8548387096774194,0.1923076923080167,0.09615384615360673,0.6923076923082175,0.5901639344262295
804,2,0,3,False,0.15707975710292799,0.20527176221995524,0.8225806451612904,0.21698113207544195,0.1132075471697444,0.8301886792447923,0.6065573770491803
804,3,0,5,False,0.15787854197428158,0.23713796078832322,0.8064516129032258,0.20370370370401167,0.11111111111106814,0.6666666666667956,0.6557377049180327
804,1,0,2,False,0.12836758614950783,0.15645956836869795,0.7096774193548387,0.14545454545484232,0.0727272727272313,0.6545454545458411,0.6721311475409836
804,2,0,5,False,0.12964164317519364,0.19063408888964975,0.8870967741935484,0.13207547169823217,0.07547169811316294,0.5660377358491161,0.5737704918032787
804,2,0,7,False,0.1643526695053105,0.24767067869142118,0.7419354838709677,0.20909090909107478,0.10909090909084695,0.7636363636363084,0.6885245901639344
804,1,0,2,False,0.15252345060485328,0.20061016424768452,0.8709677419354839,0.19090909090926697,0.090909090909229,0.7818181818183061,0.639344262295082
804,5,0,6,False,0.14912339759554477,0.21844779156403044,0.8387096774193549,0.1909090909090771,0.090909090909229,0.6363636363634637,0.5737704918032787
804,11,0,9,False,0.22092412579223206,0.36477251117768084,0.9032258064516129,0.27777777777794965,0.1481481481484203,0.9814814814813024,0.7377049180327869
804,11,0,8,False,0.1971020820098355,0.3222611320877206,0.9193548387096774,0.2142857142859274,0.08928571428583416,0.7857142857140726,0.8360655737704918
804,10,0,9,False,0.1796019220163955,0.28394671208510414,0.8064516129032258,0.24999999999990677,0.10714285714281718,0.8571428571432834,0.7377049180327869
804,14,0,8,False,0.2018944484567631,0.3158697943353741,0.8387096774193549,0.30000000000003796,0.10909090909088838,0.8000000000002279,0.6721311475409836
805,3,0,0,False,0.1365038490703651,0.1411732048683143,0.20967741935483872,0.01449275362319101,0.014492753623186281,0.5797101449275316,0.5245901639344263
805,1,0,0,True,0.08054654483659614,0.08012023171525438,0.0967741935483871,0.014492753623200332,0.014492753623171956,0.5362318840579583,0.5901639344262295
805,3,0,0,False,0.13858580879819402,0.12617154962621152,0.16129032258064516,0.0499999999999944,0.014285714285726007,0.5714285714285927,0.5409836065573771
805,4,0,0,False,0.16774374503555747,0.1626756926164115,0.20967741935483872,0.027777777777764686,0.013888888888882343,0.6111111111111132,0.5573770491803278
805,5,0,0,False,0.18686675342095094,0.20839694359556768,0.27419354838709675,0.027397260273995628,0.013698630137015695,0.6301369863013631,0.5245901639344263
805,4,0,1,False,0.1691689841684997,0.21441921213399764,0.24193548387096775,0.027397260273958886,0.013698630136979443,1.0410958904109384,0.47540983606557374
805,6,0,0,False,0.20368625336714777,0.22777423623695414,0.3064516129032258,0.04054054054059394,0.01351351351357835,0.6351351351351485,0.39344262295081966
805,4,0,0,False,0.1675205229005565,0.18128617710993586,0.20967741935483872,0.02666666666668848,0.013333333333326836,0.6133333333333826,0.4426229508196721
805,3,0,0,False,0.14901640254176773,0.14850741425494635,0.1774193548387097,0.03896103896102047,0.012987012987006823,0.5974025974026529,0.3770491803278688
805,7,0,0,False,0.2166574558410781,0.24391471224278982,0.3548387096774194,0.052631578947381075,0.026315789473742062,0.6052631578947621,0.36065573770491804
805,6,0,0,False,0.20290478896354674,0.22968948890742708,0.3225806451612903,0.032467532467652674,0.012987012987074631,0.6103896103897275,0.47540983606557374
805,5,0,0,False,0.18877233616125066,0.20463219483261097,0.24193548387096775,0.03246753246758266,0.012987012987005941,0.6103896103896861,0.5737704918032787
805,6,0,0,False,0.2097333156948467,0.2367191543756369,0.3548387096774194,0.05769230769221758,0.012820512820641549,0.6282051282051436,0.5245901639344263
805,7,0,0,False,0.22063189213536027,0.25756162086011614,0.3548387096774194,0.038961038961158725,0.025974025974015408,0.6103896103897689,0.4262295081967213
805,8,0,0,False,0.23337800188101712,0.27426324835864646,0.4032258064516129,0.07051282051272525,0.012820512820641549,0.6153846153847699,0.47540983606557374
805,7,0,0,False,0.21772387365948997,0.24862962738361907,0.3709677419354839,0.058441558441602474,0.025974025974015408,0.6103896103897689,0.5573770491803278
805,7,0,0,False,0.2204933291578723,0.25180417061390364,0.3709677419354839,0.05769230769228452,0.012820512820641549,0.6153846153847699,0.45901639344262296
805,7,0,0,False,0.21680217815657296,0.25094693068580937,0.3548387096774194,0.03846153846158995,0.012820512820641549,0.6153846153847699,0.4918032786885246
805,7,0,0,False,0.22278515289054698,0.2522787920992394,0.3870967741935484,0.051282051282030686,0.025641025641015343,0.6538461538462929,0.4918032786885246
805,5,0,0,False,0.18641028930764805,0.20690722973660727,0.25806451612903225,0.03846153846165689,0.012820512820641549,0.6153846153847699,0.5245901639344263
805,7,0,0,False,0.2136860598414714,0.25045152636795487,0.3548387096774194,0.03896103896108563,0.012987012987005941,0.6363636363635624,0.5737704918032787
805,6,0,0,False,0.20370129006837845,0.23058238877708095,0.3709677419354839,0.051282051282157695,0.025641025640878033,0.6153846153848214,0.5573770491803278
805,5,0,0,False,0.1867843730699362,0.21079360165728359,0.3064516129032258,0.03797468354442092,0.01265822784822843,0.6075949367091485,0.4918032786885246
805,7,0,1,False,0.228634644334162,0.2894937386927945,0.43548387096774194,0.10897435897450143,0.02564102564101191,1.0897435897436756,0.47540983606557374
805,8,0,0,False,0.22290329333005648,0.25678734242472706,0.43548387096774194,0.06410256410226202,0.02564102564101191,0.6282051282051935,0.4426229508196721
805,4,0,0,False,0.16387694578833828,0.18677849486994028,0.22580645161290322,0.053333333333435436,0.026666666666648103,0.6400000000001114,0.5409836065573771
805,7,0,0,False,0.20148938163127422,0.22813754590915936,0.3548387096774194,0.059210526315704504,0.01315789473697589,0.592105263158419,0.47540983606557374
805,8,0,0,False,0.22669308303919142,0.26118216904064245,0.3548387096774194,0.07894736842114665,0.02631578947366975,0.6184210526316513,0.39344262295081966
805,7,0,0,False,0.2214550253898002,0.25933667171564984,0.4032258064516129,0.058441558441602474,0.025974025974015408,0.623376623376641,0.39344262295081966
805,8,0,1,False,0.23593084782170928,0.290570387639616,0.45161290322580644,0.06410256410241306,0.02564102564075102,1.0384615384619298,0.5081967213114754
805,6,0,0,False,0.20576022124306714,0.2345002395655598,0.3548387096774194,0.05769230769235918,0.025641025641018774,0.6153846153849861,0.4918032786885246
805,7,0,0,False,0.21890058501629797,0.250767931199746,0.43548387096774194,0.07692307692305633,0.025641025641286532,0.6153846153847183,0.47540983606557374
805,6,0,0,False,0.20515300233986622,0.23077906095912612,0.3709677419354839,0.06410256410266366,0.02564102564101191,0.6282051282049257,0.4098360655737705
805,3,0,0,False,0.14583380333872917,0.15758972981524683,0.20967741935483872,0.025316455696192494,0.01265822784822843,0.6202531645571127,0.5081967213114754
805,6,0,0,False,0.2045888585592516,0.2330888282689825,0.3225806451612903,0.051282051281756065,0.025641025640744153,0.6282051282051935,0.47540983606557374
806,0,0,0,True,0.015304007854219568,0.020415399904658498,0.016129032258064516,0.01818181818181845,0.018181818181815485,0.0727272727272738,0.4918032786885246
806,0,0,0,True,0.012026852650645905,0.017975112192346265,0.0,0.01851851851852165,1.2086174036893505e-14,0.055555555555564955,0.6065573770491803
806,1,1,1,True,0.03919835702184904,0.06615995960304154,0.06451612903225806,0.018518518518510014,2.4172348073787594e-14,0.4074074074073895,0.6229508196721312
806,2,1,2,True,0.04494456960432005,0.07623092628234236,0.11290322580645161,0.01886792452831722,0.01886792452829259,0.3396226415094637,0.5901639344262295
806,1,1,1,True,0.04708296168285277,0.07136191092081551,0.0967741935483871,0.018518518518509566,4.834469614757402e-14,0.4629629629629809,0.36065573770491804
806,1,0,0,True,0.029619486244057018,0.047172340816158446,0.06451612903225806,0.018518518518509566,0.018518518518509566,0.27777777777774015,0.47540983606557374
806,1,1,0,True,0.03162262799426261,0.05057129895382594,0.04838709677419355,4.834469614757402e-14,4.834469614757402e-14,0.2962962962963464,0.4918032786885246
806,2,1,2,True,0.053075023137160546,0.09217056775503314,0.12903225806451613,9.668939229514804e-14,0.0,0.4259259259259134,0.4426229508196721
806,1,1,1,True,0.042558886732439856,0.06864749632441317,0.04838709677419355,0.018518518518509566,0.018518518518509566,0.4259259259259134,0.3442622950819672
806,1,0,1,True,0.041317608116837705,0.06978910624017833,0.06451612903225806,0.018181818181809552,0.018181818181809552,0.41818181818180955,0.4262295081967213
806,1,0,1,True,0.03539668747729583,0.06062931733415639,0.04838709677419355,0.018181818181809552,0.018181818181809552,0.363636363636286,0.4098360655737705
806,0,0,0,True,0.016294248626714955,0.020930980259038286,0.016129032258064516,0.018518518518509566,0.018518518518509566,0.07407407407413495,0.45901639344262296
806,2,1,1,True,0.03829480440117413,0.06362991938560655,0.11290322580645161,0.018518518518606256,0.018518518518509566,0.33333333333336557,0.4426229508196721
806,0,0,0,True,0.024516955442863073,0.022476821611281707,0.0,0.03703703703697437,0.018518518518511357,0.09259259259275016,0.47540983606557374
806,0,0,0,True,0.019347831728423324,0.019868868158057988,0.0,0.018867924528290735,0.018867924528093705,0.0943396226416507,0.6229508196721312
806,6,1,1,True,0.06446156456267803,0.0969924013956454,0.20967741935483872,0.028301886792534616,0.018867924528290735,0.4150943396225932,0.5737704918032787
806,0,0,0,True,0.017073172887282773,0.021143922607567166,0.016129032258064516,0.03773584905639188,0.01886792452829445,0.07547169811337484,0.5737704918032787
806,3,2,3,True,0.06408411952367377,0.10639675466467333,0.16129032258064516,0.018518518518608047,0.018518518518317977,0.4629629629629773,0.7704918032786885
806,1,1,1,True,0.03236675381364609,0.054825843734620676,0.0967741935483871,0.018181818182001142,0.018181818181621415,0.3090909090909816,0.7704918032786885
806,1,0,1,True,0.04137805859387363,0.0662223521413743,0.04838709677419355,0.018518518518704737,0.018518518518317977,0.40740740740744324,0.6557377049180327
806,1,0,1,True,0.04016231852964966,0.06664980830948619,0.04838709677419355,0.019230769230962324,0.01923076923056069,0.4038461538461925,0.5081967213114754
806,3,2,2,True,0.08244470386986504,0.11918923874147594,0.1774193548387097,0.07407407407422448,0.018518518518701153,0.6296296296294578,0.6721311475409836
806,0,0,0,True,0.02333458190499354,0.025787016704083537,0.04838709677419355,0.03703703703701555,0.018518518518507776,0.11111111111104666,0.7868852459016393
806,1,0,1,True,0.03221007764669337,0.049357902604791414,0.06451612903225806,0.0377358490565889,0.01886792452829445,0.2830188679246138,0.6557377049180327
806,1,0,1,True,0.03520666789321302,0.057324023948729534,0.0967741935483871,0.019230769230757644,0.01923076923055683,0.34615384615383843,0.5901639344262295
806,1,1,1,True,0.042865044094113104,0.05479981976231852,0.06451612903225806,0.018867924528392966,0.018867924528097425,0.33962264150949717,0.6229508196721312
806,2,0,0,True,0.050517763934599835,0.07039649268172735,0.0967741935483871,0.037735849056778493,0.01886792452848776,0.37735849056601173,0.6721311475409836
806,1,0,1,True,0.035558491759464385,0.058689186578854594,0.04838709677419355,0.019607843137447612,0.019607843137038103,0.35294117647037143,0.5081967213114754
806,1,1,1,True,0.042254536808720516,0.06785865639062129,0.06451612903225806,0.03703703703663595,0.018518518518317977,0.4259259259263413,0.47540983606557374
806,0,0,0,True,0.013080957661180403,0.019241178827400906,0.016129032258064516,0.018518518518697572,0.01851851851792406,0.05555555555570596,0.5737704918032787
806,1,1,1,True,0.041044732134704484,0.06343069045310595,0.06451612903225806,0.018518518518697572,0.018518518518310816,0.3888888888891682,0.4918032786885246
806,1,1,1,True,0.035263866723260505,0.05244381275227498,0.06451612903225806,0.019230769230761505,0.01923076923056069,0.32692307692354805,0.6721311475409836
806,2,0,2,True,0.0569665688290468,0.10281709409769495,0.08064516129032258,0.018518518518898113,0.018518518518317977,0.5,0.39344262295081966
806,7,7,1,True,0.07009510439241126,0.08431293716693633,0.12903225806451613,0.03703703703702271,0.018518518518704737,0.40740740740724984,0.5409836065573771
806,9,8,2,True,0.09450261243680576,0.11938403783177662,0.2903225806451613,0.02777777777825048,0.018518518518704737,0.5,0.5081967213114754
806,3,2,2,True,0.0579110083533306,0.0926626801375409,0.16129032258064516,0.018518518518704737,0.018518518518704737,0.3888888888893186,0.5573770491803278
806,4,4,3,True,0.05618853064706867,0.09380500331297567,0.1935483870967742,0.03846153846152301,0.01923076923056069,0.36538461538466943,0.5573770491803278
806,0,0,0,True,0.013579274107790465,0.020886233524989733,0.0,0.019230769230962324,4.016328603029555e-13,0.03846153846192465,0.5737704918032787
806,0,0,0,True,0.019944972196584098,0.023755827246858992,0.04838709677419355,0.01923076923056069,0.01923076923056069,0.09615384615440999,0.5245901639344263
806,1,1,1,True,0.03394656858763387,0.05647129734031654,0.06451612903225806,0.03846153846112138,0.01923076923056069,0.3269230769227448,0.4918032786885246
806,1,0,1,True,0.039694591574079285,0.06547806833292202,0.14516129032258066,0.03773584905658147,0.018867924528093705,0.37735849056581466,0.5901639344262295
806,2,0,1,True,0.043207583885377085,0.057311318491712504,0.11290322580645161,0.03846153846152301,0.019230769230962324,0.34615384615370715,0.4918032786885246
806,1,1,1,True,0.04309980902704677,0.06723992971268107,0.06451612903225806,0.03773584905659634,0.01886792452810114,0.4150943396225597,0.5737704918032787
806,0,0,0,True,0.01710471063356094,0.02371435275266606,0.04838709677419355,0.009433962264440909,3.9405488180659866e-13,0.0943396226416507,0.47540983606557374
806,1,0,1,True,0.04871487851114895,0.0761098909611471,0.0967741935483871,0.028301886792545767,0.01886792452810114,0.4528301886791561,0.5245901639344263
806,0,0,0,True,0.017917881633415306,0.019314442971611084,0.0,0.018867924528495197,0.01886792452810114,0.056603773585485594,0.5573770491803278
806,1,0,1,True,0.0364783987541888,0.06387943176620849,0.06451612903225806,0.018518518518704737,0.018518518518317977,0.3703703703706139,0.5901639344262295
807,3,3,3,True,0.07139001043018517,0.11762607251767009,0.16129032258064516,0.0285714285714336,0.014285714285715635,0.4857142857142826,0.5737704918032787
807,1,1,0,True,0.027426585809240185,0.04287000670336571,0.04838709677419355,0.028985507246372562,0.014492753623181552,0.2463768115942188,0.639344262295082
807,0,0,0,True,0.034345049196933895,0.016074592668629758,0.0,0.03947368421052451,0.013157894736835778,0.14473684210526225,0.4918032786885246
807,0,0,0,True,0.014587498767769665,0.012978115167909195,0.0,0.012658227848128456,0.01265822784809541,0.05063291139244773,0.6065573770491803
807,1,1,1,True,0.042699087383347885,0.07206486865944609,0.04838709677419355,0.019480519480527186,0.012987012987006823,0.4415584415584354,0.5737704918032787
807,6,6,0,False,0.12916504759194736,0.07260580774675944,0.08064516129032258,0.026315789473671556,0.013157894736835778,0.5394736842105416,0.4098360655737705
807,0,0,0,True,0.02098064457534742,0.01656418426870479,0.0,0.013333333333327764,0.013333333333258148,0.10666666666669172,0.4426229508196721
807,0,0,0,True,0.026096753190442412,0.02241645533939698,0.016129032258064516,0.02816901408456815,0.014084507042247306,0.12676056338029928,0.6721311475409836
807,0,0,0,True,0.03302391148165146,0.01793700772876483,0.016129032258064516,0.04861111111112269,0.02777777777769116,0.11111111111112723,0.7049180327868853
807,0,0,0,True,0.012733126109699908,0.014044456509974167,0.0,0.027397260273887364,0.013698630136979443,0.05479452054798929,0.5081967213114754
807,0,0,0,True,0.023538257843449647,0.01834374125522901,0.0,0.04109589041086387,0.027397260273813877,0.09589041095884925,0.7049180327868853
807,0,0,0,True,0.03828708276435234,0.040346360118979824,0.1774193548387097,0.04794520547935996,0.027397260273960847,0.16438356164390813,0.6065573770491803
807,1,1,1,True,0.06016583295984994,0.09485203333493245,0.04838709677419355,0.02666666666679476,0.013333333333466996,0.6000000000000278,0.5901639344262295
807,4,4,1,True,0.11541171980229091,0.08856893214787172,0.11290322580645161,0.03896103896108563,0.012987012987141559,0.5584415584415268,0.6065573770491803
807,1,1,0,True,0.036896043461376156,0.04928481868862976,0.16129032258064516,0.041666666666645945,0.02380952380951197,0.22619047619036373,0.6885245901639344
807,2,2,1,True,0.044033592214251814,0.07230459115303915,0.11290322580645161,0.02352941176469432,0.01176470588234716,0.38823529411770197,0.5573770491803278
807,1,1,0,True,0.033479594737535145,0.048583413384643136,0.14516129032258066,0.03409090909089291,0.011363636363749634,0.2500000000001187,0.5901639344262295
807,0,0,0,True,0.028228435656324904,0.027152170697323348,0.04838709677419355,0.033707865168523504,0.011235955056174501,0.14606741573038587,0.4098360655737705
807,1,1,0,True,0.029269005872113923,0.04483781390780235,0.08064516129032258,0.02197802197801189,0.010989010989005945,0.25274725274725146,0.4918032786885246
807,0,0,0,True,0.025511684051838495,0.02595886845278116,0.03225806451612903,0.0329670329671288,0.010989010989119436,0.1318681318680562,0.5737704918032787
807,0,0,0,True,0.0331304679130845,0.024383364166462723,0.03225806451612903,0.043478260869545475,0.021739130434772738,0.13043478260886343,0.47540983606557374
807,0,0,0,True,0.031704572074768386,0.023002046614259208,0.016129032258064516,0.03932584269666481,0.022471910112346366,0.13483146067454752,0.5245901639344263
807,1,1,1,True,0.04386013762268845,0.06894936144259887,0.08064516129032258,0.021739130434999747,0.010869565217499873,0.42391304347818193,0.5245901639344263
807,1,1,1,True,0.057529057790347074,0.09293504867779387,0.1774193548387097,0.04255319148934279,0.021276595744671396,0.5531914893619007,0.639344262295082
807,0,0,0,True,0.03819098876355365,0.02570743193731439,0.03225806451612903,0.03296703296713637,0.02197802197778491,0.18681318681323725,0.4918032786885246
807,1,1,0,True,0.03356701479504727,0.04650031526562785,0.0967741935483871,0.031914893617229274,0.021276595744671396,0.2659574468082814,0.5573770491803278
807,0,0,0,True,0.022327328934642728,0.02586587538103236,0.04838709677419355,0.031578947368293774,0.01052631578957782,0.09473684210532102,0.5737704918032787
807,1,1,1,True,0.06454721141152989,0.09760273714534952,0.16129032258064516,0.04255319148934279,0.021276595744671396,0.5851063829785745,0.5737704918032787
807,0,0,0,True,0.035936208267380136,0.03302965060055014,0.12903225806451613,0.05263157894746098,0.03157894736830072,0.147368421052583,0.5081967213114754
807,3,3,0,True,0.07800844008102104,0.09579963672947141,0.3548387096774194,0.05729166666658735,0.03124999999987763,0.6979166666669069,0.5245901639344263
808,0,0,0,True,0.03249366031240849,0.021570682226094786,0.016129032258064516,0.04597701149425365,0.022988505747123075,0.16091954022988683,0.5409836065573771
808,0,0,0,True,0.03168899567512328,0.0198672549644324,0.016129032258064516,0.03488372093023132,0.02325581395347743,0.15116279069767918,0.5409836065573771
808,0,0,0,True,0.03549783991220625,0.016263991705080815,0.0,0.058139534883724815,0.03488372093018632,0.1162790697674648,0.4262295081967213
808,0,0,0,True,0.029725460567011554,0.018712543551221927,0.0,0.03977272727272323,0.022727272727261938,0.13636363636363097,0.45901639344262296
808,0,0,0,True,0.018874485739671914,0.02073789094439147,0.0,0.02777777777775038,0.011111111111105954,0.10000000000001161,0.5409836065573771
808,0,0,0,True,0.015029208071907415,0.013844130371226617,0.0,0.016666666666686973,0.011111111111105309,0.06666666666668987,0.4918032786885246
808,0,0,0,True,0.018052505677551425,0.018607173976890504,0.0,0.021739130434772738,0.010869565217386369,0.08695652173914771,0.5901639344262295
808,0,0,0,True,0.016737427681053046,0.01374227938062715,0.0,0.02173913043482949,0.010869565217386369,0.06521739130437497,0.4918032786885246
808,0,0,0,True,0.0260336664264715,0.01728170477017989,0.0,0.03804347826090904,0.021739130434772738,0.09782608695647732,0.5573770491803278
808,0,0,0,True,0.028791594935921067,0.01525217201943684,0.0,0.0319148936170071,0.021276595744560308,0.11702127659591487,0.47540983606557374
808,0,0,0,True,0.032886522854809704,0.021852613182661056,0.016129032258064516,0.05376344086019091,0.021505376344188646,0.13978494623649634,0.5901639344262295
808,0,0,0,True,0.017189056056756222,0.015317731458603774,0.0,0.010416666666769776,0.010416666666661,0.10416666666661001,0.4918032786885246
808,0,0,0,True,0.07191521793214449,0.024099421689783716,0.06451612903225806,0.10843373493976738,0.06024096385539137,0.2891566265061302,0.4098360655737705
808,3,0,2,True,0.1080325839819263,0.1629600246633327,0.11290322580645161,0.09523809523804788,0.04761904761902394,0.8571428571426796,0.39344262295081966
808,3,1,3,True,0.11205787165470911,0.18083225285231747,0.16129032258064516,0.06896551724140622,0.0344827586206731,0.7241379310343752,0.5573770491803278
808,4,4,0,True,0.08743662491675669,0.037766411082220945,0.04838709677419355,0.02197802197812412,0.010989010989119436,0.5164835164834497,0.5901639344262295
808,16,15,2,False,0.19679395496599386,0.1585829159582634,0.1935483870967742,0.0555555555556458,0.033333333333201834,0.8111111111110827,0.5409836065573771
808,0,0,0,True,0.015570994283214538,0.01569606451959519,0.016129032258064516,0.021739130434772738,0.010869565217499873,0.07608695652159109,0.5245901639344263
808,0,0,0,True,0.043342414644581585,0.016664179432885846,0.0,0.043478260869545475,0.021739130434772738,0.15217391304363617,0.45901639344262296
808,0,0,0,True,0.01594005209861487,0.02065649626593216,0.016129032258064516,0.010752688172373827,0.01075268817192469,0.0860215053762958,0.639344262295082
808,0,0,0,True,0.015247036936950786,0.01871490725599999,0.0,0.021052631578940426,0.010526315789360292,0.07368421052640141,0.5901639344262295
808,0,0,0,True,0.016698687305386147,0.017921332042405397,0.0,0.021276595744671396,0.010638297872446788,0.07446808510646098,0.5573770491803278
808,0,0,0,True,0.019523349275667158,0.01754468858445915,0.0,0.020833333333433044,0.010416666666770909,0.08333333333351463,0.6557377049180327
808,1,0,1,True,0.0952067500385788,0.13323611012850797,0.06451612903225806,0.08421052631587163,0.03157894736852056,0.8210526315788964,0.4098360655737705
808,0,0,0,True,0.028019419046392654,0.01946795556538554,0.016129032258064516,0.0309278350516374,0.02061855670101983,0.14432989690735412,0.5901639344262295
808,1,0,1,True,0.06696063996062793,0.09464884336362805,0.06451612903225806,0.0638297872340142,0.03191489361711818,0.5851063829785745,0.4262295081967213
808,0,0,0,True,0.02401357970486733,0.01578108086987982,0.0,0.03124999999987763,0.010416666666770909,0.09375000000006799,0.5245901639344263
809,0,0,0,True,0.042283126011744734,0.02399035842453431,0.016129032258064516,0.046153846153845476,0.015384615384618088,0.1846153846153819,0.45901639344262296
809,0,0,0,True,0.03345297881642767,0.019593437734389003,0.016129032258064516,0.04347826086957303,0.028985507246363104,0.1449275362318912,0.45901639344262296
809,0,0,0,True,0.01891236936880853,0.015682909959393376,0.0,0.014925373134350602,0.014925373134321379,0.08955223880596724,0.5081967213114754
809,0,0,0,True,0.04922355045514936,0.027151100802866854,0.11290322580645161,0.0735294117647104,0.0441176470588032,0.16176470588239358,0.5245901639344263
809,0,0,0,True,0.02935876440577988,0.020542163258757243,0.0,0.029850746268642758,0.014925373134321379,0.14925373134329173,0.4262295081967213
809,0,0,0,True,0.037717113425621306,0.023175348415790064,0.04838709677419355,0.052238805970161756,0.02985074626860263,0.1791044776119275,0.47540983606557374
809,0,0,0,True,0.019763156129333853,0.01919998729405054,0.0,0.03076923076921594,0.01538461538460797,0.09230769230772815,0.4918032786885246
809,0,0,0,True,0.0431946046620454,0.021732171836877298,0.0,0.059701492537285517,0.029850746268642758,0.16417910447769105,0.47540983606557374
809,0,0,0,True,0.017532551493557355,0.019055310676128163,0.0,0.03076923076921594,0.01538461538460797,0.07692307692312017,0.4918032786885246
809,0,0,0,True,0.04827511911287924,0.02206016988752523,0.0,0.07692307692308001,0.030769230769296267,0.16923076923084832,0.39344262295081966
809,0,0,0,True,0.0398825799321557,0.025274741360704765,0.016129032258064516,0.05797101449280297,0.028985507246363652,0.15942028985515141,0.3442622950819672
809,0,0,0,True,0.04107910358537234,0.02107746821541712,0.0,0.05882352941173761,0.029411764705868804,0.17647058823536638,0.3770491803278688
809,0,0,0,True,0.021413015237627474,0.014032258016997907,0.0,0.04477611940296414,0.014925373134321379,0.08955223880608414,0.2786885245901639
809,0,0,0,True,0.0144597856367633,0.017550346577883257,0.0,0.02307692307699228,0.01538461538460797,0.06153846153843188,0.4098360655737705
809,0,0,0,True,0.041470534301289635,0.0151803342187073,0.0,0.031746031746181715,0.01587301587300798,0.15873015873024554,0.3442622950819672
809,0,0,0,True,0.02113751782184562,0.019559823404746993,0.016129032258064516,0.0327868852458848,0.0163934426229424,0.0819672131148832,0.4426229508196721
809,0,0,0,True,0.02060104660732108,0.014737845239991092,0.0,0.0163934426229424,0.0163934426229424,0.0819672131148832,0.3442622950819672
809,1,1,0,True,0.041758745187814326,0.021878726011191986,0.0,0.04999999999979985,0.016666666666657965,0.18333333333341165,0.45901639344262296
809,5,5,1,True,0.08250197270950979,0.08256286227901914,0.08064516129032258,0.03076923076921594,0.01538461538460797,0.5538461538460475,0.4098360655737705
809,0,0,0,True,0.018781295838859676,0.018718674865904113,0.0,0.031249999999984703,0.015624999999992352,0.07812499999996175,0.4918032786885246
809,0,0,0,True,0.022948318186737943,0.014331077941599109,0.0,0.0327868852458848,0.0163934426229424,0.0983606557378256,0.39344262295081966
809,0,0,0,True,0.059978889243731195,0.02343539662409257,0.06451612903225806,0.08928571428566434,0.05357142857121213,0.2142857142857809,0.6229508196721312
809,37,37,3,False,0.17080070688165497,0.13881901245276723,0.3064516129032258,0.29166666666675733,0.16666666666659416,0.458333333333569,0.5737704918032787
809,64,64,0,True,0.07469299676076568,0.05173065517900664,0.3548387096774194,0.08333333333357505,0.02777777777805173,0.3888888888892434,0.5901639344262295
809,5,5,2,True,0.09260037545793327,0.10352543993101979,0.11290322580645161,0.05555555555561081,0.03174603174601596,0.5714285714286188,0.3442622950819672
809,0,0,0,True,0.03328821748756695,0.02071332695868122,0.0,0.04918032786899839,0.01639344262311359,0.1475409836066528,0.5737704918032787
809,0,0,0,True,0.030555377073882086,0.024975844858230213,0.016129032258064516,0.03676470588241843,0.014705882353397356,0.13235294117689064,0.4426229508196721
809,0,0,0,True,0.052542100111910114,0.02314084657989524,0.03225806451612903,0.09230769230780847,0.04615384615398456,0.20000000000006427,0.39344262295081966
809,0,0,0,True,0.04261298196987614,0.019127249020483125,0.0,0.045454545454847506,0.030303030303020714,0.16666666666677216,0.36065573770491804
809,0,0,0,True,0.04035968773440885,0.02269156360460066,0.016129032258064516,0.05303030303036536,0.030303030303020714,0.15151515151542,0.3770491803278688
809,0,0,0,True,0.029861073698809953,0.020069852959004143,0.0,0.05223880597020276,0.029850746268642758,0.11940298507457103,0.36065573770491804
809,0,0,0,True,0.023664731010363625,0.021097638890065433,0.0,0.029850746268642758,0.014925373134477237,0.11940298507457103,0.3770491803278688
809,0,0,0,True,0.027926527082517628,0.021628036405338894,0.016129032258064516,0.02898550724666633,0.014492753623333165,0.11594202898575728,0.3770491803278688
809,0,0,0,True,0.06334895956946186,0.024739930640588652,0.03225806451612903,0.07246376811590913,0.028985507246363652,0.2608695652172729,0.3770491803278688
809,0,0,0,True,0.07896886718397918,0.02968977184128095,0.14516129032258066,0.1428571428569031,0.0714285714285448,0.26785714285685647,0.5901639344262295
809,0,0,0,True,0.08355451885955134,0.024256862082689297,0.06451612903225806,0.13793103448270896,0.06896551724135448,0.3103448275864552,0.4262295081967213
809,0,0,0,True,0.03364699456427987,0.02207292665729569,0.0,0.04615384615398456,0.015384615384768622,0.1384615384616324,0.36065573770491804
809,0,0,0,True,0.045413643044450204,0.02344298370870303,0.03225806451612903,0.0681818181817175,0.030303030303020714,0.212121212121145,0.5245901639344263
809,0,0,0,True,0.0620195724192292,0.02540873580044723,0.016129032258064516,0.08064516129043668,0.04838709677399252,0.24193548387097316,0.4426229508196721
810,5,0,5,False,0.1538840962737119,0.2655629562814948,0.25806451612903225,0.037037037037040435,0.02469135802468758,0.9382716049382649,0.4918032786885246
810,1,0,1,True,0.08778671433994917,0.14343216698725292,0.04838709677419355,0.05747126436781562,0.02298850574714575,0.8850574712643913,0.2459016393442623
810,2,0,2,True,0.1103941931594719,0.1801384070022625,0.14516129032258066,0.06321839080459736,0.0344827586206731,0.8735632183908203,0.3442622950819672
810,1,0,1,True,0.08380434169818757,0.13689486836955744,0.04838709677419355,0.03488372093021561,0.011627906976768894,0.8604651162790464,0.4426229508196721
810,1,0,1,True,0.08484410192988659,0.14238909208632003,0.04838709677419355,0.03614457831326628,0.01204819277114118,0.9036144578312795,0.4098360655737705
810,5,0,5,False,0.1794738301144919,0.3024012885943948,0.27419354838709675,0.09259259259257707,0.04938271604942171,0.9629629629629176,0.4426229508196721
810,5,0,4,False,0.150194846798876,0.2528226649976941,0.22580645161290322,0.035294117647072194,0.011764705882408586,0.8941176470588141,0.39344262295081966
810,2,0,2,True,0.12220563996715157,0.2073515266771957,0.0967741935483871,0.03488372093021561,0.023255813953477075,0.9418604651163073,0.3114754098360656
810,0,0,0,True,0.034383173169044344,0.02450926162083857,0.03225806451612903,0.04651162790695415,0.023255813953477075,0.1860465116278166,0.4426229508196721
810,2,0,2,True,0.1155469110292095,0.19306148653063593,0.0967741935483871,0.05617977528087251,0.022471910112349003,0.910112359550604,0.3442622950819672
810,1,0,1,True,0.08756535577645363,0.144826352501981,0.06451612903225806,0.04444444444442382,0.02222222222221191,0.8888888888888244,0.36065573770491804
810,0,0,0,True,0.045642514672809026,0.021346947477110488,0.016129032258064516,0.0609756097560665,0.024390243902553947,0.19512195121954015,0.5081967213114754
810,3,0,3,False,0.14446582670855485,0.25185004462217325,0.14516129032258066,0.048780487804980545,0.0243902439024266,0.9512195121951468,0.47540983606557374
810,1,0,1,True,0.0817114653170528,0.12994444371407868,0.08064516129032258,0.04651162790695415,0.023255813953477075,0.8139534883720619,0.36065573770491804
810,1,0,1,True,0.07789706158574838,0.11798799370728878,0.04838709677419355,0.05681818181815485,0.03409090909089291,0.7386363636364877,0.32786885245901637
810,4,0,4,False,0.16343930977295393,0.29237709855228344,0.1935483870967742,0.05113636363633937,0.022727272727261938,0.9318181818182142,0.5081967213114754
810,2,0,2,True,0.11727205277212298,0.18521941707207557,0.08064516129032258,0.059523809523779926,0.02380952380951197,0.9166666666665838,0.36065573770491804
810,3,0,3,False,0.14089245655343124,0.23524392582510478,0.1774193548387097,0.07303370786531883,0.03370786516864479,0.9213483146066519,0.36065573770491804
810,0,0,0,True,0.021073379002070194,0.016520936950817824,0.0,0.028089887640374293,0.011235955056290515,0.12359550561778769,0.4262295081967213
810,1,0,1,True,0.0835685254949686,0.1347185490988393,0.04838709677419355,0.034090909091011576,0.022727272727261938,0.8409090909091664,0.39344262295081966
810,1,0,1,True,0.12042474472595556,0.12850650719279652,0.06451612903225806,0.1705882352940743,0.09411764705876571,0.7999999999997542,0.29508196721311475
810,1,0,1,True,0.09047261008559032,0.14106362067315012,0.11290322580645161,0.06043956043958314,0.0329670329668993,0.8681318681319438,0.36065573770491804
810,1,0,1,True,0.10884791855956287,0.14513208255205862,0.0967741935483871,0.11538461538440353,0.054945054945150784,0.8901098901099279,0.39344262295081966
810,0,0,0,False,0.13203232696068495,0.02939780608274719,0.03225806451612903,0.19047619047614311,0.09523809523782292,0.5000000000001243,0.21311475409836064
810,2,0,2,True,0.10993093907602804,0.18194895291320376,0.2903225806451613,0.06849315068504516,0.04109589041079822,0.8493150684930723,0.47540983606557374
810,8,0,8,False,0.19292036917200028,0.333065142568354,0.43548387096774194,0.16265060240947332,0.08433734939766312,0.9156626506023369,0.5409836065573771
810,8,8,0,False,0.20283794019388968,0.09287989623020934,0.11290322580645161,0.06547619047597145,0.03571428571414364,0.6904761904763443,0.39344262295081966
810,2,0,2,True,0.11987477550927478,0.19984422338608873,0.0967741935483871,0.0487804878048532,0.0243902439024266,0.9146341463416342,0.2786885245901639
810,1,0,1,True,0.08996683398834876,0.1438396518175352,0.06451612903225806,0.07831325301193602,0.03614457831335609,0.8795180722889808,0.45901639344262296
811,2,1,2,True,0.0876998546037646,0.14165347478128973,0.1935483870967742,0.04310344827586034,0.025862068965510646,0.7241379310344893,0.6229508196721312
811,0,0,0,True,0.029683079018667468,0.039310447110884154,0.24193548387096775,0.039130434782612744,0.017391304347829147,0.12173913043480403,0.6229508196721312
811,1,0,1,True,0.06002540093447217,0.09981705139705623,0.3225806451612903,0.04347826086957854,0.026086956521726695,0.486956521739148,0.6229508196721312
811,0,0,0,True,0.03163600128107371,0.04190755185045837,0.22580645161290322,0.047008547008503716,0.025641025640969574,0.18803418803419336,0.6229508196721312
811,3,0,0,True,0.0892725558386822,0.07008876409065773,0.25806451612903225,0.0434782608695662,0.017391304347862804,0.5826086956522007,0.6557377049180327
811,16,0,1,False,0.2514600294540561,0.1582006435515267,0.3709677419354839,0.2389380530973623,0.044247787610643186,0.7610619469026377,0.5737704918032787
811,0,0,0,True,0.03951739852654816,0.059654963714939495,0.3225806451612903,0.04310344827584267,0.02586206896541558,0.1982758620689663,0.639344262295082
811,0,0,0,True,0.039489256078737836,0.05843902067908093,0.22580645161290322,0.03947368421045882,0.017543859649113164,0.22807017543856276,0.5901639344262295
811,0,0,0,True,0.042335423412702806,0.05551548651197421,0.3064516129032258,0.04385964912278291,0.026315789473578148,0.21929824561391456,0.6065573770491803
811,0,0,0,True,0.06489983162930976,0.05719020807444691,0.3225806451612903,0.05217391304354538,0.026086956521727288,0.3391304347825455,0.6229508196721312
811,1,0,1,True,0.0667070989950989,0.08956365941560276,0.3064516129032258,0.06578947368422619,0.03508771929822954,0.4473684210526099,0.5737704918032787
811,0,0,0,True,0.051638975014385045,0.07186723680614865,0.3870967741935484,0.05652173913040912,0.026086956521727288,0.2173913043478182,0.6721311475409836
811,0,0,0,True,0.04478222454660768,0.07223728258459168,0.3225806451612903,0.047826086956495685,0.026086956521634112,0.19130434782607353,0.6721311475409836
811,1,0,1,True,0.06260392788055451,0.09495357703089317,0.27419354838709675,0.03947368421055042,0.017543859649296365,0.48245614035088685,0.5245901639344263
811,0,0,0,True,0.034747215087686065,0.04726458320135091,0.24193548387096775,0.04424778761069144,0.026548672566267004,0.18584070796442348,0.6065573770491803
811,2,0,2,True,0.07649561584749642,0.1290930747163169,0.27419354838709675,0.05701754385976563,0.035087719298049554,0.5614035087720906,0.6065573770491803
811,1,0,1,True,0.06587935507044618,0.10306295322908633,0.3064516129032258,0.04424778761069144,0.026548672566267004,0.5132743362833183,0.5409836065573771
811,0,0,0,True,0.0420686390934585,0.055875259397637086,0.20967741935483872,0.03508771929841596,0.01754385964929958,0.24561403508781252,0.6065573770491803
811,1,0,0,True,0.04475053587551402,0.05805126173637082,0.2903225806451613,0.044247787610599026,0.01769911504423961,0.28318584070783376,0.5737704918032787
811,0,0,0,False,0.1640765383287765,0.04302359010822809,0.3387096774193548,0.2685185185184594,0.0833333333331883,0.4907407407409395,0.4918032786885246
811,0,0,1,False,0.22778132720722147,0.1211475715872383,0.3709677419354839,0.4333333333333665,0.21904761904760958,0.7714285714282872,0.45901639344262296
811,0,0,0,False,0.19322532858223918,0.13440952255291533,0.43548387096774194,0.3673469387753536,0.16326530612237938,0.6836734693879964,0.4426229508196721
812,3,0,3,False,0.14336224735055117,0.2495461208223083,0.14516129032258066,0.029411764705882824,0.009803921568635606,0.9803921568627488,0.7377049180327869
812,5,0,5,False,0.16663116270725367,0.28889947058719984,0.25806451612903225,0.03960396039602713,0.019801980198010334,0.9207920792078941,0.7540983606557377
812,10,0,8,False,0.26875219170904113,0.4319601301703062,0.532258064516129,0.06930693069307584,0.02970297029704173,1.0099009900990052,0.8032786885245902
812,5,0,3,False,0.18852539913640584,0.2863937929028406,0.2903225806451613,0.07070707070708988,0.040404040404047596,1.0505050505050266,0.4918032786885246
812,2,0,2,True,0.12289709131687356,0.21189561550251423,0.11290322580645161,0.0399999999999812,0.0199999999999906,1.0,0.639344262295082
812,3,0,3,False,0.15189786804317107,0.26116259143726206,0.22580645161290322,0.05050505050502653,0.03030303030301592,1.0000000000000528,0.8852459016393442
812,7,0,5,False,0.23249752640945986,0.36397617930705034,0.3709677419354839,0.05392156862745173,0.019607843137297055,1.049019607843166,0.5573770491803278
812,8,0,7,False,0.2370066929956462,0.39530297308640566,0.4032258064516129,0.07000000000001932,0.04000000000003342,1.0800000000000147,0.5245901639344263
812,0,0,0,True,0.07762314458620959,0.023043011021337198,0.03225806451612903,0.059523809523779926,0.02380952380951197,0.27380952380951196,0.5901639344262295
812,0,0,0,True,0.014965160131107904,0.016364675106705806,0.0,0.012345679012469824,0.012345679012340904,0.07407407407404543,0.5901639344262295
812,0,0,0,True,0.025581244786924515,0.014725196745793272,0.0,0.024691358024678624,0.012345679012339312,0.12345679012339313,0.47540983606557374
812,0,0,0,True,0.016890095722572183,0.014539872142189528,0.0,0.019480519480576722,0.012987012987005941,0.07792207792217126,0.6065573770491803
812,0,0,0,True,0.023534517900293015,0.013448572063228923,0.0,0.03797468354415154,0.012658227848094573,0.0886075949367942,0.6721311475409836
812,0,0,0,True,0.026994891076857347,0.01744479493759005,0.0,0.04117647058827648,0.02352941176469432,0.10588235294124729,0.4918032786885246
812,1,0,1,True,0.07699329585035378,0.11471631053988503,0.04838709677419355,0.05063291139251048,0.02531645569632133,0.7088607594935604,0.5573770491803278
812,13,4,9,False,0.21619468633074793,0.33839990348936433,0.5,0.07638888888892817,0.04166666666664854,0.8472222222222887,0.6065573770491803
812,15,9,7,False,0.2437707376942664,0.35585130352995764,0.3387096774193548,0.07333333333323308,0.039999999999844056,1.0133333333331884,0.5081967213114754
812,0,0,0,True,0.023353001292134766,0.020765243364525274,0.0,0.018750000000055476,0.012500000000124004,0.10000000000020885,0.6065573770491803
812,1,0,1,True,0.0904047764679813,0.13607365357565895,0.03225806451612903,0.04216867469884217,0.02409638554215958,0.9397590361447269,0.6557377049180327
812,0,0,0,True,0.014529420593850241,0.02128125596958641,0.016129032258064516,0.01764705882358,0.011764705882222863,0.05882352941185143,0.6885245901639344
812,6,0,6,False,0.2001782464268487,0.3408635082911304,0.3225806451612903,0.03571428571439227,0.02380952380951197,0.9642857142858564,0.5081967213114754
812,0,0,0,True,0.02090746269801417,0.02602542405988218,0.03225806451612903,0.023255813953477075,0.011627906976859963,0.0930232558139083,0.7213114754098361
812,0,0,0,True,0.02595343622604359,0.026499142921990224,0.04838709677419355,0.03409090909089291,0.011363636363749634,0.11363636363654703,0.7377049180327869
812,0,0,0,True,0.017297045122731423,0.029550534852406704,0.03225806451612903,0.022471910112346366,0.011235955056290515,0.07865168539332962,0.8360655737704918
812,0,0,0,True,0.017419328830768837,0.023975690971708062,0.0,0.022471910112346366,0.011235955056290515,0.0674157303370391,0.8032786885245902
812,4,0,2,False,0.15130269992250245,0.22831561696265285,0.27419354838709675,0.02272727272749927,0.011363636363749634,1.0000000000002374,0.6885245901639344
812,0,0,0,True,0.020394939348266417,0.026652462715711825,0.016129032258064516,0.022727272727261938,0.011363636363749634,0.09090909090928509,0.7540983606557377
812,0,0,0,True,0.017805112324502617,0.028212724134616275,0.06451612903225806,0.022222222222443962,0.011111111111221981,0.08888888888861558,0.7540983606557377
820,5,5,5,True,0.11098415873647573,0.18491906055779578,0.25806451612903225,0.028571428571426506,0.014285714285712087,0.5857142857142819,0.5737704918032787
820,5,5,5,True,0.11944608598850534,0.19320842983534306,0.22580645161290322,0.028169014084530864,0.014084507042265432,0.5915492957746518,0.5737704918032787
820,6,5,6,False,0.1459511955267819,0.24614195448049633,0.2903225806451613,0.035714285714287045,0.014285714285726007,1.0142857142857074,0.5409836065573771
820,5,5,5,True,0.12023369113437454,0.1971286166612704,0.24193548387096775,0.028169014084493578,0.014084507042246789,0.5915492957746593,0.4098360655737705
820,5,5,5,True,0.1245078812088864,0.20487721068202877,0.2903225806451613,0.042857142857122076,0.01428571428570736,0.6142857142857148,0.4918032786885246
820,6,6,6,False,0.1277243247335622,0.21298418262322935,0.3064516129032258,0.04285714285712048,0.014285714285781416,0.5999999999999851,0.4426229508196721
820,5,5,5,True,0.1186974182947503,0.19073064335235945,0.24193548387096775,0.042253521126815456,0.014084507042247306,0.6197183098591756,0.5737704918032787
820,3,3,3,True,0.08944009989521035,0.14774385123095657,0.14516129032258066,0.02816901408449254,0.01408450704224627,0.6197183098591301,0.639344262295082
820,6,6,6,True,0.11808142700267847,0.19564089156321285,0.3064516129032258,0.03521126760565504,0.014084507042247306,0.5352112676056918,0.4262295081967213
820,4,4,4,True,0.10442786149602046,0.17159578654691515,0.1935483870967742,0.03571428571426707,0.014285714285781416,0.5999999999999851,0.5737704918032787
820,4,4,4,True,0.10206753430299798,0.1695295697777725,0.20967741935483872,0.02142857142863643,0.014285714285707893,0.5857142857143219,0.5081967213114754
820,3,3,3,True,0.09137250605863621,0.14879888561727006,0.16129032258064516,0.028571428571415786,0.014285714285707893,0.571428571428614,0.3442622950819672
820,6,6,6,True,0.12462739942806686,0.20795100441419284,0.2903225806451613,0.03571428571434432,0.014285714285707893,0.5857142857143219,0.5573770491803278
820,4,4,4,True,0.10220769707955615,0.16914203216277945,0.1935483870967742,0.028571428571415786,0.014285714285707893,0.571428571428614,0.47540983606557374
820,5,5,5,True,0.11225541937342184,0.18603430533491014,0.24193548387096775,0.028571428571415786,0.014285714285707893,0.5857142857143219,0.47540983606557374
820,5,5,5,True,0.11487340325212637,0.18849724439535587,0.2903225806451613,0.028985507246359263,0.014492753623028293,0.6086956521738472,0.3442622950819672
820,6,6,6,False,0.12982165085159106,0.21565657531091284,0.3064516129032258,0.028571428571415786,0.014285714285707893,0.6000000000000298,0.45901639344262296
820,4,4,4,True,0.1009993125267425,0.16771590145524798,0.22580645161290322,0.014492753623333165,0.014492753623181826,0.5942028985507576,0.3770491803278688
820,5,5,5,True,0.11335090613209949,0.18612072113368858,0.25806451612903225,0.028985507246363652,0.014492753623181826,0.5942028985507576,0.4262295081967213
820,5,5,5,True,0.11438857653240422,0.1899119980379535,0.25806451612903225,0.028571428571415786,0.014285714285707893,0.6142857142857377,0.47540983606557374
820,6,6,6,True,0.12015407640403335,0.1994390073202182,0.3225806451612903,0.028985507246514993,0.014492753623181826,0.5797101449275757,0.4098360655737705
820,5,5,5,True,0.1171119983561708,0.19308123858071838,0.25806451612903225,0.028985507246514993,0.014492753623333165,0.608695652174242,0.6065573770491803
820,5,5,5,True,0.11015715978339442,0.18309216232730444,0.24193548387096775,0.028985507246514993,0.014492753623333165,0.5797101449278784,0.5081967213114754
820,4,4,4,True,0.10503300340157337,0.17867948090004446,0.22580645161290322,0.028985507246363652,0.014492753623333165,0.5942028985509089,0.47540983606557374
820,4,4,4,True,0.09436040046835104,0.1560401026929093,0.1935483870967742,0.044117647058656416,0.014705882353090225,0.5441176470591171,0.6065573770491803
820,6,6,6,True,0.12004899609259378,0.19408600391165443,0.3064516129032258,0.02898550724666633,0.014492753623333165,0.5652173913045452,0.6065573770491803
820,5,5,5,True,0.106402338160205,0.17705363983429148,0.24193548387096775,0.044117647058642864,0.014705882353085708,0.5588235294117285,0.4098360655737705
820,5,5,5,True,0.11141589566048649,0.18218569018728395,0.25806451612903225,0.029411764706026886,0.014705882353090225,0.6176470588236469,0.4426229508196721
820,5,5,5,True,0.10635269107708915,0.17692289166575303,0.24193548387096775,0.022058823529481773,0.014705882352783094,0.5735294117646833,0.45901639344262296
820,8,8,8,False,0.130219979430807,0.2165191045439094,0.3870967741935484,0.04545454545467491,0.030303030302694687,0.6060606060608553,0.5409836065573771
820,7,6,7,False,0.14780557554684814,0.249830664835025,0.3548387096774194,0.044117647058656416,0.014705882353090225,0.9852941176475241,0.6229508196721312
820,4,4,4,True,0.09992547872952794,0.16585691839983224,0.1935483870967742,0.029411764705864287,0.014705882353085708,0.5882352941175929,0.47540983606557374
820,5,5,5,True,0.11025275498711713,0.18477232336811816,0.24193548387096775,0.029850746268642758,0.014925373134477237,0.6119402985073324,0.4426229508196721
820,6,6,6,True,0.1268041104983546,0.21104797156391392,0.3064516129032258,0.029411764706171416,0.014705882353085708,0.5882352941179,0.5737704918032787
820,7,6,7,False,0.13757799920027616,0.23518554909056477,0.3225806451612903,0.029411764705864287,0.014705882353085708,0.6911764705882715,0.6065573770491803
820,6,6,6,True,0.11582014573036056,0.1950647759292027,0.2903225806451613,0.029850746268633453,0.01492537313416087,0.5671641791046591,0.4918032786885246
821,9,9,8,True,0.10887877183267598,0.18450244813678388,0.5645161290322581,0.038461538461537374,0.01923076923076947,0.46153846153846106,0.4918032786885246
821,11,10,9,True,0.11071492815147106,0.1874246743532894,0.5483870967741935,0.03846153846154522,0.01923076923077261,0.4807692307692274,0.5409836065573771
821,11,10,9,True,0.12509799563852952,0.21028333343075753,0.5645161290322581,0.028846153846140088,0.01923076923076006,0.6346153846154082,0.47540983606557374
821,17,14,9,False,0.16587276846213533,0.25726701943561975,0.6774193548387096,0.10576923076920808,0.057692307692281626,0.826923076923105,0.6721311475409836
821,14,14,13,False,0.1401008894578423,0.22943126579170434,0.7096774193548387,0.10576923076923318,0.057692307692281626,0.7115384615384914,0.6885245901639344
821,9,9,8,True,0.1031429636357645,0.17653266480498847,0.5967741935483871,0.028846153846165914,0.01923076923076054,0.4423076923076933,0.7868852459016393
821,11,10,11,True,0.11547455379272889,0.1968277918238782,0.5967741935483871,0.019230769230810747,0.01923076923076054,0.5384615384615462,0.7049180327868853
821,13,12,8,True,0.11265835006565429,0.18455516554644832,0.6290322580645161,0.03846153846161956,0.01923076923080978,0.576923076922988,0.5901639344262295
821,13,13,12,False,0.12799365722286507,0.21627140578374293,0.6451612903225806,0.05660377358488335,0.03773584905649039,0.4716981132076568,0.6557377049180327
821,9,9,9,True,0.11912259760127983,0.20476237712220094,0.5806451612903226,0.03773584905658518,0.01886792452829259,0.5094339622641956,0.5573770491803278
821,17,15,12,False,0.14455875790180966,0.23509670063671473,0.8064516129032258,0.20370370370370192,0.1111111111110574,0.5925925925924995,0.5245901639344263
821,16,16,15,False,0.15387218809276135,0.26209990941467615,0.8064516129032258,0.21698113207541408,0.13207547169804815,0.603773584905757,0.6065573770491803
821,13,13,13,False,0.13615275849299835,0.2327840178285407,0.6129032258064516,0.038461538461569356,0.019230769230759576,0.46153846153853106,0.7213114754098361
821,12,12,10,True,0.116674305281043,0.19785652314410868,0.6290322580645161,0.038461538461569356,0.019230769230759576,0.4230769230770119,0.639344262295082
821,15,14,7,True,0.11658896451898884,0.18580850338318944,0.6612903225806451,0.03846153846157322,0.019230769230761505,0.6538461538462929,0.6557377049180327
821,8,7,7,True,0.11478554912048643,0.1873617541216073,0.6290322580645161,0.02884615384624267,0.019230769230761505,0.6730769230770544,0.7049180327868853
821,16,15,12,False,0.1388914352247843,0.2376993893666393,0.7580645161290323,0.20192307692299583,0.11538461538456904,0.6538461538462929,0.6721311475409836
821,9,9,8,True,0.10111366596935156,0.1713452094538126,0.6451612903225806,0.038461538461422605,0.019230769230761505,0.4423076923077155,0.6065573770491803
821,11,11,7,True,0.12689333171389486,0.20574773046167621,0.6935483870967742,0.04807692307710459,0.019230769230962324,0.8269230769229456,0.5737704918032787
821,16,15,7,False,0.1480682282971832,0.23338519867924457,0.7741935483870968,0.13461538461533054,0.09615384615380754,0.7884615384618242,0.6885245901639344
821,10,10,9,True,0.12580002920088426,0.21083620044617546,0.6935483870967742,0.09615384615380754,0.05769230769228452,0.5961538461538075,0.5737704918032787
821,13,12,10,True,0.11011727614587116,0.1847847650725576,0.7258064516129032,0.03846153846172383,0.019230769230962324,0.46153846153827616,0.6885245901639344
821,10,10,8,True,0.10567654949314471,0.18058798093353,0.6935483870967742,0.0384615384616157,0.019230769230757644,0.44230769230782746,0.6721311475409836
821,10,9,8,True,0.12504774020377027,0.20521547200441265,0.5806451612903226,0.03846153846152301,0.019230769230761505,0.7115384615387782,0.639344262295082
821,13,12,12,True,0.11602492732251814,0.189653845505706,0.7096774193548387,0.06730769230766527,0.019230769230761505,0.615384615384569,0.6065573770491803
821,15,13,11,False,0.1453861669980548,0.22820004451957926,0.6451612903225806,0.03846153846152301,0.019230769230761505,0.692307692307615,0.6557377049180327
821,12,12,10,True,0.12139451206607337,0.19969163876584736,0.6935483870967742,0.048076923077004174,0.019230769230962324,0.5961538461542092,0.5901639344262295
821,10,10,10,True,0.11119592820845803,0.1874847616581652,0.6774193548387096,0.02884615384624267,0.019230769230761505,0.423076923076954,0.5737704918032787
821,11,10,9,True,0.1201683310672135,0.19836898279337456,0.6290322580645161,0.01960784313775474,0.019607843137038103,0.6470588235294238,0.5573770491803278
821,10,9,8,True,0.11417858173490006,0.19007073639598768,0.6774193548387096,0.05769230769228452,0.019230769230962324,0.5961538461542092,0.6721311475409836
821,10,10,8,True,0.10278792207320157,0.17233078342469768,0.7096774193548387,0.04807692307740581,0.03846153846152301,0.4038461538461925,0.639344262295082
821,10,10,9,True,0.12012565553316727,0.1994183242161447,0.7096774193548387,0.11764705882345715,0.05882352941152382,0.5294117647061715,0.5901639344262295
821,15,15,10,False,0.151691767748095,0.26232208796489304,0.6935483870967742,0.05769230769248534,0.03846153846152301,0.6153846153847699,0.6721311475409836
821,13,12,11,False,0.13191209095138734,0.22508466868055824,0.6774193548387096,0.03846153846172383,0.019230769230962324,0.6346153846153305,0.6885245901639344
821,11,11,10,True,0.1212082636795652,0.20989547971785086,0.7419354838709677,0.11538461538436823,0.07692307692304602,0.5000000000002008,0.6557377049180327
821,11,11,9,True,0.11659410698780504,0.1991249119746168,0.6935483870967742,0.05769230769248534,0.019230769230962324,0.4423076923077155,0.639344262295082
821,14,14,12,False,0.1326824669493635,0.22501884387104018,0.7419354838709677,0.09615384615380754,0.03846153846152301,0.5192307692307615,0.5737704918032787
821,17,17,14,False,0.15299016899006648,0.2507535169765609,0.7903225806451613,0.2115384615385774,0.11538461538497068,0.5769230769232468,0.6557377049180327
821,16,15,15,False,0.16388320024359582,0.27651802742382764,0.7903225806451613,0.23076923076913808,0.15384615384609204,0.5769230769232468,0.639344262295082
821,16,15,13,False,0.15493327403704477,0.25151529588678323,0.6290322580645161,0.12500000000025102,0.019230769230962324,0.6538461538462929,0.5409836065573771
821,16,15,13,False,0.1510781700357699,0.2543525869079899,0.8064516129032258,0.19230769230761507,0.09615384615360673,0.6923076923078159,0.7213114754098361
821,15,15,14,False,0.14281528166768273,0.24043187471272162,0.6774193548387096,0.03846153846192465,0.019230769230962324,0.5192307692307615,0.6557377049180327
821,14,13,10,False,0.1450634907693131,0.23739946204767715,0.7419354838709677,0.1372549019607,0.09803921568600954,0.6862745098037047,0.6229508196721312
821,20,17,10,False,0.17185545498882868,0.2741872636692372,0.9032258064516129,0.2843137254901238,0.15686274509753334,0.6470588235296285,0.5737704918032787
821,15,14,12,False,0.14423973533854653,0.23569667739806485,0.6612903225806451,0.10784313725493809,0.03921568627448572,0.6666666666666666,0.5901639344262295
821,21,19,18,False,0.17683458456888626,0.2969887653802398,0.8548387096774194,0.35294117647037143,0.17647058823539047,0.7450980392156381,0.639344262295082
821,19,19,14,False,0.16378456747606057,0.269824040833113,0.7741935483870968,0.21153846153837658,0.13461538461553135,0.5961538461538075,0.639344262295082
821,20,18,12,False,0.1631169042402986,0.27097707902759216,0.7580645161290323,0.2500000000003012,0.13461538461512973,0.5576923076922845,0.6885245901639344
822,30,30,0,True,0.08863458004755265,0.17507287721630818,1.0,0.1597222222222248,0.06944444444443827,0.22222222222221516,1.0
822,32,32,0,True,0.09532044138926112,0.18875563299086287,1.0,0.16216216216217313,0.04054054054055651,0.2162162162162367,1.0
822,32,32,0,True,0.0892831559583649,0.176396484020238,1.0,0.162162162162176,0.05405405405408218,0.21621621621624054,1.0
822,32,32,0,True,0.08127527853626632,0.16063348452585918,1.0,0.15068493150685078,0.04109589041097556,0.19178082191782633,1.0
822,31,31,1,True,0.08264181398349435,0.15916228928902756,0.967741935483871,0.15540540540540468,0.05405405405406454,0.2162162162162229,0.9672131147540983
822,32,32,0,True,0.0868476236863998,0.17108615834738397,1.0,0.15540540540541017,0.04054054054059394,0.202702702702758,1.0
822,32,32,0,True,0.07534739609059596,0.1481819384026101,1.0,0.1351351351351485,0.05405405405417228,0.21621621621633635,1.0
822,32,32,0,True,0.07086831282877926,0.13953776673392657,1.0,0.13013698630137624,0.05479452054791777,0.19178082191785525,1.0
822,32,32,0,True,0.06743596413534368,0.13291884345346314,1.0,0.1216216216216407,0.05405405405410173,0.18918918918917965,1.0
822,32,32,0,True,0.06573834848184773,0.1298401006431441,1.0,0.12328767123289533,0.05479452054799321,0.17808219178081702,1.0
822,32,32,0,False,0.13893174019714677,0.21530508507780122,1.0,0.1216216216216407,0.08108108108104675,1.027027027027086,0.9836065573770492
822,31,31,0,True,0.06200387692958338,0.116491477396252,0.9354838709677419,0.1095890410959149,0.041095890411084315,0.17808219178088855,0.9508196721311475
822,5,5,0,True,0.03103662036876006,0.047051795539634754,0.1935483870967742,0.043478260869545475,0.014492753623333165,0.15942028985515141,0.5901639344262295
822,25,25,0,True,0.07509190801406435,0.14129210207797147,0.8548387096774194,0.15000000000000746,0.07142857142853946,0.21428571428576756,0.9344262295081968
822,3,3,1,True,0.058453146043608045,0.09557031860686799,0.04838709677419355,0.03030303030301592,0.01515151515150796,0.5909090909091269,0.32786885245901637
822,0,0,0,True,0.017617327159482703,0.019868207147961014,0.0,0.03076923076921594,0.01538461538460797,0.061538461538753184,0.4262295081967213
822,0,0,0,True,0.018136909245069586,0.024168838694713417,0.03225806451612903,0.03030303030301592,0.01515151515150796,0.07575757575769802,0.45901639344262296
822,0,0,0,True,0.02110343389435417,0.02342020779975685,0.016129032258064516,0.029850746268642758,0.014925373134321379,0.08955223880608414,0.39344262295081966
822,0,0,0,True,0.023636046424236085,0.02874325409446459,0.06451612903225806,0.03676470588241278,0.014705882352934402,0.10294117647054081,0.36065573770491804
822,19,19,0,True,0.07106769162063797,0.12979730147575663,0.6612903225806451,0.13970588235287681,0.05882352941173761,0.24999999999988481,0.8032786885245902
822,27,27,0,True,0.07467000724579123,0.1404968909665026,0.9032258064516129,0.13513513513505887,0.04054054054051766,0.2297297297298823,0.9344262295081968
822,27,27,0,True,0.06911859084161856,0.12524031094258445,0.8387096774193549,0.12837837837837648,0.040540540540658775,0.24324324324338817,0.8852459016393442
822,29,29,0,True,0.06449981690383311,0.12477379268480143,0.967741935483871,0.12162162162169408,0.040540540540658775,0.16216216216235285,0.9836065573770492
822,28,28,0,True,0.06708226557114955,0.12995069698067233,0.9354838709677419,0.13698630136980422,0.05479452054792169,0.21917808219197285,0.9344262295081968
822,29,29,0,True,0.06683771855364087,0.13032593780527463,0.9838709677419355,0.13513513513491773,0.040540540540658775,0.17567567567571762,0.9836065573770492
822,11,11,0,True,0.04465262167439093,0.0760579233249585,0.41935483870967744,0.0499999999997464,0.02857142857141152,0.1714285714287675,0.6557377049180327
822,3,3,0,True,0.033069728488490324,0.0523872521998484,0.3387096774193548,0.05714285714254174,0.02857142857112169,0.11428571428568018,0.639344262295082
822,15,15,0,True,0.057105825584568184,0.10371286366354822,0.5645161290322581,0.09999999999979114,0.04285714285726646,0.2142857142857356,0.6885245901639344
822,4,3,1,True,0.052911169229064636,0.0861350063870484,0.20967741935483872,0.03676470588225358,0.014705882353085708,0.48529411764691427,0.4426229508196721
822,0,0,0,True,0.021784359145471804,0.02272285249284626,0.016129032258064516,0.029411764705873318,0.014705882352783094,0.08823529411731283,0.4426229508196721
822,0,0,0,True,0.018801284095165818,0.02118186133626286,0.0,0.022058823529481773,0.014705882352783094,0.07352941176483686,0.4918032786885246
822,3,3,0,True,0.030681353998292152,0.04890462718963412,0.1774193548387097,0.029411764705873318,0.014705882353090225,0.17647058823585418,0.45901639344262296
822,13,13,0,True,0.05569198961442454,0.10187043580800864,0.5483870967741935,0.05882352941190021,0.02941176470618045,0.23529411764698654,0.7049180327868853
822,30,30,0,False,0.14383580815522387,0.22450883691783066,0.9516129032258065,0.1418918918919224,0.04054054054095244,1.0540540540546033,0.9344262295081968
822,8,8,0,True,0.04086024026792525,0.06387366652502476,0.3064516129032258,0.04347826086969682,0.028985507246363652,0.15942028985545412,0.6065573770491803
822,0,0,0,True,0.025682398626661305,0.024577331856682164,0.06451612903225806,0.037878787878684796,0.015151515151663781,0.10606060606069716,0.5081967213114754
823,10,10,6,True,0.11014791630489551,0.15882528897628412,0.43548387096774194,0.11111111111111208,0.05555555555555321,0.38888888888888756,0.5409836065573771
823,22,22,10,False,0.1285605130428397,0.20087418557762546,0.7258064516129032,0.20754716981132215,0.09433962264151455,0.37735849056604587,0.639344262295082
823,12,12,7,True,0.11817446266131353,0.17912208383665337,0.5806451612903226,0.15094339622640604,0.0566037735849038,0.5283018867924519,0.639344262295082
823,16,16,7,False,0.13614848932580348,0.2031503201725978,0.6290322580645161,0.18181818181817858,0.09090909090909523,0.5272727272727618,0.5901639344262295
823,0,0,0,True,0.023705941160402068,0.018273360686173065,0.016129032258064516,0.03389830508472926,0.01694915254236463,0.11864406779659667,0.5573770491803278
823,1,1,1,True,0.05717565702625379,0.08561603589024314,0.06451612903225806,0.0327868852458862,0.0163934426229431,0.5737704918032653,0.32786885245901637
823,0,0,0,True,0.014264101656963698,0.01627066115702799,0.0,0.0163934426229638,0.016393442622899605,0.0491803278689128,0.5081967213114754
823,0,0,0,True,0.021936030366029056,0.02127114715198973,0.0,0.03225806451611273,0.016129032258056366,0.09677419354842241,0.5901639344262295
823,0,0,0,True,0.03467901703580508,0.01774922984736141,0.0,0.0491803278688272,0.016393442623027995,0.1475409836065672,0.5901639344262295
823,0,0,0,True,0.0276964384775738,0.014900849485019586,0.0,0.048387096774173174,0.016129032258141936,0.09677419354843056,0.4918032786885246
823,0,0,0,True,0.022312129852341864,0.01788950260216328,0.0,0.03225806451615484,0.016129032258056366,0.09677419354842241,0.5573770491803278
823,0,0,0,True,0.01575291030307381,0.01726717692610889,0.0,0.0163934426229424,0.016393442622856805,0.081967213114712,0.6721311475409836
823,7,7,0,True,0.09325313329179064,0.09798815044657266,0.3225806451612903,0.08928571428567267,0.035714285714269066,0.392857142857053,0.6557377049180327
823,17,17,7,True,0.11576397745293585,0.1769988921913794,0.6774193548387096,0.17307692307691921,0.05769230769227294,0.3846153846153537,0.6885245901639344
823,15,15,5,True,0.11979628959882772,0.167746821560765,0.6290322580645161,0.17592592592595457,0.05555555555553407,0.40740740740744324,0.6229508196721312
823,17,17,6,True,0.12163541679994785,0.17748949075415024,0.6290322580645161,0.18518518518507776,0.0740740740740311,0.42592592592567885,0.6557377049180327
823,16,16,7,False,0.13089776179208826,0.20526547820664678,0.6935483870967742,0.12962962962977287,0.05555555555553407,0.40740740740744324,0.639344262295082
823,16,16,5,True,0.1186291934634965,0.18050456530489942,0.5645161290322581,0.1181818181817733,0.05454545454543383,0.41818181818184924,0.6557377049180327
823,17,17,7,False,0.13385798607989816,0.20613768711043431,0.7580645161290323,0.21818181818173532,0.09090909090924625,0.4545454545454718,0.6229508196721312
823,9,9,4,True,0.12211220799376855,0.1850654029505942,0.5967741935483871,0.10714285714298367,0.0535714285713986,0.6071428571430769,0.5573770491803278
823,8,8,6,True,0.10304297303109504,0.14961561643952978,0.5483870967741935,0.0877192982454903,0.03508771929841596,0.4210526315789763,0.5409836065573771
823,9,9,2,True,0.09753326056680758,0.13605139000163155,0.46774193548387094,0.04310344827592881,0.01724137931051556,0.4827586206895745,0.6229508196721312
823,10,10,4,True,0.11009888438618638,0.15208638354436202,0.45161290322580644,0.07894736842119245,0.03508771929822633,0.4385964912280123,0.6721311475409836
823,6,6,4,True,0.08838765168607554,0.1201643920189323,0.25806451612903225,0.03448275862076105,0.017241379310335515,0.46551724137923894,0.5901639344262295
823,10,10,3,True,0.1001973037104048,0.13854375228389945,0.4032258064516129,0.04310344827593657,0.01724137931033862,0.4137931034483069,0.6065573770491803
823,4,4,2,True,0.07099964267412708,0.1048236099932663,0.2903225806451613,0.033898305084904753,0.01694915254236388,0.4406779661016379,0.5245901639344263
823,5,5,1,True,0.06729682897230461,0.08188918743575664,0.2903225806451613,0.03389830508463927,0.01694915254236388,0.38983050847454626,0.5901639344262295
823,7,7,2,True,0.09458109296907809,0.1338140815928178,0.3064516129032258,0.05172413793081719,0.017241379310872537,0.4310344827584903,0.5901639344262295
823,4,4,2,True,0.07089224188107328,0.09868555518482226,0.16129032258064516,0.03389830508472776,0.016949152542540872,0.4406779661014609,0.4918032786885246
823,7,7,2,True,0.10724334510596228,0.14134667320478086,0.3548387096774194,0.06896551724135448,0.03448275862067724,0.4482758620691642,0.5737704918032787
823,13,13,7,True,0.12178707817547423,0.1798381453236776,0.6129032258064516,0.17857142857129538,0.07142857142814521,0.42857142857148184,0.5901639344262295
823,8,8,6,True,0.11371583116358272,0.16945745943205776,0.4032258064516129,0.06896551724135448,0.03448275862067724,0.4482758620691642,0.5573770491803278
823,10,10,3,True,0.10726480922862992,0.14883981046820832,0.3709677419354839,0.02542372881364332,0.01694915254219289,0.47457627118706464,0.6721311475409836
823,4,4,3,True,0.07242551356651139,0.09535759384454283,0.1774193548387097,0.03448275862067724,0.017241379310158577,0.41379310344848697,0.4426229508196721
823,14,14,3,True,0.1205722683498343,0.16616008003579608,0.532258064516129,0.11016949152566971,0.03389830508509374,0.47457627118671064,0.6229508196721312
823,5,5,2,True,0.08354847062450499,0.1250965313689489,0.27419354838709675,0.03333333333331013,0.016666666666829106,0.45000000000020884,0.47540983606557374
823,5,5,2,True,0.08656072101556932,0.10285624983458,0.2903225806451613,0.04999999999998259,0.016666666666834907,0.4666666666668523,0.4918032786885246
823,5,5,2,True,0.09201370584331142,0.13066041115152782,0.20967741935483872,0.03389830508472776,0.016949152542540872,0.5932203389832669,0.5737704918032787
823,10,10,4,True,0.10197723576595404,0.13090440674497014,0.3225806451612903,0.050000000000330676,0.016666666666834907,0.40000000000020886,0.6229508196721312
823,10,10,6,True,0.0987016282856758,0.13951704940312779,0.3064516129032258,0.050000000000156634,0.016666666666834907,0.40000000000020886,0.5901639344262295
823,13,13,5,True,0.112093571097191,0.15781301238020667,0.5,0.12068965517237033,0.03448275862067724,0.43103448275864553,0.6229508196721312
823,6,6,1,True,0.07794577785183059,0.10168336117482532,0.22580645161290322,0.033333333333669814,0.016666666666834907,0.39999999999986074,0.45901639344262296
823,2,2,1,True,0.05687321223705852,0.07457869008055225,0.16129032258064516,0.03333333333332173,0.016666666666486824,0.4166666666670438,0.5737704918032787
823,18,18,6,False,0.1372148739861536,0.19790994435995027,0.6129032258064516,0.21428571428555446,0.10714285714240428,0.42857142857148184,0.6557377049180327
824,8,8,9,True,0.11955881901188019,0.19075962641006472,0.532258064516129,0.07857142857142599,0.042857142857138694,0.45714285714284963,0.5901639344262295
824,10,8,9,False,0.15480287189041927,0.2538369253700557,0.6129032258064516,0.06338028169014272,0.028169014084511963,0.8028169014084531,0.5901639344262295
824,8,8,6,True,0.10209473592581764,0.16720995869718525,0.3548387096774194,0.04347826086958249,0.02898550724638202,0.40579710144931047,0.4918032786885246
824,9,9,7,True,0.11603731833423782,0.18649167170487588,0.46774193548387094,0.05714285714286886,0.02857142857145308,0.44285714285716843,0.4918032786885246
824,3,3,3,True,0.06484035940751724,0.1013858022732378,0.1935483870967742,0.028985507246401487,0.01449275362321966,0.4057971014492803,0.47540983606557374
824,4,4,4,True,0.0815549523949892,0.12999851113599828,0.2903225806451613,0.044117647058841594,0.014705882353011185,0.4264705882352512,0.39344262295081966
824,6,6,5,True,0.08972603067380355,0.14328045032454373,0.3387096774193548,0.057971014492727305,0.028985507246363652,0.3768115942028788,0.5901639344262295
824,4,3,4,True,0.089477286249599,0.14535127925986022,0.24193548387096775,0.036764705882409966,0.029411764705789763,0.6911764705881709,0.4426229508196721
824,5,5,3,True,0.08069277743950698,0.12503099950052818,0.27419354838709675,0.029411764705945587,0.014705882353011185,0.4117647058823936,0.5081967213114754
824,6,6,4,True,0.08645911399895272,0.13972833070854504,0.3064516129032258,0.04477611940296065,0.014925373134398146,0.3731343283582392,0.45901639344262296
824,6,6,3,True,0.08540986622443131,0.13144674228031103,0.3064516129032258,0.03731343283580345,0.014925373134321379,0.38805970149258967,0.45901639344262296
824,8,7,5,True,0.1055391920401596,0.1705914989468705,0.43548387096774194,0.0746268656716069,0.029850746268642758,0.49253731343291723,0.5573770491803278
824,6,6,3,True,0.09834380294479246,0.12581768997492168,0.24193548387096775,0.04477611940296414,0.029850746268642758,0.4477611940299531,0.4262295081967213
824,6,6,4,True,0.08558994657365496,0.12947184395503258,0.3387096774193548,0.0441176470588032,0.029411764705868804,0.39705882352938243,0.4262295081967213
824,9,9,6,True,0.10692741078277126,0.17136278438994793,0.45161290322580644,0.04477611940304207,0.029850746268642758,0.38805970149251173,0.6065573770491803
824,3,3,2,True,0.07749476499769414,0.10677843517246063,0.3387096774193548,0.0757575757575398,0.03030303030301592,0.40909090909103135,0.5081967213114754
824,6,6,6,True,0.10541371168566671,0.1748901288231046,0.27419354838709675,0.03731343283580345,0.014925373134321379,0.716417910447738,0.4098360655737705
824,9,9,6,False,0.13688504354059583,0.22163562490108335,0.41935483870967744,0.07142857142868864,0.04285714285712368,0.7571428571429658,0.45901639344262296
824,6,6,5,True,0.10213310691757502,0.156917887692609,0.4032258064516129,0.049999999999977625,0.028571428571415786,0.42857142857153513,0.5081967213114754
824,2,2,1,True,0.05596887576751026,0.08536181019043235,0.22580645161290322,0.043478260869545475,0.014492753623181826,0.3623188405798483,0.39344262295081966
824,2,2,2,True,0.0544174998935093,0.08674224634907404,0.12903225806451613,0.02941176470602237,0.014705882353087967,0.33823529411779835,0.39344262295081966
824,2,2,1,True,0.05777637264325684,0.08704979244059562,0.12903225806451613,0.03676470588241278,0.014705882352934402,0.3529411764705792,0.36065573770491804
824,1,1,1,True,0.0468120214283794,0.06806150473454754,0.12903225806451613,0.029411764706026886,0.02941176470556619,0.3823529411766603,0.39344262295081966
824,6,5,3,True,0.11111064999021475,0.17528613080674504,0.2903225806451613,0.04411764705880998,0.014705882353397356,0.8382352941178504,0.4918032786885246
824,1,1,0,True,0.0422063564566688,0.056237398882704945,0.08064516129032258,0.029411764705864287,0.014705882353085708,0.33823529411759284,0.4918032786885246
824,5,5,3,True,0.09072635555153623,0.1317934304728419,0.22580645161290322,0.044117647058642864,0.014705882353085708,0.5147058823527786,0.39344262295081966
824,4,4,2,True,0.07904198837807645,0.12093818279221574,0.20967741935483872,0.058823529411728574,0.029411764705864287,0.41176470588240716,0.5245901639344263
824,8,8,2,True,0.10060014178592035,0.15796448810341104,0.3387096774193548,0.04285714285698089,0.02857142857112169,0.41428571428573985,0.5081967213114754
824,7,7,5,True,0.0941580202874458,0.14989582613718536,0.3064516129032258,0.058823529411728574,0.029411764705864287,0.38235294117654284,0.6229508196721312
824,3,3,3,True,0.06711979475276086,0.10477563095609205,0.20967741935483872,0.029411764706017852,0.014705882353085708,0.42647058823518574,0.47540983606557374
824,8,8,6,True,0.11911181831667042,0.162725065162924,0.5,0.07462686567176276,0.04477611940280828,0.5223880597017159,0.5081967213114754
824,7,7,3,True,0.1104258566513208,0.172735982732652,0.3709677419354839,0.06617647058827143,0.029411764706171416,0.7352941176469143,0.5245901639344263
824,4,4,4,True,0.06844790639822565,0.10679154829613872,0.1774193548387097,0.04545454545437285,0.015151515151668576,0.3484848484848964,0.39344262295081966
824,4,2,2,False,0.20239246060286134,0.2016738924544344,0.8225806451612904,0.2272727272730725,0.10909090909084695,0.927272727272389,0.639344262295082
824,1,1,2,True,0.11677276857563809,0.13605413801130836,0.46774193548387094,0.10869565217393937,0.057971014492727305,0.5217391304348484,0.4918032786885246
824,1,1,2,True,0.07885478874902987,0.11873260118291289,0.27419354838709675,0.058823529411728574,0.029411764705864287,0.38235294117654284,0.47540983606557374
824,11,11,8,False,0.1307589605299736,0.1837934325785466,0.532258064516129,0.08823529411759286,0.044117647058642864,0.45588235294105,0.6229508196721312
825,7,7,7,False,0.16030015255025865,0.26410736859919753,0.41935483870967744,0.04310344827586607,0.017241379310347835,0.6896551724137924,0.4098360655737705
825,7,7,9,False,0.17806249057333012,0.2928853844806875,0.4838709677419355,0.051724137931032546,0.017241379310347933,0.6379310344827497,0.5409836065573771
825,5,5,5,False,0.13487052493073243,0.22359373859714066,0.25806451612903225,0.017241379310359184,0.017241379310336678,0.6724137931034455,0.5081967213114754
825,6,6,6,False,0.14516764015528505,0.24026689008644586,0.3225806451612903,0.03448275862068383,0.017241379310336293,0.6551724137930941,0.5737704918032787
825,6,6,5,False,0.1411940307185021,0.22097539421894574,0.3064516129032258,0.034482758620672585,0.017241379310336293,0.6379310344827579,0.47540983606557374
825,7,7,7,False,0.15608281434319207,0.254405658484041,0.41935483870967744,0.04310344827588574,0.0172413793103813,0.6379310344827579,0.47540983606557374
825,7,7,5,False,0.1444515068767726,0.22473359760555983,0.3387096774193548,0.03448275862069664,0.017241379310337066,0.6379310344827416,0.6065573770491803
825,6,6,6,False,0.1419418914667138,0.22836785285413133,0.3387096774193548,0.02586206896555061,0.017241379310337066,0.6206896551724045,0.45901639344262296
825,7,7,6,False,0.15026400319393746,0.24367493316194397,0.3225806451612903,0.04310344827579766,0.017241379310337066,0.6896551724138428,0.45901639344262296
825,8,8,8,False,0.16685589610098295,0.2755185236124188,0.43548387096774194,0.0517241379310112,0.017241379310337066,0.6379310344828316,0.5081967213114754
825,2,2,2,True,0.08688168415762883,0.13988494578430397,0.12903225806451613,0.02586206896555061,0.017241379310337066,0.6896551724137527,0.5573770491803278
825,7,7,7,False,0.15423873375412175,0.25740202902799486,0.3548387096774194,0.034482758620719145,0.017241379310337066,0.6379310344827416,0.6065573770491803
825,5,5,5,False,0.13337631657223145,0.21279709012254233,0.3225806451612903,0.03448275862067413,0.017241379310337066,0.7068965517240898,0.5573770491803278
825,3,3,3,True,0.10507328066194385,0.17083869827224032,0.14516129032258066,0.01724137931051556,0.017241379310155472,0.6551724137929296,0.5409836065573771
825,0,0,0,True,0.01245817123886311,0.01633280028419038,0.0,0.01724137931033862,1.8004231668753925e-13,0.06896551724135448,0.6229508196721312
825,0,0,0,True,0.017330693879083717,0.01681376600152138,0.03225806451612903,0.016949152542455378,0.016949152542189892,0.0847457627120114,0.5737704918032787
825,0,0,0,True,0.012733951622793416,0.014206152926160334,0.0,0.017241379310335515,1.8004231668750684e-13,0.05172413793118659,0.6065573770491803
825,3,3,3,True,0.10711086826078667,0.17646455941624667,0.1774193548387097,0.01724137931051556,0.017241379310335515,0.6551724137932897,0.6721311475409836
825,0,0,0,True,0.012230734827203589,0.015811133950168605,0.0,0.016949152542366883,0.016949152542189892,0.05084745762727764,0.6065573770491803
825,2,2,2,True,0.0857154989203114,0.13907409085235772,0.0967741935483871,0.017241379310335515,1.8004231668750684e-13,0.6379310344825941,0.5245901639344263
825,2,2,2,True,0.08511943118678748,0.13919943818793157,0.0967741935483871,0.017241379310335515,0.017241379310155472,0.6551724137929296,0.6721311475409836
825,0,0,0,True,0.012755918762412943,0.0210716564467585,0.0967741935483871,0.00862068965525933,1.8004231668753925e-13,0.0517241379311959,0.6229508196721312
825,1,1,1,True,0.05018692192401201,0.08389888123984396,0.06451612903225806,0.01724137931051556,0.017241379310335515,0.534482758620761,0.6557377049180327
825,0,0,0,True,0.012581962912580853,0.018826946385865087,0.0,0.01724137931033862,1.8004231668753925e-13,0.0517241379311959,0.6229508196721312
825,1,1,1,True,0.05728116062276134,0.09780588215265953,0.04838709677419355,0.017241379310425537,1.8004231668750684e-13,0.6206896551722586,0.6229508196721312
825,1,1,1,True,0.061932208444259104,0.10022715912430356,0.04838709677419355,0.01724137931042864,0.017241379310158577,0.6379310344827089,0.5245901639344263
825,3,3,3,True,0.10299512907813203,0.16815770534985872,0.1774193548387097,0.017241379310512454,0.01724137931015237,0.6379310344824792,0.5901639344262295
825,0,0,0,True,0.012873054142666403,0.014741113248018523,0.0,0.01724137931051866,3.600846333750785e-13,0.0517241379311959,0.4426229508196721
825,1,1,1,True,0.06327526116929202,0.1044395210445289,0.04838709677419355,0.016949152542540872,0.01694915254218689,0.6610169491523684,0.5409836065573771
825,6,6,6,False,0.14631002036060248,0.24070060486441291,0.3709677419354839,0.01694915254254687,0.01694915254219289,0.6440677966104095,0.5081967213114754
825,3,3,3,True,0.1040665384938062,0.1688094737812238,0.16129032258064516,0.017241379310512454,0.01724137931015237,0.6206896551723269,0.5409836065573771
825,1,1,1,True,0.05831488555960601,0.09364370920679119,0.04838709677419355,0.017241379310512454,0.017241379309792283,0.6034482758621745,0.5081967213114754
825,3,3,3,True,0.09506024850600366,0.15280007623813802,0.1774193548387097,0.017241379310512454,0.01724137931015237,0.6724137931031441,0.5409836065573771
825,1,1,1,True,0.06186008029180261,0.10044084196109568,0.06451612903225806,0.017241379310512454,0.01724137931015237,0.6379310344821192,0.5409836065573771
825,7,7,6,False,0.15242360398957278,0.23988797909922882,0.3387096774193548,0.017241379310512454,0.01724137931015237,0.6379310344824792,0.4262295081967213
825,3,3,3,True,0.10091217987426511,0.16163434787629807,0.1935483870967742,0.03448275862067724,0.017241379310158577,0.6206896551729104,0.4918032786885246
825,2,2,2,True,0.08566044799081948,0.1395359713201972,0.11290322580645161,0.017241379310512454,0.01724137931015237,0.6551724137933518,0.39344262295081966
825,2,2,2,True,0.08393816953936528,0.13677174470960082,0.0967741935483871,0.01694915254236388,0.0,0.6271186440676406,0.4426229508196721
825,5,5,5,False,0.13051938596824472,0.21170311879377482,0.25806451612903225,0.03389830508472776,0.01694915254218689,0.6271186440676406,0.45901639344262296
825,4,4,4,True,0.11726725510319597,0.18965108852479398,0.24193548387096775,0.01694915254254687,0.01694915254219289,0.6440677966107634,0.5901639344262295
825,5,5,5,False,0.13222388514002298,0.21620649733639505,0.24193548387096775,0.03389830508472776,0.016949152542540872,0.6271186440679946,0.6229508196721312
825,4,4,4,True,0.12277494741652305,0.20184932344537798,0.22580645161290322,0.04237288135582121,0.016949152542540872,0.6949152542374502,0.5737704918032787
825,2,2,2,True,0.08103659709600493,0.1320175106908668,0.11290322580645161,0.01694915254218689,3.539815039957794e-13,0.6101694915250997,0.4098360655737705
826,8,8,6,False,0.14299620634440557,0.19244569368828426,0.5806451612903226,0.04032258064516061,0.016129032258067402,0.6612903225806477,0.5901639344262295
826,5,5,5,True,0.12259726745422664,0.19738848985089624,0.25806451612903225,0.0327868852459069,0.01639344262294275,0.6557377049180417,0.5901639344262295
826,4,4,4,True,0.10735448631733828,0.17328657590637564,0.4032258064516129,0.032258064516134465,0.01612903225807776,0.6290322580645062,0.5901639344262295
826,6,6,8,False,0.1788209761945951,0.2844101655803316,0.6451612903225806,0.0725806451612988,0.048387096774171134,1.1129032258064835,0.5409836065573771
826,2,2,5,False,0.1313786963403309,0.21137884726158285,0.5161290322580645,0.0322580645161562,0.01612903225809915,0.6290322580644774,0.5409836065573771
826,0,0,2,True,0.07724734736343115,0.1288945886100978,0.6612903225806451,0.0322580645161562,0.01612903225809915,0.2741935483871382,0.6229508196721312
826,0,0,7,False,0.15442304740300064,0.23931632873374567,0.8548387096774194,0.2016129032257888,0.09677419354842241,0.6612903225806479,0.5573770491803278
826,0,0,8,False,0.15152543282611236,0.25356624530890964,0.5967741935483871,0.0483870967741691,0.01612903225814058,0.6612903225806479,0.6065573770491803
826,3,3,5,True,0.11102041615457653,0.18697683813052401,0.3548387096774194,0.03225806451619695,0.016129032258056366,0.6451612903225915,0.6721311475409836
826,5,5,5,True,0.0996081299577863,0.1690265281398261,0.41935483870967744,0.024193548387042442,0.016129032258056366,0.629032258064451,0.6557377049180327
826,6,6,9,False,0.15046995555108417,0.2439663714196837,0.7580645161290323,0.12096774193550697,0.0483870967741691,0.6935483870967606,0.5901639344262295
826,0,0,7,False,0.13006424920177487,0.21074523780814308,0.7419354838709677,0.16935483870963394,0.0967741935483382,0.6451612903225074,0.6557377049180327
826,0,0,9,False,0.15651656540263528,0.24585640939293166,0.8548387096774194,0.22580645161278914,0.11290322580639457,0.6290322580647035,0.6229508196721312
826,0,0,10,False,0.17635634647062265,0.25851044175591514,0.6774193548387096,0.12903225806453514,0.0483870967741691,0.7258064516128734,0.5901639344262295
826,0,0,12,False,0.1688490123447804,0.26623464198213337,0.6451612903225806,0.055555555555693685,0.031746031746181715,0.6507936507936587,0.6721311475409836
826,0,0,9,False,0.15925730514652353,0.24077210272813016,0.7096774193548387,0.1532258064516197,0.0483870967741691,0.6935483870967606,0.6065573770491803
826,0,0,9,True,0.11931292728670267,0.19668255131924842,0.6774193548387096,0.04838709677425331,0.016129032258224794,0.5806451612905345,0.6557377049180327
826,0,0,12,False,0.13228428658176536,0.22368341806692887,0.7419354838709677,0.13709677419347913,0.06451612903222546,0.6451612903224231,0.6721311475409836
826,0,0,5,True,0.08590249581473614,0.14220976382597447,0.45161290322580644,0.03225806451594974,0.016129032257890655,0.45161290322582276,0.5737704918032787
826,2,2,2,True,0.055173495305100975,0.09480806655923187,0.27419354838709675,0.016393442623027995,0.016393442622771214,0.327868852458848,0.5081967213114754
826,4,4,2,True,0.08025059294156744,0.13865521539475303,0.6129032258064516,0.0409836065574416,0.01639344262311359,0.3278688524590192,0.639344262295082
826,0,0,1,True,0.08558121557410725,0.1468072412175414,0.7258064516129032,0.0655737704918552,0.0327868852458848,0.2950819672131344,0.6065573770491803
826,0,0,11,True,0.10691744723265312,0.18326203941608624,0.8225806451612904,0.17741935483878846,0.08064516129045025,0.4032258064515776,0.6229508196721312
826,0,0,9,False,0.1315354474717275,0.2167688015900851,0.9838709677419355,0.2786885245901064,0.1311475409835392,0.6229508196723248,0.639344262295082
826,0,0,13,True,0.11979519091143984,0.20251627804824882,0.9193548387096774,0.2622950819669072,0.1311475409835392,0.3934426229506176,0.6721311475409836
826,0,0,3,False,0.12902001286110842,0.20123186358302747,0.8225806451612904,0.2213114754096368,0.11475409836042562,0.622950819672496,0.6557377049180327
826,0,0,9,True,0.11537321121742929,0.1964207385542984,1.0,0.2622950819670784,0.114754098360768,0.3278688524591904,0.6557377049180327
826,0,0,8,False,0.14651588585827707,0.23909467466760548,0.7096774193548387,0.07377049180349758,0.03278688524622718,0.6557377049180384,0.5245901639344263
826,0,0,8,False,0.14117680276592443,0.22392496997607464,0.5483870967741935,0.03278688524605599,0.01639344262311359,0.6393442622952672,0.5573770491803278
826,0,0,5,True,0.11801634556603947,0.18471822163214177,0.45161290322580644,0.0327868852458848,0.016393442622771214,0.6393442622952672,0.5245901639344263
826,4,4,5,False,0.12927411032726566,0.1881939140578423,0.43548387096774194,0.0327868852458848,0.01639344262311359,0.655737704917696,0.5081967213114754
826,4,4,9,False,0.15867975263095477,0.23722849627079307,0.5,0.03278688524622718,0.01639344262311359,0.6393442622945824,0.5409836065573771
826,1,1,0,True,0.04082222759663009,0.06270960459516184,0.1774193548387097,0.01639344262311359,0.016393442622771214,0.3278688524591904,0.6885245901639344
826,3,3,2,True,0.09360027956577191,0.13960544361361782,0.25806451612903225,0.016666666666829106,0.016666666666481023,0.6333333333328924,0.6229508196721312
826,1,1,1,True,0.041465502083733195,0.07120363753297926,0.20967741935483872,0.0327868852458848,0.01639344262311359,0.2950819672129632,0.6557377049180327
826,6,6,4,False,0.13045273880674513,0.1745409998048993,0.2903225806451613,0.03278688524554243,0.016393442622771214,0.6885245901639232,0.5901639344262295
826,2,2,1,True,0.06799220952209106,0.0967246390182995,0.16129032258064516,0.01639344262311359,0.016393442622771214,0.557377049180384,0.6229508196721312
826,2,2,2,True,0.057581781317092046,0.0954724690133605,0.0967741935483871,0.0327868852458848,0.01639344262311359,0.5245901639344992,0.5901639344262295
826,1,1,1,True,0.0670543006951634,0.11142813315535717,0.16129032258064516,0.03278688524605599,0.01639344262311359,0.6393442622952672,0.6885245901639344
826,4,4,3,True,0.09571787095343912,0.14820157619819313,0.4032258064516129,0.03278688524622718,0.01639344262311359,0.6393442622949248,0.6721311475409836
826,5,5,3,True,0.12266782808957112,0.16789728271712218,0.3387096774193548,0.0327868852458848,0.01639344262311359,0.7213114754101504,0.6229508196721312
827,0,0,0,True,0.04038993217024036,0.028257835313158536,0.11290322580645161,0.051282051282051926,0.025641025641025963,0.19230769230769262,0.47540983606557374
827,1,1,1,True,0.0698648451825179,0.08713605609210968,0.27419354838709675,0.03086419753086589,0.012345679012356024,0.5802469135802497,0.5245901639344263
827,0,0,0,True,0.040892672359217085,0.049603701954232936,0.2903225806451613,0.06578947368422182,0.026315789473705907,0.17105263157896816,0.639344262295082
827,0,0,0,True,0.04545017540227314,0.04565665306883291,0.24193548387096775,0.04320987654322122,0.024691358024679422,0.19753086419753205,0.6557377049180327
827,1,1,0,True,0.04798561136779861,0.06056652591932042,0.08064516129032258,0.051282051282060724,0.025641025641013625,0.35897435897439156,0.39344262295081966
827,0,0,0,True,0.05219718076209278,0.045317397531740515,0.04838709677419355,0.06097560975613017,0.0243902439024266,0.29268292682924657,0.5245901639344263
827,0,0,0,True,0.01528455349793172,0.020498634812109194,0.016129032258064516,0.02352941176469432,0.01176470588234716,0.08235294117649154,0.4918032786885246
827,0,0,0,True,0.02311442702610447,0.03668596105101743,0.0967741935483871,0.0344827586206731,0.0114942528735577,0.16091954022986782,0.5573770491803278
827,0,0,0,True,0.016577640582565955,0.019303207541976255,0.0,0.023255813953477075,0.011627906976738538,0.06976744186055266,0.4262295081967213
827,0,0,0,True,0.027594651380310177,0.02418623117247054,0.03225806451612903,0.03488372093021561,0.011627906976859963,0.11627906976738539,0.4918032786885246
827,0,0,0,True,0.0380782281321801,0.05528272730521957,0.22580645161290322,0.04444444444448183,0.02222222222221191,0.24444444444444702,0.5081967213114754
827,0,0,0,True,0.018289181174351715,0.026190715065576728,0.04838709677419355,0.02222222222221191,0.011111111111105954,0.11111111111105955,0.5409836065573771
827,2,2,2,True,0.06649509114416051,0.11320738247980394,0.2903225806451613,0.033333333333317866,0.02222222222221191,0.5222222222222119,0.45901639344262296
827,0,0,0,True,0.036584182486805596,0.04504348734945223,0.24193548387096775,0.04444444444448183,0.02222222222221191,0.17777777777792733,0.45901639344262296
827,1,1,1,True,0.05094394725082172,0.07748582008746611,0.12903225806451613,0.03260869565215911,0.010869565217386369,0.44565217391295464,0.4918032786885246
827,2,2,2,True,0.05133616997907319,0.07954672548982823,0.20967741935483872,0.027173913043465923,0.010869565217386369,0.34782608695659084,0.6229508196721312
827,0,0,0,True,0.022340732440440766,0.024511212187995842,0.04838709677419355,0.02222222222221191,0.011111111111105954,0.11111111111117557,0.5081967213114754
827,0,0,0,True,0.03450739997631649,0.04390351827318793,0.1774193548387097,0.04494382022469273,0.022471910112346366,0.17977528089877093,0.6721311475409836
827,0,0,0,True,0.014426890875619675,0.018581780390740956,0.016129032258064516,0.011235955056293151,0.01123595505605849,0.06741573033705492,0.5081967213114754
827,2,2,2,True,0.07008336084938442,0.10524534670815368,0.1774193548387097,0.06741573033680444,0.03370786516863688,0.5056179775281453,0.47540983606557374
827,4,4,2,True,0.1050715637510047,0.15044438852770894,0.2903225806451613,0.033707865168762126,0.02247191011235164,0.6966292134831356,0.6065573770491803
827,0,0,0,True,0.020374413065281535,0.025871169056444474,0.04838709677419355,0.02247191011235164,0.011235955056293151,0.11235955056199287,0.4918032786885246
827,1,1,0,True,0.0372580022633509,0.03682200057560727,0.016129032258064516,0.022727272727380603,0.011363636363749634,0.2954545454544052,0.47540983606557374
827,0,0,0,True,0.021515902016196433,0.021205617629651126,0.016129032258064516,0.03333333333343389,0.011111111111221981,0.08888888888907968,0.4918032786885246
827,1,1,1,True,0.05300520872230413,0.08748412317339888,0.12903225806451613,0.022471910112346366,0.011235955056290515,0.5056179775279106,0.5573770491803278
827,2,2,2,True,0.059385225531744926,0.09838375813662484,0.11290322580645161,0.022471910112346366,0.011235955056290515,0.4831460674157989,0.5737704918032787
827,0,0,0,True,0.019470065322372648,0.028300919899497547,0.03225806451612903,0.02272727272702461,0.011363636363512305,0.13636363636380897,0.5081967213114754
827,0,0,0,True,0.01634262550248752,0.01751704067967273,0.0,0.022727272727261938,0.011363636363512305,0.07954545454529813,0.6065573770491803
827,1,1,1,True,0.045486094947621916,0.07216699615923187,0.12903225806451613,0.02247191011235164,0.011235955056293151,0.43820224719097434,0.47540983606557374
828,11,11,4,False,0.23393482451135716,0.37550144635263527,0.46774193548387094,0.08421052631578534,0.04210526315789181,0.6421052631578956,0.47540983606557374
828,15,15,4,False,0.2789705494168408,0.4506734111244567,0.6451612903225806,0.442708333333347,0.04166666666666043,0.6979166666666609,0.5573770491803278
828,16,16,5,False,0.2536791258539782,0.4197733096484494,0.5483870967741935,0.09473684210525751,0.04210526315787391,0.7052631578947453,0.7049180327868853
828,17,17,3,False,0.2899436874107268,0.4717865078507574,0.6290322580645161,0.4895833333333248,0.04166666666664627,0.6770833333333283,0.5737704918032787
828,15,15,2,False,0.27340747845115937,0.43927660598172197,0.5645161290322581,0.08854166666665052,0.0312500000000119,0.6249999999999932,0.5081967213114754
828,10,10,2,False,0.2176401585473105,0.34277833418048426,0.3870967741935484,0.058510638297870864,0.03191489361706087,0.6276595744681601,0.5081967213114754
828,12,12,0,False,0.24115228191332025,0.38334244487710534,0.4838709677419355,0.08854166666665533,0.031250000000040794,0.6145833333333922,0.45901639344262296
828,1,1,1,True,0.07713892158398501,0.11374247245417145,0.1774193548387097,0.048913043478264265,0.02173913043482826,0.6739130434782005,0.45901639344262296
828,1,1,1,True,0.07374473526466499,0.11083358652809708,0.0967741935483871,0.043478260869573855,0.021739130434772738,0.6413043478260227,0.47540983606557374
828,5,5,2,False,0.1555186299525847,0.22037067694753595,0.22580645161290322,0.054347826086931846,0.021739130434772738,0.63043478260875,0.45901639344262296
828,6,6,5,False,0.16734555101407758,0.25446172404366435,0.3548387096774194,0.09239130434788716,0.043478260869427035,0.6956521739129892,0.5409836065573771
828,0,0,0,True,0.0464815741493357,0.02727689542648734,0.03225806451612903,0.07058823529414439,0.02352941176469432,0.15294117647075878,0.4426229508196721
828,0,0,0,True,0.04130162658997022,0.022868175552885298,0.0,0.07142857142853591,0.035714285714267956,0.15476190476195212,0.3770491803278688
828,1,1,1,True,0.05882870135507788,0.0694829707817482,0.0967741935483871,0.046511627907014866,0.023255813953477075,0.41860465116295165,0.4262295081967213
828,0,0,0,True,0.03298138726529227,0.027503647362963766,0.03225806451612903,0.058139534883692695,0.023255813953477075,0.13953488372098388,0.45901639344262296
828,0,0,0,True,0.026064363412227804,0.026573339058300022,0.03225806451612903,0.0344827586206731,0.0229885057471154,0.114942528735577,0.4262295081967213
828,3,3,1,True,0.1208529150626024,0.1718822123953175,0.25806451612903225,0.06179775280895976,0.033707865168523504,0.6179775280899497,0.5573770491803278
828,0,0,0,True,0.03149459862931516,0.028221510239714233,0.04838709677419355,0.03448275862055721,0.022988505746878104,0.13793103448294902,0.45901639344262296
828,8,8,5,False,0.18511783095498105,0.28023855510735335,0.4032258064516129,0.1130952380951197,0.05952380952365561,0.6309523809524401,0.6229508196721312
828,1,1,1,True,0.05318058254824199,0.05472427115754487,0.08064516129032258,0.08235294117644024,0.04705882352914872,0.2823529411763665,0.4426229508196721
828,0,0,0,True,0.046514888628879716,0.042944217320439085,0.06451612903225806,0.06024096385539895,0.03614457831311356,0.2530120481928014,0.5901639344262295
828,1,1,0,True,0.04850195545202666,0.04600407464352263,0.08064516129032258,0.06626506024100175,0.03614457831311356,0.20481927710848224,0.4918032786885246
828,4,3,5,True,0.10856574133635954,0.15742532712433102,0.4032258064516129,0.06329113924061341,0.037974683544156555,0.6835443037974617,0.5573770491803278
828,8,8,2,False,0.18110156979774364,0.26324434801519603,0.3709677419354839,0.0602409638555096,0.024096385542405143,0.6987951807227036,0.5573770491803278
828,4,3,2,False,0.14098887144452316,0.17505622318678488,0.22580645161290322,0.07228915662647874,0.036144578313365185,0.819277108433929,0.47540983606557374
828,4,4,4,True,0.11295431472402243,0.17079447588958332,0.43548387096774194,0.08641975308651526,0.04938271604936362,0.6913580246913484,0.4426229508196721
828,3,1,3,True,0.12177031206517243,0.19398671281930732,0.25806451612903225,0.03571428571439227,0.02380952380951197,0.8690476190475599,0.4426229508196721
828,4,3,3,False,0.13180251582862096,0.21033960718950523,0.2903225806451613,0.0602409638555096,0.03614457831310446,0.8313253012046737,0.5409836065573771
828,2,2,2,True,0.0831281742244454,0.1267214067810839,0.1935483870967742,0.047619047619284406,0.02380952380976652,0.6666666666667496,0.5409836065573771
829,0,0,2,True,0.061883279326813624,0.10343098348476684,0.3870967741935484,0.061728395061725234,0.024691358024695735,0.29629629629629645,0.7049180327868853
829,3,3,2,True,0.08306471620599674,0.10663165097834856,0.27419354838709675,0.04819277108434607,0.024096385542173034,0.5903614457831371,0.4098360655737705
829,3,3,4,True,0.07352882626181338,0.11484200149101444,0.25806451612903225,0.05487804878050139,0.024390243902459214,0.41463414634148826,0.4918032786885246
829,3,3,3,True,0.09335720515086922,0.13966510308812352,0.3870967741935484,0.06962025316454128,0.025316455696223865,0.632911392405101,0.5737704918032787
829,1,1,0,True,0.04719826879767591,0.07293271968475487,0.2903225806451613,0.030487804878066058,0.012195121951245525,0.2926829268292559,0.5573770491803278
829,2,2,1,True,0.052909275752042184,0.0862964293247064,0.2903225806451613,0.048780487804916874,0.024390243902490272,0.3170731707316731,0.6065573770491803
829,4,4,5,True,0.06731092789365006,0.10322511240998739,0.3709677419354839,0.060240963855422824,0.036144578313234824,0.3012048192771456,0.5573770491803278
829,3,3,3,True,0.08463633487521079,0.1405676028337131,0.22580645161290322,0.048780487804916874,0.0243902439024266,0.5487804878047895,0.5737704918032787
829,2,2,2,True,0.05589376619090724,0.08062663664327302,0.24193548387096775,0.049382716049392664,0.024691358024680216,0.2962962962962915,0.4262295081967213
829,2,2,2,True,0.0581144371858253,0.0901062503377626,0.3225806451612903,0.04938271604942171,0.024691358024678624,0.30864197530861176,0.5573770491803278
829,1,1,1,True,0.0687183159731047,0.09353202922581297,0.1935483870967742,0.03658536585377191,0.02439024390230236,0.5243902439024933,0.5573770491803278
829,4,4,3,True,0.06316922428655838,0.10021082697595518,0.3387096774193548,0.04761904761902394,0.02380952380951197,0.3214285714285359,0.5081967213114754
829,1,1,1,True,0.06980069404429194,0.09879471684771747,0.24193548387096775,0.035714285714267956,0.02380952380951197,0.5476190476188997,0.5081967213114754
829,2,2,2,True,0.04312713994706533,0.06294200636478292,0.1774193548387097,0.04166666666665113,0.01190476190488178,0.273809523809546,0.45901639344262296
829,2,2,2,True,0.04824938170121241,0.07262144880076105,0.1935483870967742,0.04878048780473206,0.02439024390230236,0.3048780487804987,0.5573770491803278
829,6,6,5,True,0.08535054350858716,0.12576722013274738,0.5161290322580645,0.056250000000035896,0.025000000000117477,0.4750000000000131,0.5901639344262295
829,0,0,0,True,0.042889994272686714,0.06317225498065518,0.3387096774193548,0.04487179487190472,0.02564102564101191,0.2179487179487351,0.6557377049180327
829,3,3,4,True,0.07694973744139905,0.11794949933164416,0.3064516129032258,0.036585365853767246,0.0243902439024266,0.4756097560975734,0.639344262295082
829,3,3,3,True,0.060995531374244134,0.09705398296305885,0.20967741935483872,0.035714285714330114,0.0119047619048803,0.3452380952380479,0.5409836065573771
829,8,8,8,True,0.11543271250065527,0.18952429845268054,0.4032258064516129,0.0602409638555096,0.03614457831310446,0.578313253011936,0.5573770491803278
829,3,3,3,True,0.05455428265999052,0.08653131913594336,0.20967741935483872,0.035294117646922966,0.023529411764451506,0.32941176470600664,0.5245901639344263
829,4,4,2,True,0.06622633197689765,0.09998092055723255,0.20967741935483872,0.035294117646922966,0.011764705882471457,0.3882352941176268,0.47540983606557374
829,1,1,2,True,0.05151539020726324,0.08371616889353582,0.22580645161290322,0.02352941176469143,0.011764705882468567,0.3294117647059257,0.5901639344262295
829,1,1,1,True,0.041990675715566445,0.06150475662692767,0.08064516129032258,0.03571428571414364,0.0119047619048803,0.3214285714282873,0.4262295081967213
829,3,3,3,True,0.061644606020460985,0.08965812922942566,0.1774193548387097,0.054216867469782506,0.024096385541901893,0.3253012048194499,0.4426229508196721
829,0,0,0,True,0.05693587251897303,0.08555807249773477,0.3387096774193548,0.04761904761891146,0.02380952380926926,0.24999999999981354,0.7049180327868853
829,3,3,2,True,0.058845862698274645,0.09186004526499061,0.3064516129032258,0.0416666666667081,0.02380952380951197,0.30952380952390424,0.5901639344262295
829,4,4,4,True,0.06935556131270125,0.11218722893595454,0.4032258064516129,0.04761904761927257,0.0238095238097606,0.34523809523779925,0.6065573770491803
829,2,2,2,True,0.05097630582305892,0.07878169766544064,0.3064516129032258,0.035294117647037146,0.023529411764445726,0.28235294117678855,0.5901639344262295
829,2,2,1,True,0.07423640448898862,0.09841170445930326,0.16129032258064516,0.04651162790695415,0.023255813953477075,0.4999999999998786,0.6229508196721312
840,0,0,0,True,0.04172409817654886,0.03765867705432003,0.06451612903225806,0.028985507246375677,0.014492753623188578,0.2753623188405806,0.47540983606557374
840,0,0,0,True,0.04561996156541151,0.03360241482196232,0.04838709677419355,0.03787878787878893,0.015151515151527437,0.30303030303029166,0.5901639344262295
840,0,0,0,True,0.04236463689123327,0.047652579771081775,0.1935483870967742,0.05405405405404595,0.027027027027014153,0.20270270270269436,0.4426229508196721
840,0,0,0,True,0.057119234455865614,0.048187547575700845,0.12903225806451613,0.03571428571428838,0.014285714285745188,0.3000000000000522,0.6065573770491803
840,0,0,0,True,0.04613420194530864,0.03901298607699513,0.0967741935483871,0.04411764705880151,0.014705882352972228,0.2941176470588303,0.5573770491803278
840,0,0,0,True,0.04459914185075341,0.03636721048824938,0.14516129032258066,0.042857142857160975,0.028571428571341196,0.24285714285710877,0.4262295081967213
840,0,0,0,True,0.06259861756775681,0.0342910103312566,0.11290322580645161,0.03731343283584241,0.014925373134399308,0.34328358208954757,0.5901639344262295
840,0,0,0,True,0.02053400417078429,0.026017764591695476,0.04838709677419355,0.028169014084494612,0.014084507042247306,0.09859154929580469,0.7049180327868853
840,0,0,0,True,0.04125215931367594,0.03699658924764449,0.0967741935483871,0.02898550724643932,0.014492753623257497,0.2608695652174242,0.6065573770491803
840,0,0,0,True,0.03577712638696538,0.028765227514918328,0.06451612903225806,0.0373134328358395,0.014925373134398146,0.22388059701488117,0.4098360655737705
840,0,0,0,True,0.05062984541027498,0.05612697804968652,0.2903225806451613,0.06164383561637173,0.02739726027403041,0.2328767123287936,0.6065573770491803
840,0,0,0,True,0.06465027935008767,0.05976374059524313,0.27419354838709675,0.09589041095886296,0.05479452054792169,0.3150684931508358,0.39344262295081966
840,3,3,0,False,0.13027872637627597,0.07141413658809959,0.14516129032258066,0.10714285714288378,0.04285714285712368,0.72857142857155,0.47540983606557374
840,38,38,0,False,0.3187126413061251,0.17568731668794393,0.3064516129032258,0.6444444444443774,0.2222222222221191,1.6444444444446094,0.3770491803278688
840,0,0,0,True,0.023242777223924916,0.026083705880510486,0.03225806451612903,0.03174603174585021,0.01587301587300798,0.11111111111122161,0.4918032786885246
840,0,0,0,True,0.018501298279201925,0.023633814767214635,0.03225806451612903,0.03333333333314189,0.016666666666657965,0.11666666666677979,0.5901639344262295
840,1,1,1,True,0.04006170721988148,0.05759649036777904,0.06451612903225806,0.0491803278688272,0.0163934426229424,0.3278688524590192,0.5409836065573771
840,0,0,0,True,0.038506256334635114,0.03577532367470421,0.20967741935483872,0.05932203389818509,0.03389830508455077,0.1864406779661797,0.47540983606557374
840,0,0,0,True,0.03991616121205701,0.04687157038795466,0.14516129032258066,0.04761904761902394,0.03174603174601596,0.23809523809528546,0.4918032786885246
840,0,0,0,True,0.01886522912270991,0.018572727234679575,0.0,0.03225806451611273,0.016129032258056366,0.08064516129028183,0.47540983606557374
840,0,0,0,True,0.038105812889391,0.043557169527926765,0.22580645161290322,0.046153846153904235,0.03076923076921594,0.1846153846154563,0.45901639344262296
840,0,0,0,True,0.06324711422959974,0.044196634829017624,0.11290322580645161,0.04761904761902394,0.03174603174601596,0.30158730158748315,0.5573770491803278
840,0,0,0,True,0.04107055381232666,0.03410095870795419,0.12903225806451613,0.04477611940312,0.014925373134477237,0.19402985074602208,0.5573770491803278
840,1,1,1,True,0.07896105297042175,0.10443427605989553,0.3225806451612903,0.09154929577482811,0.042253521126888995,0.5633802816904806,0.5245901639344263
840,1,1,1,True,0.08834300392822449,0.12273617072013937,0.4032258064516129,0.055555555555813395,0.027777777777761664,0.6388888888885182,0.5081967213114754
840,0,0,1,True,0.06251861172466432,0.051017452901348626,0.0967741935483871,0.030303030303020714,0.015151515151352138,0.40909090909093787,0.5081967213114754
840,1,0,0,True,0.08600853884619535,0.07540716142302457,0.25806451612903225,0.08450704225348384,0.042253521126888995,0.6338028169012758,0.47540983606557374
840,0,0,0,True,0.03613158181137276,0.029280355927419805,0.03225806451612903,0.030303030303011125,0.015151515151663781,0.18181818181806675,0.6065573770491803
840,0,0,0,True,0.043697607233514325,0.02698768802150288,0.06451612903225806,0.05223880597035861,0.014925373134477237,0.1940298507466455,0.5737704918032787
840,0,0,0,True,0.06832220961579441,0.04868306206138636,0.1935483870967742,0.037878787878696786,0.015151515151668576,0.3333333333335443,0.5573770491803278
840,0,0,0,True,0.03860853132890082,0.023148589991235067,0.06451612903225806,0.05714285714282304,0.02857142857141152,0.1571428571426142,0.5081967213114754
840,0,0,0,True,0.03538506517099325,0.03881773214143348,0.12903225806451613,0.04285714285726646,0.014285714285854938,0.22857142857159055,0.5573770491803278
840,0,0,0,True,0.03691630093574031,0.03732631941567588,0.11290322580645161,0.04347826086953232,0.01449275362363146,0.20289855072448415,0.639344262295082
840,0,0,0,True,0.043044119630849406,0.05030127121195532,0.16129032258064516,0.06944444444425912,0.02777777777805173,0.22222222222238336,0.4426229508196721
840,0,0,0,True,0.024426374295070895,0.017002848589144533,0.0,0.02777777777805173,0.013888888889025865,0.11111111111104666,0.4262295081967213
840,0,0,0,True,0.04171662338879939,0.02645398614758231,0.06451612903225806,0.06153846153843188,0.015384615384768622,0.1538461538460797,0.5409836065573771
840,0,0,0,True,0.05602473059554456,0.028726725592495683,0.04838709677419355,0.08450704225348384,0.04225352112659484,0.23943661971864544,0.4098360655737705
841,2,1,2,True,0.09366933731519415,0.16842964234362703,0.16129032258064516,0.03296703296702442,0.01098901098901292,0.780219780219781,0.5573770491803278
841,1,1,1,True,0.07099555984052854,0.11845256007366915,0.08064516129032258,0.02173913043478631,0.010869565217386062,0.7391304347825927,0.6229508196721312
841,0,0,0,True,0.017536460785797778,0.026619137280290955,0.0967741935483871,0.03296703296701689,0.010989010989034318,0.07692307692309679,0.6557377049180327
841,0,0,0,True,0.015156477686040521,0.023780327476660826,0.03225806451612903,0.021978021978039948,0.01098901098900563,0.054945054945085524,0.5573770491803278
841,0,0,0,True,0.016987431028335546,0.02634191448247322,0.06451612903225806,0.027472527472484597,0.010989010989005314,0.05494505494508395,0.7049180327868853
841,1,0,1,True,0.06791537319737595,0.112800185034227,0.14516129032258066,0.021978021978069265,0.010989010989005945,0.7252747252747366,0.5737704918032787
841,1,1,1,True,0.051181797037579156,0.08281411404398518,0.08064516129032258,0.02197802197801189,0.010989010989005945,0.5384615384615782,0.4918032786885246
841,6,6,2,True,0.12133802766943962,0.1279013777217369,0.1935483870967742,0.027777777777763274,0.011111111111163323,0.5888888888888715,0.5409836065573771
841,7,7,5,False,0.1629025677796984,0.1944479656809682,0.6774193548387096,0.3013698630136408,0.15068493150678464,0.643835616438366,0.6065573770491803
841,2,1,5,False,0.2057102008920114,0.26347694744949135,0.7096774193548387,0.2352941176469432,0.12941176470581875,1.1294117647059416,0.6885245901639344
841,2,0,9,False,0.3108904802591296,0.41310713355942863,0.7419354838709677,0.4285714285714641,0.20238095238085174,1.30952380952378,0.6229508196721312
841,26,26,29,False,0.34787678212460404,0.6806920401962601,0.9838709677419355,0.593750000000068,0.1979166666667981,0.6979166666666893,0.9508196721311475
841,32,32,0,False,0.35111821621333783,0.6957281653186074,1.0,1.0363636363636226,0.07272727272724511,1.1818181818183027,1.0
841,32,15,0,False,0.3511125202624508,0.6943676926621006,1.0,1.0357142857140793,0.053571428571585075,1.1428571428570629,1.0
841,30,0,21,False,0.31331036576687615,0.6151807246626734,1.0,0.7272727272728567,0.1969696969697617,0.9545454545456343,1.0
841,32,0,0,False,0.3245120230239801,0.64258680793346,1.0,0.8839285714284499,0.0892857142858508,1.0178571428571328,1.0
841,22,2,21,False,0.3118327769300984,0.5648489352725332,0.8387096774193549,0.5934065934066652,0.24175824175824553,0.7362637362637425,0.7704918032786885
841,13,1,6,False,0.19882221421940235,0.23822279752175055,0.8064516129032258,0.28846153846131706,0.1410256410256994,1.0256410256407442,0.6885245901639344
841,2,2,2,True,0.12418029124582489,0.17384994157688824,0.6129032258064516,0.146067415730403,0.07865168539311342,0.8314606741572453,0.7704918032786885
841,28,10,28,False,0.36406277311895285,0.6633534458932102,1.0,0.6182795698924067,0.3010752688172598,1.2150537634407395,0.9016393442622951
841,23,0,21,False,0.31492917898049977,0.5513551959224334,0.9838709677419355,0.6329787234041406,0.21276595744693613,0.7446808510639432,0.6885245901639344
841,21,0,20,False,0.30622341622137217,0.5456337423103051,0.8548387096774194,0.595000000000117,0.1700000000000334,0.7100000000002256,0.7540983606557377
841,32,0,0,False,0.36266240846036435,0.7187944583005679,1.0,1.0526315789471563,0.08771929824574902,1.1578947368422017,1.0
841,32,0,0,False,0.358687331451374,0.7112978129150898,1.0,1.0545454545452335,0.07272727272761102,1.1454545454548424,1.0
841,8,1,7,False,0.18996088560291735,0.3075041897791854,0.3387096774193548,0.03645833333337186,0.02083333333332427,1.14583333333327,0.5737704918032787
841,2,0,1,True,0.10394446414640407,0.1448648565405806,0.3225806451612903,0.05208333333331067,0.03124999999987763,1.0416666666666485,0.6885245901639344
841,3,0,3,True,0.11996261869161415,0.21078633666155588,0.2903225806451613,0.03125000000008838,0.020833333333102184,0.8645833333330953,0.6885245901639344
841,0,0,0,True,0.02981857978748404,0.04503384832362352,0.2903225806451613,0.03061224489805269,0.020408163265297423,0.1632653061225925,0.6065573770491803
842,0,0,0,True,0.02718640588365164,0.023050083952160905,0.016129032258064516,0.0327868852458994,0.0163934426229497,0.13114754098361164,0.47540983606557374
842,0,0,0,True,0.025613773632398848,0.025929803214030794,0.03225806451612903,0.03125000000000032,0.01562500000000271,0.12500000000000128,0.4918032786885246
842,0,0,0,True,0.037104799751826206,0.03141361256544689,0.0967741935483871,0.05468750000000494,0.03125000000000574,0.14062500000001563,0.4426229508196721
842,0,0,0,True,0.038235386231557734,0.03243537738323565,0.08064516129032258,0.06349206349203192,0.03174603174597452,0.19047619047617864,0.5901639344262295
842,5,2,3,False,0.1987644850433762,0.29299371190778295,0.4032258064516129,0.09230769230770806,0.04615384615382391,1.107692307692296,0.5573770491803278
842,10,5,7,False,0.19575906274395347,0.3095668628300359,0.5967741935483871,0.21093750000000733,0.06250000000005354,0.8906250000000083,0.639344262295082
842,11,9,8,False,0.26780932133540847,0.3768075440840277,0.9193548387096774,0.3749999999999456,0.1875000000000272,1.2083333333333515,0.6885245901639344
842,2,0,1,False,0.1984220218186406,0.19265158766349907,0.3870967741935484,0.2265624999999707,0.04687499999997705,0.9843750000000077,0.5081967213114754
842,1,0,0,True,0.06580567345253455,0.06589466805363813,0.11290322580645161,0.04687499999997705,0.015625000000073934,0.546874999999977,0.45901639344262296
842,12,8,3,False,0.21554107152553384,0.3045433823410052,0.9516129032258065,0.26999999999996344,0.14000000000003132,0.8399999999999791,0.6065573770491803
842,1,0,0,True,0.12472427231826358,0.1131920961110011,0.22580645161290322,0.05882352941173761,0.029411764705868804,0.7058823529411584,0.5901639344262295
842,4,4,2,True,0.1211028856573524,0.138544926294137,0.22580645161290322,0.04477611940303858,0.029850746268640434,0.7164179104476821,0.4918032786885246
842,3,0,4,False,0.16078352511151567,0.2021619484122935,0.3709677419354839,0.09859154929573115,0.056338028168989224,0.7183098591549067,0.5081967213114754
842,8,4,3,False,0.20836877340758536,0.23542279511188957,0.6774193548387096,0.2822580645160706,0.0967741935483382,0.7741935483870425,0.39344262295081966
842,12,11,3,False,0.19331975781871263,0.23048090947896765,0.5483870967741935,0.19047619047626152,0.06349206349203192,0.6984126984125169,0.45901639344262296
842,6,4,1,False,0.2244842105209076,0.16387773052169188,0.5,0.34057971014484856,0.10144927536242412,0.8115942028986363,0.4918032786885246
842,10,5,4,False,0.24456886611293288,0.2910322188368123,0.6451612903225806,0.35384615384606366,0.1538461538460797,1.0461538461536632,0.5737704918032787
842,4,3,2,True,0.1183032689414631,0.14048887311293767,0.41935483870967744,0.10606060606063483,0.045454545454682097,0.6666666666665084,0.4262295081967213
842,10,7,5,False,0.25033250171590254,0.2854538527568305,0.5483870967741935,0.23913043478272714,0.08695652173909095,1.202898550724697,0.6721311475409836
842,1,1,0,True,0.0729141787035487,0.05966063280053297,0.14516129032258066,0.11111111111106277,0.055555555555531384,0.4166666666666304,0.5245901639344263
842,16,12,7,False,0.2571179022232292,0.32818548934255115,0.8225806451612904,0.4385964912280123,0.22807017543847113,1.087719298245566,0.6065573770491803
842,2,1,1,False,0.1972384747822974,0.24030315750801334,0.3225806451612903,0.30555555555572744,0.03703703703702271,1.055555555555534,0.7213114754098361
842,14,11,6,False,0.2704987403498302,0.31604680400241164,0.6935483870967742,0.4807692307692385,0.23076923076913808,1.11538461538477,0.47540983606557374
842,11,9,3,False,0.22845490912095773,0.2456613781655046,0.5,0.32835820895530415,0.13432835820873656,0.9104477611939159,0.5081967213114754
842,6,4,2,False,0.26093205499357935,0.23227196533252153,0.7580645161290323,0.3770491803276752,0.2295081967211936,1.0,0.5737704918032787
842,5,0,4,False,0.23192966585561606,0.25286777755427514,0.5967741935483871,0.28906250000015044,0.1406250000004436,0.9218750000001886,0.5081967213114754
842,1,0,4,False,0.2580005558897483,0.23889243205287297,0.5645161290322581,0.4464285714287979,0.23214285714249752,1.1071428571424042,0.5901639344262295
842,3,0,5,False,0.2561143784678627,0.2751798128281483,0.6935483870967742,0.42982456140388803,0.17543859649156232,1.140350877193323,0.5901639344262295
842,1,0,1,True,0.09835376981008956,0.1126231615395373,0.16129032258064516,0.11764705882345715,0.044117647058949994,0.7647058823527786,0.47540983606557374
842,0,0,0,True,0.03400696456941761,0.03462177516804062,0.12903225806451613,0.04285714285713007,0.014285714286157557,0.17142857142881865,0.5409836065573771
842,6,4,2,False,0.19363009061453046,0.20254908536097413,0.4032258064516129,0.09859154929573115,0.042253521126888995,1.1267605633803728,0.5573770491803278
842,0,0,0,True,0.0392612049510974,0.0375486431592381,0.1774193548387097,0.051470588235355094,0.029411764705873318,0.17647058823554704,0.4426229508196721
842,0,0,0,True,0.03111687329785496,0.028771012641446384,0.08064516129032258,0.044117647058963545,0.014705882353090225,0.1323529411765835,0.4426229508196721
842,0,0,0,True,0.025939086250778336,0.029758479462450756,0.06451612903225806,0.029411764705873318,0.014705882353090225,0.10294117647040306,0.4262295081967213
842,0,0,0,True,0.032161010485496404,0.03489366700068534,0.14516129032258066,0.05147058823550866,0.029411764705873318,0.14705882352967373,0.4098360655737705
842,0,0,0,True,0.022105421826206288,0.026739660611589056,0.03225806451612903,0.029850746268954474,0.014925373134477237,0.10447761194071722,0.45901639344262296
842,0,0,0,True,0.028649175218246777,0.030773321921213518,0.11290322580645161,0.029411764705864287,0.014705882353085708,0.11764705882376428,0.47540983606557374
842,0,0,0,True,0.023953941978355958,0.027971056656147086,0.04838709677419355,0.029850746268798616,0.014925373134477237,0.10447761194040552,0.4918032786885246
842,0,0,0,True,0.02751607441943582,0.03201909981571419,0.08064516129032258,0.044117647058656416,0.014705882353090225,0.11764705882349327,0.5409836065573771
843,1,0,1,True,0.06567455206447805,0.09761676317837471,0.06451612903225806,0.035087719298246015,0.017543859649123007,0.6842105263157887,0.5737704918032787
843,0,0,0,True,0.03852388973060762,0.027333633864929405,0.06451612903225806,0.053571428571437936,0.0357142857142803,0.14285714285714451,0.639344262295082
843,0,0,0,True,0.028788171550453382,0.02188009342369977,0.0,0.034482758620695865,0.017241379310336678,0.12068965517240177,0.5901639344262295
843,1,0,0,True,0.024245600880170783,0.02318686895456716,0.03225806451612903,0.035714285714269066,0.017857142857134533,0.1071428571428538,0.4262295081967213
843,0,0,0,True,0.019029391090538753,0.029372403941605,0.11290322580645161,0.018518518518509566,0.018518518518509566,0.09259259259259617,0.4426229508196721
843,1,1,1,True,0.05411969063864309,0.08836772225940136,0.04838709677419355,0.03508771929825245,0.01754385964911477,0.5614035087719476,0.5081967213114754
843,0,0,0,True,0.01145142026118906,0.018089647247847892,0.016129032258064516,0.017241379310336293,4.5010579171878736e-14,0.05172413793105388,0.5737704918032787
843,1,1,1,True,0.0439097225154894,0.07260437707621384,0.04838709677419355,0.01694915254236538,0.016949152542276885,0.4576271186441308,0.5737704918032787
843,0,0,0,True,0.014972604823444853,0.019592895637898754,0.0,0.016666666666657965,8.702045306562987e-14,0.08333333333328982,0.6229508196721312
843,1,0,1,True,0.07315657386973061,0.11417624696707482,0.04838709677419355,0.016949152542452377,0.01694915254236388,0.796610169491545,0.7377049180327869
843,0,0,0,True,0.022060204862711846,0.016039127076684687,0.0,0.03389830508472776,0.01694915254236388,0.06779661016954402,0.5409836065573771
843,0,0,0,True,0.017757201326582255,0.020121387723933206,0.0,0.016393442623029397,0.016393442622943805,0.06557377049177522,0.6557377049180327
843,0,0,0,True,0.030784160913095167,0.01947640025337478,0.016129032258064516,0.033898305084860504,0.016949152542452377,0.11864406779672416,0.6885245901639344
843,0,0,0,True,0.018222717187551123,0.016621347941611016,0.0,0.01724137931051556,0.017241379310335515,0.0689655172415221,0.639344262295082
843,0,0,0,True,0.016814246304593536,0.018521871175708134,0.0,0.02542372881345733,0.01694915254218689,0.06779661016963252,0.6885245901639344
843,0,0,0,True,0.013092722951483908,0.015553596120797465,0.0,0.01694915254236388,0.01694915254218689,0.05084745762726864,0.5737704918032787
843,1,0,1,True,0.061082774739199555,0.10218481158505154,0.04838709677419355,0.03333333333331593,0.016666666666657965,0.6499999999998347,0.5081967213114754
843,0,0,0,True,0.02014637514294449,0.017136004378229115,0.016129032258064516,0.03389830508464527,0.016949152542189892,0.0847457627120114,0.5409836065573771
843,0,0,0,True,0.02059852945785701,0.021103585986354378,0.016129032258064516,0.016949152542540872,0.01694915254236388,0.1016949152541833,0.6065573770491803
843,0,0,0,True,0.022004111070341597,0.020579517775110717,0.016129032258064516,0.035714285714265735,0.017857142857132868,0.0892857142858508,0.6557377049180327
843,1,0,0,True,0.023969276236960848,0.02404331145824109,0.08064516129032258,0.026785714285797534,0.0178571428571362,0.10714285714300366,0.7377049180327869
843,1,0,0,True,0.01933670921123752,0.018549082888259422,0.016129032258064516,0.035087719298049554,0.017543859648933176,0.08771929824576509,0.5573770491803278
843,4,0,0,True,0.1219492161576101,0.08532650964841372,0.0967741935483871,0.017543859649113164,0.017543859648929964,0.6666666666666666,0.6557377049180327
843,0,0,0,True,0.017594043914838087,0.021946284578500796,0.06451612903225806,0.01724137931051556,0.017241379310155472,0.0689655172415221,0.639344262295082
843,0,0,0,True,0.02041056937222099,0.017427560983930647,0.0,0.0344827586204972,0.017241379310158577,0.08620689655187314,0.5901639344262295
843,1,0,1,True,0.04673180362144517,0.07192213768834609,0.08064516129032258,0.03508771929823919,0.017543859648936393,0.4736842105264122,0.639344262295082
843,4,0,0,True,0.13599473788803831,0.09463348783190416,0.16129032258064516,0.04310344827593657,0.01724137931051866,0.6551724137935877,0.47540983606557374
843,1,0,1,True,0.06218191510891691,0.09843558588474721,0.04838709677419355,0.03333333333332173,0.016666666666486824,0.6166666666666261,0.4918032786885246
843,2,0,0,True,0.03256579652135936,0.034778317105569924,0.12903225806451613,0.04918032786899839,0.0327868852458848,0.1311475409838816,0.6557377049180327
843,0,0,0,True,0.02754170179643422,0.0358910671209642,0.3064516129032258,0.03333333333332173,0.016666666666834907,0.1166666666668001,0.6721311475409836
843,0,0,0,True,0.021400507908270375,0.024547025940550905,0.0,0.024590163934499195,0.016393442622771214,0.09836065573731202,0.5901639344262295
843,0,0,0,True,0.023008786205778578,0.023565525323331147,0.0,0.03174603174568445,0.015873015872842226,0.11111111111122161,0.6229508196721312
843,1,0,1,True,0.07569877972551332,0.13181059741553233,0.04838709677419355,0.03174603174568445,0.015873015872842226,0.8253968253967464,0.5409836065573771
843,0,0,0,True,0.016714206776766424,0.023940539631386686,0.0,0.023076923076999697,0.015384615384130954,0.06153846153877296,0.5573770491803278
843,0,0,0,True,0.016201202478448834,0.02515514324013821,0.06451612903225806,0.015384615384447317,0.015384615384447317,0.0769230769228792,0.5409836065573771
843,1,0,1,True,0.08329021627212249,0.14353400237772876,0.04838709677419355,0.030303030303020714,0.015151515151352138,0.9090909090912543,0.4918032786885246
843,0,0,0,True,0.013929516968784118,0.01681239470127272,0.0,0.015151515151663781,0.015151515151347343,0.06060606060633869,0.4918032786885246
843,1,0,1,True,0.07156647821380623,0.12232862418327171,0.04838709677419355,0.029850746268331042,0.014925373134165521,0.7761194029853352,0.5737704918032787
843,17,8,6,False,0.2829976888711036,0.36175912657029874,0.6129032258064516,0.3636363636362917,0.10606060606038072,1.2727272727271002,0.6065573770491803
843,19,11,3,False,0.3638986802209279,0.4434551772518395,0.7903225806451613,0.6511627906974429,0.1162790697676,1.6976744186041428,0.5901639344262295
843,0,0,0,True,0.017383577713556708,0.022586045771035942,0.03225806451612903,0.029411764705710722,0.014705882352778577,0.08823529411759286,0.5573770491803278
843,0,0,0,True,0.014987177300073392,0.02192363381773346,0.03225806451612903,0.014705882353090225,0.014705882352783094,0.07352941176483686,0.5737704918032787
844,0,0,0,True,0.025971781177817094,0.029610740735171916,0.0967741935483871,0.030927835051547177,0.020618556701027805,0.12371134020618366,0.5573770491803278
844,0,0,0,True,0.022536864199569847,0.030069327698340035,0.11290322580645161,0.020833333333350613,0.010416666666675307,0.09374999999999617,0.6229508196721312
844,0,0,0,True,0.10550564634330366,0.03932415816197557,0.24193548387096775,0.14062500000000297,0.041666666666674596,0.3125000000000187,0.47540983606557374
844,3,3,1,False,0.13827623291093133,0.17191601392273964,0.1935483870967742,0.15697674418605093,0.08139534883720259,0.7674418604651615,0.45901639344262296
844,7,7,4,False,0.171347152509092,0.20413430023256338,0.3387096774193548,0.11956521739130682,0.06521739130437497,0.7826086956522726,0.639344262295082
844,0,0,0,True,0.03988902684517541,0.04734021348099901,0.14516129032258066,0.04081632653061931,0.020408163265296337,0.24489795918366258,0.5245901639344263
844,0,0,0,True,0.05828031681478942,0.031986176804308555,0.11290322580645161,0.08247422680413759,0.03092783505153141,0.22680412371128417,0.5081967213114754
844,5,5,4,False,0.1762629830040071,0.2581769819293152,0.3064516129032258,0.14499999999995797,0.0399999999999812,0.8000000000000418,0.5901639344262295
844,3,3,2,True,0.1262126170099222,0.17403057157065377,0.22580645161290322,0.051546391752549575,0.03092783505142209,0.8762886597937734,0.5573770491803278
844,0,0,0,True,0.026758931386130187,0.03219982407559764,0.14516129032258066,0.03061224489805269,0.020408163265297423,0.13265306122443327,0.6557377049180327
844,0,0,0,True,0.024608792190803842,0.029763089509928658,0.11290322580645161,0.03645833333325912,0.020833333333213227,0.11458333333337979,0.6065573770491803
844,0,0,0,True,0.019968441711518427,0.02594335821613261,0.04838709677419355,0.031249999999983003,0.010416666666769776,0.10416666666671878,0.6065573770491803
844,0,0,0,True,0.021934171459067172,0.02715591134310136,0.11290322580645161,0.031249999999983003,0.010416666666769776,0.10416666666671878,0.5901639344262295
844,0,0,0,True,0.03185877946398456,0.03468415996527467,0.22580645161290322,0.04081632653054157,0.020408163265297423,0.16326530612248594,0.639344262295082
844,2,2,2,True,0.10679907290831925,0.1700110739477757,0.2903225806451613,0.0309278350516374,0.020618556700912175,0.731958762886527,0.6885245901639344
844,6,6,0,False,0.14981692624876758,0.09824944434860568,0.24193548387096775,0.061224489796045584,0.030612244897942873,0.5816326530612342,0.5901639344262295
844,0,0,0,True,0.035123556304938956,0.032021229228303444,0.16129032258064516,0.04123711340203966,0.02061855670101983,0.14432989690735412,0.5245901639344263
844,12,12,6,False,0.3125720178274927,0.33621464382951877,0.6129032258064516,0.6285714285712026,0.3714285714283498,0.9857142857141451,0.7049180327868853
844,0,0,1,True,0.0786901360669639,0.07987029365799343,0.14516129032258066,0.05940594059413209,0.02970297029711774,0.6138613861385033,0.5573770491803278
844,0,0,0,True,0.028665927904381838,0.03472429581415195,0.1774193548387097,0.0404040404040191,0.02020202020200955,0.1414141414142778,0.6229508196721312
844,0,0,0,True,0.027818857176343328,0.033630324458774,0.20967741935483872,0.03999999999998329,0.019999999999991646,0.11000000000005848,0.6229508196721312
844,3,3,3,False,0.13061429641166333,0.2108347431148341,0.2903225806451613,0.0303030303031198,0.02020202020200955,0.7474747474747752,0.639344262295082
844,4,4,4,False,0.1521498035831773,0.24613293410663425,0.3709677419354839,0.061224489795879224,0.030612244897833058,0.7653061224490231,0.6229508196721312
844,5,5,3,False,0.16305323482020204,0.2160693676209072,0.2903225806451613,0.13297872340436287,0.06382978723423637,0.9042553191490899,0.5409836065573771
844,4,4,2,False,0.189613756268809,0.229482762459216,0.3064516129032258,0.11111111111094703,0.0404040404040191,1.1919191919189853,0.5409836065573771
844,0,0,0,True,0.028104219833786602,0.0317899427452757,0.08064516129032258,0.030927835051644058,0.02061855670080896,0.1340206185567654,0.6721311475409836
845,10,8,9,False,0.21684739761808006,0.37154859368571086,0.45161290322580644,0.0614035087719291,0.03508771929824305,0.9298245614035042,0.5409836065573771
845,2,2,2,True,0.11664461976061227,0.193462518202914,0.16129032258064516,0.035087719298252044,0.017543859649126022,0.8947368421052897,0.3770491803278688
845,2,2,0,True,0.08207415784212974,0.0935602560831475,0.12903225806451613,0.03508771929825164,0.017543859649114372,0.4912280701754543,0.3442622950819672
845,1,0,1,True,0.058962206089734376,0.09787637383654478,0.14516129032258066,0.035087719298275345,0.017543859649137673,0.5964912280702228,0.4262295081967213
845,0,0,0,True,0.022491877096196426,0.0256658414341342,0.06451612903225806,0.0357142857142674,0.0178571428571337,0.08928571428571512,0.3442622950819672
845,0,0,0,True,0.02396990599616008,0.025062012497752806,0.04838709677419355,0.04464285714283425,0.01785714285718032,0.08928571428576174,0.3770491803278688
845,0,0,0,True,0.024099943658693848,0.025397792026658712,0.06451612903225806,0.035714285714269066,0.017857142857134533,0.08928571428571928,0.2786885245901639
845,0,0,0,True,0.02038957319813267,0.02371075103911301,0.03225806451612903,0.035714285714269066,0.017857142857134533,0.07142857142872461,0.3114754098360656
845,2,1,2,True,0.09225793179980299,0.14534075171873492,0.1935483870967742,0.035714285714269066,0.017857142857134533,0.7857142857142924,0.36065573770491804
845,4,0,0,True,0.026955529697839917,0.03959022461112019,0.20967741935483872,0.035714285714362304,0.017857142857134533,0.12500000000003497,0.5245901639344263
845,13,10,4,False,0.16995798015989166,0.2172628161384439,0.7741935483870968,0.23000000000000836,0.11999999999994988,0.7799999999999875,0.5737704918032787
845,7,4,3,False,0.16881751221025548,0.23620667736455592,0.7419354838709677,0.1826923076922662,0.09615384615379788,0.9230769230768613,0.7377049180327869
845,0,0,4,False,0.19824958741118878,0.28251328814548593,0.7741935483870968,0.22000000000001252,0.11999999999994988,1.0000000000001044,0.5901639344262295
845,2,0,0,False,0.16333541268885418,0.22185268346864934,0.6774193548387096,0.15306122448976764,0.08163265306107444,0.8367346938773184,0.6229508196721312
845,3,0,7,False,0.20681132354227802,0.2865272450819758,0.7419354838709677,0.2499999999999478,0.11999999999971596,0.899999999999645,0.6065573770491803
845,1,0,4,False,0.19035817766632696,0.24193240838905444,0.7580645161290323,0.2254901960785438,0.11764705882348124,0.7843137254902844,0.639344262295082
845,0,0,5,False,0.15006076941891577,0.23712117354309722,0.6935483870967742,0.14705882352945393,0.0784313725489875,0.6666666666665985,0.6557377049180327
845,6,0,3,False,0.1537028955874599,0.21334643707534284,0.8064516129032258,0.15686274509807735,0.0784313725489875,0.8823529411767235,0.6885245901639344
845,2,0,4,False,0.20758152939116592,0.2852379041948547,0.7903225806451613,0.20999999999991228,0.10000000000016708,1.059999999999975,0.5901639344262295
845,0,0,3,False,0.1486367446080382,0.20656068887975418,0.8064516129032258,0.17000000000013785,0.09999999999995823,0.6599999999999332,0.6885245901639344
845,0,0,2,False,0.19074619170960577,0.24712512218149182,0.7741935483870968,0.23000000000011278,0.07999999999996658,1.0399999999999834,0.7049180327868853
845,0,0,2,True,0.11862218205402081,0.18530483486095398,0.25806451612903225,0.03333333333340295,0.016666666666657965,0.8333333333332463,0.3114754098360656
845,0,0,0,True,0.0217137035727237,0.0253275565417785,0.08064516129032258,0.03389830508463927,0.01694915254236388,0.0847457627119964,0.3770491803278688
845,0,0,0,True,0.022311995155266415,0.02549242265437544,0.0967741935483871,0.034482758620851074,0.017241379310335515,0.08620689655185762,0.4262295081967213
845,0,0,0,True,0.02202862623721779,0.02413856798415271,0.06451612903225806,0.02542372881345733,0.01694915254236388,0.0847457627119964,0.3442622950819672
845,2,0,0,True,0.025521802414126275,0.02650053453481063,0.11290322580645161,0.04310344827574877,0.017241379310335515,0.08620689655185762,0.3442622950819672
845,0,0,0,True,0.0217207978539835,0.023795929950374946,0.08064516129032258,0.03508771929840953,0.017543859649113164,0.07017543859663586,0.3442622950819672
845,0,0,0,True,0.02069255225487132,0.023702003305113087,0.04838709677419355,0.017543859649479566,0.017543859648929964,0.105263157894679,0.3770491803278688
845,0,0,0,True,0.023631878911828115,0.026453842550743296,0.11290322580645161,0.03448275862067724,0.01724137931051866,0.08620689655187314,0.32786885245901637
845,0,0,0,True,0.023281113579629482,0.026555452117935956,0.11290322580645161,0.03448275862067724,0.01724137931051866,0.06896551724171456,0.4098360655737705
845,0,0,0,True,0.021832869500707532,0.024139080639365786,0.06451612903225806,0.03448275862067724,0.01724137931051866,0.06896551724171456,0.3770491803278688
845,0,0,0,True,0.02216608473748927,0.02504105324429504,0.06451612903225806,0.05172413793065577,0.01724137931051866,0.08620689655187314,0.29508196721311475
845,0,0,0,True,0.020881571093420006,0.022824895285642865,0.04838709677419355,0.02631578947394455,0.017543859649296365,0.07017543859681906,0.29508196721311475
845,0,0,0,True,0.02284105950982025,0.02465655702697011,0.08064516129032258,0.03508771929859273,0.017543859649296365,0.08771929824611542,0.3114754098360656
845,0,0,0,True,0.021113452526468523,0.024171718504895873,0.04838709677419355,0.03508771929822633,0.017543859648929964,0.07017543859681906,0.39344262295081966
845,0,0,0,True,0.02183362959249624,0.02508252338491068,0.0967741935483871,0.051724137930835815,0.01724137931051866,0.08620689655151305,0.3442622950819672
845,0,0,0,True,0.02068664745149149,0.02295029373919846,0.04838709677419355,0.03448275862067724,0.01724137931051866,0.08620689655151305,0.22950819672131148
845,0,0,0,True,0.021878868467454748,0.024205469750072678,0.04838709677419355,0.03448275862067724,0.01724137931051866,0.06896551724171456,0.36065573770491804
845,0,0,0,True,0.02504875510317617,0.027092320844108765,0.08064516129032258,0.052631578947156296,0.017543859649296365,0.1052631578950454,0.3114754098360656
845,0,0,0,True,0.023134582184040516,0.024237904168238327,0.08064516129032258,0.03508771929840953,0.017543859649296365,0.08771929824538262,0.26229508196721313
845,0,0,0,True,0.023557162505697386,0.025645393438615778,0.04838709677419355,0.03508771929822633,0.017543859649296365,0.08771929824574902,0.29508196721311475
845,0,0,0,True,0.01848028838249914,0.01998413602766221,0.0,0.03508771929822633,0.017543859648929964,0.07017543859681906,0.26229508196721313
845,0,0,0,True,0.02271951599054925,0.02543226289039793,0.06451612903225806,0.03508771929822633,0.017543859649296365,0.08771929824574902,0.36065573770491804
845,0,0,0,True,0.0225462326001908,0.025489110641957163,0.0967741935483871,0.03508771929823919,0.017543859648936393,0.08771929824578116,0.19672131147540983
845,0,0,0,True,0.021619573206977195,0.02338303744036005,0.03225806451612903,0.03508771929859273,0.017543859649296365,0.07017543859645266,0.29508196721311475
846,0,0,0,True,0.09216595840610571,0.057749681582531714,0.14516129032258066,0.08695652173912945,0.054347826086951975,0.36956521739130604,0.6229508196721312
846,0,0,0,True,0.07489745073987636,0.019245989107601884,0.0,0.1292134831460562,0.06741573033706069,0.24719101123596743,0.4918032786885246
846,0,0,0,True,0.03995150092332248,0.024005963612927977,0.04838709677419355,0.041666666666674596,0.0208333333333237,0.1666666666666576,0.47540983606557374
846,0,0,0,True,0.023245778943759364,0.02177966306959643,0.04838709677419355,0.020618556701048407,0.010309278350537661,0.10309278350518822,0.6065573770491803
846,0,0,0,True,0.02477368814898522,0.03722260043764163,0.04838709677419355,0.020202020202010614,0.010101010101005307,0.20202020202015886,0.5245901639344263
846,0,0,0,True,0.030701039131573623,0.023900310028285996,0.06451612903225806,0.040816326530592674,0.020408163265296337,0.1428571428571809,0.5573770491803278
846,0,0,0,True,0.021039142750228952,0.02677150418165338,0.04838709677419355,0.029999999999985903,0.0099999999999953,0.08999999999995771,0.4918032786885246
846,0,0,0,True,0.021773862741205057,0.02919678693989388,0.11290322580645161,0.029999999999985903,0.0199999999999906,0.10000000000000522,0.4918032786885246
846,0,0,0,True,0.019095685546611507,0.027483052972105328,0.0967741935483871,0.02000000000009398,0.010000000000099204,0.089999999999953,0.5901639344262295
846,16,16,2,False,0.19051532937610116,0.12611355331999924,0.3548387096774194,0.22448979591837823,0.030612244897946134,0.6326530612246464,0.5245901639344263
846,0,0,0,True,0.031107571959043366,0.02500627077211824,0.03225806451612903,0.0408163265305905,0.02040816326529525,0.15306122448971438,0.5573770491803278
846,0,0,0,True,0.02613366552337737,0.03483467740559098,0.06451612903225806,0.030303030303122997,0.020202020201906198,0.1616161616161989,0.6229508196721312
846,0,0,0,True,0.017503491965625978,0.023104700447815672,0.03225806451612903,0.020408163265401805,0.010204081632754181,0.08163265306128756,0.5737704918032787
846,0,0,0,True,0.019043098251210037,0.01994025385815155,0.016129032258064516,0.031249999999983003,0.010416666666769776,0.08333333333339679,0.6229508196721312
846,0,0,0,True,0.020308984934471423,0.02132701421801098,0.03225806451612903,0.021276595744671396,0.010638297872335698,0.10638297872346807,0.5573770491803278
846,0,0,0,True,0.03584168615449908,0.019816586736124183,0.016129032258064516,0.04687500000014277,0.031249999999986403,0.13541666666671653,0.45901639344262296
846,0,0,0,True,0.03236600955974666,0.02478231017267682,0.03225806451612903,0.04166666666664854,0.02083333333332427,0.13541666666671653,0.45901639344262296
846,1,1,1,True,0.044197947711956426,0.07366998168102021,0.11290322580645161,0.03157894736851362,0.021052631578715956,0.4315789473685136,0.5901639344262295
846,0,0,0,True,0.026639332552820052,0.031955038840127396,0.11290322580645161,0.03157894736852056,0.010526315789580134,0.12631578947364255,0.47540983606557374
846,0,0,0,True,0.03861256876608731,0.02707635369210919,0.08064516129032258,0.06770833333324948,0.03125000000009518,0.1562500000000408,0.5573770491803278
846,1,1,0,True,0.04584708678485561,0.04730497604162593,0.11290322580645161,0.025773195876328613,0.01030927835061757,0.3608247422679547,0.45901639344262296
846,1,1,0,True,0.04029458959185853,0.0361553192356038,0.1774193548387097,0.03535353535368239,0.02020202020180285,0.22222222222236288,0.5901639344262295
846,0,0,0,True,0.03274658050938406,0.023632167506937935,0.04838709677419355,0.05154639175244192,0.02061855670123514,0.13402061855695185,0.5081967213114754
846,1,1,1,True,0.0660695834853178,0.10361426287745587,0.16129032258064516,0.046391752577250776,0.02061855670102427,0.6391752577319676,0.5245901639344263
846,0,0,0,True,0.039646655363915914,0.024665208671848893,0.03225806451612903,0.04687499999992522,0.02083333333332427,0.19791666666668933,0.5573770491803278
846,0,0,0,True,0.025719901340543173,0.02887051765138213,0.06451612903225806,0.04166666666664854,0.02083333333332427,0.10416666666662135,0.5081967213114754
847,5,3,6,False,0.13584720650359783,0.22918343713312894,0.3225806451612903,0.06338028169013697,0.028169014084507366,0.9577464788732413,0.5573770491803278
847,4,1,3,False,0.14276846440051696,0.19984551817488472,0.24193548387096775,0.07142857142857409,0.02857142857144269,0.9571428571428406,0.6229508196721312
847,3,1,3,True,0.12376753291549689,0.20347505462805307,0.14516129032258066,0.057971014492745124,0.02898550724638202,0.9565217391303986,0.5081967213114754
847,7,3,5,False,0.16721149691165538,0.2796283944331816,0.3064516129032258,0.04285714285715937,0.014285714285744653,0.9285714285713886,0.5737704918032787
847,5,0,5,False,0.16825878883639844,0.28891664024731245,0.24193548387096775,0.029411764705907194,0.014705882352972793,0.867647058823552,0.6721311475409836
847,7,4,9,False,0.17865460085733925,0.2995156490954963,0.45161290322580644,0.07894736842104902,0.039473684210507336,1.0131578947368358,0.6065573770491803
847,6,4,4,False,0.19605235022676362,0.2994511991056429,0.3225806451612903,0.07594936708863854,0.03797468354428623,1.3544303797468036,0.5901639344262295
847,9,6,5,False,0.22510530175008664,0.31803650778730946,0.3225806451612903,0.12195121951214076,0.03658536585364223,1.09756097560984,0.6885245901639344
847,0,0,0,True,0.02434362957712016,0.02522477770962662,0.04838709677419355,0.035714285714295226,0.020408163265296337,0.10204081632653496,0.5901639344262295
847,1,1,1,True,0.06154401655200573,0.08691257460449733,0.0967741935483871,0.04901960784308908,0.029411764705868804,0.5196078431372715,0.5573770491803278
847,0,0,0,True,0.01777292426732698,0.02193273830733209,0.0,0.029999999999984338,0.010000000000099204,0.08000000000006266,0.6721311475409836
847,1,1,1,True,0.0712549439777471,0.10593895731168927,0.08064516129032258,0.03960396039602323,0.019801980198011614,0.6336633663367852,0.6065573770491803
847,2,0,1,True,0.11421341394873984,0.1812975285795639,0.12903225806451613,0.05102040816334468,0.030612244897942873,1.0408163265305905,0.6065573770491803
847,2,0,2,False,0.13571769253018517,0.22555307286001694,0.24193548387096775,0.04950495049507561,0.019801980198112957,1.0099009900990048,0.6557377049180327
847,20,20,0,False,0.35672416226529136,0.125954073613074,0.12903225806451613,0.6161616161616076,0.0404040404040191,0.7272727272726601,0.6229508196721312
847,2,0,2,False,0.13669942742825797,0.235228972004978,0.16129032258064516,0.0303030303031198,0.020202020201904067,1.0808080808080383,0.6885245901639344
847,3,1,3,False,0.14338023823748522,0.25839397127729014,0.14516129032258066,0.04411764705885665,0.01960784313734925,0.9901960784314789,0.6721311475409836
847,1,0,1,True,0.0968684493213022,0.16328826214478587,0.08064516129032258,0.03999999999997494,0.01999999999977862,1.039999999999766,0.6065573770491803
847,2,1,2,True,0.10212921772648265,0.15744820164258985,0.0967741935483871,0.024509803921712155,0.009803921568725813,1.0294117647059726,0.5081967213114754
847,4,1,4,False,0.17682668423934694,0.30400422555499,0.27419354838709675,0.029411764705972687,0.009803921568725813,1.1274509803920023,0.639344262295082
847,1,0,1,True,0.0912671507162961,0.1565311090440395,0.04838709677419355,0.029126213592218245,0.009708737864174132,0.9902912621360286,0.6721311475409836
847,1,0,1,True,0.08958109419735133,0.15194460236569834,0.04838709677419355,0.03431372549012381,0.019607843137038103,0.9705882352938285,0.5901639344262295
847,1,1,1,True,0.07542822758735103,0.11128237867853583,0.04838709677419355,0.04854368932026236,0.019417475728145495,0.6699029126213238,0.5737704918032787
847,3,2,2,True,0.11939976301016215,0.18973777081556586,0.1774193548387097,0.053921568627480085,0.029411764705972687,0.9901960784316837,0.5245901639344263
847,3,1,2,False,0.15779104536907537,0.26252205205612705,0.20967741935483872,0.14500000000009608,0.05999999999997494,1.0500000000000835,0.4918032786885246
847,1,0,1,True,0.09426064424234495,0.1579356129477566,0.0967741935483871,0.039603960396225914,0.019801980198216346,0.9801980198017837,0.5081967213114754
847,0,0,0,True,0.02890965211563131,0.024248063932564182,0.016129032258064516,0.04455445544557322,0.019801980198009564,0.13861386138627374,0.5737704918032787
848,0,0,0,True,0.028002087978965466,0.03849315924840654,0.24193548387096775,0.028571428571430003,0.028571428571424175,0.14285714285714418,0.5573770491803278
848,0,0,0,True,0.041579074756635505,0.07260489864290637,0.4838709677419355,0.05882352941175567,0.029411764705877835,0.2647058823529485,0.6885245901639344
848,0,0,0,True,0.025591639800089824,0.043379987037973716,0.3548387096774194,0.05882352941175567,0.02941176470586824,0.11764705882351134,0.5737704918032787
848,0,0,0,True,0.037434083364207046,0.06548647713477636,0.2903225806451613,0.029411764705906066,0.029411764705829284,0.26470588235292425,0.7540983606557377
848,0,0,1,True,0.0759281739559671,0.13573214329206804,0.45161290322580644,0.029411764705907194,0.029411764705868804,0.4705882352941312,0.6557377049180327
848,0,0,0,True,0.02286002286003581,0.03771711342562482,0.20967741935483872,0.03030303030301592,0.0,0.09090909090920597,0.5245901639344263
848,0,0,0,True,0.030209749161097164,0.04980446270091522,0.3548387096774194,0.029411764705868804,0.029411764705868804,0.1470588235294976,0.5409836065573771
848,0,0,0,True,0.02701136875271157,0.04519515346421021,0.2903225806451613,0.029411764705868804,0.029411764705868804,0.1764705882352128,0.5081967213114754
848,0,0,0,True,0.02506120493396549,0.0405445602856765,0.22580645161290322,0.03030303030301592,0.03030303030301592,0.12121212121214278,0.5737704918032787
848,0,0,0,True,0.025988325091622147,0.044410051848107465,0.24193548387096775,0.027777777777838207,0.027777777777693174,0.13888888888890097,0.7213114754098361
848,0,0,0,True,0.025271588957342026,0.03630956952711872,0.3064516129032258,0.027777777777836195,0.02777777777769116,0.11111111111119974,0.8032786885245902
848,0,0,0,True,0.019803560146419742,0.03453175658613449,0.20967741935483872,0.027027027027015586,1.4111424821454887e-13,0.10810810810820345,0.6721311475409836
848,0,0,0,True,0.02072197965707169,0.03005503436309141,0.14516129032258066,0.027027027027015586,0.027027027027015586,0.08108108108104675,0.7377049180327869
848,0,0,0,True,0.01916342437262707,0.03139605992104175,0.16129032258064516,0.026315789473742062,1.3740071536679912e-13,0.07894736842115749,0.8688524590163934
848,1,1,1,True,0.04849163426648913,0.08222182938121007,0.2903225806451613,0.02631578947380715,0.026315789473532348,0.5000000000001374,0.7213114754098361
848,1,1,1,True,0.06226294906040974,0.10633516752551414,0.3387096774193548,0.025641025641082282,0.025641025640881464,0.6410256410257852,0.6885245901639344
848,0,0,0,True,0.026759316831681965,0.04386001592157989,0.4032258064516129,0.051282051282030686,0.025641025641015343,0.10256410256419525,0.7213114754098361
848,3,3,3,True,0.1001740111801711,0.16808006451486132,0.2903225806451613,0.05128205128189681,0.025641025640881464,0.7435897435898465,0.6229508196721312
848,4,4,4,True,0.12887000552772834,0.21999422172602418,0.45161290322580644,0.049999999999843364,0.024999999999986946,0.75,0.6557377049180327
848,0,0,0,True,0.023084139893235173,0.03331989465929286,0.2903225806451613,0.024999999999986946,1.305306795984448e-13,0.10000000000007832,0.5573770491803278
848,1,1,1,True,0.06679142597617918,0.1129635309808618,0.3709677419354839,0.025641025641279666,0.02564102564101191,0.6923076923073216,0.6885245901639344
848,3,3,3,True,0.1174926683599578,0.1977296673665323,0.3709677419354839,0.05128205128202382,0.02564102564101191,0.769230769230625,0.5573770491803278
848,3,3,3,True,0.10887979755183166,0.18730114816951052,0.1935483870967742,0.024999999999986946,0.024999999999725884,0.7250000000001435,0.5245901639344263
848,0,0,0,True,0.02256317328548153,0.03559649378986163,0.3064516129032258,0.024999999999986946,0.024999999999986946,0.1250000000001958,0.5573770491803278
848,2,2,1,True,0.07194695185498955,0.12136045297276661,0.20967741935483872,0.025000000000248008,0.024999999999986946,0.6750000000001697,0.5573770491803278
848,2,2,1,True,0.06982507330994164,0.11046756608892211,0.11290322580645161,0.03750000000011095,0.024999999999986946,0.6499999999999216,0.5081967213114754
848,0,0,0,True,0.023461027156552055,0.03390013906152807,0.06451612903225806,0.025000000000117477,0.024999999999986946,0.10000000000020885,0.5245901639344263
848,1,1,1,True,0.061980259033360505,0.10516046189028933,0.22580645161290322,0.03750000000011095,0.024999999999986946,0.6250000000001958,0.5901639344262295
848,0,0,0,True,0.02645573534495342,0.04129129268886243,0.12903225806451613,0.02439024390243281,0.02439024390217812,0.12195121951241876,0.7049180327868853
848,0,0,0,True,0.02757209178515462,0.03328408397565341,0.06451612903225806,0.024999999999986946,0.024999999999986946,0.14999999999992167,0.5901639344262295
848,1,1,1,True,0.07346834733818368,0.127478529948263,0.08064516129032258,0.0487804878048532,0.0243902439024266,0.7804878048781606,0.4918032786885246
848,2,2,2,True,0.08445606970486917,0.14517862477197516,0.14516129032258066,0.0487804878048532,0.0243902439024266,0.6585365853655182,0.6721311475409836
848,0,0,0,True,0.023615093724778543,0.03770536174391748,0.0967741935483871,0.0243902439024266,0.0243902439024266,0.09756097560996109,0.4426229508196721
848,0,0,0,True,0.022968973723347223,0.038609203990432855,0.08064516129032258,0.0487804878048532,0.0243902439024266,0.0731707317072798,0.5901639344262295
848,3,3,3,True,0.1136003391193236,0.18917598988105921,0.20967741935483872,0.048780487805107894,0.0243902439024266,0.756097560975734,0.5573770491803278
848,1,1,1,True,0.12031602543350141,0.16738094328915296,0.4032258064516129,0.07692307692303572,0.02564102564101191,0.692307692307857,0.4426229508196721
848,0,0,2,False,0.1489972346271807,0.2302202696519862,0.967741935483871,0.20588235294142038,0.14705882352967373,0.4705882352939731,0.8524590163934426
848,2,1,2,True,0.07747834194250382,0.12949308849168067,0.3548387096774194,0.024999999999725884,0.024999999999725884,0.6249999999999347,0.5901639344262295
848,1,1,1,True,0.06320677765565133,0.10648612152479599,0.4032258064516129,0.02500000000026106,0.024999999999216815,0.65,0.5737704918032787
848,0,0,0,True,0.02091739360213658,0.03451193867523025,0.03225806451612903,0.025000000000248008,0.024999999999725884,0.0750000000002219,0.5737704918032787
848,0,0,0,True,0.0186393472700198,0.0315279827616748,0.03225806451612903,0.024390243902687507,0.02439024390217812,0.07317073170755313,0.5737704918032787
848,0,0,0,True,0.01858538443904333,0.03158907930743521,0.06451612903225806,0.012195121951343754,5.093880179452867e-13,0.07317073170755313,0.7213114754098361
848,0,0,0,True,0.021096369615406726,0.036322869902539794,0.04838709677419355,0.024390243902675083,0.024390243902165695,0.09756097561019095,0.7049180327868853
848,0,0,0,True,0.01877910664619669,0.03169784385509164,0.016129032258064516,0.02380952380977244,0.02380952380877792,0.07142857142882006,0.5901639344262295
848,0,0,0,True,0.018170336901366477,0.02974411451338506,0.0,0.024390243902675083,0.024390243902165695,0.07317073170700647,0.5245901639344263
848,0,0,0,True,0.02112667631390521,0.03708221199785155,0.08064516129032258,0.0238095238097606,0.02380952380926334,0.07142857142878455,0.639344262295082
848,0,0,0,True,0.017557240830688985,0.028798686958776888,0.016129032258064516,0.0238095238097606,0.02380952380926334,0.07142857142878455,0.5081967213114754
848,0,0,0,True,0.013551048887522746,0.022097314900838192,0.0,0.024390243902675083,0.024390243901656308,0.048780487804840775,0.5081967213114754
848,0,0,0,True,0.03142917038326537,0.05068609045214655,0.08064516129032258,0.024390243902687507,0.02439024390217812,0.26829268292701564,0.6229508196721312
848,0,0,0,True,0.022673652075173294,0.03800465107983848,0.0967741935483871,0.048780487804840775,0.024390243902165695,0.09756097561019095,0.6557377049180327
848,0,0,0,True,0.01906026844623292,0.032389676584274045,0.08064516129032258,0.012195121951598447,5.093880179452867e-13,0.09756097561024064,0.7377049180327869
848,0,0,0,True,0.0178678197621508,0.02980259826102677,0.03225806451612903,0.024390243902687507,5.093880179452867e-13,0.09756097561024064,0.639344262295082
848,0,0,0,True,0.022017519969753985,0.03492466649637826,0.06451612903225806,0.024390243902675083,0.024390243902165695,0.09756097561019095,0.5573770491803278
848,0,0,0,True,0.018779541183778604,0.03179290587937417,0.016129032258064516,0.024390243902675083,0.024390243902165695,0.07317073170751585,0.639344262295082
848,0,0,0,True,0.01975394370321987,0.03297511605105164,0.04838709677419355,0.024390243902675083,0.024390243902165695,0.07317073170802525,0.6065573770491803
848,0,0,0,True,0.024026438840171225,0.041242357717786324,0.16129032258064516,0.024390243902675083,0.024390243902165695,0.07317073170802525,0.5737704918032787
848,0,0,0,True,0.02222927677620273,0.0371772931656807,0.11290322580645161,0.0238095238097606,0.02380952380926334,0.09523809523804788,0.5737704918032787
848,0,0,0,True,0.02094000128044426,0.03603700165904433,0.08064516129032258,0.0238095238097606,0.02380952380926334,0.09523809523804788,0.5409836065573771
848,0,0,0,True,0.021265653466287712,0.03369196411455519,0.03225806451612903,0.02380952380951197,0.02380952380926334,0.09523809523854514,0.6229508196721312
848,0,0,0,True,0.022398156606180844,0.037080557465261337,0.11290322580645161,0.0238095238097606,0.02380952380926334,0.09523809523804788,0.5737704918032787
849,1,1,1,True,0.0749639028126529,0.11480999758853697,0.04838709677419355,0.025316455696204908,0.01265822784810155,0.7088607594936672,0.5737704918032787
849,2,2,0,True,0.08844000819269997,0.08944619657227151,0.04838709677419355,0.025000000000004078,0.01249999999999388,0.5499999999999918,0.6885245901639344
849,0,0,0,True,0.013181308081799395,0.01826391202797894,0.0,0.012345679012355825,0.012345679012339711,0.0493827160494233,0.47540983606557374
849,1,1,0,True,0.024103737529927612,0.03399761781194317,0.03225806451612903,0.02499999999998776,0.01249999999999388,0.1875000000000061,0.5081967213114754
849,1,1,0,True,0.036734259999581236,0.046045861983889186,0.04838709677419355,0.025641025641047095,0.012820512820540282,0.25641025641027015,0.6229508196721312
849,0,0,0,True,0.018584854460946182,0.021236394298943764,0.04838709677419355,0.0270270270269784,0.013513513513506839,0.09459459459461843,0.5081967213114754
849,0,0,0,True,0.017728230641176245,0.02022098881223534,0.03225806451612903,0.026315789473671556,0.013157894736835778,0.07894736842108337,0.36065573770491804
849,13,13,1,False,0.29125320256612797,0.18509841014953787,0.3064516129032258,0.38000000000002365,0.03999999999998051,0.8666666666667316,0.5081967213114754
849,18,16,5,False,0.24087484791874866,0.3289289083815749,0.8387096774193549,0.3292682926829501,0.17073170731711354,0.9756097560975734,0.5901639344262295
849,2,1,8,False,0.2807754632127947,0.3635728963481138,0.9032258064516129,0.3953488372092924,0.20930232558141512,1.186046511627938,0.5901639344262295
849,1,0,9,False,0.22187855136402057,0.32260184758847776,0.8548387096774194,0.256410256410253,0.15384615384607145,1.1538461538460714,0.7377049180327869
849,0,0,1,True,0.08196357797700962,0.13238545161978488,0.06451612903225806,0.04320987654331651,0.012345679012468231,0.8271604938271208,0.5245901639344263
849,1,1,1,True,0.04869279950003772,0.07756638823163854,0.11290322580645161,0.03164556962017452,0.012658227848096247,0.4683544303796933,0.5245901639344263
849,0,0,0,True,0.04456618628284637,0.02117927581415917,0.016129032258064516,0.07831325301207169,0.036144578313234824,0.1445783132530651,0.47540983606557374
849,0,0,0,True,0.04836366005457954,0.02505608265712948,0.04838709677419355,0.08974358974354169,0.03846153846165174,0.1666666666667113,0.5737704918032787
849,2,2,0,True,0.05222129539470736,0.06887998922521031,0.0967741935483871,0.0365853658536399,0.02439024390229925,0.32926829268288643,0.5409836065573771
849,3,3,1,True,0.11335352812192606,0.14087968505646095,0.14516129032258066,0.025316455696189146,0.012658227848094573,0.7215189873417872,0.45901639344262296
849,2,2,0,True,0.08065100622235562,0.11110420763619122,0.14516129032258066,0.031645569620170344,0.012658227848094573,0.5822784810126147,0.639344262295082
849,0,0,0,True,0.017578064901282216,0.026927902809644102,0.0967741935483871,0.025316455696258584,0.012658227848096247,0.08860759493667372,0.6229508196721312
849,1,1,0,True,0.06967956941729915,0.09483740141529541,0.11290322580645161,0.01265822784822843,0.012658227848096247,0.5822784810126916,0.7049180327868853
849,12,12,0,False,0.34368041412511185,0.2015599559479711,0.3387096774193548,0.46794871794866816,0.03846153846138399,0.7051282051280953,0.4918032786885246
849,12,10,5,False,0.39075273333494814,0.25623832311450545,0.5483870967741935,0.8214285714284516,0.4642857142855411,1.3750000000000466,0.6557377049180327
849,0,0,0,True,0.016852875402763628,0.023922536548334577,0.03225806451612903,0.01190476190488326,0.01190476190463463,0.09523809523832019,0.47540983606557374
849,4,4,2,False,0.13758918315788993,0.17550880422075596,0.16129032258064516,0.036585365853512554,0.024390243902171906,0.7804878048779059,0.5737704918032787
849,0,0,0,True,0.016721315939259976,0.023510853128420654,0.016129032258064516,0.024691358024675442,0.012345679012208802,0.06172839506181752,0.6065573770491803
849,1,1,1,True,0.07657324964253291,0.1221630439890507,0.06451612903225806,0.012345679012469824,0.012345679012211985,0.7530864197531819,0.5081967213114754
849,0,0,0,True,0.014499035794033936,0.020963237679237762,0.016129032258064516,0.012499999999862942,0.012499999999862942,0.08750000000008484,0.5573770491803278
849,0,0,0,True,0.0157910418963459,0.02484340100202755,0.03225806451612903,0.024999999999725884,0.012499999999862942,0.07499999999996083,0.47540983606557374
849,0,0,0,True,0.012362402996467327,0.01835043668028789,0.0,0.012499999999862942,0.012499999999862942,0.04999999999997389,0.5409836065573771
849,2,2,0,True,0.10839741746433776,0.10037820890263176,0.0967741935483871,0.024999999999856415,0.012499999999862942,0.6624999999997846,0.4918032786885246
849,0,0,0,True,0.013136304459105103,0.01942885630876704,0.0,0.012195121951343754,0.012195121950834366,0.06097560975595468,0.6229508196721312
849,1,1,0,True,0.040668883296348914,0.06028411247916602,0.04838709677419355,0.0243902439024266,0.012195121951085953,0.3292682926831411,0.5245901639344263
849,0,0,0,True,0.014812420495315507,0.023640683435101218,0.03225806451612903,0.0243902439024266,0.012195121951085953,0.06097560975619385,0.5737704918032787
850,0,0,0,True,0.031562842734527835,0.017344632280217917,0.016129032258064516,0.05294117647059142,0.02352941176469834,0.11764705882352818,0.3770491803278688
850,0,0,0,True,0.053424617240085535,0.01702696965368428,0.016129032258064516,0.09146341463415837,0.024390243902443296,0.1951219512194986,0.4098360655737705
850,0,0,0,True,0.06369223804173754,0.02094245479254771,0.04838709677419355,0.05813953488370787,0.03488372093021561,0.232558139534877,0.4426229508196721
850,0,0,0,True,0.07287005125625143,0.01718123876179756,0.0,0.13253012048193966,0.03614457831326628,0.21686746987953476,0.5409836065573771
850,0,0,0,True,0.021227583522831817,0.018552132650075714,0.0,0.029069767441861523,0.011627906976768894,0.08139534883723049,0.4918032786885246
850,0,0,0,True,0.03621472880887511,0.019496885209617353,0.0,0.040697674418584885,0.023255813953477075,0.16279069767446097,0.4918032786885246
850,0,0,0,True,0.02795532990864371,0.019403004040810252,0.03225806451612903,0.04022988505748196,0.0229885057471154,0.11494252873569703,0.4426229508196721
850,0,0,0,True,0.04771422091527315,0.02135293199915776,0.03225806451612903,0.058139534883692695,0.023255813953537787,0.20930232558141512,0.3770491803278688
850,4,4,1,True,0.09756227101954663,0.10173046584371195,0.12903225806451613,0.10344827586210932,0.0344827586206731,0.6436781609195913,0.3770491803278688
850,0,0,0,True,0.03822778973975762,0.020369316577620023,0.016129032258064516,0.04444444444442382,0.02222222222221191,0.18888888888880123,0.39344262295081966
850,0,0,0,True,0.06141606343941651,0.0200874819696906,0.0,0.10588235294112444,0.04705882352938864,0.21176470588249457,0.5081967213114754
850,0,0,0,True,0.03028615800663475,0.020508544302265883,0.0,0.044943820224698006,0.022471910112349003,0.12359550561791952,0.4262295081967213
850,0,0,0,True,0.05651312192767873,0.020834014964856713,0.016129032258064516,0.09770114942524045,0.0344827586206731,0.19540229885072094,0.36065573770491804
850,0,0,0,True,0.03803831541259378,0.020006039509206607,0.016129032258064516,0.06179775280895976,0.022471910112349003,0.14606741573026852,0.36065573770491804
850,0,0,0,True,0.020465517062410787,0.014901486818645835,0.0,0.028409090909136757,0.011363636363630969,0.07954545454553545,0.2786885245901639
850,0,0,0,True,0.023673851016024972,0.022284444781828727,0.03225806451612903,0.03977272727270839,0.022727272727261938,0.10227272727267873,0.47540983606557374
850,0,0,0,True,0.030241885045779245,0.020903297470216933,0.016129032258064516,0.04022988505751196,0.0229885057471154,0.12643678160913469,0.45901639344262296
850,0,0,0,True,0.02864612850089071,0.03202454403631236,0.06451612903225806,0.045454545454405214,0.011363636363749634,0.18181818181833284,0.5737704918032787
850,0,0,0,True,0.07434619705234946,0.02132615825263086,0.016129032258064516,0.13529411764715998,0.04705882352913715,0.22352941176493712,0.39344262295081966
850,0,0,0,True,0.025262203679247155,0.020800543182911944,0.016129032258064516,0.03370786516840222,0.011235955056290515,0.1348314606740782,0.5573770491803278
850,0,0,0,True,0.05157247523966893,0.020510101510678502,0.0,0.09411764705876571,0.04705882352938286,0.1647058823530857,0.5737704918032787
850,0,0,0,True,0.018949422092002004,0.021377342737349734,0.03225806451612903,0.022727272727261938,0.011363636363749634,0.09090909090904775,0.45901639344262296
850,0,0,0,True,0.01977397196277131,0.016298356539681716,0.0,0.02272727272749927,0.011363636363749634,0.09090909090928509,0.5081967213114754
850,0,0,0,True,0.017302256117814697,0.018477464957583605,0.03225806451612903,0.02247191011235164,0.011235955056293151,0.07865168539334808,0.5409836065573771
850,0,0,0,True,0.020747940582011886,0.016447779587948293,0.0,0.034482758620548934,0.011494252873676348,0.09195402298845057,0.45901639344262296
850,0,0,0,False,1.2000976783780513,1.5917878418678693,0.22580645161290322,0.14367816091954852,0.06896551724111442,12.057471264369116,0.3114754098360656
850,3,3,0,False,0.13195729235841835,0.08128121936818405,0.16129032258064516,0.1329787234041407,0.0531914893615674,0.606382978723468,0.4098360655737705
850,0,0,0,True,0.037431306949266455,0.026011981270895164,0.0967741935483871,0.03571428571421721,0.020408163265297423,0.18367346938788992,0.45901639344262296
851,13,0,10,False,0.15209501502962453,0.2558782802260865,0.5806451612903226,0.08771929824561672,0.052631578947369174,0.6315789473684187,0.639344262295082
851,12,1,10,False,0.13653588284755508,0.22927573268956844,0.5161290322580645,0.06779661016949322,0.03389830508474108,0.5762711864406868,0.7377049180327869
851,10,0,9,False,0.1524555469435123,0.258388254712318,0.46774193548387094,0.03389830508475139,0.01694915254236463,0.6440677966101658,0.4426229508196721
851,11,0,10,False,0.1653390357879629,0.28087613760321734,0.5,0.040983606557400555,0.0163934426229859,0.6557377049180236,0.4918032786885246
851,11,0,10,False,0.14965084874989268,0.253816021782741,0.5161290322580645,0.050847457627093896,0.01694915254240888,0.6101694915254364,0.7049180327868853
851,11,1,11,False,0.15592179233659703,0.2666116491370843,0.5645161290322581,0.06451612903227029,0.0322580645161562,0.6612903225806336,0.7049180327868853
851,13,1,12,False,0.16921824475210243,0.2881183582348798,0.6290322580645161,0.0483870967741691,0.03225806451602852,0.6774193548387042,0.6557377049180327
851,10,0,2,True,0.10708782561133183,0.16439842959666626,0.46774193548387094,0.08490566037741518,0.03773584905658518,0.6037735849056585,0.5081967213114754
851,13,1,7,False,0.17719472361907543,0.25947385108852816,0.5161290322580645,0.21052631578951467,0.10526315789468862,0.8245614035087607,0.639344262295082
851,12,1,10,False,0.1819268889927063,0.2963015937131788,0.5645161290322581,0.1111111111110973,0.04761904761910682,0.6984126984126826,0.4918032786885246
851,12,2,11,False,0.1801056720521148,0.30682649392940536,0.6290322580645161,0.10317460317463474,0.04761904761910682,0.7460317460317065,0.6065573770491803
851,11,0,9,False,0.15320106011629764,0.25378482996456214,0.4838709677419355,0.08196721311471902,0.03278688524588761,0.6393442622951507,0.6229508196721312
851,12,1,8,False,0.22002429707229615,0.3029511347429747,0.6129032258064516,0.3387096774193521,0.11290322580639457,0.9032258064514934,0.39344262295081966
851,12,0,10,False,0.17335501408373138,0.2894244604687064,0.5483870967741935,0.06666666666663186,0.03333333333331593,0.8000000000001044,0.5737704918032787
851,10,1,5,False,0.15543866456433694,0.21331576068730557,0.3709677419354839,0.0409836065574416,0.01639344262311359,0.7540983606556928,0.5901639344262295
851,8,0,7,False,0.1515657824552737,0.2562125746807875,0.3548387096774194,0.03225806451611273,0.016129032258056366,0.6935483870967606,0.5737704918032787
851,10,1,6,False,0.15484230652596565,0.22947131367457957,0.4032258064516129,0.031746031746098836,0.01587301587300798,0.7142857142856907,0.5081967213114754
851,5,0,4,True,0.09669483782307371,0.16531103780971626,0.25806451612903225,0.03389830508472776,0.01694915254236388,0.5932203389830898,0.4918032786885246
851,7,0,6,False,0.12953065116187962,0.20696144820540027,0.3064516129032258,0.0483870967741691,0.032258064515944304,0.6451612903225915,0.5409836065573771
851,7,0,6,False,0.14930065863329228,0.22303802896445232,0.3387096774193548,0.11290322580656299,0.06451612903222546,0.7580645161289861,0.6065573770491803
851,8,0,8,False,0.15900532138757603,0.27474593410089765,0.4032258064516129,0.045454545454523876,0.03030303030301592,0.7575757575758727,0.6557377049180327
851,6,0,6,True,0.12070010419104314,0.20321543136370074,0.2903225806451613,0.04687499999997705,0.031249999999984703,0.6718749999999974,0.6229508196721312
851,0,0,0,True,0.02496965873551205,0.021052984862276147,0.0,0.01639344262311359,0.0163934426229424,0.1311475409837104,0.5573770491803278
851,0,0,0,True,0.02169935692819196,0.015874205987247158,0.0,0.01785714285731934,0.017857142857132868,0.10714285714298367,0.5737704918032787
851,7,0,1,True,0.08124311199408409,0.08911050780382111,0.14516129032258066,0.11607142857138528,0.05357142857122212,0.5357142857144589,0.4918032786885246
851,11,2,4,True,0.11878742013132618,0.19088218802608165,0.5967741935483871,0.1016949152541833,0.05084745762691466,0.6779661016952633,0.6557377049180327
851,14,1,8,False,0.18356200751750387,0.2955985488207946,0.532258064516129,0.12903225806464108,0.06451612903223633,0.7258064516128272,0.7213114754098361
851,12,1,9,False,0.23612553600078673,0.3771959607625693,0.6129032258064516,0.20454545454546894,0.07575757575739357,1.0303030303033371,0.6229508196721312
851,16,2,4,False,0.2575477352587335,0.31351402572751297,0.6774193548387096,0.4830508474576361,0.23728813559309433,1.016949152542187,0.45901639344262296
851,18,3,4,False,0.2722993477321007,0.32038562278320726,0.6774193548387096,0.4590163934425584,0.2131147540984224,1.0819672131145408,0.5737704918032787
851,19,1,9,False,0.2835470840436353,0.4030957172571971,0.9354838709677419,0.44827586206864267,0.24137931034429366,1.0689655172413297,0.5409836065573771
851,13,1,3,False,0.21203291643159125,0.28014005871343034,0.4838709677419355,0.21739130434787873,0.014492753623333165,0.8405797101451512,0.5245901639344263
851,21,0,11,False,0.27861159277317693,0.399360386819399,0.7419354838709677,0.3712121212122818,0.22727272727242523,0.9696969696966724,0.7540983606557377
851,17,1,9,False,0.25991238363188335,0.3835475268075795,0.6935483870967742,0.3507462686569421,0.04477611940312,0.8955223880599062,0.6721311475409836
851,15,5,7,False,0.22050490039535597,0.28900598654000176,0.4838709677419355,0.13043478260863645,0.014492753623333165,0.8840579710142427,0.5081967213114754
851,12,1,8,False,0.18783740024806508,0.3037855835326744,0.5,0.06617647058813819,0.02941176470618045,0.8235294117644529,0.7049180327868853
851,9,0,7,False,0.16228586079424745,0.2619069665867243,0.41935483870967744,0.029411764705864287,0.014705882353085708,0.8088235294117285,0.639344262295082
851,10,0,10,False,0.1680547216562321,0.29474466603925864,0.5,0.044117647058656416,0.014705882353397356,0.808823529411977,0.7049180327868853
851,15,3,7,False,0.21292940116700165,0.31191389179695644,0.6129032258064516,0.25,0.044117647058642864,0.8529411764703715,0.639344262295082
851,11,0,6,False,0.19278387400315053,0.28880698075418,0.46774193548387094,0.029411764705864287,0.014705882353085708,0.8529411764703715,0.6557377049180327
851,14,1,9,False,0.21266369082341613,0.3231968532771678,0.5645161290322581,0.058823529411746636,0.029411764705873318,0.8235294117650672,0.6885245901639344
852,1,0,1,True,0.0805148393879656,0.11371178299333415,0.3548387096774194,0.06451612903225842,0.032258064516129545,0.6290322580645181,0.5737704918032787
852,4,0,4,True,0.0982283434457389,0.1721471577149323,0.532258064516129,0.056451612903241175,0.03225806451612428,0.7741935483870984,0.7704918032786885
852,3,0,2,True,0.08537423201107956,0.14119192703690792,0.5,0.05645161290323005,0.01612903225807776,0.5483870967741806,0.5901639344262295
852,3,3,2,True,0.10377958663340184,0.1609211250985284,0.6612903225806451,0.09677419354840136,0.048387096774211207,0.7741935483870425,0.7049180327868853
852,0,0,0,True,0.05242334891963395,0.08600489835410594,0.6129032258064516,0.08593750000000223,0.04687499999997897,0.2500000000000102,0.7049180327868853
852,3,3,5,True,0.10895913260712875,0.1752563326189865,0.5483870967741935,0.0725806451612747,0.03225806451615484,0.629032258064451,0.639344262295082
852,0,0,0,True,0.06315543867344497,0.10672752070778527,0.6451612903225806,0.08870967741939423,0.0483870967741691,0.3064516129033236,0.7049180327868853
852,2,2,2,True,0.08457606744471782,0.13940205547637124,0.532258064516129,0.0793650793650399,0.031746031746098836,0.6349206349205678,0.6557377049180327
852,6,6,3,True,0.11801205132342353,0.2029900439650062,0.6451612903225806,0.08870967741931748,0.048387096774088964,0.7096774193548767,0.7213114754098361
852,8,8,4,False,0.1368593366991393,0.2254566933078846,0.5,0.06349206349207862,0.031746031746101466,0.8571428571429164,0.7049180327868853
852,0,0,0,True,0.048075089978686675,0.06213569299219737,0.3870967741935484,0.0491803278689128,0.0327868852458848,0.2459016393442216,0.7049180327868853
852,2,2,2,True,0.08786181045108989,0.14674609540159267,0.5483870967741935,0.08870967741939423,0.0483870967741691,0.6451612903225915,0.7704918032786885
852,0,0,0,True,0.044436966847042875,0.07193446909133538,0.3870967741935484,0.0483870967741691,0.016129032258224794,0.19354838709684483,0.6557377049180327
852,3,2,4,True,0.10262597514038198,0.15256105821499752,0.6774193548387096,0.10344827586201309,0.034482758620851074,0.534482758620761,0.639344262295082
852,1,1,1,True,0.06233304975130595,0.09764986593823544,0.25806451612903225,0.03278688524605599,0.0163934426229424,0.5409836065574416,0.5409836065573771
852,8,8,7,False,0.13575159368910597,0.24215332038369058,0.6451612903225806,0.06779661016946753,0.033898305084733765,0.7627118644070406,0.7868852459016393
852,11,11,7,False,0.17647471328625872,0.2933578338905694,0.7258064516129032,0.15322580645153547,0.08064516129028183,0.870967741935549,0.7049180327868853
852,9,9,10,False,0.18760609054165708,0.29750583548066595,0.8064516129032258,0.22500000000009573,0.10000000000013923,1.0,0.6557377049180327
852,16,16,15,False,0.23576516538162262,0.4414336879552953,0.7419354838709677,0.19166666666659996,0.09999999999979114,0.8000000000000697,0.7868852459016393
852,14,14,14,False,0.22555500777878626,0.4061150054373669,0.7258064516129032,0.1639344262295096,0.0819672131148832,0.885245901639232,0.7049180327868853
852,14,14,11,False,0.20232443222582047,0.3683770308104628,0.6774193548387096,0.1440677966101815,0.06779661016963252,0.8983050847458167,0.8524590163934426
852,20,20,18,False,0.2602070019948214,0.46066407192752284,0.8225806451612904,0.50000000000009,0.2586206896550793,0.9482758620691641,0.7377049180327869
852,14,14,11,False,0.19091704925828917,0.3357299432852853,0.6451612903225806,0.10000000000005221,0.050000000000156634,0.8500000000000522,0.6557377049180327
852,9,9,4,False,0.16993640814954927,0.23296145955611955,0.6612903225806451,0.1065573770492112,0.0491803278688272,1.1311475409837104,0.6721311475409836
852,11,11,12,False,0.23599020805533913,0.37959637264631824,0.8387096774193549,0.2822580645161915,0.14516129032265127,0.9677419354842296,0.6557377049180327
852,11,11,11,False,0.21189343800223057,0.3792986238715351,0.6129032258064516,0.09677419354869135,0.048387096774345675,0.8387096774194092,0.7868852459016393
852,8,8,7,False,0.22645220112343617,0.35334713883352936,0.5967741935483871,0.12096774193569576,0.06451612903223633,1.1935483870970458,0.6721311475409836
852,9,9,9,False,0.20701955980453124,0.36036123507288675,0.6774193548387096,0.12096774193565502,0.0645161290322146,0.9354838709674486,0.7049180327868853
852,9,9,8,False,0.2008389013705387,0.34477354441087416,0.7096774193548387,0.1532258064515939,0.08064516129043668,0.870967741935234,0.7377049180327869
852,15,15,14,False,0.22344644864523314,0.39059852060779815,0.6774193548387096,0.1803278688525376,0.0983606557376544,0.8360655737702336,0.7377049180327869
852,16,16,7,False,0.19511355164592764,0.28936813334218703,0.6290322580645161,0.1065573770492112,0.04918032786899839,0.8196721311478048,0.6065573770491803
852,1,1,8,False,0.20912288455851305,0.3139880621634535,0.6290322580645161,0.139344262295096,0.0655737704917696,0.8196721311478048,0.6229508196721312
852,7,7,7,False,0.2011720882204309,0.32386520361759225,0.7096774193548387,0.12295081967198242,0.0655737704917696,0.9180327868847744,0.7540983606557377
852,10,10,13,False,0.2269471139349487,0.37856650753210785,0.7741935483870968,0.36842105263155966,0.19298245614042803,0.8771929824560246,0.7049180327868853
852,18,18,13,False,0.24323526139253074,0.42719879513891684,0.6612903225806451,0.3103448275862752,0.18965517241354476,0.8793103448278097,0.6557377049180327
852,7,7,5,False,0.14352068300256032,0.223715434414837,0.4838709677419355,0.057377049180384,0.0327868852458848,0.8032786885246912,0.7377049180327869
852,5,5,3,False,0.1348844743366215,0.1949843333735856,0.5645161290322581,0.0655737704917696,0.0327868852458848,0.8688524590161184,0.6557377049180327
852,15,15,13,False,0.22307200213659698,0.3918947414426365,0.7258064516129032,0.2672413793104224,0.15517241379281166,0.9137931034477978,0.7540983606557377
852,7,7,6,False,0.14228479045657993,0.2471470784425089,0.3064516129032258,0.04918032786899839,0.0327868852458848,0.7213114754101504,0.639344262295082
852,6,6,5,False,0.1463669824773716,0.25298827479118274,0.46774193548387094,0.04918032786899839,0.01639344262311359,0.7540983606553504,0.6557377049180327
852,19,19,12,False,0.21607264230736645,0.39184147229073835,0.8225806451612904,0.27192982456152887,0.12280701754397536,0.894736842105321,0.7704918032786885
853,8,4,7,False,0.14772579206993963,0.24516535642367573,0.3709677419354839,0.03424657534246725,0.01369863013698869,0.9315068493150744,0.6229508196721312
853,2,1,4,True,0.12380178853303876,0.2062283189022888,0.25806451612903225,0.020547945205487413,0.013698630136988629,0.808219178082195,0.6885245901639344
853,3,3,8,True,0.10381612080417872,0.17604532719069496,0.532258064516129,0.041095890410956945,0.01369863013699757,0.45205479452056213,0.5573770491803278
853,4,1,4,False,0.13728494914487535,0.217036983705965,0.2903225806451613,0.027397260273994646,0.013698630136979443,1.0547945205479536,0.7049180327868853
853,0,0,1,True,0.03157645729723627,0.05254225435886244,0.0967741935483871,0.013698630137015695,0.013698630136979932,0.3013698630136658,0.5409836065573771
853,0,0,0,True,0.015179378958556455,0.021922664094802407,0.016129032258064516,0.013698630137051946,0.01369863013694466,0.06849315068490211,0.4918032786885246
853,2,1,2,True,0.07027298472392104,0.12042664000618844,0.1774193548387097,0.027777777777763676,0.013888888888881838,0.6111111111111635,0.5081967213114754
853,3,1,3,True,0.1039534418051461,0.18990983330754463,0.22580645161290322,0.027777777777763676,0.013888888888881838,0.6666666666666908,0.5737704918032787
853,3,3,3,True,0.08964497336636738,0.15481101318991053,0.24193548387096775,0.020833333333359016,0.013888888888881838,0.7083333333333364,0.639344262295082
853,2,1,6,True,0.10792241438876145,0.19473014075768053,0.46774193548387094,0.034722222222240855,0.013888888888954355,0.6388888888887821,0.6885245901639344
853,5,5,5,True,0.08870980174495208,0.14649891476855273,0.25806451612903225,0.034246575342379536,0.013698630136980423,0.5068493150685618,0.6065573770491803
853,4,2,8,False,0.15403873070828128,0.2600936888918633,0.5161290322580645,0.03424657534259411,0.01369863013712347,0.7945205479452937,0.5901639344262295
853,4,0,4,True,0.11803817605599273,0.21113005233432305,0.27419354838709675,0.01388888888902788,0.013888888888882846,0.6805555555556946,0.5573770491803278
853,5,0,5,False,0.14742004783100066,0.24772921555881822,0.3225806451612903,0.041095890410869744,0.013698630136980423,0.9589041095892018,0.5409836065573771
853,1,1,4,True,0.09589067324089512,0.16352212853070353,0.3870967741935484,0.027397260273960847,0.013698630136980423,0.7534246575343524,0.6557377049180327
853,3,2,4,True,0.09444679907296413,0.16125428723879273,0.3387096774193548,0.02739726027403237,0.013698630136980423,0.7260273972603916,0.5573770491803278
853,1,1,5,True,0.08334297273554234,0.14096973134723548,0.45161290322580644,0.027397260274103892,0.013698630136980423,0.4109589041095557,0.6885245901639344
853,0,0,2,True,0.04489670758949441,0.0713035390706068,0.16129032258064516,0.027397260273960847,0.013698630136980423,0.3150684931506928,0.5245901639344263
853,3,0,5,True,0.12081895942371734,0.21203409058075592,0.27419354838709675,0.027397260273960847,0.013698630136980423,0.7808219178083132,0.6065573770491803
853,3,0,3,True,0.10009848971839043,0.17295514297016568,0.20967741935483872,0.027397260273960847,0.013698630136980423,0.643835616438366,0.5573770491803278
853,4,2,4,True,0.10366793597595562,0.16661498656800774,0.2903225806451613,0.027397260273960847,0.013698630136980423,0.6986301369864307,0.4918032786885246
853,6,4,8,False,0.1439054102454709,0.24259985641498452,0.5161290322580645,0.047297297297354504,0.013513513513650814,0.729729729729806,0.639344262295082
853,1,1,1,True,0.04745032574071694,0.07793531353069608,0.14516129032258066,0.027397260273960847,0.013698630136837375,0.3972602739725753,0.5409836065573771
853,8,0,12,False,0.1743558723636171,0.29340355671989055,0.5967741935483871,0.05479452054792169,0.027397260273960847,0.7945205479454367,0.6721311475409836
853,1,1,7,False,0.18559321784131538,0.271920185622539,0.5967741935483871,0.06428571428560134,0.02857142857141152,1.6999999999997315,0.5737704918032787
853,2,0,2,True,0.079811610780672,0.1371725769599665,0.24193548387096775,0.028169014084788765,0.014084507042394383,0.63380281690157,0.6065573770491803
853,1,0,1,True,0.07824837472182483,0.13246661672181084,0.14516129032258066,0.028169014084494612,0.014084507042394383,0.8309859154933265,0.4918032786885246
853,4,0,5,False,0.12981830006079267,0.2332826160855997,0.25806451612903225,0.04166666666650955,0.013888888889029895,0.6805555555555032,0.6229508196721312
853,4,0,3,True,0.10549763813797264,0.17980706328217577,0.3709677419354839,0.04166666666650955,0.013888888889029895,0.7638888888891024,0.5901639344262295
853,3,1,4,True,0.1037757884685638,0.18006196844721564,0.3548387096774194,0.027777777777761664,0.013888888889025865,0.7222222222220933,0.5409836065573771
853,6,3,8,False,0.1282767396056994,0.22113617903324,0.45161290322580644,0.027397260274103892,0.01369863013712347,0.739726027397515,0.5737704918032787
853,4,4,4,True,0.08593478484369786,0.14352672915625098,0.4032258064516129,0.04794520547921691,0.02739726027367475,0.42465753424682223,0.6557377049180327
853,4,4,5,True,0.1023328927766533,0.17548949140366044,0.3225806451612903,0.034246575342665626,0.01369863013712347,0.6986301369861446,0.5573770491803278
853,7,2,8,False,0.15036815885752614,0.2480424670987844,0.532258064516129,0.047945205479503004,0.027397260273960847,0.9041095890412801,0.6065573770491803
854,22,8,7,False,0.1904909924383528,0.28841661332232094,0.9032258064516129,0.2796610169491525,0.13559322033898177,0.9830508474576325,0.6557377049180327
854,23,16,13,False,0.18176580373031073,0.3069690650184953,0.9193548387096774,0.2622950819672287,0.131147540983609,0.7049180327868958,0.6885245901639344
854,22,12,12,False,0.20081518696520842,0.3301380490608757,0.8225806451612904,0.3482142857142901,0.1785714285714344,0.8035714285714315,0.6721311475409836
854,22,11,16,False,0.2008418774884915,0.32740364268666994,0.9193548387096774,0.34090909090908733,0.13636363636361118,0.6212121212121032,0.6557377049180327
854,22,6,12,False,0.21546998223537134,0.36153472826677774,0.9516129032258065,0.3307692307692521,0.13846153846155204,0.8769230769230961,0.7377049180327869
854,23,9,9,False,0.20172959933111637,0.3313792602716152,0.9193548387096774,0.2868852459016113,0.14754098360653073,0.967213114754071,0.7540983606557377
854,21,12,11,False,0.2158686361525568,0.35687034677586493,0.9354838709677419,0.3360655737704476,0.1639344262295096,1.0,0.7213114754098361
854,20,14,8,False,0.21446055408266007,0.3403622913683748,0.7419354838709677,0.28571428571424573,0.1428571428571695,1.1428571428571694,0.6557377049180327
854,18,8,8,False,0.1907610386132844,0.30125721700773406,0.7096774193548387,0.2807017543860196,0.1929824561402625,0.7719298245614163,0.6557377049180327
854,23,6,15,False,0.20912509386807288,0.3602729856370987,0.8709677419354839,0.3593749999999057,0.1874999999999898,0.8124999999999286,0.6885245901639344
854,22,15,10,False,0.1779936664784344,0.283932369524727,0.6774193548387096,0.1842105263157967,0.08771929824566546,0.9298245614035409,0.5901639344262295
854,26,11,11,False,0.21447875165172603,0.3653078161306479,0.8870967741935484,0.311475409836034,0.163934426229424,0.983606557376972,0.7377049180327869
854,19,8,10,False,0.1816307433001456,0.2717392865124226,0.8064516129032258,0.184210526315722,0.08771929824576509,1.087719298245765,0.6557377049180327
854,25,9,8,False,0.2491180736156724,0.38701130937384576,0.9193548387096774,0.38135593220336433,0.22033898305073046,1.0847457627118193,0.6557377049180327
854,26,13,8,False,0.1794290431743192,0.2615139873051251,0.7580645161290323,0.2777777777778054,0.14285714285707182,0.8412698412697545,0.639344262295082
854,18,13,6,False,0.16530991350637303,0.2473477571457181,0.7096774193548387,0.22115384615395814,0.11538461538456904,0.6730769230770544,0.6065573770491803
854,20,9,8,False,0.206610619438036,0.32820712466371194,0.8548387096774194,0.287037037036926,0.14814814814809085,1.0185185185187047,0.7868852459016393
854,24,12,13,False,0.22483835524888285,0.37173781811005063,0.9516129032258065,0.3416666666666623,0.13333333333326372,0.9166666666667102,0.6721311475409836
854,20,13,12,False,0.1724167059070145,0.2733943517576453,0.7419354838709677,0.2368421052631627,0.10526315789488147,0.8421052631581358,0.6885245901639344
854,28,21,17,False,0.23181775805610064,0.3702907359205663,0.9193548387096774,0.3809523809523375,0.17460317460344824,0.9682539682539788,0.639344262295082
854,29,23,10,False,0.21368227741115697,0.3218436180827494,0.7741935483870968,0.34821428571427737,0.17857142857151515,0.8749999999998834,0.6721311475409836
854,21,11,13,False,0.21513013346627752,0.34326473468401963,0.7903225806451613,0.3166666666667624,0.1666666666667537,0.8833333333332202,0.639344262295082
854,17,6,11,False,0.17304980947442053,0.2827318092922051,0.9193548387096774,0.262295081967164,0.1147540983605968,0.721311475409808,0.7049180327868853
854,15,8,5,False,0.1390281872061012,0.2315127938467732,0.6612903225806451,0.12499999999993473,0.06666666666663186,0.6499999999998347,0.6557377049180327
854,24,12,16,False,0.1972171783753166,0.3185536754313731,0.8387096774193549,0.3474576271186366,0.16949152542381582,0.7966101694916334,0.6557377049180327
854,17,12,12,False,0.17609082948385207,0.2663087170941088,0.8225806451612904,0.23728813559309433,0.1016949152541833,0.7796610169494466,0.6557377049180327
854,20,13,10,False,0.18331010371926365,0.2982751294597462,0.8225806451612904,0.26315789473688067,0.14035087719327172,0.7719298245609792,0.7049180327868853
854,14,6,9,False,0.16523539071276852,0.2606306244965629,0.7096774193548387,0.13461538461553135,0.07692307692304602,0.9999999999995983,0.7049180327868853
854,20,6,11,False,0.19709011081193087,0.31640183389582754,0.7741935483870968,0.20754716981127985,0.11320754716978902,1.0566037735850915,0.6721311475409836
854,24,7,13,False,0.21983994581069333,0.34998439080027843,0.9193548387096774,0.3416666666668088,0.18333333333309548,0.9166666666668697,0.7213114754098361
854,25,11,11,False,0.2165564375813332,0.34941140830513057,0.9354838709677419,0.3305084745761842,0.13559322033891105,0.8983050847454628,0.6885245901639344
854,24,14,12,False,0.21762172748260988,0.358933446813599,0.8548387096774194,0.288135593220363,0.15254237288109795,1.016949152542541,0.6885245901639344
854,22,12,9,False,0.19343273421449939,0.30045498852888747,0.9032258064516129,0.27500000000016533,0.14999999999977376,0.7666666666663998,0.7540983606557377
854,21,10,12,False,0.2027760090630723,0.32771990797936573,0.9032258064516129,0.32575757575755176,0.12121212121208286,0.7121212121214614,0.6885245901639344
854,24,3,14,False,0.21685406560770012,0.3670654951615907,0.9193548387096774,0.3333333333333913,0.16666666666660865,1.0333333333333217,0.6721311475409836
854,26,15,8,False,0.18289861502022228,0.2803624180545613,0.8709677419354839,0.2719298245613457,0.14035087719290532,0.8596491228067282,0.6065573770491803
854,18,12,13,False,0.1770730897852747,0.296214819406648,0.9193548387096774,0.25833333333341457,0.13333333333324052,0.6999999999998607,0.6557377049180327
854,25,8,15,False,0.21751838018926264,0.36672628048937883,0.9516129032258065,0.3951612903227002,0.19354838709704586,0.9193548387095362,0.7213114754098361
854,19,10,10,False,0.20390104268656464,0.3458803390821302,0.6451612903225806,0.23076923076911954,0.12307692307686376,0.8461538461539203,0.7213114754098361
854,27,10,17,False,0.2298543603570549,0.402977571151188,0.9354838709677419,0.44444444444422343,0.22222222222211171,0.7619047619047146,0.7540983606557377
854,25,9,15,False,0.2515325715053622,0.4259860207889153,0.9193548387096774,0.42063492063512586,0.20634920634926948,1.1111111111112215,0.7049180327868853
854,24,9,14,False,0.2096399407296125,0.36156157015259893,0.9193548387096774,0.36923076923075193,0.18461538461529564,0.846153846153599,0.7377049180327869
855,16,14,5,False,0.16372140577345107,0.22704450590211053,0.7580645161290323,0.19999999999999918,0.09999999999999877,0.7999999999999952,0.6229508196721312
855,17,16,2,False,0.12906050885756773,0.16334350718407153,0.5483870967741935,0.19565217391304132,0.10869565217390317,0.5434782608695584,0.6065573770491803
855,8,6,4,False,0.1598251130518463,0.22428795655667585,0.7258064516129032,0.21276595744680527,0.10638297872340957,0.8085106382978516,0.6721311475409836
855,24,14,3,False,0.1810489834514689,0.25243293532492456,0.8064516129032258,0.19000000000000208,0.09999999999997912,0.9600000000000188,0.6721311475409836
855,10,5,8,False,0.22635006578270575,0.3650043621595753,0.7903225806451613,0.17796610169490287,0.0847457627119154,1.1525423728813768,0.7377049180327869
855,9,8,4,False,0.1435760915091928,0.1834174846623668,0.7741935483870968,0.17857142857139194,0.08928571428571928,0.625000000000035,0.5245901639344263
855,10,3,8,False,0.2189956298888684,0.3695873708792076,0.8709677419354839,0.20689655172414803,0.10344827586206276,0.9482758620689461,0.6721311475409836
855,20,13,14,False,0.2539947227252707,0.3858051296932096,0.9193548387096774,0.35156249999999106,0.17187499999999745,1.343749999999995,0.5573770491803278
855,20,14,14,False,0.22771440655239075,0.36897352294084557,0.9193548387096774,0.4140624999999605,0.1875000000000714,0.9843750000000893,0.5901639344262295
855,17,14,11,False,0.20105758216706612,0.3104180039242119,0.8064516129032258,0.3333333333333333,0.16666666666666666,0.8484848484848413,0.6229508196721312
855,27,24,9,False,0.19946955710092912,0.3295048066993793,0.9193548387096774,0.2985074626865445,0.1641791044776131,0.7761194029850235,0.6885245901639344
855,23,16,12,False,0.22258461022511813,0.3494918041759748,0.9193548387096774,0.2985074626865445,0.13432835820897035,1.0298507462686428,0.6721311475409836
855,14,8,9,False,0.20475481733966908,0.3470492578111816,0.8064516129032258,0.24166666666658398,0.11666666666669277,0.9333333333332812,0.7704918032786885
855,14,7,12,False,0.23548574822096907,0.37831311010543806,0.8548387096774194,0.30468749999993244,0.1562499999999235,1.0312499999999847,0.7213114754098361
855,17,10,15,False,0.2330428652490398,0.40824992125478865,0.9193548387096774,0.3455882352941888,0.17647058823536638,1.0294117647058687,0.8032786885245902
855,16,11,11,False,0.19156399414932587,0.30687738297948736,0.8064516129032258,0.20588235294131196,0.14705882352934402,1.0147058823527808,0.7377049180327869
855,11,5,9,False,0.22370399068623367,0.3789199980290406,0.6774193548387096,0.1492537313432138,0.0746268656716069,1.04477611940312,0.7377049180327869
855,10,4,6,False,0.2162531671205523,0.35370410488979254,0.6451612903225806,0.0970149253731669,0.04477611940296414,1.1791044776118567,0.6065573770491803
855,10,1,8,False,0.2373255262684451,0.38250659973329476,0.6774193548387096,0.11194029850741034,0.04477611940296414,1.074626865671607,0.8360655737704918
855,10,3,9,False,0.24729191440173587,0.4268173375024037,0.7419354838709677,0.1136363636363888,0.06060606060603184,1.0909090909090478,0.7377049180327869
855,9,1,7,False,0.2475837641407108,0.4063036738312692,0.7096774193548387,0.12121212121206368,0.06060606060603184,1.2121212121212697,0.7540983606557377
855,8,2,6,False,0.2111092321890639,0.3513154031163403,0.8225806451612904,0.1791044776119345,0.08955223880592827,1.1044776119404056,0.819672131147541
855,10,2,9,False,0.2506755648655187,0.4237578503005248,0.6451612903225806,0.09848484848480174,0.045454545454523876,1.1515151515152378,0.639344262295082
855,10,1,7,False,0.22450819678145795,0.37081851970305046,0.6935483870967742,0.09701492537324483,0.059701492537285517,1.0000000000001559,0.7049180327868853
855,10,2,10,False,0.23074357142416888,0.3908457088460898,0.6774193548387096,0.12307692307686376,0.06153846153843188,1.0461538461539845,0.7540983606557377
855,10,1,9,False,0.2597203016689797,0.44566962760013834,0.7258064516129032,0.12878787878771816,0.06060606060633869,1.0909090909090333,0.8360655737704918
855,9,1,9,False,0.2354947525016199,0.40600684458933495,0.6290322580645161,0.09230769230764782,0.04615384615398456,0.9846153846155526,0.6885245901639344
855,14,3,11,False,0.26290935650378305,0.4273807801323213,0.6935483870967742,0.09090909090937858,0.045454545455005727,1.1666666666670886,0.7049180327868853
855,10,1,10,False,0.2652035956221619,0.4543772680824989,0.6451612903225806,0.10769230769241644,0.04615384615398456,1.123076923077185,0.6557377049180327
855,10,4,7,False,0.21878635853129824,0.35143651044954705,0.6612903225806451,0.09848484848473821,0.04545454545468929,1.0606060606063579,0.639344262295082
855,9,0,5,False,0.2180890222917777,0.3623365201600339,0.6451612903225806,0.08461538461542416,0.04615384615398456,1.2000000000000643,0.7540983606557377
855,11,0,11,False,0.2692059541913766,0.4587009550225231,0.7258064516129032,0.09999999999987148,0.04615384615398456,1.0,0.7049180327868853
855,9,2,9,False,0.2647752153235564,0.43003597670687277,0.6451612903225806,0.07575757575771,0.04545454545437285,1.772727272727503,0.6721311475409836
855,10,1,10,False,0.2521952008957205,0.43419001340647834,0.7096774193548387,0.136363636363435,0.06060606060604143,1.0606060606060415,0.7377049180327869
855,12,3,10,False,0.22833727572854381,0.39016930402948236,0.7903225806451613,0.15909090909109608,0.07575757575739357,0.9696969696972957,0.7704918032786885
855,10,1,10,False,0.25076294611755484,0.4300582447319596,0.6774193548387096,0.08461538461526351,0.046153846153663254,1.153846153846401,0.7049180327868853
855,13,3,8,False,0.24842218540125754,0.40252929556512074,0.6290322580645161,0.13636363636390966,0.07575757575739357,1.090909090909695,0.7213114754098361
855,9,1,9,False,0.2192041318335838,0.36480649552364175,0.7096774193548387,0.13846153846147172,0.06153846153843188,1.0153846153847685,0.7049180327868853
855,10,0,10,False,0.25483255377851877,0.4263191863633775,0.7741935483870968,0.12878787878823358,0.06060606060604143,1.1212121212123993,0.7377049180327869
856,3,0,3,False,0.15684679673511243,0.2982213735878459,0.12903225806451613,0.026785714285715325,0.017857142857141607,1.1785714285714306,0.5409836065573771
856,1,1,1,True,0.040304234389970495,0.0686607650148852,0.0967741935483871,0.018181818181820988,0.018181818181785388,0.4181818181817996,0.6721311475409836
856,1,0,1,True,0.0678630764950899,0.11539616089016881,0.04838709677419355,0.017241379310336678,0.017241379310336678,0.7413793103448373,0.6885245901639344
856,0,0,0,True,0.015875365810519154,0.0184512393083254,0.016129032258064516,0.017543859649136868,0.01754385964906817,0.07017543859650167,0.639344262295082
856,11,11,1,False,0.12890572330753694,0.10395584009239169,0.27419354838709675,0.03448275862071759,0.017241379310336293,0.706896551724148,0.5245901639344263
856,2,0,2,True,0.08949037081339505,0.14934312277955028,0.0967741935483871,0.01754385964915977,0.01754385964906817,0.7017543859648794,0.6721311475409836
856,0,0,0,True,0.024289555305410552,0.018713562093345334,0.016129032258064516,0.03448275862065163,0.017241379310337066,0.10344827586211243,0.6557377049180327
856,0,0,0,True,0.01637790144384824,0.014738795394342847,0.0,0.016666666666746436,0.016666666666659415,0.06666666666672467,0.7049180327868853
856,0,0,0,True,0.016227496926537906,0.021777821884461573,0.04838709677419355,0.017241379310292057,9.002115834376152e-14,0.08620689655177535,0.5409836065573771
856,0,0,0,True,0.011282573612428447,0.01517490952475174,0.0,0.01754385964911477,9.160047691119522e-14,0.03508771929832114,0.5409836065573771
856,0,0,0,True,0.019898361205957567,0.023914502400739442,0.11290322580645161,0.01724137931038208,0.017241379310337066,0.10344827586211243,0.5409836065573771
856,2,0,2,True,0.09964664302839957,0.18047742236895856,0.1935483870967742,0.03508771929822633,0.017543859649113164,0.8771929824560246,0.6721311475409836
856,3,0,2,True,0.07774489162112895,0.12831282473282474,0.0967741935483871,0.018181818181762087,9.4931403344328e-14,0.6000000000000949,0.39344262295081966
856,0,0,0,True,0.013621078914885303,0.021144881661155822,0.0,0.027272727272616808,0.018181818181617963,0.03636363636380551,0.6229508196721312
856,0,0,0,True,0.012983515809178,0.017175576987208556,0.0,0.018181818181807825,1.8986280668863798e-13,0.05454545454561334,0.7213114754098361
856,0,0,0,True,0.019889127643500044,0.02446571199450678,0.04838709677419355,0.026785714285704296,0.0178571428571362,0.07142857142873127,0.6885245901639344
856,0,0,0,True,0.014457985821612005,0.01982693878505817,0.0,0.0178571428571362,0.017857142856949726,0.05357142857159507,0.7049180327868853
856,0,0,0,True,0.012753039197169691,0.017894063743471463,0.03225806451612903,0.017857142857226102,1.8647239942634278e-13,0.07142857142871795,0.6229508196721312
856,0,0,0,True,0.014150985849095549,0.01827910468959094,0.0,0.01785714285731934,0.017857142856946395,0.07142857142871795,0.6229508196721312
856,1,0,1,True,0.06340297774637671,0.10751823837144803,0.04838709677419355,0.026315789473582967,0.017543859648933176,0.684210526315722,0.6885245901639344
856,1,0,1,True,0.06318182735325664,0.10844836957697343,0.06451612903225806,0.01754385964911638,0.017543859648933176,0.684210526315722,0.5245901639344263
856,0,0,0,True,0.014840442882606877,0.02070905361268855,0.0,0.01754385964911638,0.017543859648933176,0.07017543859646552,0.6065573770491803
856,0,0,0,True,0.014076429227264264,0.01947268862247896,0.0,0.017543859649113164,0.017543859648929964,0.07017543859645266,0.5573770491803278
856,0,0,0,True,0.012581962912548612,0.01762821922554121,0.03225806451612903,0.01724137931033862,0.017241379310158577,0.05172413793101586,0.5245901639344263
856,1,0,1,True,0.05877579331641952,0.09980940764747737,0.12903225806451613,0.017543859649204765,0.017543859648929964,0.6315789473682571,0.6557377049180327
856,0,0,0,True,0.01594292209543817,0.02019316971485123,0.016129032258064516,0.03448275862049099,0.017241379310335515,0.06896551724134206,0.4918032786885246
856,1,0,1,True,0.056394331971699296,0.09382412552669675,0.06451612903225806,0.017543859648929964,0.017543859648929964,0.614035087719144,0.4098360655737705
856,3,0,1,True,0.11377070635892343,0.14649295374833562,0.12903225806451613,0.01724137931051866,0.017241379310158577,1.051724137931196,0.5901639344262295
856,1,0,1,True,0.05705186106172255,0.09564657210798379,0.08064516129032258,0.03508771929785993,0.017543859648929964,0.614035087719144,0.4918032786885246
856,1,0,1,True,0.05374619128477857,0.09387123038051347,0.06451612903225806,0.017543859649296365,0.017543859648929964,0.5789473684209177,0.5081967213114754
856,0,0,0,True,0.013498757523438413,0.01919332774377961,0.03225806451612903,0.017543859649113164,3.664019076447473e-13,0.0526315789475227,0.4262295081967213
856,1,0,1,True,0.049327087707613064,0.08391658167320885,0.0967741935483871,0.017543859649296365,0.017543859648929964,0.526315789473395,0.5737704918032787
856,1,0,1,True,0.06383841315332715,0.11005232421248595,0.08064516129032258,0.01724137931051866,0.017241379310158577,0.6896551724139048,0.6229508196721312
856,0,0,0,True,0.014954900308343849,0.022843987557840208,0.04838709677419355,0.017543859648929964,0.017543859648929964,0.07017543859681906,0.5737704918032787
856,0,0,0,True,0.01545970591720727,0.025235762905672376,0.08064516129032258,0.017543859649296365,0.017543859648929964,0.0526315789475227,0.6229508196721312
856,0,0,0,True,0.014939567503048213,0.020895353019214385,0.016129032258064516,0.03508771929785993,0.017543859648929964,0.07017543859645266,0.5081967213114754
856,1,0,1,True,0.057835019358440695,0.09757694508217206,0.04838709677419355,0.017543859649113164,3.664019076447473e-13,0.6315789473684403,0.5573770491803278
856,0,0,0,True,0.01702993843805471,0.02551067890306893,0.0967741935483871,0.017543859649113164,0.017543859648929964,0.0526315789475227,0.47540983606557374
856,0,0,0,True,0.013143545263483719,0.020645046127124318,0.0,0.017543859649296365,0.017543859648929964,0.0526315789475227,0.5409836065573771
856,2,0,2,True,0.07900443228843845,0.13520983131729566,0.0967741935483871,0.026315789473578148,0.017543859648929964,0.701754385964893,0.6557377049180327
856,0,0,0,True,0.015971497266157084,0.02150675240028776,0.0,0.01818181818200459,0.018181818181624867,0.07272727272725892,0.6065573770491803
856,1,0,0,True,0.01565232517462385,0.026763428786283516,0.04838709677419355,0.01886792452848776,3.9405488180659866e-13,0.1132075471697444,0.6229508196721312
856,2,0,1,True,0.05339643116923728,0.09088473773255432,0.14516129032258066,0.01886792452848776,0.018867924528093705,0.5471698113210224,0.6229508196721312
856,0,0,0,True,0.016834913095605485,0.021752507299138975,0.03225806451612903,0.01886792452848776,0.018867924528093705,0.07547169811355699,0.5409836065573771
857,12,7,7,False,0.195141409553725,0.29583402958764343,0.46774193548387094,0.05084745762711928,0.033898305084744805,0.8813559322033953,0.639344262295082
857,2,1,1,True,0.11029630881843336,0.1636173367244344,0.04838709677419355,0.032786885245907255,0.016393442622953627,1.0491803278688394,0.32786885245901637
857,4,2,2,True,0.09720069713593,0.1235334582989332,0.25806451612903225,0.0163934426229645,0.0163934426229431,0.7868852459016541,0.5573770491803278
857,11,2,2,False,0.1424658234890385,0.17752745524760236,0.5645161290322581,0.0655737704918152,0.0163934426229859,0.6393442622950806,0.639344262295082
857,12,6,8,False,0.16754624937538962,0.27578030198183273,0.46774193548387094,0.0322580645161562,0.01612903225809915,0.9999999999999579,0.5901639344262295
857,2,0,2,True,0.10336930890997519,0.13808295737511483,0.22580645161290322,0.03333333333336089,0.01666666666665869,0.6833333333333543,0.47540983606557374
857,1,1,1,True,0.05258023942202383,0.0805346788187351,0.1935483870967742,0.046874999999980876,0.015625000000075207,0.3593750000000166,0.5737704918032787
857,8,3,4,False,0.13260821807600426,0.17303386073934715,0.2903225806451613,0.04032258064518642,0.016129032258141936,0.6935483870967348,0.5737704918032787
857,2,1,1,True,0.06652680240353898,0.10708755949360965,0.0967741935483871,0.03225806451611273,0.016129032258056366,0.629032258064451,0.6065573770491803
857,6,3,7,False,0.1402238657486448,0.2439755632599422,0.4032258064516129,0.03225806451619966,0.016129032258141936,0.7741935483871076,0.6557377049180327
857,4,0,3,True,0.10200684623337539,0.1863651042023523,0.16129032258064516,0.01587301587300798,0.01587301587300798,0.6984126984127655,0.5409836065573771
857,2,0,2,True,0.1095579530678571,0.15165191652298843,0.20967741935483872,0.031250000000068834,0.015625000000075207,0.8437500000000637,0.5081967213114754
857,6,0,5,False,0.128074933036337,0.22655371435502775,0.2903225806451613,0.01587301587300798,0.01587301587300798,0.7460317460317065,0.5737704918032787
857,3,0,1,False,0.13239499764548066,0.15826150990729593,0.1935483870967742,0.031249999999984703,0.015624999999992352,0.8281249999997577,0.47540983606557374
857,4,1,1,True,0.10595711642648656,0.14186496544875196,0.27419354838709675,0.031249999999984703,0.015624999999992352,0.8124999999999286,0.45901639344262296
857,5,0,2,False,0.15531501869119982,0.19114605703981147,0.25806451612903225,0.03076923076921594,0.01538461538460797,0.8307692307691517,0.32786885245901637
857,8,0,5,False,0.15955164863687743,0.21596551427493907,0.3709677419354839,0.01538461538460797,0.01538461538460797,0.8153846153845437,0.5245901639344263
857,4,0,0,False,0.16130148812000106,0.1623998946892389,0.27419354838709675,0.03076923076921594,0.01538461538460797,0.5538461538462082,0.5409836065573771
857,7,0,4,False,0.1777651968862115,0.2615072818631393,0.3064516129032258,0.031249999999984703,0.015624999999992352,0.8593749999999056,0.5081967213114754
857,5,1,2,False,0.1312514595741044,0.14890795250699002,0.20967741935483872,0.029850746268642758,0.014925373134321379,0.7313432835820594,0.3442622950819672
857,4,0,2,True,0.10478220577620337,0.1325667618686894,0.14516129032258066,0.03076923076921594,0.01538461538460797,0.7692307692308804,0.5573770491803278
857,4,0,0,False,0.15999986560452162,0.15730715104228984,0.25806451612903225,0.01538461538460797,0.01538461538460797,0.5538461538462082,0.4426229508196721
857,4,1,0,False,0.14391969091200746,0.14502872353309018,0.24193548387096775,0.01515151515158707,0.01515151515150796,0.6060606060606348,0.4426229508196721
857,7,0,2,False,0.13016366576781035,0.15693597404298626,0.24193548387096775,0.030769230769220883,0.015384615384610442,0.6769230769231808,0.5901639344262295
857,3,0,1,True,0.12328115079810083,0.1287176219858189,0.16129032258064516,0.015625000000152964,0.015624999999826639,0.7187499999998572,0.5901639344262295
857,4,0,1,False,0.13289485267964593,0.14601993298888977,0.1935483870967742,0.015625000000152964,0.015624999999826639,0.7500000000001632,0.4426229508196721
857,1,0,0,True,0.08277221556389654,0.07276207790617767,0.08064516129032258,0.023437500000066284,0.015624999999826639,0.5312499999999796,0.639344262295082
857,3,0,1,True,0.1184178225101971,0.12142714261562274,0.1774193548387097,0.030769230769055286,0.015384615384447317,0.6923076923075193,0.6885245901639344
857,2,0,1,True,0.06702513493922466,0.1139073324240324,0.0967741935483871,0.023437500000066284,0.015624999999826639,0.6874999999998777,0.5081967213114754
857,1,0,0,True,0.08021643594756364,0.07589611703726128,0.06451612903225806,0.015151515151668576,0.015151515151352138,0.5303030303030207,0.639344262295082
857,3,0,0,False,0.14039214966031638,0.13679697008384356,0.1935483870967742,0.030303030303020714,0.015151515151352138,0.5454545454550057,0.4262295081967213
857,5,1,1,False,0.15588179967139426,0.19203581398410952,0.20967741935483872,0.06923076923065553,0.03076923076921594,1.1230769230768638,0.3770491803278688
857,3,0,0,False,0.14384175839500624,0.13478802640897516,0.1935483870967742,0.015151515151663781,0.015151515151347343,0.5909090909091916,0.5409836065573771
857,6,0,2,False,0.18349109956683538,0.22565868952346896,0.2903225806451613,0.04477611940312,0.029850746268642758,1.1044776119404056,0.5737704918032787
857,1,0,1,True,0.08795402619700592,0.08865499077621908,0.11290322580645161,0.037878787878843016,0.015151515151663781,0.6060606060605389,0.5245901639344263
857,2,0,0,True,0.1199239368545998,0.1147472283025999,0.12903225806451613,0.044117647058963545,0.029411764705873318,0.5441176470591171,0.639344262295082
857,2,0,0,True,0.12271072794180643,0.11886012001104619,0.16129032258064516,0.044117647058642864,0.014705882353085708,0.6323529411765428,0.5409836065573771
857,9,7,3,False,0.19866524720632464,0.19368576211906274,0.3387096774193548,0.07692307692320051,0.046153846153663254,0.8615384615383677,0.5245901639344263
857,7,1,1,True,0.12580479090259297,0.14439997294261894,0.1774193548387097,0.03174603174568445,0.015873015872842226,0.5714285714289503,0.5409836065573771
857,1,0,0,True,0.026872157202371922,0.04347765232497048,0.04838709677419355,0.015625000000158065,0.015624999999831737,0.26562499999975014,0.5409836065573771
858,0,0,0,True,0.012367045899883767,0.02006934236385248,0.016129032258064516,0.020833333333332482,0.013888888888886812,0.05555555555555546,0.7540983606557377
858,0,0,0,True,0.011371652767903001,0.01452072623740484,0.0,0.013698630136997814,0.013698630136970992,0.04109589041095768,0.4918032786885246
858,0,0,0,True,0.011244813160542544,0.012769046998769868,0.0,0.013333333333344704,0.013333333333292492,0.04000000000001671,0.4918032786885246
858,0,0,0,True,0.010048479403727833,0.015875012642468517,0.0,0.013333333333327299,0.013333333333292492,0.05333333333334401,0.5901639344262295
858,0,0,0,True,0.012478357585163115,0.014812310606446288,0.0,0.013333333333327299,0.013333333333292492,0.0666666666666713,0.6065573770491803
858,0,0,0,True,0.020984580773099067,0.016015172842809434,0.0,0.04109589041093833,0.013698630136979443,0.0958904109588561,0.5245901639344263
858,0,0,0,True,0.013122537319219087,0.01592522646124119,0.0,0.013513513513507793,0.013513513513437235,0.06756756756760952,0.639344262295082
858,0,0,0,True,0.010913810708146478,0.014182962865677119,0.0,0.013513513513506839,0.013513513513436283,0.054054054054027356,0.47540983606557374
858,0,0,0,True,0.018474190529886785,0.028469207105853284,0.04838709677419355,0.013513513513506839,0.013513513513506839,0.16216216216215262,0.5081967213114754
858,0,0,0,True,0.0203556094612413,0.021044089575812656,0.03225806451612903,0.020547945205504927,0.013698630136979443,0.08219178082194818,0.5245901639344263
858,0,0,0,True,0.05128654265828336,0.02015278317789923,0.0,0.102941176470525,0.029411764706017852,0.16176470588240713,0.5081967213114754
858,0,0,0,True,0.01591636067653034,0.021481552838315737,0.03225806451612903,0.028571428571341196,0.014285714285707893,0.08571428571424736,0.4918032786885246
858,0,0,0,True,0.016410712440714754,0.012010542437041704,0.0,0.01369863013712347,0.013698630136980423,0.05479452054806474,0.4426229508196721
858,0,0,0,True,0.0116269325116838,0.017827811796148476,0.0,0.02702702702687447,0.013513513513507793,0.05405405405417228,0.7049180327868853
858,0,0,0,True,0.018921523295090906,0.019293082379737453,0.0,0.04109589041079822,0.013698630136980423,0.08219178082188254,0.6557377049180327
858,0,0,0,True,0.014519120998998554,0.018486775269857262,0.0,0.013513513513648908,0.013513513513366679,0.06756756756768008,0.6065573770491803
858,0,0,0,True,0.012215223421243456,0.016183672032712065,0.0,0.013333333333325908,1.3923272490500296e-13,0.06666666666676876,0.7377049180327869
858,0,0,0,True,0.00958658623342836,0.014678643405623032,0.0,0.013157894736972275,1.3740071536678024e-13,0.03947368421064202,0.7049180327868853
858,11,8,2,False,0.23215203889979155,0.2008774753095234,0.1774193548387097,0.026666666666791048,0.01333333333346514,1.0133333333331866,0.6557377049180327
858,0,0,0,True,0.015169480499253488,0.02362221280944059,0.08064516129032258,0.013157894736903574,0.013157894736697474,0.06578947368417437,0.6229508196721312
858,0,0,0,True,0.01455495277446352,0.021961313832562536,0.04838709677419355,0.025974025973804937,0.012987012986868565,0.06493506493515652,0.639344262295082
858,0,0,0,True,0.010111874047842655,0.012531996041108454,0.0,0.012820512820639833,0.012820512820372077,0.05128205128202382,0.4918032786885246
858,0,0,0,True,0.011322758820513062,0.016058852674298803,0.0,0.012820512820372077,0.012820512820372077,0.05128205128202382,0.5245901639344263
858,0,0,0,True,0.011146891361751874,0.017192834443453188,0.0,0.012820512820639833,0.012820512820372077,0.05128205128202382,0.5901639344262295
858,0,0,0,True,0.018119612477498003,0.023523145946730915,0.03225806451612903,0.02631578947366975,0.013157894736972275,0.07894736842100925,0.5901639344262295
858,0,0,0,True,0.024130706649209487,0.02701189007832409,0.11290322580645161,0.03246753246757826,0.012987012987411029,0.09090909090916488,0.5409836065573771
858,0,0,0,True,0.02064592732503084,0.028667708597736655,0.11290322580645161,0.025974025974015408,0.012987012986872087,0.0909090909089183,0.5737704918032787
858,0,0,0,True,0.020302807968557095,0.031000296745494194,0.1774193548387097,0.03846153846138399,0.012820512820639833,0.07692307692303572,0.5409836065573771
858,0,0,0,True,0.0191609099891347,0.026901194615166955,0.0967741935483871,0.026315789473532348,0.013157894736697474,0.09210526315798151,0.5737704918032787
858,0,0,0,True,0.02175342828938821,0.02459561929951174,0.08064516129032258,0.02631578947366975,0.013157894736972275,0.09210526315798151,0.5245901639344263
858,0,0,0,True,0.028573500437514547,0.025514059219770045,0.06451612903225806,0.035211267605838883,0.014084507042394383,0.12676056338007868,0.639344262295082
858,0,0,0,True,0.021258420440216263,0.028695963291551937,0.08064516129032258,0.021428571428639624,0.014285714285560846,0.08571428571426014,0.6229508196721312
858,0,0,0,True,0.017423138363612947,0.02347443321526879,0.03225806451612903,0.014084507042394383,0.01408450704210023,0.07042253521138361,0.4918032786885246
858,0,0,0,True,0.021907043085839555,0.022328474884851245,0.03225806451612903,0.04347826086939414,0.014492753623333165,0.08695652173909095,0.5737704918032787
859,7,0,1,True,0.07904137963500506,0.1322195577631434,0.6290322580645161,0.07692307692307788,0.025641025641030147,0.46153846153845685,0.6065573770491803
859,7,0,5,True,0.1050606525794996,0.1835263274945248,0.7258064516129032,0.08974358974359221,0.05128205128204313,0.6666666666666443,0.639344262295082
859,13,6,1,True,0.1275119801679471,0.1322981991593777,0.7258064516129032,0.08749999999999795,0.050000000000008156,0.7249999999999878,0.5245901639344263
859,3,0,2,False,0.13794232116233027,0.18458856458601608,0.5,0.07500000000002856,0.04999999999997552,1.1000000000000163,0.5245901639344263
859,6,0,2,True,0.09029199471013932,0.11612972727317032,0.5645161290322581,0.095238095238113,0.0476190476190565,0.49999999999995337,0.5737704918032787
859,9,0,6,False,0.13566300371102002,0.20681330722227728,0.7741935483870968,0.19767441860462787,0.09302325581391395,0.6511627906977012,0.5737704918032787
859,4,0,2,True,0.11559252203138344,0.14555221209912592,0.5483870967741935,0.12195121951216484,0.048780487804916874,0.7073170731706261,0.4426229508196721
859,7,0,2,True,0.09656638166730339,0.13933789525546217,0.5161290322580645,0.09756097560977008,0.024390243902490272,0.6097560975609834,0.5409836065573771
859,7,1,2,True,0.10689843508446069,0.13482938606063186,0.6290322580645161,0.1395348837209401,0.06976744186037899,0.5348837209302806,0.5573770491803278
859,6,0,3,True,0.08159892837590664,0.11199763207509389,0.532258064516129,0.07142857142866023,0.04761904761902394,0.4523809523809761,0.6065573770491803
859,4,0,2,True,0.09405140241283876,0.12500835549830872,0.6129032258064516,0.09523809523811004,0.04761904761902394,0.5,0.5409836065573771
859,4,0,1,True,0.11554596971452097,0.1233364849187667,0.6612903225806451,0.15909090909101156,0.09090909090904775,0.5,0.4098360655737705
859,10,1,3,False,0.14754405493975709,0.21287149345081532,0.6129032258064516,0.20731707317062611,0.048780487804980545,0.8292682926828865,0.5573770491803278
859,6,0,3,False,0.13984111438534216,0.20449204789143616,0.7419354838709677,0.13953488372098388,0.06976744186055266,0.837209302325539,0.5245901639344263
859,3,0,2,True,0.11495011336645557,0.1476562324151872,0.6451612903225806,0.14285714285707182,0.07142857142853591,0.523809523809512,0.47540983606557374
859,4,0,4,True,0.10591347738753569,0.14232087437464658,0.5645161290322581,0.13095238095231584,0.04761904761902394,0.523809523809512,0.5245901639344263
859,7,0,3,False,0.1336484324352537,0.19241481338647387,0.7419354838709677,0.16279069767446097,0.06976744186055266,0.5813953488371698,0.5901639344262295
859,6,2,1,True,0.11446408264294648,0.14278985825609408,0.5967741935483871,0.1555555555556574,0.08888888888884763,0.5777777777779738,0.5081967213114754
859,10,3,3,False,0.16880031418891756,0.24889564517136856,0.7741935483870968,0.19999999999990717,0.11111111111105955,0.9555555555555761,0.6065573770491803
859,10,0,2,False,0.1699566538847308,0.24161261444704338,0.7903225806451613,0.19565217391295464,0.10869565217386369,0.8913043478261363,0.4918032786885246
859,11,0,7,False,0.14660939293652317,0.2474791599797108,0.5,0.13265306122464637,0.06122448979589227,0.7346938775509204,0.5081967213114754
859,9,1,3,False,0.13696830376033137,0.18316651182353777,0.6129032258064516,0.17021276595759335,0.10638297872335699,0.5744680851063498,0.5409836065573771
859,11,2,4,False,0.1828349938659556,0.2687592333716015,0.7419354838709677,0.20454545454535747,0.09090909090928509,0.9090909090909522,0.4426229508196721
859,11,1,5,False,0.1892722859112999,0.28451920424952853,0.8225806451612904,0.244444444444331,0.11111111111105955,1.0888888888888477,0.639344262295082
859,11,0,6,False,0.1565621156342301,0.22621289040038142,0.8225806451612904,0.19999999999990717,0.11111111111105955,0.7999999999998608,0.5737704918032787
859,5,1,3,False,0.13521621924870267,0.1807044399540274,0.6451612903225806,0.16304347826102256,0.08695652173909095,0.8043478260870454,0.4918032786885246
859,11,4,4,False,0.13725024818162532,0.19888171279062947,0.6935483870967742,0.16304347826102256,0.08695652173931796,0.6956521739131817,0.5409836065573771
859,9,2,2,False,0.16822367123851562,0.20296783457299275,0.6612903225806451,0.17708333333347384,0.08333333333329708,1.1250000000001632,0.36065573770491804
859,8,1,1,True,0.12351412635226258,0.1702674336536209,0.6935483870967742,0.151162790697601,0.06976744186043123,0.720930232558275,0.5573770491803278
859,9,1,4,False,0.1840316758218598,0.29127422759298166,0.6935483870967742,0.20238095238085174,0.07142857142853591,1.0714285714285359,0.5573770491803278
859,10,0,5,False,0.16076569703025703,0.26354152581987006,0.7903225806451613,0.16304347826079554,0.08695652173909095,0.9782608695654542,0.6065573770491803
859,11,2,4,False,0.15852846581893784,0.23109733209256164,0.7903225806451613,0.17021276595748228,0.08510638297890777,0.7446808510637211,0.6065573770491803
859,8,4,3,True,0.12053350114329991,0.14276673417368888,0.6290322580645161,0.1739130434784089,0.08695652173931796,0.500000000000227,0.4098360655737705
859,21,3,7,False,0.17305304956623088,0.2748127320483992,0.7903225806451613,0.22222222222235113,0.11111111111105955,0.755555555555669,0.6229508196721312
859,12,2,5,False,0.1738486498103293,0.2650303547852309,0.7580645161290323,0.24418604651157144,0.09302325581437142,0.8604651162791714,0.5901639344262295
859,8,1,4,False,0.1618257432252091,0.22740894640268366,0.7096774193548387,0.22222222222229956,0.11111111111126581,0.8666666666667595,0.5081967213114754
859,10,2,4,False,0.16292047366916404,0.24237137293885488,0.7096774193548387,0.17021276595763116,0.10638297872315844,0.7446808510638865,0.6065573770491803
859,9,2,6,False,0.15659968333987626,0.21796318710867243,0.7741935483870968,0.2291666666667845,0.1041666666668389,0.7708333333332155,0.45901639344262296
859,17,2,6,False,0.19163560773965496,0.30053770905204247,0.7903225806451613,0.22222222222206753,0.11111111111126581,0.9555555555551224,0.6065573770491803
859,12,1,5,False,0.15343734291348207,0.24086033973440374,0.7096774193548387,0.14583333333348744,0.06250000000019036,0.6875000000003535,0.6557377049180327
859,12,4,4,False,0.14949325395186078,0.2293732601622828,0.5806451612903226,0.13541666666693408,0.06249999999975526,0.8333333333334059,0.5409836065573771
859,9,1,2,True,0.1229281674581451,0.16835081217457165,0.6129032258064516,0.17708333333314752,0.08333333333329708,0.6041666666666213,0.6065573770491803
859,13,1,4,False,0.17711302731640993,0.2665250372893261,0.7258064516129032,0.16666666666659416,0.08333333333329708,0.9583333333337866,0.5409836065573771
859,15,3,6,False,0.20051895337323616,0.3138514693720408,0.8064516129032258,0.20212765957444445,0.10638297872355552,0.9361702127653334,0.6229508196721312
859,3,0,2,True,0.08150980943703752,0.10540966717084715,0.3387096774193548,0.04081632653058615,0.020408163265079965,0.46938775510238007,0.4426229508196721
859,13,1,6,False,0.17024600887639182,0.2601996258553033,0.7096774193548387,0.18367346938785079,0.12244897959175845,0.7346938775509769,0.639344262295082
859,18,5,5,False,0.17244185560688804,0.2504793225020165,0.7903225806451613,0.22826086956522726,0.1086956521740907,0.9565217391304546,0.5737704918032787
859,18,2,7,False,0.17047393842564224,0.2606210290564613,0.7580645161290323,0.16666666666643462,0.0888888888883629,1.0222222222219748,0.6065573770491803
859,8,1,3,True,0.11753409554793892,0.15914723548639048,0.532258064516129,0.11224489795879225,0.061224489795666116,0.6734693877548846,0.47540983606557374
859,10,1,4,False,0.14584439975441968,0.22954343986588732,0.25806451612903225,0.04081632653058615,0.020408163265079965,0.9387755102039077,0.5409836065573771
859,14,0,6,False,0.1685336729707808,0.2860270053902314,0.5483870967741935,0.07000000000007518,0.03999999999998329,0.9200000000000335,0.5573770491803278
859,12,1,7,False,0.15589413815202505,0.2540342120141568,0.45161290322580644,0.04000000000019214,0.020000000000200496,0.8400000000000668,0.5245901639344263
859,20,1,8,False,0.194317264132056,0.3067586373334675,0.7258064516129032,0.22222222222206753,0.11111111111126581,1.0222222222224389,0.7540983606557377
859,13,1,6,False,0.17765636155078063,0.2920018450236988,0.46774193548387094,0.040000000000384284,0.02000000000060984,0.9599999999996157,0.6065573770491803
859,4,1,2,True,0.07600764922907532,0.10717811890358639,0.1935483870967742,0.020000000000200496,0.019999999999782796,0.5199999999997827,0.5081967213114754
860,18,0,18,False,0.32878987404591714,0.5686730602820339,0.9032258064516129,0.7928571428571446,0.3857142857142888,0.9428571428571519,0.6885245901639344
860,27,12,14,False,0.341700769660337,0.5430558897109958,0.8064516129032258,0.43661971830986185,0.30985915492957644,1.0140845070422653,0.6557377049180327
860,17,0,17,False,0.32361451118534135,0.5583885713581039,0.8548387096774194,0.7928571428571407,0.41428571428571853,0.9857142857142926,0.7213114754098361
860,18,0,16,False,0.3253798097060393,0.5509234173876233,0.8387096774193549,0.8098591549295764,0.3943661971831307,0.9436619718309761,0.7213114754098361
860,19,0,16,False,0.3330941159933314,0.5540313083369792,0.8548387096774194,0.5785714285714277,0.3714285714285778,1.0285714285714147,0.7213114754098361
860,19,0,18,False,0.3322019507080572,0.569608964798255,0.9032258064516129,0.8142857142857042,0.40000000000004476,0.9142857142857527,0.6557377049180327
860,22,4,17,False,0.33965392594671184,0.5607703369778534,0.9193548387096774,0.7132352941177024,0.3382352941177216,1.08823529411776,0.6885245901639344
860,21,0,21,False,0.31081097745538777,0.5350219602539856,1.0,0.6825396825397161,0.3650793650793493,0.8571428571428453,0.6721311475409836
860,21,0,21,False,0.2893592774092926,0.4990676834944474,1.0,0.6854838709676482,0.3387096774192679,0.7419354838710139,0.6721311475409836
860,22,0,20,False,0.2709014437523421,0.4620798239936591,1.0,0.5806451612903307,0.30645161290326517,0.7419354838710764,0.6557377049180327
860,21,0,21,False,0.30751929235299963,0.5295755029044152,1.0,0.6904761904762201,0.3492063492063413,0.8571428571427624,0.6721311475409836
860,14,0,14,False,0.20383467713476205,0.34595888707269523,0.6774193548387096,0.0491803278688272,0.0327868852458848,0.7704918032788064,0.6557377049180327
860,21,0,20,False,0.28411256120338185,0.4867909379915475,0.967741935483871,0.6048387096773664,0.3064516129032394,0.8225806451612115,0.6557377049180327
860,12,0,12,False,0.19913156976196303,0.3446522159968679,0.5806451612903226,0.03278688524605599,0.0163934426229424,0.7377049180329216,0.6065573770491803
860,20,0,19,False,0.306190381831925,0.5259979813316684,0.9354838709677419,0.7301587301586158,0.3650793650793493,0.8412698412697545,0.639344262295082
860,21,0,21,False,0.32433536250897155,0.5592338433934603,1.0,0.7499999999999593,0.3749999999999796,0.8593750000000688,0.6721311475409836
860,21,0,21,False,0.3256199524702346,0.5614567322010756,1.0,0.7499999999999593,0.3750000000001428,0.8437499999999133,0.6721311475409836
860,22,0,20,False,0.3316567976117878,0.565602571955692,1.0,0.7651515151515476,0.3787878787878572,0.8484848484850787,0.6557377049180327
860,22,0,20,False,0.35806591164871704,0.6000640131222889,0.9516129032258065,0.808823529411776,0.4117647058823168,0.9411764705882624,0.639344262295082
860,21,0,21,False,0.3459931517786799,0.5964648088021666,1.0,0.8030303030302383,0.40909090909087314,0.9393939393939682,0.6721311475409836
860,19,0,19,False,0.3383214662435128,0.579265074253167,0.9032258064516129,0.804347826086894,0.40579710144924247,0.9565217391304546,0.6229508196721312
860,21,0,19,False,0.34903509137914923,0.5866485076373712,0.9193548387096774,0.8235294117646336,0.4117647058823168,1.0,0.639344262295082
860,21,0,19,False,0.3414785517346454,0.5814450352824371,0.9516129032258065,0.8235294117645839,0.41176470588240716,0.9117647058822536,0.6229508196721312
860,20,1,20,False,0.33627718597604883,0.584839340248175,0.9516129032258065,0.8308823529408964,0.4117647058821,0.8970588235296285,0.6885245901639344
860,18,0,16,False,0.3262804449829099,0.5540999730839706,0.8064516129032258,0.799999999999821,0.38571428571420474,0.9428571428571769,0.6229508196721312
860,21,0,19,False,0.3447465179604467,0.5789074898908654,0.9193548387096774,0.8088235294117285,0.41176470588240716,0.9852941176469143,0.6065573770491803
860,17,0,17,False,0.32650684435700966,0.5600708459349871,0.8064516129032258,0.83571428571416,0.4142857142856163,0.928571428571322,0.6885245901639344
860,19,0,19,False,0.33756486429117205,0.5808660752256809,0.9032258064516129,0.8405797101448486,0.4202898550724243,0.9420289855072727,0.639344262295082
860,19,0,19,False,0.3344243229192771,0.5757819217881663,0.9032258064516129,0.8455882352938285,0.42647058823518574,0.9117647058824071,0.639344262295082
860,20,0,20,False,0.34440478718685313,0.5908250862998407,0.9354838709677419,0.8455882352938285,0.42647058823518574,0.9117647058824071,0.6229508196721312
860,20,0,18,False,0.33558767235467807,0.5620884350271297,0.9032258064516129,0.7941176470587964,0.4117647058821,1.0147058823527786,0.639344262295082
860,20,0,18,False,0.3325073636915872,0.5641400073409473,0.9032258064516129,0.8088235294117285,0.4117647058821,0.8970588235293214,0.6229508196721312
860,20,0,20,False,0.3445539310495238,0.5935533637594501,0.9516129032258065,0.8507462686564745,0.41791044776131037,0.9253731343282372,0.639344262295082
860,19,0,19,False,0.3373262385699888,0.5776859495561669,0.8870967741935484,0.8115942028981823,0.39130434782606066,0.9130434782612117,0.6885245901639344
860,19,0,19,False,0.3354418904781194,0.5762797336725884,0.9032258064516129,0.8188405797100001,0.40579710144909115,0.913043478260909,0.7049180327868853
860,20,0,20,False,0.34289384057886535,0.5876924560782371,0.9516129032258065,0.8382352941172857,0.41176470588240716,0.8970588235293214,0.6885245901639344
860,18,0,18,False,0.3303929141107804,0.5667740262378453,0.8548387096774194,0.8188405797101516,0.4057971014493938,0.9420289855072727,0.5737704918032787
861,8,8,11,False,0.16105521165698392,0.2816728149819761,0.6451612903225806,0.05468750000000183,0.03124999999999809,0.8906250000000014,0.8032786885245902
861,20,20,16,False,0.2488665659858407,0.40182446817709544,0.8709677419354839,0.36718750000000244,0.20312499999999442,0.9531249999999919,0.6557377049180327
861,14,13,14,False,0.21483709028119147,0.3732318165811675,0.7580645161290323,0.23913043478261403,0.11594202898548805,1.0434782608695627,0.6721311475409836
861,14,14,9,False,0.20139456868549285,0.3135437315220461,0.6612903225806451,0.19841269841271156,0.06349206349207599,0.9841269841270328,0.639344262295082
861,17,17,17,False,0.2219478046652004,0.39738853983135336,0.8709677419354839,0.32307692307692804,0.15384615384611985,0.9692307692307841,0.8852459016393442
861,17,17,14,False,0.2024022068176378,0.34741295369994335,0.8709677419354839,0.2923076923077522,0.13846153846155204,0.9384615384615279,0.819672131147541
861,15,15,14,False,0.1823388077158628,0.3103741325450823,0.7580645161290323,0.25781249999999617,0.12499999999993881,0.9062500000000459,0.6721311475409836
861,17,15,15,False,0.20112624561261847,0.3480889205408331,0.8064516129032258,0.31451612903218334,0.1451612903225073,0.9838709677419436,0.7704918032786885
861,22,22,19,False,0.26932916347477004,0.4690620629931494,0.9193548387096774,0.3951612903226669,0.1774193548388034,1.0483870967742575,0.7377049180327869
861,15,15,14,False,0.18802567447826898,0.3182561455929927,0.7741935483870968,0.19672131147541125,0.08196721311480461,1.0163934426230294,0.7704918032786885
861,29,6,4,False,0.2344963936342549,0.31595647946983196,0.5645161290322581,0.31481481481480766,0.14814814814807653,1.0555555555555287,0.6721311475409836
861,5,5,13,False,0.1478738085246806,0.25007680680165456,0.7258064516129032,0.10000000000009493,0.054545454545523585,0.8181818181818096,0.7377049180327869
861,8,8,10,False,0.15673107056144792,0.2723123557903529,0.7580645161290323,0.1517857142857226,0.08928571428566434,1.0357142857142658,0.7868852459016393
861,7,7,9,False,0.159502799779308,0.25708514425649537,0.6290322580645161,0.035714285714458865,0.01785714285732267,1.1964285714286846,0.8032786885245902
861,13,13,9,False,0.21974387694964304,0.35009341244853764,0.6935483870967742,0.1639344262295096,0.081967213114712,0.9672131147541152,0.6229508196721312
861,10,10,9,False,0.15543478747189143,0.2577702666338348,0.4838709677419355,0.04032258064514092,0.016129032258224794,0.8709677419353806,0.5573770491803278
861,12,12,14,False,0.19992321913168665,0.32560201582221454,0.7258064516129032,0.221311475409808,0.0983606557376544,1.0163934426227712,0.7868852459016393
861,11,11,8,False,0.16368589847188955,0.25895772757934166,0.5806451612903226,0.09848484848488084,0.045454545454523876,0.7727272727270642,0.639344262295082
861,17,17,10,False,0.2105408728659779,0.3506675973013251,0.7258064516129032,0.17741935483870425,0.08064516129045025,1.17741935483862,0.7049180327868853
861,18,17,16,False,0.26043239503390403,0.43103315763241506,0.7903225806451613,0.32307692307692804,0.10769230769241644,1.1692307692306876,0.6721311475409836
861,15,15,10,False,0.2452376304372536,0.409104664375006,0.7903225806451613,0.2500000000000384,0.13235294117656318,1.1617647058822784,0.6557377049180327
861,16,16,16,False,0.24331111890829663,0.4046138782536322,0.8870967741935484,0.3066666666665655,0.1466666666667242,1.026666666666791,0.6557377049180327
861,13,13,7,False,0.2056022332484219,0.28976714674298376,0.6612903225806451,0.12878787878789677,0.06060606060619006,0.9545454545454761,0.5737704918032787
861,17,17,15,False,0.26481624374399,0.4619479839627319,0.8709677419354839,0.33333333333335563,0.1410256410255655,0.9358974358973363,0.7540983606557377
861,20,20,14,False,0.2555296681046995,0.3928918624854779,0.8387096774193549,0.4015151515151347,0.21212121212139431,1.1363636363637082,0.6557377049180327
861,14,14,14,False,0.2179986624673709,0.3625372178124067,0.8387096774193549,0.26811594202893946,0.15942028985515141,0.8985507246375759,0.7704918032786885
861,20,20,16,False,0.2830557192625088,0.49599947156510144,0.8387096774193549,0.46753246753255734,0.15584415584405018,0.9220779220777037,0.6557377049180327
861,16,16,13,False,0.2494961057028382,0.37760809559078234,0.7419354838709677,0.3970588235291679,0.20588235294105,0.9117647058827143,0.7704918032786885
861,12,12,12,False,0.208055900518792,0.3335888403916044,0.8225806451612904,0.2770270270269412,0.14864864864870586,0.8918918918916707,0.6885245901639344
861,22,22,11,False,0.2727328735346812,0.4500403424864724,0.8870967741935484,0.3812499999998662,0.16249999999978462,1.012499999999863,0.7377049180327869
861,12,12,10,False,0.241585799503839,0.4003822916543162,0.7258064516129032,0.15277777777773346,0.08333333333330917,0.9722222222225203,0.7377049180327869
861,21,21,19,False,0.2736110021825035,0.4887251958179043,0.9354838709677419,0.43124999999995267,0.1375000000003557,0.9125000000001534,0.7540983606557377
861,14,14,13,False,0.20668983135195998,0.34753545856741075,0.7741935483870968,0.28358208955226205,0.13432835820873656,1.0149253731341654,0.8524590163934426
861,17,17,12,False,0.2586082889177907,0.4181143353746266,0.8387096774193549,0.33999999999983294,0.17333333333307344,1.0933333333331292,0.6229508196721312
861,17,17,13,False,0.24048691275048506,0.41679839950429654,0.7903225806451613,0.2465753424659337,0.10958904109584339,1.0136986301371236,0.7704918032786885
861,18,18,11,False,0.2565062990035468,0.4144141717010414,0.8064516129032258,0.34999999999997017,0.1285714285715394,1.0571428571431385,0.6229508196721312
861,18,18,9,False,0.22332764588041282,0.339316493986846,0.8548387096774194,0.2857142857142005,0.08571428571426014,0.9857142857144392,0.6885245901639344
861,18,18,14,False,0.25779968874883247,0.4492191163212251,0.8387096774193549,0.3124999999998912,0.16666666666656998,1.0277777777777617,0.6721311475409836
862,1,0,1,False,0.1505873516647884,0.10617140820343303,0.0967741935483871,0.2876712328767078,0.054794520547950046,0.7534246575342494,0.45901639344262296
862,0,0,0,False,0.15442288346274607,0.022270256500266858,0.016129032258064516,0.3118279569892283,0.09677419354839004,0.3763440860214942,0.39344262295081966
862,2,1,1,False,0.15258651164178308,0.12591249381508177,0.11290322580645161,0.2526315789473603,0.07368421052630884,0.6842105263158271,0.32786885245901637
862,1,0,0,True,0.12726819692984215,0.06451908153785284,0.03225806451612903,0.2157894736842059,0.04210526315790255,0.557894736842147,0.4918032786885246
862,0,0,0,True,0.12230592578224832,0.02530835183092932,0.06451612903225806,0.14383561643830203,0.04109589041093833,0.41095890410952635,0.45901639344262296
862,3,0,1,False,0.17532257217884842,0.11177107552077446,0.08064516129032258,0.3636363636363267,0.1688311688311565,0.8181818181818367,0.3770491803278688
862,0,0,0,True,0.11288886988140877,0.02902266190057842,0.08064516129032258,0.20212765957447812,0.0638297872340662,0.34042553191489006,0.3442622950819672
862,2,1,1,False,0.17494864833045773,0.11663840881058149,0.11290322580645161,0.3866666666666523,0.09333333333335747,0.8266666666666815,0.4426229508196721
862,2,0,2,False,0.1797983004558181,0.20377471662677407,0.16129032258064516,0.2799999999999875,0.0666666666665692,1.2933333333334196,0.45901639344262296
862,0,0,0,False,0.14113119707984179,0.020775062048360004,0.016129032258064516,0.2812499999999864,0.03125000000009518,0.33333333333340587,0.5901639344262295
862,3,3,0,False,0.16820049540083049,0.08614032694669073,0.24193548387096775,0.28888888888892883,0.13333333333338748,0.5666666666667518,0.3770491803278688
862,1,1,1,True,0.07010035327204596,0.07557769820678961,0.16129032258064516,0.07999999999988583,0.026666666666791048,0.4266666666665683,0.5737704918032787
862,0,0,0,True,0.03534471156848989,0.018233065521265697,0.0,0.059701492537285517,0.029850746268642758,0.1194029850747269,0.4918032786885246
862,3,1,2,True,0.09972046903408062,0.1723152765870723,0.1774193548387097,0.03846153846151992,0.01538461538460797,0.7384615384615039,0.6721311475409836
862,3,2,1,True,0.05301620591732973,0.0919011953856742,0.3387096774193548,0.02857142857156496,0.014285714285707893,0.3428571428569894,0.639344262295082
862,2,1,2,True,0.11427289710686281,0.18391217979650779,0.27419354838709675,0.04794520547942462,0.027397260273813877,0.9452054794520861,0.6557377049180327
862,2,0,2,True,0.11132714333475027,0.1855134043212139,0.20967741935483872,0.043478260869545475,0.014492753623181826,0.8695652173913636,0.5245901639344263
862,0,0,1,True,0.05833062992519116,0.09784281629845287,0.08064516129032258,0.028169014084494612,0.014084507042247306,0.6056338028169284,0.6229508196721312
862,1,0,1,True,0.06318124188739738,0.10721935440120194,0.1935483870967742,0.013698630137194993,0.013698630136980423,0.6712328767121838,0.6721311475409836
862,1,0,0,True,0.040937146019749,0.06659515442339704,0.1935483870967742,0.028169014084788765,0.014084507042394383,0.23943661971835128,0.5573770491803278
862,0,0,0,True,0.026474024753046117,0.032889866202780366,0.12903225806451613,0.02702702702701177,0.013513513513647,0.12162162162169408,0.6557377049180327
862,0,0,0,True,0.05398390387028752,0.07008345170693951,0.2903225806451613,0.06849315068475907,0.027397260273960847,0.27397260273960844,0.6557377049180327
862,1,0,2,True,0.14568112934783406,0.18980861070629035,0.24193548387096775,0.06666666666677805,0.039999999999844056,0.8400000000000668,0.6721311475409836
862,3,0,3,False,0.13285254891996137,0.2237647536334275,0.20967741935483872,0.041666666666642496,0.027777777777471594,0.9722222222219483,0.639344262295082
862,2,2,2,True,0.05132008958231966,0.0816884030823889,0.1935483870967742,0.04166666666649746,0.013888888889025865,0.3749999999999275,0.5573770491803278
862,0,0,0,True,0.05212751697882887,0.019083142191228246,0.0,0.08593750000005354,0.031249999999989803,0.1718750000004334,0.5737704918032787
862,0,0,0,True,0.048865694564176276,0.01886891268981206,0.0,0.09374999999996941,0.04687499999982154,0.1718750000004334,0.5081967213114754
862,0,0,0,True,0.09528416345741625,0.03174642367799263,0.11290322580645161,0.16071428571441224,0.0714285714285448,0.3392857142857742,0.5573770491803278
862,1,1,0,True,0.10084915968702031,0.08465307773142203,0.3548387096774194,0.16666666666666666,0.07017543859681906,0.508771929824465,0.6721311475409836
862,11,11,2,True,0.0996812459992693,0.1047306404044545,0.20967741935483872,0.08064516129009983,0.01612903225855893,0.6774193548382533,0.47540983606557374
862,1,0,1,True,0.1521528969237396,0.12366336012277979,0.11290322580645161,0.17692307692291132,0.09230769230764782,0.9692307692307841,0.5573770491803278
862,1,1,0,True,0.06350880250380633,0.06849155347151706,0.1774193548387097,0.10156249999985213,0.04687500000013257,0.2968749999999694,0.5573770491803278
862,1,0,2,True,0.08723967697324947,0.14826403790826168,0.0967741935483871,0.03076923076921594,0.015384615384768622,0.676923076923072,0.6065573770491803
862,0,0,0,True,0.03300604382962287,0.02536789120121435,0.06451612903225806,0.04285714285727925,0.02857142857112169,0.14285714285710024,0.5901639344262295
863,15,11,11,False,0.16471524798411297,0.28250477762298565,0.6290322580645161,0.10576923076923131,0.07692307692307788,0.8653846153846169,0.5081967213114754
863,17,8,12,False,0.25263686000686514,0.41088360608991326,0.6129032258064516,0.2075471698113196,0.0566037735849031,1.2452830188679176,0.6885245901639344
863,11,8,8,False,0.16245941311677728,0.25296394470658623,0.5161290322580645,0.0480769230769127,0.01923076923078516,0.8653846153846294,0.5409836065573771
863,12,8,9,False,0.1484394228761024,0.2325330648844413,0.5161290322580645,0.04807692307691149,0.019230769230784678,0.7692307692307596,0.5573770491803278
863,10,7,8,True,0.12530797162810217,0.20621521064096848,0.532258064516129,0.03921568627454092,0.019607843137244865,0.7058823529411222,0.5737704918032787
863,7,3,7,False,0.16226664780625122,0.2789777186808356,0.3870967741935484,0.029411764705919993,0.019607843137245867,0.8627450980392277,0.6065573770491803
863,11,7,7,False,0.12786803051565696,0.2089827591436637,0.46774193548387094,0.0377358490566363,0.01886792452829352,0.7358490566037922,0.6065573770491803
863,9,8,8,True,0.11804593808371908,0.20002740487456477,0.3709677419354839,0.02884615384608916,0.019230769230759576,0.6730769230768362,0.5245901639344263
863,11,2,9,False,0.19413174440681671,0.3370956711724154,0.5645161290322581,0.05769230769238493,0.03846153846152301,0.846153846153908,0.5737704918032787
863,12,7,10,False,0.17125476090340247,0.2971769305952601,0.5483870967741935,0.03000000000003655,0.019999999999989557,0.9200000000000418,0.6229508196721312
863,12,7,12,False,0.1916677508586152,0.3223752090009184,0.5967741935483871,0.058823529411836974,0.03921568627448973,0.8823529411765308,0.7377049180327869
863,15,12,12,False,0.1921894948736545,0.33528147867524166,0.6612903225806451,0.0882352941177133,0.03921568627459612,0.9019607843138681,0.7213114754098361
863,11,9,10,False,0.15071865938861362,0.23751191384705356,0.5967741935483871,0.14000000000003132,0.07999999999995823,0.7200000000000417,0.639344262295082
863,8,7,6,True,0.09721146458744212,0.16481128101619705,0.5161290322580645,0.04081632653064378,0.02040816326529525,0.448979591836602,0.7868852459016393
863,12,3,8,False,0.22461333933897737,0.35243973403271267,0.5,0.040816326530692705,0.020408163265506186,1.4897959183671403,0.5901639344262295
863,11,4,7,False,0.20458763480806327,0.34669252828841385,0.5161290322580645,0.03999999999998329,0.019999999999991646,0.880000000000259,0.5901639344262295
863,10,3,9,False,0.1927139556638808,0.3229441406672297,0.5483870967741935,0.05999999999997494,0.020000000000200496,0.8200000000000752,0.6557377049180327
863,6,4,6,False,0.13786267051837145,0.23337327190352228,0.41935483870967744,0.05999999999997494,0.039999999999774445,0.8999999999998329,0.5901639344262295
863,7,3,5,True,0.12639900130026113,0.20565644904162797,0.4838709677419355,0.03999999999998329,0.020000000000200496,0.8600000000000585,0.5409836065573771
863,12,4,11,False,0.20484322563937657,0.3469469093215965,0.6451612903225806,0.08653846153850982,0.038461538461716106,0.9230769230767686,0.6721311475409836
863,9,5,7,False,0.16825613162898834,0.26537689521723223,0.41935483870967744,0.05769230769227294,0.038461538461314476,1.0576923076922728,0.7540983606557377
863,11,9,8,False,0.1277654752209903,0.21615612811612603,0.4838709677419355,0.038461538461623423,0.019230769230761505,0.7692307692310627,0.6557377049180327
863,18,10,11,False,0.22025789525493705,0.36816298222588745,0.6451612903225806,0.1442307692308117,0.03846153846172383,1.1730769230768536,0.6557377049180327
863,13,5,10,False,0.20224337432501566,0.3459225530660111,0.5161290322580645,0.019607843137451626,0.019607843137451626,1.117647058823686,0.639344262295082
863,14,11,11,False,0.16659798377383206,0.2823581869099753,0.7258064516129032,0.11538461538466945,0.07692307692304602,0.8269230769229456,0.7213114754098361
863,10,5,9,False,0.186653904823072,0.32001747469856473,0.5483870967741935,0.01886792452849148,0.01886792452829445,0.8679245283021358,0.5737704918032787
863,14,8,12,False,0.19947725439956338,0.3330029519159103,0.5967741935483871,0.10576923076926746,0.05769230769207212,0.903846153846011,0.6721311475409836
863,11,10,10,False,0.15779006672714327,0.25834393572259834,0.4838709677419355,0.03703703703721609,0.018518518518704737,0.8703703703704205,0.6229508196721312
863,16,9,13,False,0.2239156816831191,0.3836066095139543,0.7258064516129032,0.2000000000001519,0.12727272727308284,0.9090909090909264,0.6557377049180327
863,10,6,8,False,0.14641655235064077,0.23157330949856023,0.43548387096774194,0.03773584905658147,0.018867924528093705,0.9056603773587434,0.5081967213114754
863,13,7,12,False,0.20456173538630984,0.34827907245892364,0.6612903225806451,0.06603773584911608,0.03773584905658147,0.8679245283021619,0.6229508196721312
863,10,7,10,False,0.1580909384609286,0.28225035279199956,0.5,0.049019607843414276,0.019607843137447612,0.8431372549020572,0.7213114754098361
863,7,3,6,False,0.1534240555475816,0.25091464099782135,0.3387096774193548,0.019230769230962324,0.01923076923056069,0.846153846153908,0.45901639344262296
863,13,9,12,False,0.1901393038420312,0.327768799540203,0.5645161290322581,0.03773584905659634,0.018867924528495197,0.886792452830211,0.5901639344262295
863,10,6,9,False,0.17327838628805411,0.2941249036675657,0.532258064516129,0.03846153846152301,0.01923076923056069,0.884615384615431,0.5737704918032787
863,9,4,8,False,0.17206360539339008,0.2896334769107471,0.4838709677419355,0.03773584905658147,0.01886792452848776,0.8867924528302555,0.5573770491803278
863,16,9,14,False,0.21553749470466474,0.3745436039016941,0.6935483870967742,0.22222222222213628,0.12962962962977287,0.8703703703702271,0.6229508196721312
863,10,4,9,False,0.18190044147643641,0.312317089122153,0.5,0.03703703703702271,0.018518518518317977,0.8888888888889319,0.5737704918032787
863,13,5,12,False,0.21840975590570097,0.3669071001234506,0.5967741935483871,0.03773584905697552,0.01886792452848776,0.8867924528298615,0.639344262295082
863,12,7,12,False,0.19531147888631392,0.34247234943002364,0.532258064516129,0.018518518518898113,0.018518518518317977,0.8703703703710006,0.5573770491803278
863,14,5,12,False,0.22033532582487358,0.37125595959033486,0.5967741935483871,0.03773584905697552,0.01886792452848776,1.132075471697838,0.6885245901639344
863,13,4,13,False,0.22273276148408502,0.3773805199039975,0.6290322580645161,0.0740740740742388,0.03703703703702271,0.8703703703710006,0.6065573770491803
863,17,13,16,False,0.18653099299759476,0.32339991900080917,0.7580645161290323,0.2596153846155816,0.13461538461553135,0.884615384615431,0.7540983606557377
863,7,6,7,True,0.11974583206570534,0.2020482880446864,0.43548387096774194,0.03773584905659634,0.01886792452810114,0.8301886792451194,0.639344262295082
863,13,9,12,False,0.1811453619690109,0.31031778092424406,0.6612903225806451,0.07547169811316294,0.03773584905658147,0.8867924528298615,0.6557377049180327
863,13,5,13,False,0.22066521134795733,0.3818821222044716,0.6290322580645161,0.05555555555572745,0.03703703703702271,0.9074074074076366,0.6885245901639344
863,9,3,9,False,0.19468228605760188,0.3322184778489084,0.5161290322580645,0.06363636363625662,0.036363636363249734,0.9272727272735005,0.5409836065573771
863,11,9,7,False,0.17448465286754,0.2626640734793298,0.3387096774193548,0.0192307692309546,0.019230769230552967,1.0769230769226135,0.4262295081967213
864,10,0,4,False,0.150222121817993,0.167910025705536,0.27419354838709675,0.07058823529411476,0.03529411764705738,0.7411764705882433,0.5409836065573771
864,8,1,2,False,0.15642343706000186,0.16930593810934474,0.27419354838709675,0.04022988505748196,0.022988505747130402,0.6206896551724158,0.5245901639344263
864,6,0,2,True,0.09707669978848306,0.11651679463507512,0.1935483870967742,0.03370786516855234,0.011235955056189004,0.6404494382022305,0.5081967213114754
864,2,0,1,True,0.049456975103148504,0.07098279790844925,0.11290322580645161,0.034883720930230795,0.011627906976768894,0.3953488372092924,0.4918032786885246
864,5,0,3,True,0.10153898327276438,0.12816107648452557,0.1935483870967742,0.04022988505745195,0.0229885057471154,0.5862068965517427,0.6065573770491803
864,3,0,0,True,0.08744416424438033,0.07709724298141775,0.12903225806451613,0.03409090909092258,0.011363636363630969,0.6022727272727381,0.47540983606557374
864,7,0,1,False,0.15157945181899227,0.13657717956955945,0.16129032258064516,0.04545454545455355,0.022727272727261938,0.7045454545454761,0.4918032786885246
864,3,0,1,True,0.08244455810738788,0.08682258446563086,0.11290322580645161,0.028089887640436254,0.011235955056174501,0.5393258426966108,0.4262295081967213
864,7,0,2,False,0.13157839165538526,0.13221718640772775,0.14516129032258066,0.06179775280895976,0.022471910112466336,0.6516853932584731,0.4262295081967213
864,5,0,1,True,0.10514572674941892,0.11128094726483267,0.12903225806451613,0.022988505747175415,0.0114942528735577,0.6091954022987981,0.4098360655737705
864,3,1,1,True,0.04820439220712289,0.07238581435181506,0.12903225806451613,0.0344827586206731,0.0114942528735577,0.344827586206851,0.39344262295081966
864,3,0,1,True,0.09156419200329872,0.07707519910755538,0.11290322580645161,0.045977011494290815,0.0229885057471154,0.5862068965516828,0.2459016393442623
864,4,0,2,True,0.1126454784219143,0.1130570016178345,0.16129032258064516,0.059523809523779926,0.02380952380951197,0.6547619047619522,0.4098360655737705
864,4,0,0,True,0.10773763122293845,0.10129305675955753,0.12903225806451613,0.0465116279069598,0.011627906976861373,0.5465116279070205,0.4098360655737705
864,5,0,2,True,0.07871882675477777,0.10103593743576782,0.16129032258064516,0.02352941176469432,0.01176470588234716,0.5882352941177266,0.4262295081967213
864,2,0,2,True,0.052382439075963835,0.08112766411441612,0.0967741935483871,0.02352941176469432,0.01176470588234716,0.3647058823528848,0.45901639344262296
864,3,0,1,True,0.07446914156169948,0.07176651396664122,0.12903225806451613,0.0357142857142724,0.023809523809390616,0.5000000000000622,0.5737704918032787
864,5,0,1,True,0.1192733352773085,0.11327924146226437,0.22580645161290322,0.04597701149423632,0.02298850574711816,0.6551724137932277,0.5245901639344263
864,2,0,2,True,0.04861558622712435,0.0712491330631331,0.0967741935483871,0.028735632183830788,0.011494252873676348,0.3333333333332533,0.5737704918032787
864,19,15,1,False,0.2451308752499547,0.13102919288061454,0.3064516129032258,0.3352941176471195,0.035294117647168666,0.670588235294239,0.5573770491803278
864,4,0,2,True,0.09919325155406346,0.09388137205647723,0.12903225806451613,0.028409090909255422,0.011363636363749634,0.7045454545455948,0.4918032786885246
864,3,0,3,True,0.06453711948524408,0.09171316001737302,0.1774193548387097,0.04395604395601874,0.02197802197800937,0.3626373626372693,0.5901639344262295
864,5,1,3,True,0.09920835688759311,0.12709544680146492,0.22580645161290322,0.02298850574711816,0.011494252873679108,0.586206896551633,0.5245901639344263
864,4,0,1,True,0.07807090203694428,0.07512874222582813,0.14516129032258066,0.023255813953719926,0.011627906976859963,0.5232558139535985,0.7377049180327869
864,5,0,1,True,0.10553867771507035,0.0969164468113601,0.14516129032258066,0.02840909090901809,0.011363636363749634,0.48863636363625035,0.5245901639344263
864,3,1,1,True,0.044963639106292974,0.06890207883620826,0.14516129032258066,0.017241379310398635,0.011494252873439052,0.3678160919541306,0.7049180327868853
864,3,0,1,True,0.07924778267765165,0.0757157209681342,0.11290322580645161,0.022988505747112642,0.011494252873676348,0.5172413793101545,0.4918032786885246
864,10,0,2,False,0.14754563577621876,0.15176855797207897,0.1935483870967742,0.044943820224937946,0.022471910112586303,0.685393258427077,0.4262295081967213
864,5,0,2,True,0.11325771410625333,0.1195904263410112,0.20967741935483872,0.02272727272749927,0.011363636363749634,0.5454545454545239,0.7213114754098361
865,6,0,6,False,0.20096811737586232,0.31231273830675976,0.3548387096774194,0.08235294117646962,0.03529411764705539,1.1882352941176473,0.639344262295082
865,7,1,7,False,0.18845736638706903,0.31036749842556216,0.3387096774193548,0.11904761904760831,0.05952380952381193,0.940476190476188,0.5409836065573771
865,5,1,5,False,0.1475252224710693,0.23637550712660346,0.25806451612903225,0.054794520547946556,0.027397260273977746,0.9589041095890424,0.5245901639344263
865,5,4,5,True,0.1274771987933083,0.19501359333365498,0.20967741935483872,0.0743243243243229,0.04054054054052052,0.9324324324324306,0.6065573770491803
865,5,0,4,False,0.14419691134234705,0.2291955045757723,0.3225806451612903,0.026666666666671075,0.013333333333326836,1.0133333333333965,0.6229508196721312
865,3,3,1,True,0.07669226154792476,0.10726102896701158,0.3387096774193548,0.034722222222240855,0.027777777777763676,0.4305555555556271,0.6065573770491803
865,4,4,0,True,0.13336877218665166,0.15233253304990607,0.11290322580645161,0.014492753623256398,0.01449275362318073,0.710144927536234,0.6065573770491803
865,8,3,7,False,0.149858356484128,0.25643456209075627,0.5,0.06849315068490211,0.041095890410869744,0.821917808219183,0.6229508196721312
865,12,1,12,False,0.23490145463581064,0.37275064816265224,0.6935483870967742,0.23239436619719087,0.07042253521123654,1.0281690140844946,0.6229508196721312
865,11,0,11,False,0.1764727681517591,0.29873192601561244,0.6129032258064516,0.1142857142857665,0.0571428571429019,0.8857142857142708,0.5081967213114754
865,11,5,7,False,0.15304532614913388,0.22462754331908188,0.4838709677419355,0.14393939393940472,0.0757575757575398,0.7878787878787303,0.5409836065573771
865,9,3,4,True,0.08774416100027381,0.1321141742078314,0.4032258064516129,0.03333333333349577,0.016666666666660866,0.4666666666668523,0.5245901639344263
865,13,3,11,False,0.16832398993244405,0.27329151030300564,0.6451612903225806,0.13846153846147172,0.07692307692303985,0.7538461538464332,0.5901639344262295
865,26,17,8,False,0.2861424524395417,0.2854081054508904,0.6129032258064516,0.3888888888889257,0.20634920634913795,0.9206349206351127,0.5901639344262295
865,64,64,0,True,0.03185801719891222,0.026981080314133547,0.11290322580645161,0.02777777777805173,0.027777777777761664,0.11111111111133672,0.5409836065573771
865,64,64,0,True,0.015867553193171263,0.02496683992266894,0.06451612903225806,2.9835583908213733e-13,2.9835583908213733e-13,0.0571428571431214,0.6721311475409836
865,64,64,0,True,0.01821231246824001,0.027148892459829644,0.11290322580645161,0.028571428571709877,2.9835583908213733e-13,0.08571428571423456,0.7049180327868853
865,64,64,0,True,0.019996250980547116,0.03199853027189151,0.1935483870967742,0.027777777777761664,2.900681768854161e-13,0.08333333333357505,0.6065573770491803
865,64,64,0,True,0.017994567291798966,0.027841311804246174,0.16129032258064516,0.027777777777761664,2.900681768854161e-13,0.08333333333328499,0.5901639344262295
865,64,64,0,True,0.01683240628821569,0.02238315618563282,0.016129032258064516,0.02702702702701177,2.822284964290579e-13,0.05405405405430577,0.5573770491803278
865,64,64,0,True,0.01270417568904239,0.018768019550112737,0.016129032258064516,2.822284964290579e-13,0.0,0.05405405405430577,0.45901639344262296
865,64,64,0,True,0.010656983261289655,0.0163980711066292,0.016129032258064516,2.822284964290579e-13,0.0,0.05405405405402354,0.4098360655737705
865,64,64,0,True,0.014106825530431426,0.02277148635399735,0.03225806451612903,0.02702702702701177,2.822284964290579e-13,0.05405405405430577,0.639344262295082
865,64,64,0,True,0.013825799421444449,0.023811308980806155,0.04838709677419355,0.02631578947367698,2.74801430733636e-13,0.05263157894762876,0.639344262295082
865,63,62,0,True,0.014567912396707546,0.02292191697029705,0.0967741935483871,2.748014307335605e-13,0.0,0.0526315789476143,0.4262295081967213
865,64,64,0,True,0.013636581663558757,0.02181424408102152,0.03225806451612903,0.02631578947366975,0.0,0.0526315789476143,0.639344262295082
865,64,64,0,True,0.014555747125383366,0.022657818981373343,0.0967741935483871,2.748014307335605e-13,2.748014307335605e-13,0.0526315789473395,0.4918032786885246
865,60,60,0,True,0.13697268379439262,0.15881270320321678,0.16129032258064516,0.02631578947366975,5.49602861467121e-13,0.7105263157899075,0.7213114754098361
865,64,64,0,True,0.01326485122669424,0.020082563291908002,0.0,0.027027027027286373,5.644569928579565e-13,0.027027027027286373,0.5081967213114754
865,64,64,0,True,0.016815432887600297,0.024270986760525772,0.06451612903225806,5.644569928582751e-13,5.644569928582751e-13,0.05405405405460326,0.6229508196721312
865,44,38,2,False,0.37193357259496684,0.42829446594593806,0.3709677419354839,0.6184210526316513,0.02631578947394455,2.263157894737247,0.5573770491803278
865,57,52,0,False,0.332176377623778,0.34154036076866434,0.20967741935483872,0.027027027027286373,0.027027027026721915,1.8378378378368463,0.5573770491803278
865,64,64,0,True,0.01570035869922721,0.021118461095333625,0.03225806451612903,0.026315789473959014,0.026315789472859806,0.05263157894791803,0.4262295081967213
865,63,63,0,True,0.12350075765940977,0.17717540404435136,0.0967741935483871,0.026315789473394947,5.49602861467121e-13,1.026315789473395,0.6065573770491803
865,64,64,0,True,0.014405958376948028,0.021026949789281747,0.04838709677419355,5.355104804037256e-13,5.355104804037256e-13,0.0512820512825456,0.5573770491803278
865,64,63,0,True,0.02705655881115722,0.03202828070918745,0.04838709677419355,0.0256410256412728,5.355104804037256e-13,0.20512820512804036,0.4918032786885246
865,64,58,0,True,0.04887014441350156,0.0761126683780595,0.22580645161290322,0.024999999999725884,0.0,0.3250000000000914,0.4262295081967213
865,64,64,0,True,0.013518924561560263,0.020470769119776782,0.0,0.024999999999725884,0.0,0.050000000000496016,0.36065573770491804
865,63,62,0,True,0.011800070132668145,0.016860754606548345,0.0,5.221227183937792e-13,0.0,0.050000000000496016,0.36065573770491804
865,63,61,1,True,0.03630883512141746,0.06126486900108459,0.04838709677419355,0.012499999999862942,0.0,0.37499999999954314,0.4262295081967213
865,64,63,0,True,0.015578728519263304,0.026212166311402333,0.0,0.024390243902687507,5.093880179452867e-13,0.048780487805375014,0.7049180327868853
865,62,56,0,True,0.030964590996022955,0.040440553659806956,0.03225806451612903,5.093880179452867e-13,5.093880179452867e-13,0.24390243902432812,0.6885245901639344
865,52,41,0,False,0.32201924211967653,0.41598017724217123,0.22580645161290322,0.024390243902675083,5.093880179450272e-13,1.878048780487134,0.7049180327868853
865,30,3,17,False,0.28774616903185246,0.47044591566796806,0.8870967741935484,0.4126984126982075,0.20634920634926948,1.3650793650793493,0.7049180327868853
865,18,2,15,False,0.23571744828960572,0.41411189268565757,0.7741935483870968,0.2187500000000918,0.09375000000029574,0.8750000000000407,0.7540983606557377
865,16,1,13,False,0.24423788295921914,0.4172130443549694,0.7741935483870968,0.1796875000001861,0.09375000000029574,0.9062500000003569,0.819672131147541
865,17,0,16,False,0.25684720361579144,0.4407962447087887,0.7903225806451613,0.37121212121224106,0.22727272727281358,0.8787878787879172,0.7540983606557377
865,16,0,17,False,0.27573168184391234,0.4806393773492578,0.8064516129032258,0.4848484848488061,0.24242424242448216,0.8939393939395858,0.7704918032786885
865,17,0,13,False,0.25877892788405343,0.4275750975532134,0.7419354838709677,0.09558823529431863,0.044117647058656416,0.9264705882354702,0.6721311475409836
866,9,3,4,False,0.23108342810777208,0.30379140939486265,0.6290322580645161,0.27083333333333526,0.12499999999999688,1.2222222222222225,0.5409836065573771
866,12,5,3,False,0.17245168884151005,0.24423690728659123,0.5806451612903226,0.16197183098593,0.028169014084511963,0.5633802816901473,0.6229508196721312
866,8,3,4,False,0.14370659994118903,0.18702571757740535,0.3870967741935484,0.06249999999998867,0.01388888888890047,0.5416666666666652,0.6229508196721312
866,1,1,1,True,0.05720347250828288,0.08489817105151728,0.08064516129032258,0.021126760563370182,0.014084507042246789,0.5352112676056353,0.4918032786885246
866,0,0,0,True,0.009606652985777397,0.01432897839024824,0.0,0.01428571428570736,3.729447988527134e-14,0.04285714285719667,0.3770491803278688
866,0,0,0,True,0.01261809142982867,0.021007042986793314,0.016129032258064516,0.014084507042284075,0.014084507042210537,0.05633802816906276,0.6557377049180327
866,4,2,3,True,0.10113311624988616,0.16343532381871426,0.12903225806451613,0.02816901408453138,0.014084507042247306,0.5492957746479391,0.7049180327868853
866,13,5,6,False,0.21299532078030506,0.3060323719131424,0.6290322580645161,0.26056338028170306,0.12676056338021643,1.0704225352112313,0.5901639344262295
866,9,8,6,False,0.16099384438432515,0.2219081304451829,0.27419354838709675,0.04225352112673881,0.014084507042319809,0.9154929577464488,0.6885245901639344
866,15,6,5,False,0.2619106397762694,0.3295358541884728,0.6774193548387096,0.3714285714285171,0.14285714285722811,0.8571428571428464,0.5737704918032787
866,25,9,12,False,0.30878653080448965,0.3891843527379978,0.9354838709677419,0.5,0.2363636363636191,1.036363636363714,0.6557377049180327
866,14,4,2,False,0.2644919898320324,0.29030655107877706,0.7419354838709677,0.46774193548388726,0.24193548387101393,0.9354838709677745,0.5409836065573771
866,26,0,3,False,0.32928339014391195,0.4089905204958187,0.9516129032258065,0.4687500000000136,0.2916666666665398,1.312499999999864,0.6065573770491803
866,23,9,3,False,0.2833072788017779,0.3226686270714068,0.8225806451612904,0.5882352941175929,0.19607843137263334,1.0980392156860095,0.6229508196721312
866,20,5,2,False,0.33932193164695285,0.3887840555573288,0.8387096774193549,0.302325581395202,0.16279069767433954,1.4651162790695416,0.639344262295082
866,15,0,3,False,0.31575277453500333,0.4319562413220876,0.9032258064516129,0.4693877551020539,0.22448979591827167,1.5306122448979462,0.6229508196721312
866,7,0,3,False,0.32085516144680615,0.37674215700548286,0.8225806451612904,0.2906976744185849,0.1395348837211053,1.4186046511628303,0.6065573770491803
866,10,0,2,False,0.40226389186108275,0.46861351735189133,0.8870967741935484,0.4886363636364877,0.20454545454535747,2.159090909090596,0.6721311475409836
866,16,0,5,False,0.2370489748696718,0.3245964336998061,0.6129032258064516,0.38888888888893725,0.055555555555676414,0.819444444444523,0.7704918032786885
866,3,3,2,True,0.09316189503345049,0.11868990705496,0.1935483870967742,0.013888888888882846,0.013888888888882846,0.5277777777778382,0.5081967213114754
866,22,7,11,False,0.22056553916911018,0.3449115630556172,0.8064516129032258,0.42647058823518574,0.14705882352916785,0.5882352941175929,0.7049180327868853
866,8,7,2,False,0.36319917304742005,0.25296567170794315,0.6129032258064516,0.7727272727270785,0.18181818181828968,1.9772727272722688,0.5245901639344263
866,24,7,12,False,0.24052621606650218,0.36793278466136087,0.8870967741935484,0.4285714285713812,0.2380952380951197,0.8730158730159362,0.7868852459016393
866,24,2,17,False,0.25370717416565813,0.42069252002643,0.9354838709677419,0.39999999999988756,0.26153846153849614,1.015384615384608,0.7540983606557377
866,21,9,3,False,0.30224347631795423,0.3608553371638875,0.8387096774193549,0.5500000000000835,0.26000000000010026,1.1200000000003676,0.639344262295082
866,20,3,3,False,0.3279178585424063,0.4277022039032535,0.9838709677419355,0.542553191488889,0.2553191489355557,1.9787234042551112,0.6721311475409836
866,11,0,5,False,0.34800506409739096,0.38943013430789575,0.8387096774193549,0.35365853658514845,0.17073170731728438,1.4146341463416126,0.5901639344262295
866,2,0,3,False,0.20545416303455355,0.21242079743055364,0.3709677419354839,0.05479452054777864,0.01369863013712347,1.2328767123285242,0.45901639344262296
866,19,6,4,False,0.22955293682385883,0.3375100996580978,0.7419354838709677,0.36764705882357007,0.11764705882349327,1.1029411764707102,0.6557377049180327
866,19,8,5,False,0.25111446608705335,0.34179707642296875,0.7419354838709677,0.40714285714295945,0.1571428571432578,0.7428571428575179,0.6721311475409836
866,25,9,2,False,0.32999020451317573,0.3758828479705944,0.8709677419354839,0.6274509803922331,0.2745098039215124,1.8431372549019929,0.5409836065573771
866,21,11,3,False,0.31685723443978714,0.37104760594987146,0.8709677419354839,0.6599999999998664,0.2800000000006015,1.179999999999223,0.5573770491803278
866,10,1,3,False,0.33258826966288624,0.31374732365722163,0.7741935483870968,0.6111111111113173,0.1555555555552874,1.2000000000006497,0.6065573770491803
866,23,7,4,False,0.32622236610456007,0.39693030120512945,0.8870967741935484,0.5434782608695454,0.1739130434781819,1.3043478260872723,0.639344262295082
866,17,8,4,False,0.37357793068374057,0.40576360601771133,0.9032258064516129,0.7065217391304546,0.21739130434772738,1.5217391304349996,0.7049180327868853
866,16,0,0,False,0.3335161433511656,0.41893142690621643,0.8709677419354839,0.5104166666669885,0.27083333333343307,1.729166666666567,0.6721311475409836
866,9,0,4,False,0.2972510817818201,0.3394936659795786,0.6935483870967742,0.45522388059688,0.2686567164177848,0.8656716417909517,0.5409836065573771
866,4,0,4,True,0.11746968326512802,0.15213809303474315,0.24193548387096775,0.027397260273953006,0.013698630136833456,0.5616438356161797,0.5737704918032787
866,22,6,7,False,0.21716906577204104,0.32167362202827465,0.8225806451612904,0.42424242424215575,0.16666666666640298,0.7121212121212361,0.8360655737704918
866,25,6,3,False,0.3138536191457518,0.41766679366717185,0.9516129032258065,0.5588235294117526,0.19607843137209938,1.5098039215693422,0.639344262295082
866,26,6,2,False,0.2997683137264782,0.43308737116957,0.967741935483871,0.5599999999997661,0.24000000000031746,1.5600000000001837,0.7868852459016393
867,2,0,7,False,0.19885494665305545,0.2906457115293209,0.8225806451612904,0.2837837837837819,0.09459459459458881,0.9459459459459388,0.7213114754098361
867,4,3,1,False,0.1989371521623265,0.2810035986793458,0.8548387096774194,0.37837837837837013,0.08108108108107774,0.6891891891891785,0.7704918032786885
867,7,6,1,False,0.17968507857518456,0.23622531034383135,0.6290322580645161,0.15384615384615707,0.03846153846155391,0.5512820512820608,0.639344262295082
867,10,10,4,False,0.22077450711872132,0.29644740057463653,0.8225806451612904,0.3698630136986059,0.06849315068489721,0.9726027397260053,0.7049180327868853
867,5,5,2,False,0.17585912727095562,0.24178768400651549,0.7741935483870968,0.18421052631580392,0.07894736842104902,0.5526315789473775,0.7049180327868853
867,0,0,7,False,0.2028659267470892,0.3045501374519674,0.9032258064516129,0.337837837837824,0.09459459459462177,0.8648648648649269,0.7377049180327869
867,0,0,1,False,0.16293995565259517,0.21717054424095147,0.7419354838709677,0.12337662337663262,0.06493506493510193,0.5584415584416325,0.7049180327868853
867,0,0,0,False,0.13105654278007103,0.17644234652203897,0.41935483870967744,0.05194805194802729,0.025974025974013645,0.8441558441558503,0.5245901639344263
867,0,0,0,True,0.01903986363439165,0.02380763148699484,0.08064516129032258,0.02531645569619082,0.01265822784809541,0.08860759493666787,0.5737704918032787
867,15,13,6,False,0.23179054651497913,0.29452586642087536,0.6935483870967742,0.2533333333332795,0.12000000000001114,1.079999999999961,0.6721311475409836
867,18,15,7,False,0.2708824229676017,0.3474843264315698,0.8387096774193549,0.42424242424253933,0.21212121212111143,1.1515151515152378,0.6557377049180327
867,4,4,1,False,0.2737430396128905,0.30272945133554163,0.6612903225806451,0.5666666666665042,0.13333333333347255,1.266666666666249,0.4426229508196721
867,1,0,5,False,0.26224348133655756,0.28400281975887615,0.7419354838709677,0.46296296296298445,0.22222222222228669,0.9814814814814923,0.5737704918032787
867,2,0,0,False,0.24559504180527156,0.3246639194550692,0.5645161290322581,0.10000000000020885,0.04999999999997389,1.049999999999713,0.4918032786885246
867,0,0,0,True,0.1238884161779994,0.148929653880204,0.43548387096774194,0.0897435897434078,0.05128205128202382,0.8461538461536607,0.5081967213114754
867,0,0,1,False,0.16323450116577165,0.18984731253201953,0.5,0.1951219512194128,0.0731707317072798,0.8536585365851858,0.5901639344262295
867,3,3,0,False,0.19895255674665563,0.2662438482487791,0.3064516129032258,0.04999999999997389,0.024999999999986946,1.1249999999996736,0.5081967213114754
867,1,0,1,False,0.2985737011995701,0.28215460135035597,0.6612903225806451,0.616279069767264,0.13953488372086245,1.1860465116280594,0.5901639344262295
867,0,0,0,False,0.2624057058962685,0.33149113822349396,0.6612903225806451,0.49999999999987266,0.0731707317072798,1.1951219512196676,0.4426229508196721
867,0,0,0,False,0.20841790376961047,0.2851127292775324,0.5161290322580645,0.14999999999996083,0.049999999999986944,0.8250000000003067,0.6065573770491803
867,0,0,0,True,0.08074934752993537,0.10217966942849455,0.3870967741935484,0.03947368421064202,0.02631578947366975,0.578947368421284,0.5737704918032787
867,0,0,0,True,0.0362691798101692,0.05778997279621718,0.5161290322580645,0.0526315789473395,0.02631578947366975,0.1578947368422933,0.7049180327868853
867,0,0,0,True,0.03768346703759538,0.05614120305146418,0.46774193548387094,0.052631578947079156,0.026315789473402178,0.18421052631573887,0.5573770491803278
867,3,3,0,False,0.16188191257220558,0.20270130934552383,0.6290322580645161,0.05263157894762876,0.02631578947367698,0.86842105263189,0.6721311475409836
867,6,6,0,False,0.18904991189823406,0.19322793058255797,0.5483870967741935,0.2499999999998626,0.0526315789473395,0.789473684210642,0.6885245901639344
867,0,0,0,True,0.04544093634967433,0.05822958698496588,0.4032258064516129,0.040540540540658775,0.02702702702701177,0.2162162162163764,0.5409836065573771
867,0,0,0,True,0.03662587173334802,0.05091132382877492,0.3064516129032258,0.02631578947367698,0.026315789473402178,0.21052631578941583,0.5081967213114754
867,6,6,0,False,0.17910611016484973,0.20038835310183067,0.4032258064516129,0.17105263157871595,0.02631578947394455,0.8684210526313765,0.5737704918032787
867,7,7,6,False,0.24818266373256367,0.347321518978284,0.7741935483870968,0.44565217391295464,0.1739130434781819,0.9347826086954548,0.7049180327868853
867,0,0,0,True,0.08036616374280528,0.11605983076223236,0.3064516129032258,0.0540540540540388,0.02702702702673717,0.6486486486484656,0.4426229508196721
867,0,0,0,True,0.10275995662576337,0.14143069256982962,0.2903225806451613,0.02702702702730163,0.02702702702673717,0.8648648648651852,0.7868852459016393
867,0,0,0,True,0.09103795871844514,0.11328712958182348,0.3548387096774194,0.027027027027286373,0.027027027026721915,0.7567567567566805,0.6229508196721312
867,1,1,0,True,0.11508368871940523,0.16588202469944444,0.5,0.0526315789478891,0.02631578947394455,0.9473684210526605,0.6721311475409836
867,0,0,0,True,0.06501526279447774,0.07489519105760938,0.5,0.0256410256412728,0.02564102564073729,0.4358974358973535,0.7704918032786885
867,11,9,5,False,0.31546824034267557,0.3580129493319924,0.7096774193548387,0.5086206896552593,0.2931034482755765,1.2931034482759365,0.639344262295082
867,12,8,3,False,0.24746684861550952,0.288097455554481,0.5483870967741935,0.2794117647061037,0.05882352941143951,1.073529411765144,0.5081967213114754
867,0,0,0,True,0.04075757733059555,0.04749031393532366,0.0967741935483871,0.02702702702701177,0.013513513513647,0.27027027027011774,0.6229508196721312
867,5,2,3,False,0.156643187683186,0.23291864672274898,0.25806451612903225,0.04109589041079822,0.01369863013712347,1.09589041095872,0.5737704918032787
867,20,14,8,False,0.23644969658798096,0.31680334097746016,0.8225806451612904,0.353846153846144,0.18461538461529564,0.9384615384612468,0.5573770491803278
867,10,7,5,False,0.25002018966597506,0.32781981553987394,0.7903225806451613,0.37878787878807535,0.15151515151542,1.090909090909695,0.639344262295082
867,7,0,1,False,0.31466894902092607,0.37524658549186235,0.7903225806451613,0.6190476190473112,0.09523809523804788,1.7142857142858563,0.5245901639344263
867,4,0,1,False,0.2979556786823772,0.37457462132388236,0.7741935483870968,0.7159090909088698,0.13636363636357163,1.0454545454545239,0.6065573770491803
867,4,1,0,False,0.2851649637538137,0.31671347160296426,0.46774193548387094,0.3902439024387262,0.048780487804840775,1.0243902439021657,0.5409836065573771
867,8,8,0,False,0.2811594576296167,0.36234684848787696,0.5967741935483871,0.3095238095236556,0.04761904761902394,1.0238095238092633,0.5901639344262295
867,6,0,10,False,0.28075347669426054,0.3646597802357055,0.6935483870967742,0.5833333333333978,0.259259259259159,0.8703703703706139,0.6557377049180327
867,11,3,7,False,0.2696911002065839,0.35887517600796004,0.8548387096774194,0.48571428571443914,0.12857142857183773,1.0000000000005966,0.6885245901639344
868,9,2,10,False,0.12848147640046026,0.21609375972499775,0.6451612903225806,0.16326530612244977,0.061224489795915646,0.5510204081632675,0.639344262295082
868,22,6,6,False,0.13425416948023153,0.23020973676987516,0.8225806451612904,0.1734693877550988,0.0816326530612253,0.6326530612244795,0.7540983606557377
868,15,2,10,False,0.19591505174616447,0.3226422499927073,0.6774193548387096,0.19000000000000208,0.08000000000001461,0.9200000000000115,0.6065573770491803
868,16,1,6,False,0.14985504174624584,0.23385489875229418,0.7419354838709677,0.18367346938774695,0.10204081632648168,0.8163265306122264,0.6557377049180327
868,10,8,7,True,0.1032134997133784,0.17242276392914785,0.4032258064516129,0.020408163265296337,0.020408163265296337,0.44897959183673253,0.5573770491803278
868,19,9,6,False,0.18335696877084207,0.2901524128897657,0.7419354838709677,0.14583333333337073,0.08333333333334693,0.8333333333334149,0.6229508196721312
868,28,16,6,False,0.1618371979230912,0.26791718356380567,0.7580645161290323,0.27659574468083925,0.14893617021269978,0.7446808510638877,0.5901639344262295
868,24,7,9,False,0.18863561828712272,0.2893562587111997,0.7903225806451613,0.26041666666666213,0.1250000000000544,0.9375000000000272,0.6557377049180327
868,19,2,14,False,0.17415433979673997,0.3092369854851728,0.9032258064516129,0.3124999999999728,0.14583333333348744,0.8124999999999728,0.7704918032786885
868,17,7,11,False,0.16223263145648043,0.27340811839507695,0.7580645161290323,0.23958333333320303,0.12499999999982324,0.7291666666665965,0.6229508196721312
868,20,7,9,False,0.15949775403000063,0.24732452983789002,0.7580645161290323,0.19791666666663493,0.12499999999994561,0.6875000000000272,0.6721311475409836
868,14,7,8,False,0.17035825865863322,0.26349070264386937,0.6612903225806451,0.1770833333332914,0.10416666666671878,0.8541666666666372,0.7049180327868853
868,16,6,14,False,0.1767475505410158,0.29925427448064235,0.7580645161290323,0.2291666666666508,0.14583333333347157,0.7708333333332404,0.7377049180327869
868,26,8,12,False,0.19977715476949653,0.3303344050422352,0.9193548387096774,0.3125000000000272,0.14583333333337867,0.8958333333333787,0.7704918032786885
868,20,12,10,False,0.14334299805352274,0.23536733917632022,0.7903225806451613,0.2040816326530808,0.10204081632659368,0.7142857142858361,0.7049180327868853
868,23,5,14,False,0.19334934102069004,0.32574433269115566,0.8064516129032258,0.29591836734686594,0.16326530612237938,0.8775510204080024,0.7049180327868853
868,19,8,11,False,0.16992729672736925,0.2994083658794985,0.6774193548387096,0.19387755102053864,0.10204081632648712,0.8775510204084286,0.6885245901639344
868,20,4,13,False,0.185952670072732,0.309912096209709,0.7580645161290323,0.25,0.12500000000016318,0.8749999999998368,0.7377049180327869
868,14,3,15,False,0.2077395000304884,0.35067064477682713,0.8387096774193549,0.31249999999979605,0.16666666666677543,0.9374999999998233,0.6885245901639344
868,9,2,18,False,0.1805486830140899,0.3097275402400435,0.9032258064516129,0.3020833333332019,0.12500000000016318,0.9791666666664581,0.7704918032786885
868,16,3,7,False,0.16608985801796047,0.2252644405522669,0.8548387096774194,0.18750000000013597,0.08333333333351463,1.0,0.6885245901639344
868,10,0,11,False,0.153591147726905,0.24713316058665946,0.7258064516129032,0.19387755102043208,0.10204081632648712,0.6530612244897307,0.7540983606557377
868,9,1,9,False,0.14971318236903428,0.2433199379049967,0.7580645161290323,0.1734693877552412,0.10204081632648712,0.7755102040819415,0.639344262295082
868,15,2,16,False,0.1936724442336651,0.33378906331476527,0.9354838709677419,0.32653061224475877,0.16326530612237938,0.8367346938776206,0.7377049180327869
868,13,3,15,False,0.19299420072889034,0.30979454760595,0.8548387096774194,0.26530612244880997,0.14285714285683843,0.8571428571427354,0.6557377049180327
868,15,0,8,False,0.21313688206319023,0.32391947920562525,0.7419354838709677,0.18367346938799647,0.10204081632648712,0.9183673469388103,0.4918032786885246
868,18,0,11,False,0.19419588987317965,0.30390876082072577,0.8387096774193549,0.29787234042539956,0.14893617021292196,0.8723404255319717,0.6065573770491803
868,15,2,11,False,0.1743957650294259,0.27741969739134104,0.7741935483870968,0.24489795918367566,0.12244897959178454,0.8163265306125363,0.6065573770491803
868,5,1,19,False,0.15905213104841834,0.2917366602974738,0.8387096774193549,0.29591836734691923,0.14285714285708198,0.6122448979593489,0.819672131147541
868,10,3,11,False,0.1712246370826387,0.276474034992577,0.7580645161290323,0.21874999999985723,0.12499999999970086,0.9166666666662859,0.5901639344262295
868,14,5,9,False,0.18021649470914963,0.28740406566279136,0.7258064516129032,0.25,0.12500000000016318,0.8750000000000544,0.5737704918032787
868,15,7,10,False,0.13214526472457908,0.22340671730763992,0.7580645161290323,0.20408163265301774,0.08163265306163331,0.5510204081629347,0.6557377049180327
868,16,3,13,False,0.1842692394792627,0.31543914443450993,0.7903225806451613,0.2448979591838344,0.12244897959181064,1.0204081632655149,0.6557377049180327
868,22,2,12,False,0.16596270039653505,0.296005454926833,0.8709677419354839,0.3125000000000816,0.14583333333348744,0.6041666666666213,0.7868852459016393
868,19,1,11,False,0.19343628161713883,0.3044367509015421,0.7903225806451613,0.2708333333332155,0.16666666666659416,0.8333333333334059,0.7049180327868853
868,11,5,6,False,0.13966577892881613,0.23117934382802371,0.6129032258064516,0.11702127659560758,0.04255319148979661,0.659574468085182,0.6557377049180327
868,9,4,7,True,0.11939666138185309,0.20755264300645754,0.5,0.04255319148933334,0.02127659574444449,0.5744680851057778,0.6557377049180327
868,15,4,12,False,0.16406010942276195,0.279113315920711,0.7741935483870968,0.24999999999989123,0.12499999999994561,0.7500000000005439,0.639344262295082
868,12,8,13,False,0.18499412630549436,0.3104069146119779,0.8225806451612904,0.2708333333332155,0.12499999999994561,0.9583333333329164,0.7377049180327869
868,12,10,11,False,0.1646337087402813,0.25936207545081363,0.7580645161290323,0.19791666666668933,0.1041666666668389,0.833333333333841,0.6065573770491803
868,17,5,15,False,0.17431755719239456,0.2980362174354692,0.7741935483870968,0.30208333333331067,0.14583333333348744,0.6249999999997281,0.7377049180327869
868,17,5,13,False,0.1760798193927497,0.28792049697360894,0.7096774193548387,0.26530612244913615,0.12244897959223686,0.8367346938775858,0.7049180327868853
868,13,7,7,False,0.18158644699762,0.26118466076373426,0.6935483870967742,0.16666666666659416,0.06250000000019036,0.9791666666668933,0.6557377049180327
868,15,7,9,False,0.15282143904332898,0.25371885216463,0.6774193548387096,0.1562500000000408,0.08333333333329708,0.7291666666665669,0.7049180327868853
868,10,4,10,False,0.14632332868008185,0.24041283929931415,0.6451612903225806,0.16999999999982457,0.06000000000018379,0.8000000000000835,0.5409836065573771
868,12,5,11,False,0.17783242451770712,0.28582886825435083,0.6774193548387096,0.19000000000002507,0.10000000000016708,0.7599999999996826,0.47540983606557374
868,12,1,11,False,0.19557049471060167,0.3104120746617587,0.5967741935483871,0.17000000000024226,0.03999999999998329,0.9600000000000167,0.5245901639344263
868,13,3,9,False,0.16421394757873167,0.2763851972663702,0.6129032258064516,0.06862745098045238,0.03921568627448572,0.8823529411757238,0.6229508196721312
868,12,1,7,False,0.17617065385060532,0.2799168492394892,0.6290322580645161,0.10999999999984963,0.03999999999998329,0.9200000000004511,0.7377049180327869
868,8,0,8,False,0.1637516050499204,0.24647437989029966,0.46774193548387094,0.04000000000019214,0.020000000000200496,0.9400000000002339,0.4918032786885246
868,9,2,11,False,0.16247730993792628,0.2790188656614576,0.5806451612903226,0.10000000000012531,0.059999999999741024,0.8999999999998747,0.7704918032786885
868,6,1,10,True,0.10883547808654413,0.19029688180791735,0.5967741935483871,0.058823529411728574,0.019607843137447612,0.5098039215687238,0.6229508196721312
869,14,14,9,False,0.20023380210800465,0.3159371982402908,0.7096774193548387,0.19374999999999729,0.08750000000000312,1.0750000000000008,0.7213114754098361
869,19,19,10,False,0.20784738913129414,0.3183478319384752,0.7419354838709677,0.28915662650603646,0.04819277108434531,0.6746987951807085,0.6885245901639344
869,17,17,2,False,0.2296318047827131,0.3664983606895881,0.7258064516129032,0.23809523809522035,0.0476190476190565,1.0,0.6885245901639344
869,21,21,12,False,0.19863326314013935,0.32408524396025234,0.9032258064516129,0.2771084337349348,0.07228915662650337,0.6626506024096405,0.6885245901639344
869,17,17,4,False,0.19015221879035563,0.2856890734105473,0.6129032258064516,0.15294117647059455,0.023529411764725755,0.6117647058823782,0.6229508196721312
869,21,21,4,False,0.239211410611428,0.36813867919498194,0.8548387096774194,0.3176470588235464,0.04705882352945295,0.9647058823530178,0.6557377049180327
869,20,20,12,False,0.22910826414465432,0.3915335817958336,0.8548387096774194,0.3333333333333437,0.07142857142860251,0.6190476190475983,0.6721311475409836
869,19,19,8,False,0.1957064462004152,0.30611193361851513,0.8870967741935484,0.22891566265059596,0.07228915662647419,0.6746987951807403,0.6557377049180327
869,20,20,11,False,0.1874558340488277,0.30265107728565116,0.7258064516129032,0.182926829268295,0.0731707317072798,0.6219512195121967,0.6229508196721312
869,21,21,11,False,0.2151370933568971,0.3421410582403427,0.8225806451612904,0.19512195121954015,0.0853658536584931,1.0365853658535762,0.639344262295082
869,14,14,11,False,0.23123533647914735,0.35867778172902415,0.7419354838709677,0.1445783132530651,0.060240963855517186,1.0240963855421565,0.6557377049180327
869,20,20,16,False,0.21518050475833964,0.328140570651683,0.6935483870967742,0.3461538461538616,0.1410256410255655,0.6794871794872173,0.5901639344262295
869,19,18,8,False,0.22183418531416074,0.32708967823473334,0.8064516129032258,0.23214285714286603,0.059523809523779926,0.7619047619046316,0.6229508196721312
869,21,21,8,False,0.2155955424267905,0.2989140602587829,0.8225806451612904,0.21951219512196676,0.1097560975609197,1.0121951219512133,0.6229508196721312
869,15,15,9,False,0.2026822489411549,0.3258765581722335,0.7258064516129032,0.21951219512196676,0.0731707317072798,0.621951219512133,0.6557377049180327
869,20,20,12,False,0.21338463955730957,0.3579562752730943,0.7741935483870968,0.2678571428571673,0.08333333333330226,0.7142857142858209,0.6229508196721312
869,20,20,11,False,0.22430534610843023,0.37619070334324417,0.8225806451612904,0.29411764705880183,0.0588235294117358,0.6588235294118095,0.639344262295082
869,17,16,12,False,0.2296694631801287,0.3778123917252372,0.7741935483870968,0.24698795180723043,0.09638554216862619,1.0120481927709524,0.5409836065573771
869,13,12,8,False,0.19020607289454458,0.31862546746653964,0.5806451612903226,0.202702702702758,0.09459459459441344,0.9054054054054455,0.6721311475409836
869,23,23,12,False,0.2301849368153024,0.38274663569441564,0.8548387096774194,0.2590361445783413,0.08433734939768434,1.0120481927710798,0.7704918032786885
869,23,23,14,False,0.23356325162535552,0.38219136160547945,0.8548387096774194,0.3947368421050462,0.18421052631568824,0.7763157894736697,0.6557377049180327
869,34,17,9,False,0.41917914463650224,0.44746427996114513,0.6612903225806451,0.676056338028459,0.28169014084494615,1.408450704225319,0.6721311475409836
869,17,17,10,False,0.210836077958662,0.2911281149904231,0.6612903225806451,0.22222222222223834,0.13888888888880832,0.7361111111111192,0.5081967213114754
869,16,16,11,False,0.21425318613786126,0.32177518692105755,0.532258064516129,0.1597222222222021,0.06944444444425912,0.6805555555555959,0.6229508196721312
869,17,16,10,False,0.2504115501984814,0.35822963579807343,0.6774193548387096,0.19999999999988066,0.12857142857120268,1.1285714285712027,0.5901639344262295
869,16,16,9,False,0.18400069277750103,0.27172499438402703,0.5967741935483871,0.20253164556967213,0.07594936708831311,0.7088607594936541,0.5901639344262295
869,20,20,9,False,0.23691576511591514,0.3623176801583209,0.7419354838709677,0.3170731707316731,0.0731707317072798,0.9878048780486594,0.6885245901639344
869,14,14,9,False,0.21274863706547464,0.31659665100973133,0.7741935483870968,0.16463414634157056,0.06097560975619385,0.987804878048914,0.6065573770491803
869,27,27,14,False,0.24769773935146483,0.3528760518632651,0.8064516129032258,0.3354430379747488,0.13924050632919088,1.088607594936806,0.6557377049180327
869,15,15,5,False,0.20750148290163184,0.2981445970912334,0.5967741935483871,0.2162162162162353,0.10810810810804708,1.0810810810810354,0.6557377049180327
869,19,19,11,False,0.25068650930500375,0.36454380201053926,0.8225806451612904,0.30952380952377995,0.08333333333316759,1.0595238095239043,0.5409836065573771
869,24,24,3,False,0.24766043446803382,0.3958432120279728,0.8225806451612904,0.3604651162790161,0.04651162790695415,1.02325581395372,0.639344262295082
869,22,21,9,False,0.26797685093378387,0.41446652834453007,0.8064516129032258,0.3411764705882324,0.08235294117656308,0.9294117647059084,0.6885245901639344
870,11,2,7,False,0.13172706357933367,0.22543195054631654,0.5645161290322581,0.05714285714285651,0.028571428571428838,0.6285714285714228,0.6885245901639344
870,13,1,12,False,0.17110056637381296,0.28334195203762536,0.5806451612903226,0.04285714285714073,0.02857142857141472,1.1428571428571481,0.6229508196721312
870,22,6,18,False,0.23289204478047726,0.39406427010545714,0.8870967741935484,0.4,0.2,0.985714285714311,0.7213114754098361
870,15,1,13,False,0.15955486481148048,0.26489010884344466,0.7419354838709677,0.15492957746478822,0.07042253521127072,0.66197183098593,0.6065573770491803
870,27,17,19,False,0.24671620571849204,0.4367889168268997,0.8709677419354839,0.4305555555555339,0.20833333333334392,1.0416666666666834,0.8032786885245902
870,12,0,12,False,0.15259515735935497,0.2603363441087269,0.6129032258064516,0.049295774647882144,0.028169014084493578,0.5633802816902392,0.6721311475409836
870,9,0,8,False,0.13372312578131998,0.22729315531117172,0.6290322580645161,0.08333333333329708,0.04166666666664854,0.6111111111110628,0.6721311475409836
870,19,0,14,False,0.2416917690851107,0.41084380603619075,0.8709677419354839,0.31428571428572283,0.1428571428571535,1.071428571428614,0.7049180327868853
870,13,2,12,False,0.16271212404224042,0.2931661914384775,0.6612903225806451,0.10416666666668631,0.05555555555552735,0.7361111111111001,0.8032786885245902
870,15,7,9,False,0.18544854746449993,0.25934928326579826,0.5483870967741935,0.06338028169018642,0.02816901408456815,0.9014084507042689,0.6557377049180327
870,17,3,13,False,0.18246070754821198,0.31315911705931665,0.7741935483870968,0.2214285714285677,0.11428571428565461,1.0142857142857815,0.7213114754098361
870,12,1,10,False,0.1713990621282391,0.2915359074991207,0.5806451612903226,0.06164383561655495,0.027397260274103892,1.068493150684902,0.6557377049180327
870,19,7,15,False,0.19628711440519334,0.343370081503884,0.7419354838709677,0.34999999999999254,0.1714285714284947,0.9714285714285842,0.7049180327868853
870,21,8,12,False,0.22752605369753764,0.3526458986609917,0.7258064516129032,0.34507042253527964,0.16901408450711475,1.0281690140844946,0.7049180327868853
870,16,3,12,False,0.24253386235765131,0.40874011334943794,0.7903225806451613,0.17857142857149783,0.08571428571439653,1.157142857142936,0.7049180327868853
870,13,0,13,False,0.1582282749866848,0.2686524847032308,0.6290322580645161,0.08450704225355737,0.0563380281691363,0.6338028169014229,0.5737704918032787
870,19,4,16,False,0.23204148624467147,0.40486858454006713,0.7903225806451613,0.30714285714279427,0.1571428571427868,1.1714285714284947,0.8032786885245902
870,30,27,27,False,0.23551458252875507,0.44733474357161884,0.967741935483871,0.36153846153852826,0.18461538461529564,0.8923076923075836,0.9344262295081968
870,26,19,22,False,0.24137644172562586,0.44944971419477525,0.9354838709677419,0.4538461538460958,0.1538461538460797,0.661538461538464,0.819672131147541
870,25,19,22,False,0.2414340813460527,0.4458549989542694,0.9354838709677419,0.437499999999949,0.1562499999999235,0.6250000000000204,0.8688524590163934
870,25,15,14,False,0.19872121983121696,0.3490750279675451,0.8870967741935484,0.2868852459015776,0.1475409836064816,0.7540983606555216,0.7377049180327869
870,27,22,15,False,0.2368412278525939,0.4330473504911164,0.9354838709677419,0.420634920635043,0.1587301587300798,0.6349206349208164,0.7868852459016393
870,23,12,14,False,0.17882045375225775,0.3050519204781915,0.8387096774193549,0.2589285714285681,0.12500000000013986,0.9107142857141325,0.7213114754098361
870,22,10,14,False,0.17569772168892042,0.2960252281704005,0.8548387096774194,0.24999999999990677,0.12500000000013986,0.7321428571431435,0.6885245901639344
870,20,8,11,False,0.18495598980353536,0.30419326518454537,0.8387096774193549,0.21818181818188376,0.10909090909084695,0.9090909090911508,0.7213114754098361
870,19,12,14,False,0.16719512190585142,0.27931780847768606,0.9193548387096774,0.2545454545453096,0.1454545454544626,0.5818181818182302,0.6557377049180327
870,26,15,12,False,0.17190482488994754,0.29281315589702017,0.8548387096774194,0.21698113207552747,0.11320754716939496,0.6792452830191281,0.7213114754098361
870,25,14,8,False,0.14591581222428748,0.23743853780318028,0.8225806451612904,0.1875000000000544,0.10416666666635847,0.5416666666670655,0.639344262295082
870,24,17,10,False,0.16120414285964096,0.26580084908070367,0.9032258064516129,0.23958333333333787,0.12499999999994561,0.6041666666666213,0.7049180327868853
870,23,13,13,False,0.15682062120150742,0.2687682149197807,0.8709677419354839,0.2199999999999081,0.11999999999994988,0.5800000000003843,0.6557377049180327
870,23,12,13,False,0.15908858326596614,0.2807484812030402,0.9032258064516129,0.2254901960788971,0.11764705882350532,0.56862745098089,0.7704918032786885
870,21,12,15,False,0.17872769971235114,0.317174312315022,0.8064516129032258,0.22549019607839524,0.11764705882345715,0.6470588235296285,0.819672131147541
870,26,20,17,False,0.17654054742862496,0.3131940871465618,0.8870967741935484,0.24999999999989958,0.15384615384609204,0.5961538461538075,0.7377049180327869
870,25,16,18,False,0.18750534531538846,0.34054465912269755,0.9354838709677419,0.2980769230771046,0.13461538461553135,0.5769230769232468,0.7868852459016393
870,24,15,16,False,0.191760930264349,0.3352266838726915,0.8548387096774194,0.3301886792453165,0.1698113207544865,0.6792452830191281,0.6885245901639344
870,24,15,13,False,0.1931309450313126,0.3330643669851391,0.8870967741935484,0.2500000000001004,0.13461538461512973,0.6153846153851715,0.8032786885245902
870,27,15,17,False,0.21962286511919102,0.3921808556950928,0.9032258064516129,0.36111111111106814,0.16666666666679558,1.0370370370370228,0.8360655737704918
870,25,9,14,False,0.2223981982468103,0.3750067688506442,0.9032258064516129,0.39090909090915305,0.19999999999969623,0.8545454545455374,0.8032786885245902
870,23,15,19,False,0.2031354897615972,0.36373547068252987,0.8870967741935484,0.37272727272734524,0.16363636363646028,0.709090909090695,0.7704918032786885
870,37,32,12,False,0.25349181097797624,0.42474014469928734,0.8548387096774194,0.5416666666666485,0.18750000000013597,0.9791666666664581,0.7704918032786885
870,25,14,18,False,0.22956318384415855,0.41873804659903235,0.9032258064516129,0.3898305084747233,0.1864406779661797,0.9322033898301905,0.7868852459016393
871,0,0,0,True,0.04823166344121154,0.03722455225292889,0.14516129032258066,0.06250000000000305,0.03749999999999857,0.1875000000000092,0.39344262295081966
871,1,1,1,True,0.05924475072014484,0.08726545367371279,0.12903225806451613,0.053333333333324746,0.026666666666671075,0.5466666666666613,0.45901639344262296
871,0,0,0,True,0.057620839249682476,0.03077159932143761,0.06451612903225806,0.08433734939758988,0.036144578313267416,0.2530120481927618,0.3442622950819672
871,2,1,2,True,0.08891775250877841,0.13710584282143243,0.14516129032258066,0.06024096385542472,0.02409638554218876,0.662650602409609,0.4262295081967213
871,0,0,0,True,0.04579306192389322,0.036109870184093444,0.14516129032258066,0.07058823529408297,0.035294117647072194,0.19999999999996315,0.4098360655737705
871,0,0,0,True,0.04994961211814289,0.031704341218531,0.08064516129032258,0.05172413793103966,0.0229885057471154,0.24137931034483173,0.4426229508196721
871,2,1,2,True,0.0981057640346757,0.13770524467321782,0.12903225806451613,0.07058823529411368,0.03529411764704148,0.694117647058851,0.47540983606557374
871,0,0,0,True,0.045062435496919115,0.031156119468375005,0.06451612903225806,0.07058823529408297,0.03529411764704148,0.188235294117616,0.47540983606557374
871,1,1,1,True,0.07518974567223953,0.10568442104709341,0.14516129032258066,0.06707317073170499,0.0365853658536399,0.6463414634145596,0.4098360655737705
871,2,2,2,True,0.05599743565804335,0.08114711804202776,0.12903225806451613,0.0459770114942308,0.0229885057471154,0.425287356321875,0.4262295081967213
871,0,0,0,True,0.026621858124095465,0.02471211554265903,0.04838709677419355,0.0344827586206731,0.0229885057471154,0.09195402298870166,0.4426229508196721
871,0,0,0,True,0.02768145688804602,0.02482349326114063,0.06451612903225806,0.03488372093021561,0.011627906976859963,0.12790697674424534,0.4098360655737705
871,2,2,2,True,0.09052928403161838,0.12590627647575356,0.12903225806451613,0.09999999999995086,0.0588235294117358,0.6352941176469923,0.45901639344262296
871,1,0,1,True,0.09373773071375377,0.11951495069814522,0.1774193548387097,0.09574468085101065,0.053191489361783674,0.7127659574467459,0.36065573770491804
871,1,1,1,True,0.06433565693628926,0.09068498361704962,0.08064516129032258,0.04545454545458321,0.022727272727261938,0.5568181818181549,0.32786885245901637
871,2,1,2,False,0.13818085364467672,0.14971458168200874,0.22580645161290322,0.18750000000003264,0.08749999999995431,0.6624999999999152,0.3442622950819672
871,3,1,2,False,0.1773979871290007,0.17835997220680985,0.3225806451612903,0.2577319587628833,0.09278350515470687,0.6907216494845616,0.4918032786885246
871,0,0,0,True,0.06036613309751103,0.04667476283540514,0.27419354838709675,0.07476635514019923,0.03738317757007521,0.2803738317757593,0.39344262295081966
871,0,0,0,True,0.06879628017141838,0.038728485388415106,0.1935483870967742,0.10416666666673012,0.0520833333332019,0.31249999999986405,0.39344262295081966
871,0,0,0,False,0.12757805629662625,0.047033286760360705,0.20967741935483872,0.13461538461524558,0.051282051282291574,0.5000000000001339,0.3114754098360656
871,0,0,0,True,0.03738682918175701,0.025915060127253114,0.08064516129032258,0.03999999999998329,0.026666666666655528,0.1866666666665887,0.2786885245901639
871,1,1,1,True,0.12747712002844735,0.07785478859278508,0.27419354838709675,0.19767441860467658,0.0930232558139083,0.5930232558137869,0.4262295081967213
871,1,0,1,True,0.114807450851775,0.15273450887470533,0.3709677419354839,0.12037037037032382,0.05555555555572745,0.8703703703704205,0.4918032786885246
871,0,0,0,True,0.056815069505200495,0.03834978484715283,0.16129032258064516,0.06542056074782682,0.03738317757007521,0.28971962616818053,0.5409836065573771
871,0,0,0,True,0.05623833941889636,0.03339362256374317,0.11290322580645161,0.0850000000000167,0.03999999999998329,0.26000000000010026,0.4098360655737705
871,0,0,0,True,0.06103316749491143,0.033550241654686536,0.11290322580645161,0.09523809523804788,0.047619047618924486,0.2476190476191234,0.4098360655737705
871,0,0,0,True,0.04294615078268648,0.036976532445969996,0.14516129032258066,0.03703703703701555,0.018518518518507776,0.24999999999975828,0.5573770491803278
871,1,0,1,True,0.09544833810534285,0.14153429419130112,0.1774193548387097,0.07843137254908987,0.03921568627449375,0.8431372549022298,0.4262295081967213
872,2,1,2,True,0.08056124047151625,0.13211299828070971,0.12903225806451613,0.04216867469879373,0.024096385542168475,0.6746987951807233,0.3770491803278688
872,1,0,1,True,0.06404081264703579,0.10534979440728214,0.06451612903225806,0.0304878048780581,0.012195121951229607,0.64634146341462,0.3442622950819672
872,2,0,2,True,0.08876481987823993,0.14973409840006072,0.11290322580645161,0.03658536585364106,0.02439024390242738,0.6951219512194986,0.45901639344262296
872,2,0,2,True,0.08539903357615101,0.14249909684995393,0.12903225806451613,0.030487804878066058,0.012195121951245525,0.6707317073171031,0.3770491803278688
872,4,1,4,True,0.12619568342553308,0.20700404463250593,0.1935483870967742,0.03703703703708359,0.024691358024679422,0.8024691358025001,0.4426229508196721
872,3,0,3,True,0.11388095331460876,0.1823761247218859,0.1935483870967742,0.03703703703705017,0.024691358024614165,0.7407407407406811,0.47540983606557374
872,3,0,2,True,0.08903747896016488,0.13081735394732416,0.16129032258064516,0.06097560975600671,0.024390243902491827,0.6707317073171563,0.4918032786885246
872,4,2,4,True,0.12130895862440577,0.19995704859477625,0.22580645161290322,0.04878048780491998,0.024390243902428152,0.7926829268293607,0.4262295081967213
872,1,0,1,True,0.11610444646354749,0.1324016633254687,0.12903225806451613,0.13750000000003507,0.04999999999997716,0.82500000000008,0.2786885245901639
872,1,0,0,True,0.06442993010248654,0.04891518664686386,0.016129032258064516,0.04878048780485941,0.024390243902429706,0.4024390243902175,0.36065573770491804
872,1,0,1,True,0.06310615266598868,0.09949977255718184,0.08064516129032258,0.0365853658536399,0.012195121951340647,0.6219512195122604,0.4262295081967213
872,3,0,3,True,0.11273119616240602,0.18841689437480771,0.16129032258064516,0.0487804878048532,0.0243902439024266,0.8048780487804599,0.45901639344262296
872,2,0,2,True,0.08995133060631734,0.1540543961342422,0.12903225806451613,0.036585365853767246,0.02439024390229925,0.7560975609754793,0.39344262295081966
872,3,0,3,True,0.09885845313694262,0.1679274475826368,0.1774193548387097,0.0365853658536399,0.0243902439024266,0.6707317073169862,0.45901639344262296
872,4,2,4,True,0.10637861767514972,0.17508707542645635,0.22580645161290322,0.0365853658536399,0.02439024390229925,0.6707317073171135,0.4262295081967213
872,2,0,2,True,0.08002479139549082,0.13281621200801386,0.0967741935483871,0.024390243902553947,0.012195121951340647,0.621951219512133,0.4098360655737705
872,6,2,6,False,0.14643280697493632,0.24423856631987498,0.2903225806451613,0.048780487804789524,0.0243902439024266,0.76829268292682,0.5409836065573771
872,3,0,3,True,0.11306966894735888,0.19077857381254884,0.16129032258064516,0.04268292682918288,0.0243902439024266,0.7560975609754793,0.4918032786885246
872,0,0,0,True,0.036080864176215206,0.0220717941845091,0.06451612903225806,0.03750000000011095,0.024999999999986946,0.15000000000018274,0.3770491803278688
872,4,0,4,True,0.12507322281463606,0.20634794267888676,0.1774193548387097,0.0487804878048532,0.0243902439024266,0.7804878048781606,0.39344262295081966
872,2,1,2,True,0.08277161486007452,0.12495757042884066,0.11290322580645161,0.0493827160492347,0.02469135802468181,0.6790123456791365,0.4262295081967213
872,3,0,3,True,0.11283598715174009,0.18767830196845778,0.16129032258064516,0.030120481927762382,0.012048192771205602,0.7469879518071986,0.4918032786885246
872,2,0,2,True,0.09386489734940631,0.16049236839428202,0.11290322580645161,0.03614457831311356,0.012048192771205602,0.7951807228917693,0.45901639344262296
872,4,0,4,True,0.1129531759890437,0.1911741186078379,0.1935483870967742,0.0487804878048532,0.0243902439024266,0.6829268292681995,0.4098360655737705
872,4,0,4,True,0.12358438940003474,0.20999757732456797,0.1935483870967742,0.04268292682931022,0.0243902439024266,0.7317073170733074,0.4098360655737705
872,2,0,2,True,0.09637177399923773,0.1459398712595755,0.11290322580645161,0.03703703703715163,0.02469135802442397,0.6790123456791365,0.3442622950819672
872,1,0,1,True,0.06787956613850026,0.08836406671072689,0.06451612903225806,0.07499999999996083,0.03750000000011095,0.5499999999999738,0.45901639344262296
872,4,0,4,True,0.11810107000202462,0.19166806593549715,0.1935483870967742,0.036585365853767246,0.0243902439024266,0.7439024390243933,0.39344262295081966
872,3,0,3,True,0.1052362112464773,0.17592809817483931,0.12903225806451613,0.03048780487810469,0.012195121951598447,0.7682926829270156,0.4426229508196721
872,3,0,3,True,0.09550459887054251,0.1566362772079859,0.14516129032258066,0.050000000000104426,0.024999999999986946,0.6499999999996606,0.4262295081967213
873,0,0,0,True,0.012650667814218013,0.017413990430017824,0.0,0.010989010989014244,0.01098901098900752,0.06593406593406664,0.5409836065573771
873,0,0,0,True,0.02038408755414987,0.018378192014231895,0.016129032258064516,0.02173913043478662,0.010869565217400403,0.10869565217390471,0.5245901639344263
873,0,0,0,True,0.023130020997748066,0.01821617080612307,0.0,0.04301075268815152,0.02150537634407576,0.10752688172043494,0.5573770491803278
873,0,0,0,True,0.016541155597709283,0.022737803000350672,0.016129032258064516,0.021739130434800497,0.010869565217386062,0.07608695652173081,0.5409836065573771
873,0,0,0,True,0.02454322735548145,0.025495304126927007,0.04838709677419355,0.03260869565218563,0.021739130434714753,0.13043478260874253,0.5081967213114754
873,0,0,0,True,0.023893874409595343,0.025585855818928437,0.04838709677419355,0.021505376344131296,0.01075268817209372,0.1182795698924695,0.5737704918032787
873,1,1,1,True,0.048985005900900866,0.07727833580870237,0.0967741935483871,0.0319148936170331,0.010638297872390652,0.478723404255302,0.4918032786885246
873,1,1,1,True,0.039279419076605156,0.0603225926691869,0.06451612903225806,0.031249999999986403,0.010416666666716522,0.36458333333333787,0.5901639344262295
873,1,1,1,True,0.053638750127654504,0.0799712102929136,0.06451612903225806,0.0263157894737276,0.010526315789578976,0.47368421052632737,0.639344262295082
873,1,1,1,True,0.04514236169338428,0.07175431259959526,0.16129032258064516,0.025773195876277563,0.010309278350618678,0.432989690721786,0.6065573770491803
873,0,0,0,True,0.03926490002335623,0.01980212362167091,0.016129032258064516,0.052083333333256286,0.02083333333332427,0.14583333333337867,0.5737704918032787
873,0,0,0,True,0.023406206461618288,0.02601252544368427,0.03225806451612903,0.0263157894737276,0.010526315789578976,0.10526315789480048,0.5573770491803278
873,2,0,0,True,0.024180795036533517,0.03323123090756798,0.16129032258064516,0.030927835051533074,0.020618556700914396,0.1237113402061323,0.5573770491803278
873,3,1,1,True,0.0437082445415632,0.06450789240099603,0.20967741935483872,0.041666666666644,0.020833333333322,0.3749999999999048,0.5409836065573771
873,0,0,0,True,0.02297099245554361,0.02902936520977096,0.11290322580645161,0.030612244897946134,0.02040816326519087,0.10204081632659368,0.639344262295082
873,0,0,0,True,0.03068556334948906,0.02851129968470309,0.11290322580645161,0.04591836734697248,0.020408163265510534,0.13265306122453982,0.5409836065573771
873,2,1,1,True,0.04026646217415847,0.05466400344541932,0.16129032258064516,0.0404040404041331,0.030303030302915236,0.29292929292909475,0.5737704918032787
873,0,0,0,True,0.026030433310375037,0.03006926791067451,0.12903225806451613,0.035714285714209607,0.020408163265079965,0.12244897959197155,0.5737704918032787
873,5,2,2,True,0.08235338542266503,0.12377738681043643,0.27419354838709675,0.05102040816323269,0.030612244897619944,0.7040816326531438,0.5573770491803278
873,1,0,0,True,0.0413243097353181,0.032388602653668906,0.16129032258064516,0.04591836734706925,0.020408163265506186,0.18367346938763768,0.5245901639344263
873,7,2,1,True,0.06289077374249144,0.0992347641762126,0.22580645161290322,0.04591836734685614,0.020408163265506186,0.5306122448978331,0.6065573770491803
873,8,2,1,True,0.05076336050801198,0.07013341377560224,0.1935483870967742,0.051020408163350114,0.020408163265510534,0.3571428571430246,0.5081967213114754
873,4,0,0,True,0.02651182972903111,0.026812456792473047,0.0967741935483871,0.03645833333326308,0.02083333333332427,0.11458333333339225,0.5409836065573771
873,4,2,0,True,0.04313133088170125,0.055840829636029946,0.25806451612903225,0.0404040404041331,0.02020202020201381,0.29292929292909475,0.6065573770491803
873,1,1,1,True,0.05651386704123548,0.07721624569677382,0.0967741935483871,0.05050505050512935,0.0303030303031198,0.4848484848484401,0.4426229508196721
873,0,0,0,True,0.02853625210970366,0.030360262492484923,0.12903225806451613,0.0309278350516374,0.02061855670101983,0.12371134020633429,0.5737704918032787
874,0,0,0,True,0.02331770551500355,0.011791137140157762,0.0,0.037974683544306415,0.012658227848103514,0.07594936708860663,0.4426229508196721
874,3,0,3,True,0.07893829372544732,0.1351684906929867,0.14516129032258066,0.012820512820523332,0.0128205128205066,0.5384615384615281,0.6065573770491803
874,4,0,3,True,0.10902336458726124,0.16379098023150357,0.1774193548387097,0.06410256410259264,0.025641025641047095,0.8846153846154052,0.5409836065573771
874,2,0,2,True,0.0539878980432196,0.09230994339214736,0.0967741935483871,0.026315789473671556,0.013157894736835778,0.43421052631578677,0.5737704918032787
874,6,0,5,False,0.1331115917332961,0.21719340572626203,0.25806451612903225,0.019230769230793688,0.012820512820506813,1.0128205128205068,0.5901639344262295
874,4,0,4,True,0.09900559924150303,0.1709842297049774,0.1935483870967742,0.012820512820506813,0.012820512820506813,0.6153846153845948,0.3770491803278688
874,0,0,0,True,0.022138348764145315,0.031035638398654437,0.04838709677419355,0.012987012987006823,0.012987012987006823,0.19480519480523795,0.32786885245901637
874,2,0,1,True,0.106805687606918,0.16920142074181332,0.06451612903225806,0.025641025641013625,0.012820512820506813,1.1153846153846283,0.45901639344262296
874,4,0,2,False,0.13247238791227395,0.19630999063848129,0.11290322580645161,0.02531645569619082,0.01265822784809541,1.126582278480954,0.5245901639344263
874,0,0,0,True,0.01968063268819941,0.02711294096090337,0.04838709677419355,0.012658227848226756,0.012658227848094573,0.16455696202522946,0.5409836065573771
874,2,0,2,True,0.1143647303861199,0.19782979114364643,0.0967741935483871,0.012499999999993473,1.305306795984448e-13,0.9124999999999152,0.6229508196721312
874,2,0,1,True,0.11124095616669519,0.16984143439981048,0.08064516129032258,0.012499999999995105,0.012499999999864574,1.1500000000002024,0.6229508196721312
874,4,0,1,True,0.06094111049920425,0.09717304005210323,0.3064516129032258,0.04225352112674192,0.014084507042394383,0.38028169014082436,0.639344262295082
874,0,0,0,True,0.01306660661611239,0.011889894053560604,0.0,0.01369863013712347,0.013698630136837375,0.041095890411084315,0.5081967213114754
874,1,1,1,True,0.030904443265744506,0.05129447451803982,0.04838709677419355,0.013513513513507793,0.013513513513366679,0.3243243243244692,0.6229508196721312
874,0,0,0,True,0.00876995048707544,0.009422108124955851,0.0,1.3923272490500296e-13,1.3923272490500296e-13,0.03999999999997772,0.6721311475409836
874,0,0,0,True,0.033342863025018744,0.014460382649352585,0.0,0.056338028168989224,0.014084507042394383,0.12676056338022576,0.6065573770491803
874,2,0,1,True,0.08842247169510488,0.13487513730702572,0.06451612903225806,0.013333333333466996,0.013333333333188532,0.8800000000000501,0.7049180327868853
874,1,1,1,True,0.054410795410489585,0.06553620426195375,0.04838709677419355,0.07746478873236019,0.028169014084494612,0.4084507042251719,0.5901639344262295
874,2,1,2,True,0.06789806126804741,0.11910033146692597,0.1774193548387097,0.04285714285698089,0.014285714286157557,0.4571428571433175,0.7213114754098361
874,0,0,0,True,0.02837305431646483,0.0363678624711665,0.04838709677419355,0.014705882353090225,0.014705882352783094,0.23529411764698654,0.5573770491803278
874,0,0,0,True,0.013022883739303992,0.013581798430067325,0.0,0.02238805970140414,0.014925373134165521,0.04477611940312,0.7213114754098361
874,0,0,0,True,0.01828335122009483,0.01604535850042888,0.0,0.015151515151663781,0.015151515151347343,0.07575757575768603,0.45901639344262296
874,1,1,1,True,0.03174688122227391,0.05279667039160805,0.04838709677419355,0.015873015872842226,3.3150648786907443e-13,0.3333333333336648,0.47540983606557374
874,0,0,0,True,0.010580455673746467,0.014068589803345162,0.0,0.015873015872842226,0.0,0.04761904761918969,0.4426229508196721
874,1,1,1,True,0.044992250203884684,0.07416068558499772,0.0967741935483871,0.015873015872842226,3.3150648786907443e-13,0.4603174603177287,0.5081967213114754
874,0,0,0,True,0.022077521590921384,0.037230256228707154,0.04838709677419355,0.015873015872842226,3.3150648786907443e-13,0.2222222222217802,0.5081967213114754
874,0,0,0,True,0.028801073794010333,0.04379913579017737,0.04838709677419355,0.023437500000073934,0.015624999999831737,0.2656250000000765,0.5081967213114754
874,1,1,1,True,0.032677622411145094,0.05388384260988017,0.04838709677419355,0.015384615384768622,0.015384615384447317,0.33846153846137533,0.5573770491803278
874,1,1,0,True,0.03282554862727916,0.04629838094317895,0.06451612903225806,0.029850746268954474,0.014925373134477237,0.2686567164180965,0.639344262295082
874,1,1,0,True,0.024132178102829267,0.040254469573106126,0.04838709677419355,0.014492753623030485,0.014492753623030485,0.23188405797060654,0.5573770491803278
874,0,0,0,True,0.013967018263401484,0.014786282137446803,0.0,0.021428571428639624,0.014285714285560846,0.05714285714313845,0.45901639344262296
874,0,0,0,True,0.012340373260784151,0.01672000624746615,0.0,0.014084507042394383,0.01408450704210023,0.042253521126888995,0.6885245901639344
874,0,0,0,True,0.01595948741186046,0.017274911441504743,0.0,0.027777777777761664,0.013888888888735797,0.055555555555813395,0.5409836065573771
874,6,1,5,True,0.07830906650539794,0.13357932886429022,0.2903225806451613,0.02739726027367475,0.013698630136837375,0.452054794520497,0.6557377049180327
875,15,0,15,False,0.20146455058233487,0.35691794387352593,0.6612903225806451,0.0921052631578927,0.052631578947360286,0.7105263157894754,0.639344262295082
875,3,1,3,True,0.09654774238105608,0.16940728935161295,0.12903225806451613,0.032894736842115205,0.013157894736852953,0.6842105263157696,0.5573770491803278
875,13,1,12,False,0.1961096872522146,0.34370994779663033,0.5483870967741935,0.06666666666668755,0.02666666666667154,1.1466666666666847,0.6721311475409836
875,4,0,3,True,0.11177816577048164,0.20607372295150417,0.16129032258064516,0.012987012987006823,0.012987012987006823,0.7792207792208162,0.5409836065573771
875,8,0,8,False,0.16119390210961532,0.2789010347931179,0.4838709677419355,0.03999999999998051,0.013333333333361643,0.6800000000000167,0.6721311475409836
875,2,0,1,True,0.07189198453039347,0.11916748851195227,0.08064516129032258,0.026666666666653672,0.013333333333326836,0.773333333333235,0.5573770491803278
875,1,0,1,True,0.05247545119333955,0.08854723163078125,0.04838709677419355,0.013333333333396452,0.013333333333326836,0.5733333333333324,0.45901639344262296
875,12,1,9,False,0.1904971271258998,0.3249818441326932,0.4838709677419355,0.039473684210507336,0.013157894736835778,1.1973684210526054,0.7213114754098361
875,2,0,2,True,0.07225052277394173,0.13190313782599822,0.12903225806451613,0.03333333333331709,0.013333333333326836,0.6933333333333436,0.5737704918032787
875,2,0,2,True,0.06170022851641432,0.11465859261840092,0.3387096774193548,0.03205128205136744,0.012820512820573752,0.5128205128204064,0.7868852459016393
875,0,0,0,True,0.018161097873506196,0.024316095484394087,0.08064516129032258,0.012658227848226756,0.012658227848094573,0.07594936708869962,0.639344262295082
875,7,0,5,False,0.1603926633347427,0.28668362352949267,0.1935483870967742,0.024999999999986946,0.012499999999993473,1.0749999999999609,0.5737704918032787
875,4,0,4,True,0.0971269645297542,0.1770545462756901,0.14516129032258066,0.024691358024743086,0.012345679012339312,0.7283950617284062,0.5409836065573771
875,4,0,4,True,0.10235858613376927,0.18097622130149343,0.1774193548387097,0.024390243902429706,0.012195121951087505,0.6829268292684139,0.5081967213114754
875,0,0,0,True,0.015587816208240112,0.01149324486173369,0.0,0.02499999999999021,0.012499999999995105,0.062499999999975527,0.5737704918032787
875,0,0,0,True,0.01064951904563699,0.014023216780056986,0.0,0.012499999999993473,0.012499999999993473,0.050000000000104426,0.5573770491803278
875,2,0,2,True,0.05366369079321774,0.09959955939393475,0.08064516129032258,0.012345679012340904,0.012345679012211985,0.41975308641971965,0.7049180327868853
875,0,0,0,True,0.014585955749874532,0.012565499055301936,0.0,0.024999999999986946,0.012499999999993473,0.050000000000104426,0.6229508196721312
875,4,1,3,True,0.09316353277550353,0.16518894668057293,0.1774193548387097,0.025000000000117477,0.012500000000124004,0.7749999999995953,0.6885245901639344
875,7,1,5,False,0.13864671549479854,0.24019622031608664,0.27419354838709675,0.03750000000011095,0.024999999999986946,0.8999999999997912,0.5901639344262295
875,0,0,0,True,0.023693295322965845,0.016850688484398364,0.016129032258064516,0.03750000000011095,0.012500000000124004,0.08750000000008484,0.5901639344262295
875,1,0,1,True,0.07291210121579361,0.11999986996710632,0.06451612903225806,0.03164556962030671,0.01265822784822843,0.7721518987342676,0.5409836065573771
875,0,0,0,True,0.014783125075917496,0.012062830541297798,0.0,0.02564102564101191,0.012820512820639833,0.051282051282291574,0.5573770491803278
875,5,0,4,False,0.1387390891801494,0.22958587673105302,0.1935483870967742,0.025316455696192494,0.012658227847964063,1.088607594936806,0.5409836065573771
875,0,0,0,True,0.015118481561911479,0.011538870339270844,0.0,0.024999999999725884,0.012499999999862942,0.0625000000000979,0.5245901639344263
875,1,1,0,True,0.028652241932220213,0.04154364980008366,0.04838709677419355,0.025316455696185798,0.012658227848225083,0.25316455696212237,0.5081967213114754
875,2,0,1,True,0.088954505954587,0.13306195285271055,0.06451612903225806,0.03750000000011095,0.012500000000124004,0.8499999999998172,0.5245901639344263
875,1,1,1,True,0.029877841730262727,0.04793422720004367,0.04838709677419355,0.018749999999924945,0.012499999999862942,0.29999999999984334,0.5245901639344263
875,1,0,1,True,0.06117730738185661,0.10193552895289384,0.04838709677419355,0.025000000000248008,0.012500000000124004,0.6499999999999216,0.5245901639344263
875,3,0,3,True,0.09509872968120288,0.16778946418597374,0.12903225806451613,0.03750000000011095,0.012500000000124004,0.6749999999999087,0.5245901639344263
875,0,0,0,True,0.01755160088331156,0.010225292482827988,0.0,0.03749999999971936,0.012499999999862942,0.0625000000000979,0.4262295081967213
875,0,0,0,True,0.01600004952188619,0.01020140347576006,0.0,0.01875000000006037,0.012499999999866207,0.06250000000011421,0.5081967213114754
876,2,2,2,True,0.09052110650622645,0.13765438433159743,0.4838709677419355,0.06666666666666739,0.03999999999999826,0.46666666666666523,0.6229508196721312
876,3,3,4,True,0.09209662073175749,0.1467148186598901,0.5,0.05999999999999791,0.02666666666667154,0.4800000000000094,0.5737704918032787
876,4,4,2,True,0.11035873229298948,0.16800405739352903,0.5967741935483871,0.0733333333333498,0.03999999999998051,0.7733333333333393,0.5573770491803278
876,4,4,2,True,0.10577075392574961,0.17642262979360948,0.6451612903225806,0.10897435897437485,0.051282051282060724,0.7051282051282094,0.6721311475409836
876,7,7,3,True,0.11007272189128837,0.1778837645832797,0.6774193548387096,0.17499999999996899,0.037499999999982866,0.47500000000004405,0.7049180327868853
876,8,8,2,True,0.09490612617880229,0.16230318578881048,0.7580645161290323,0.15189873417726707,0.05063291139237829,0.29113924050637346,0.819672131147541
876,5,5,4,True,0.09571521859690417,0.1682724871293289,0.7580645161290323,0.1513157894737145,0.06578947368417888,0.4736842105263628,0.8032786885245902
876,4,4,0,True,0.07459933488298845,0.12515773064451943,0.6774193548387096,0.09868421052633704,0.039473684210507336,0.26315789473685297,0.7704918032786885
876,3,3,3,True,0.12404885867706845,0.19137805514714004,0.45161290322580644,0.09333333333332267,0.053333333333307344,0.7600000000000473,0.5573770491803278
876,3,3,2,True,0.08614916199476398,0.15144937528742772,0.6935483870967742,0.15999999999999165,0.053333333333307344,0.26666666666674554,0.7868852459016393
876,1,1,0,True,0.06382532334477536,0.10910482475388653,0.46774193548387094,0.046666666666710294,0.026666666666512583,0.2666666666666574,0.7540983606557377
876,1,1,1,True,0.08240147048830727,0.14048449729704673,0.5806451612903226,0.08108108108118788,0.0270270270271567,0.4594594594594061,0.7049180327868853
876,0,0,0,True,0.07576579871951246,0.06130092443922451,0.4032258064516129,0.1095890410959149,0.05479452054792169,0.2602739726027711,0.6065573770491803
876,2,2,2,False,0.1297410490760711,0.14006136145849304,0.22580645161290322,0.08730158730162677,0.04761904761902394,1.126984126984064,0.47540983606557374
876,3,3,0,True,0.08360748557654088,0.09853490971813703,0.4032258064516129,0.13846153846171272,0.06153846153843188,0.3230769230770887,0.5737704918032787
876,3,3,3,True,0.0823156696698637,0.1086971909995353,0.3870967741935484,0.08783783783785881,0.04054054054051766,0.3783783783783059,0.4918032786885246
876,10,10,8,False,0.1518513774859047,0.24113192232742237,0.7580645161290323,0.1749999999999739,0.07500000000009137,0.8125000000000979,0.6557377049180327
876,7,7,5,False,0.14317833372142005,0.21270668366704662,0.6290322580645161,0.08333333333342259,0.03846153846165174,0.9615384615384821,0.7049180327868853
876,4,4,5,True,0.08761165360486667,0.13878258975433,0.46774193548387094,0.06329113924047286,0.025316455696189146,0.43037974683547986,0.5901639344262295
876,5,5,4,True,0.08655659315664031,0.14028068180671052,0.6612903225806451,0.12179487179495675,0.051282051282164565,0.34615384615410877,0.7377049180327869
876,5,5,3,True,0.09421592495279249,0.16712780451986664,0.6935483870967742,0.11250000000010116,0.050000000000248006,0.36249999999977484,0.8360655737704918
876,6,6,5,True,0.08370838375133642,0.13935796365402447,0.5967741935483871,0.10389610389606163,0.051948051948030816,0.36363636363648694,0.6557377049180327
876,5,5,4,True,0.0816730959884647,0.13917036187062845,0.6129032258064516,0.07792207792191061,0.03896103896088749,0.3376623376624715,0.5901639344262295
876,4,4,2,True,0.09236985880194855,0.14092534656967257,0.4032258064516129,0.06707317073173683,0.036585365853512554,0.5243902439022993,0.5409836065573771
876,6,6,2,True,0.09961469141949056,0.15071710905132324,0.532258064516129,0.0714285714288023,0.03571428571415252,0.5476190476194087,0.6065573770491803
876,6,6,2,True,0.08294751483097582,0.12991403073094768,0.4838709677419355,0.07317073170753449,0.036585365853767246,0.35365853658531304,0.5901639344262295
876,4,4,3,True,0.08596340796632983,0.12952053971147295,0.46774193548387094,0.07228915662658636,0.03614457831310446,0.31325301204824735,0.5737704918032787
876,3,3,2,True,0.11456594054433618,0.17655673317701226,0.6290322580645161,0.1144578313251951,0.036144578313365185,0.4939759036143972,0.6557377049180327
876,4,4,0,True,0.07707639184795814,0.11217693585821761,0.3064516129032258,0.04761904761927257,0.0238095238097606,0.32142857142878456,0.4918032786885246
876,1,1,0,True,0.07823779832155536,0.12826036290163165,0.6451612903225806,0.08124999999989231,0.024999999999986946,0.28749999999998044,0.6721311475409836
876,1,1,5,True,0.10362690549619899,0.15131109883261382,0.7096774193548387,0.1374999999999282,0.06249999999983684,0.41249999999991516,0.639344262295082
876,1,1,0,True,0.07217062564432714,0.08419562058330742,0.27419354838709675,0.08088235294107485,0.044117647058656416,0.32352941176460653,0.5245901639344263
876,6,6,5,False,0.1343878017671361,0.21854642814090988,0.7258064516129032,0.18589743589753716,0.03846153846165174,0.7051282051279614,0.7377049180327869
877,4,4,4,False,0.12750365574639197,0.2006570365031553,0.4838709677419355,0.05555555555555332,0.024691358024692713,0.7160493827160554,0.5573770491803278
877,7,7,8,False,0.15110161218568496,0.23865327013641693,0.5,0.06962025316455665,0.037974683544302126,0.759493670886059,0.4918032786885246
877,4,3,5,True,0.11499965698304562,0.17907435921301496,0.41935483870967744,0.044303797468349726,0.025316455696206924,0.6835443037974713,0.5737704918032787
877,8,8,1,False,0.1740177896679421,0.27166706851428213,0.5483870967741935,0.07926829268293673,0.036585365853672905,0.6097560975609709,0.4918032786885246
877,8,8,0,False,0.19692396781370555,0.27281936559799436,0.6129032258064516,0.07831325301202698,0.036144578313267416,0.6506024096385933,0.4426229508196721
877,8,8,0,False,0.17739628608388014,0.25321451929209904,0.3870967741935484,0.07926829268292333,0.036585365853705906,0.6219512195122363,0.4918032786885246
877,11,11,4,False,0.20297987104141527,0.30362219778351784,0.532258064516129,0.08536585365852493,0.036585365853703575,0.621951219512133,0.5081967213114754
877,18,18,0,False,0.2775637749593559,0.4545449051689384,0.6451612903225806,0.5178571428571662,0.023809523809575607,0.5714285714286336,0.5081967213114754
877,9,9,1,False,0.19972205743356045,0.3164806529486205,0.4838709677419355,0.0722891566265371,0.0361445783133,0.6024096385542661,0.4918032786885246
877,3,3,1,True,0.059600979432307785,0.08597700834404863,0.3548387096774194,0.04999999999997389,0.024999999999986946,0.31249999999996736,0.5081967213114754
877,6,6,0,True,0.09062219057583569,0.12944750051010345,0.43548387096774194,0.07228915662646965,0.036144578313234824,0.49397590361446087,0.4918032786885246
877,5,5,0,True,0.06952477383805575,0.09837282281079456,0.43548387096774194,0.056250000000035896,0.025000000000117477,0.3250000000000914,0.5737704918032787
877,6,6,1,False,0.13341647987213348,0.1790231090554053,0.41935483870967744,0.07499999999996083,0.03749999999998042,0.6374999999999282,0.5245901639344263
877,13,13,7,False,0.2056256185102736,0.33729400410134364,0.7258064516129032,0.13750000000005874,0.050000000000104426,0.6250000000000653,0.7213114754098361
877,11,11,7,False,0.18096821616957762,0.2866578069012824,0.5967741935483871,0.10126582278475658,0.05063291139237829,0.6582278481011822,0.5573770491803278
877,10,10,5,False,0.15394953685039744,0.22036846045297936,0.5806451612903226,0.07926829268295013,0.0365853658536399,0.6829268292681995,0.5901639344262295
877,3,3,1,True,0.0846297869181929,0.12261561350386843,0.4032258064516129,0.04819277108443891,0.024096385542156547,0.45783132530122606,0.5081967213114754
877,3,3,1,True,0.06693103549951637,0.10361972902993374,0.46774193548387094,0.05000000000011095,0.02499999999999021,0.33749999999999836,0.5573770491803278
877,5,5,2,False,0.13457287547015961,0.19449103167689644,0.2903225806451613,0.06875000000003835,0.037499999999985316,1.2000000000001827,0.6065573770491803
877,3,3,0,True,0.12082680463157443,0.14446708680059564,0.532258064516129,0.1058823529412603,0.047058823529394424,0.6235294117650904,0.6557377049180327
877,2,2,1,True,0.06460218298870865,0.09930846214602985,0.43548387096774194,0.05882352941174303,0.023529411764942915,0.3529411764707039,0.5901639344262295
877,0,0,0,True,0.04801588940456828,0.07509575507263568,0.43548387096774194,0.06547619047609576,0.03571428571414364,0.27380952380951196,0.639344262295082
877,1,1,0,True,0.07166539234527922,0.09082959617757336,0.27419354838709675,0.058823529411988734,0.035294117646922966,0.4823529411766614,0.6229508196721312
877,3,3,2,False,0.14803912505046213,0.20295102902486342,0.532258064516129,0.0975609756097064,0.0487804878048532,0.6341463414633463,0.5901639344262295
877,7,7,5,False,0.1475310939228457,0.20659320464593947,0.5483870967741935,0.08124999999991353,0.03750000000012074,0.6750000000000849,0.639344262295082
877,3,3,1,True,0.11953230254907524,0.16539147383613634,0.4838709677419355,0.08720930232547833,0.03488372093033704,0.651162790697601,0.6229508196721312
877,2,2,1,True,0.05575407182798018,0.07989982369354373,0.3064516129032258,0.0487804878048532,0.0243902439024266,0.28048780487828795,0.4918032786885246
877,8,8,4,True,0.10316446427022523,0.14919082754280727,0.5645161290322581,0.09999999999981726,0.04999999999997389,0.500000000000261,0.6557377049180327
877,2,2,1,True,0.05457240006525163,0.07740621026164857,0.3064516129032258,0.052941176470753,0.023529411764942915,0.30588235294130944,0.5737704918032787
877,3,3,1,True,0.07767745521296128,0.10363031802132366,0.22580645161290322,0.06470588235297875,0.035294117646922966,0.5058823529408671,0.4426229508196721
877,20,20,18,False,0.2815642318663085,0.5021256941567791,0.7903225806451613,0.5304878048780969,0.0975609756097064,0.756097560975734,0.7540983606557377
878,15,4,13,False,0.26708483308348646,0.4534966085459859,0.6612903225806451,0.3881578947368437,0.1842105263157923,1.2631578947368491,0.6721311475409836
878,20,1,19,False,0.3290806141044858,0.54922949080804,0.9354838709677419,0.707070707070705,0.252525252525248,0.9393939393939426,0.6557377049180327
878,15,2,14,False,0.2764355928149314,0.44179377093403505,0.7580645161290323,0.23636363636364283,0.11818181818183328,0.7909090909090952,0.5901639344262295
878,16,0,15,False,0.30137946538816446,0.4878647818476653,0.9516129032258065,0.48598130841122145,0.1775700934579348,0.8130841121495461,0.5737704918032787
878,13,1,13,False,0.2148882074069866,0.3689046658820918,0.6290322580645161,0.25609756097560665,0.1097560975609197,0.8536585365853131,0.639344262295082
878,7,2,7,False,0.14387775151503115,0.25239837252380815,0.3870967741935484,0.0696202531645532,0.02531645569625524,0.7215189873417212,0.639344262295082
878,4,2,4,True,0.12598106631827158,0.21294988241021828,0.3225806451612903,0.04999999999997716,0.02499999999998858,0.9124999999999747,0.5737704918032787
878,3,2,2,True,0.1083190869037536,0.15719959891891763,0.14516129032258066,0.07692307692310782,0.038461538461520436,0.8974358974358116,0.47540983606557374
878,7,4,6,False,0.1847134428174463,0.3047635603288581,0.4032258064516129,0.0649350649350341,0.025974025974013645,1.0259740259740815,0.5737704918032787
878,1,0,0,True,0.06927196506524438,0.0697217385699785,0.0967741935483871,0.027027027026941215,0.013513513513505885,0.6351351351351999,0.639344262295082
878,3,3,2,True,0.11832126438762061,0.1368483146182535,0.14516129032258066,0.1463414634145596,0.0731707317072798,0.621951219512133,0.5245901639344263
878,3,2,4,True,0.10681457608743654,0.16686087984529813,0.24193548387096775,0.0930232558139083,0.04651162790695415,0.7093023255814151,0.5737704918032787
878,6,2,5,False,0.1443237501195427,0.2411204863250834,0.3387096774193548,0.07865168539322151,0.044943820224698006,0.7865168539325671,0.45901639344262296
878,17,6,11,False,0.21750919734301088,0.3534434209625059,0.5645161290322581,0.17816091954020435,0.09195402298858163,0.9540229885057692,0.639344262295082
878,11,0,11,False,0.20411866958152997,0.3436454261226227,0.5645161290322581,0.1931818181817629,0.10227272727266659,0.7727272727270516,0.5737704918032787
878,9,3,8,False,0.17860806681886335,0.2903499737875084,0.5161290322580645,0.15060240963854132,0.07228915662646965,0.963855421686891,0.5737704918032787
878,2,2,2,True,0.07099217163230659,0.09769991403302761,0.16129032258064516,0.06024096385539137,0.036144578313234824,0.4698795180723043,0.5245901639344263
878,13,3,13,False,0.2119977721321507,0.3588611486010405,0.6774193548387096,0.16470588235312617,0.08235294117631739,0.7764705882354993,0.6557377049180327
878,8,3,8,False,0.17884468514596266,0.30040196748581416,0.3709677419354839,0.07142857142853591,0.04761904761902394,0.8690476190478085,0.5081967213114754
878,11,1,11,False,0.20419142174559368,0.34981161068656547,0.6129032258064516,0.14204545454544645,0.06818181818178581,0.784090909090893,0.6065573770491803
878,12,2,8,False,0.2228703820538528,0.3494169992135835,0.5645161290322581,0.11931818181818452,0.06818181818178581,0.8863636363636903,0.5737704918032787
878,19,2,17,False,0.2640346778321602,0.4583022823741324,0.9032258064516129,0.4838709677417725,0.13978494623639978,0.7849462365592123,0.6721311475409836
878,5,0,5,False,0.14717033291799866,0.25489131675043813,0.2903225806451613,0.0487804878048532,0.0243902439024266,0.7926829268295013,0.5573770491803278
878,19,3,17,False,0.25224945299558466,0.4319940916493766,0.8064516129032258,0.44642857142878456,0.21428571428585635,0.75,0.6885245901639344
878,17,4,17,False,0.23869700360102003,0.42371394207905744,0.7903225806451613,0.4069767441862131,0.22093023255815367,0.7790697674418463,0.6885245901639344
878,11,2,10,False,0.17906539216599154,0.3127676887042102,0.5483870967741935,0.08720930232559974,0.04651162790695415,0.8139534883721834,0.6721311475409836
878,14,3,13,False,0.21499123769123457,0.37156024220911393,0.6935483870967742,0.2647058823530279,0.1294117647059575,0.7764705882352536,0.6065573770491803
878,5,0,5,False,0.13419481377696524,0.22001399574523092,0.2903225806451613,0.05421686747004777,0.024096385542411204,0.7951807228917693,0.5737704918032787
878,20,0,20,False,0.2681205877548609,0.46000373417731893,0.9516129032258065,0.5689655172412179,0.2298850574711264,0.7471264367815209,0.6557377049180327
879,28,0,28,False,0.23662863767734268,0.46336252032511727,0.9354838709677419,0.4594594594594573,0.229729729729727,0.8513513513513529,0.9508196721311475
879,17,1,16,False,0.19493036452563337,0.35830022164269903,0.6290322580645161,0.2894736842105331,0.10526315789472057,0.7631578947368186,0.639344262295082
879,30,0,29,False,0.2669858109733334,0.5207812431948836,0.967741935483871,0.4932432432432554,0.25675675675677107,0.7567567567567535,0.9672131147540983
879,28,1,28,False,0.2424594232622579,0.45365986951290854,0.9516129032258065,0.4041095890411047,0.21917808219178622,0.7945205479452295,0.9508196721311475
879,28,0,26,False,0.2554010305989745,0.4789894327320055,0.9354838709677419,0.4599999999999847,0.24000000000002228,0.866666666666662,0.8524590163934426
879,27,0,28,False,0.24265506109946788,0.4633448421928949,0.967741935483871,0.4589041095890259,0.2328767123287936,0.7808219178082574,0.9508196721311475
879,30,0,29,False,0.2695623732054728,0.5309245442174932,0.9516129032258065,0.5,0.2750000000000049,0.750000000000049,0.9508196721311475
879,29,1,28,False,0.26703961472208704,0.5175685194491454,0.9516129032258065,0.49315068493151026,0.2602739726027525,0.8082191780822163,0.9836065573770492
879,26,1,25,False,0.24004408229649415,0.47051170642300955,0.8225806451612904,0.46575342465754893,0.23287671232873872,0.7945205479452937,0.8852459016393442
879,32,1,2,False,0.22440346293114372,0.44354826639822303,1.0,0.5,0.1607142857143823,0.7499999999999534,1.0
879,4,0,4,True,0.08262523383389263,0.1356342789649569,0.22580645161290322,0.06164383561633156,0.027397260274099975,0.49315068493151076,0.7049180327868853
879,3,2,3,False,0.13025037217236607,0.21028695083761287,0.24193548387096775,0.09333333333321174,0.040000000000116956,1.0399999999998384,0.639344262295082
879,8,3,8,False,0.19447549964265387,0.32794728629850184,0.46774193548387094,0.10759493670888419,0.05063291139251717,1.0253164556963246,0.5901639344262295
879,15,2,15,False,0.26110775587384527,0.45263002163183996,0.7419354838709677,0.29761904761918523,0.19047619047636807,1.0595238095239117,0.639344262295082
879,21,4,20,False,0.27688669910711694,0.4854849996152938,0.8870967741935484,0.5287356321838943,0.26436781609194715,0.9080459770115384,0.7377049180327869
879,13,2,13,False,0.22724331873001075,0.39695038455077,0.6935483870967742,0.13529411764699234,0.0588235294117358,0.8235294117647926,0.5901639344262295
879,15,3,14,False,0.24832746360005692,0.40899310422675045,0.7741935483870968,0.17647058823526882,0.09411764705877727,1.1176470588233487,0.6885245901639344
879,17,2,17,False,0.25363905685465926,0.43393060484450385,0.8225806451612904,0.38333333333327146,0.15555555555548337,0.9111111111111524,0.6885245901639344
879,19,2,18,False,0.27930077580800017,0.4816204691640424,0.9193548387096774,0.5505617977527852,0.25842696629213086,1.1011235955058052,0.7049180327868853
879,15,2,15,False,0.2538999059299647,0.4342037791014905,0.7419354838709677,0.3068181818182735,0.2159090909091071,1.0227272727270247,0.639344262295082
879,18,3,17,False,0.2596980169173087,0.4480200380038224,0.8709677419354839,0.5280898876403743,0.2696629213481564,0.8202247191012291,0.6557377049180327
879,17,2,15,False,0.2605160322547533,0.4366190582929309,0.8387096774193549,0.40909090909095225,0.24999999999988134,1.0454545454547612,0.6721311475409836
879,18,3,17,False,0.2582553571567931,0.4482305008203051,0.8870967741935484,0.5000000000002374,0.2613636363638683,0.8977272727274399,0.7213114754098361
879,7,2,7,False,0.19635152186337287,0.31725428325059113,0.3387096774193548,0.15432098765428598,0.08641975308623513,1.0246913580246755,0.5409836065573771
879,9,1,8,False,0.15806405102299656,0.2849977667634554,0.3709677419354839,0.047297297297341154,0.02702702702701177,0.8378378378376471,0.5901639344262295
879,28,0,26,False,0.25476244557139294,0.4981468366213158,0.8709677419354839,0.5202702702703293,0.27027027027011774,0.6621621621622118,0.9016393442622951
879,28,0,28,False,0.2573484564249858,0.5055687029628051,0.9193548387096774,0.5064102564103217,0.24358974359008,0.6794871794873992,0.9508196721311475
879,13,1,13,False,0.1854239518512199,0.34354590612148067,0.46774193548387094,0.13157894736834874,0.06578947368431178,0.8157894736843118,0.6885245901639344
879,26,1,25,False,0.2747576144982856,0.5102778047443614,0.8870967741935484,0.5071428571427804,0.24285714285692123,0.97142857142858,0.8688524590163934
879,6,2,5,False,0.15586543119085988,0.25715789082085,0.3225806451612903,0.08000000000024506,0.04000000000012253,1.1200000000000891,0.47540983606557374
879,9,2,8,False,0.1897400366757092,0.3277989859188627,0.46774193548387094,0.08860759493627718,0.03797468354442092,0.8860759493670016,0.6557377049180327
879,6,4,6,False,0.15812870675570553,0.275105867765659,0.3387096774193548,0.0379746835442787,0.025316455695921433,1.1012658227847432,0.6065573770491803
880,9,8,7,False,0.13917621503232833,0.24308846407599197,0.6129032258064516,0.08510638297872458,0.04255319148935882,0.6170212765957498,0.7540983606557377
880,9,9,8,True,0.12260271459868807,0.2119095629966261,0.5161290322580645,0.04347826086956553,0.02173913043478631,0.5000000000000142,0.6885245901639344
880,11,9,11,False,0.14499189221457387,0.2493005003782737,0.6774193548387096,0.13829787234039806,0.0638297872340662,0.5744680851063457,0.6721311475409836
880,8,4,7,True,0.12197273530916775,0.21015052596372047,0.45161290322580644,0.04347826086954425,0.021739130434772123,0.5434782608695584,0.6721311475409836
880,10,7,7,True,0.12521608270200874,0.21454950225157807,0.5806451612903226,0.04255319148939834,0.021276595744671396,0.5319148936170627,0.6557377049180327
880,12,9,10,False,0.1483733933945456,0.24685027152401984,0.6451612903225806,0.11956521739130004,0.06521739130431452,0.5869565217391144,0.7213114754098361
880,7,5,7,True,0.1259202754632876,0.2059959924578079,0.5,0.04255319148939597,0.02127659574472576,0.574468085106318,0.5409836065573771
880,11,7,6,True,0.12702619493425307,0.22534261133851696,0.5967741935483871,0.09574468085104906,0.04255319148939834,0.5319148936170071,0.6885245901639344
880,10,5,9,False,0.12892366933640312,0.2313639700039371,0.6451612903225806,0.08510638297879668,0.042553191489453884,0.5319148936171182,0.7049180327868853
880,10,8,5,True,0.11668178167127627,0.19751114442739684,0.46774193548387094,0.05319148936172813,0.021276595744780122,0.5957446808510662,0.6885245901639344
880,16,7,12,False,0.15936797426793448,0.2615583078235058,0.6290322580645161,0.18478260869573854,0.08695652173920446,0.7173913043478409,0.5737704918032787
880,11,8,8,True,0.12538555438167417,0.20160753238786566,0.5161290322580645,0.04347826086965405,0.021739130434883777,0.521739130434827,0.6065573770491803
880,10,6,6,True,0.11638330008144283,0.20166872699638963,0.5161290322580645,0.05319148936178958,0.021276595744671396,0.5319148936170071,0.6721311475409836
880,10,6,5,True,0.11798012794095679,0.19366852576905197,0.46774193548387094,0.042553191489453884,0.021276595744671396,0.5957446808511324,0.6721311475409836
880,14,7,8,False,0.1334318908717067,0.21974634630948536,0.6451612903225806,0.11702127659569268,0.0638297872340142,0.6170212765956927,0.6229508196721312
880,7,6,5,True,0.10278717262785318,0.18282267835388294,0.3870967741935484,0.022222222222327937,0.02222222222221191,0.511111111111106,0.5737704918032787
880,13,7,8,False,0.1364691577927253,0.2391116682003806,0.5483870967741935,0.07446808510634989,0.04255319148934279,0.5319148936172293,0.6065573770491803
880,1,1,1,True,0.04958550153611956,0.0864775523172139,0.0967741935483871,0.021276595744671396,2.221798801675829e-13,0.4893617021274421,0.22950819672131148
880,8,5,7,True,0.11514043641772587,0.207475501429658,0.41935483870967744,0.021739130434772738,0.021739130434772738,0.5434782608697725,0.5737704918032787
880,4,3,3,True,0.08235139491653688,0.14288775246040955,0.1935483870967742,0.010638297872335698,2.221798801675829e-13,0.5744680851065721,0.4262295081967213
880,11,5,6,True,0.11642867018479412,0.21380561406903614,0.5161290322580645,0.07777777777774168,0.04444444444442382,0.5555555555557619,0.6721311475409836
880,7,5,8,True,0.12003496214477113,0.2147800033727302,0.46774193548387094,0.04347826086965898,0.021739130434772738,0.5652173913043183,0.5901639344262295
880,8,6,7,True,0.11888921670783141,0.2137569346761177,0.41935483870967744,0.04255319148934279,0.021276595744671396,0.5319148936172293,0.6229508196721312
880,3,1,2,True,0.056372609925498085,0.0970298152344443,0.11290322580645161,0.021276595744782488,0.021276595744449216,0.46808510638277073,0.5737704918032787
880,8,5,6,True,0.1134046680592337,0.20754447305044538,0.41935483870967744,0.04255319148934279,0.021276595744671396,0.5531914893619007,0.6229508196721312
880,6,4,4,True,0.09642238100446508,0.1746781979406633,0.3387096774193548,0.021276595744671396,0.021276595744671396,0.5531914893619007,0.5245901639344263
880,8,5,7,True,0.11923427310967846,0.2148472215179733,0.4032258064516129,0.04255319148934279,0.021276595744671396,0.5957446808510213,0.6229508196721312
880,9,5,7,True,0.1152725384367569,0.21341760473173615,0.41935483870967744,0.021739130434886244,0.021739130434772738,0.5652173913045452,0.5737704918032787
880,4,3,4,True,0.08078116339729315,0.14573078901729664,0.20967741935483872,0.021276595744671396,2.221798801675829e-13,0.4680851063829929,0.4918032786885246
880,4,2,4,True,0.0981963372830941,0.17978756920772362,0.25806451612903225,0.020833333333433044,0.02083333333332427,0.5625000000001904,0.5245901639344263
880,7,4,5,True,0.09539232260977618,0.1699352196398112,0.3225806451612903,0.021276595744671396,0.021276595744671396,0.5106382978721136,0.45901639344262296
880,9,6,6,True,0.1126725215155356,0.1975387453694561,0.4838709677419355,0.04255319148935225,0.021276595744453945,0.5319148936173475,0.6065573770491803
880,9,5,7,True,0.12553836502857615,0.2160575453445438,0.4838709677419355,0.04255319148955552,0.02127659574488885,0.5744680851062223,0.6557377049180327
880,4,1,3,True,0.07382557588663378,0.1293436283228123,0.1935483870967742,4.443597603350671e-13,4.443597603350671e-13,0.5106382978720001,0.639344262295082
880,7,4,5,True,0.10109812503688798,0.18202825762399522,0.3548387096774194,0.02127659574488885,0.02127659574444449,0.5106382978724444,0.6557377049180327
880,5,4,3,True,0.08767306683974702,0.15660632461618942,0.2903225806451613,0.021276595744898305,0.021276595744453945,0.5319148936171253,0.6557377049180327
880,6,4,3,True,0.0893796379385322,0.15448576404620182,0.3225806451612903,0.02127659574488885,0.02127659574444449,0.5319148936168889,0.7213114754098361
880,15,6,5,True,0.12437528565441645,0.22124532577724157,0.5645161290322581,0.07446808510625534,0.04255319148890789,0.5319148936171253,0.7213114754098361
880,9,7,6,True,0.11898069970209948,0.2121723185615977,0.3709677419354839,0.03191489361711109,0.02127659574444449,0.5531914893617778,0.6885245901639344
880,5,1,2,True,0.07353371434104403,0.1316920482660027,0.20967741935483872,0.021276595744898305,0.021276595744453945,0.5106382978717826,0.5081967213114754
880,6,4,5,True,0.09945896100043101,0.17350699706747613,0.25806451612903225,0.021739130434999747,0.021739130434545728,0.5217391304345458,0.4262295081967213
880,6,5,5,True,0.0986070247329678,0.1721088875874112,0.3064516129032258,0.043478260869545475,0.021739130434545728,0.5652173913045452,0.6721311475409836
880,3,1,2,True,0.06694178085852794,0.10821382576785997,0.1774193548387097,0.021739130434999747,0.021739130434545728,0.499999999999546,0.5409836065573771
880,6,4,5,True,0.09495994196413585,0.1697302483354796,0.3225806451612903,0.021739130434999747,0.021739130434545728,0.5217391304345458,0.5245901639344263
880,0,0,0,True,0.011068483853471457,0.01732973209621206,0.0,0.021739130434545728,0.0,0.043478260869999494,0.4098360655737705
880,2,2,1,True,0.057863190122365384,0.09887020694425667,0.06451612903225806,4.443597603350671e-13,4.443597603350671e-13,0.5957446808506668,0.639344262295082
880,0,0,0,True,0.010047465616508192,0.014610629606187397,0.0,4.4435976033526455e-13,4.4435976033526455e-13,0.04255319148935225,0.6721311475409836
880,2,0,1,True,0.06160576131102358,0.11147907436103938,0.14516129032258066,0.010638297872671332,4.4435976033526455e-13,0.5319148936175696,0.639344262295082
880,7,6,4,True,0.09944328077770143,0.1699594935990925,0.3225806451612903,0.043478260869091456,0.021739130434545728,0.586956521739091,0.639344262295082
880,0,0,0,True,0.014864830966823391,0.022730470514155696,0.04838709677419355,0.021276595744676125,4.4435976033526455e-13,0.1063829787236028,0.6229508196721312
880,5,3,2,True,0.07734293833084228,0.14342255787332583,0.25806451612903225,0.021739130434999747,0.021739130434545728,0.5434782608695454,0.6065573770491803
880,4,3,3,True,0.08309450117866064,0.15332372295327484,0.24193548387096775,0.021739130434999747,0.021739130434545728,0.5434782608695454,0.7049180327868853
880,1,0,0,True,0.045321883699282084,0.06627348092394697,0.06451612903225806,0.021276595744898305,0.021276595744009585,0.3829787234046146,0.6557377049180327
880,5,3,4,True,0.09967483247732094,0.16967328384312408,0.24193548387096775,0.021276595744898305,0.021276595744453945,0.5744680851064775,0.639344262295082
881,34,16,12,False,0.34218683829059676,0.49260645664113356,0.9838709677419355,0.5234374999999978,0.2656249999999983,1.2656249999999958,0.7704918032786885
881,35,24,11,False,0.37188030730752986,0.6571975766560497,0.9516129032258065,0.9385964912280768,0.1754385964912353,1.2280701754386014,0.9016393442622951
881,10,9,1,False,0.14121322164629269,0.19475273613305927,0.532258064516129,0.1323529411764768,0.058823529411795195,0.867647058823552,0.7049180327868853
881,14,6,6,False,0.15461301334555988,0.21532713468807688,0.6129032258064516,0.1250000000000192,0.058823529411775995,0.7205882352940928,0.5737704918032787
881,31,25,20,False,0.34187199011449365,0.6343392854706481,0.9516129032258065,0.8188405797101205,0.2753623188405956,1.0724637681159441,0.9180327868852459
881,28,22,18,False,0.24189970210484074,0.4624401019404377,0.9516129032258065,0.37654320987650225,0.2098765432098463,0.8271604938272062,0.9016393442622951
881,20,12,9,False,0.15692840794829957,0.2370591534764082,0.7580645161290323,0.16233766233768698,0.09090909090904775,0.7272727272726534,0.7377049180327869
881,32,27,14,False,0.3100214717495774,0.5591523086770396,0.9838709677419355,0.6691176470588608,0.2794117647058304,1.0441176470588032,0.8852459016393442
881,33,26,24,False,0.3347080326894671,0.6325245344943001,1.0,0.7464788732395117,0.29577464788734054,1.1690140845070411,0.9672131147540983
881,25,4,7,False,0.2682449276601316,0.3642374705749483,0.7741935483870968,0.3904109589040851,0.10958904109584339,0.9863013698630911,0.6065573770491803
881,32,26,26,False,0.36759789469862364,0.6557862623662337,1.0,0.7297297297298089,0.32432432432425756,1.527027027027086,0.9508196721311475
881,32,22,15,False,0.26510676784116516,0.47234946989935317,0.9838709677419355,0.45205479452064007,0.23287671232881024,1.0136986301369804,0.9344262295081968
881,33,23,27,False,0.38204491713630107,0.7369115143624921,1.0,0.9230769230771084,0.3230769230768193,1.1230769230772049,0.9836065573770492
881,33,27,15,False,0.34943224821475305,0.6648920240815619,1.0,0.8174603174604083,0.2380952380951197,1.1746031746030878,0.9672131147540983
881,32,31,5,False,0.30609002582314054,0.5934505028929984,0.967741935483871,0.7704918032787671,0.19672131147534247,1.0983606557378425,0.9836065573770492
881,30,27,6,False,0.19982866534818355,0.3560810484241964,1.0,0.36619718309852317,0.18309859154918806,0.7746478873237821,0.9508196721311475
881,8,3,3,False,0.1335658197127965,0.17671788334528293,0.4838709677419355,0.08620689655167757,0.034482758620851074,0.6551724137932897,0.5409836065573771
881,18,13,4,False,0.13978060275693402,0.1997691906767847,0.6451612903225806,0.16935483870967605,0.08064516129045025,0.709677419354817,0.6885245901639344
881,29,23,21,False,0.31494018524374395,0.5734703334022391,0.967741935483871,0.7042253521125124,0.2676056338028459,0.9718309859155054,0.8852459016393442
881,33,26,23,False,0.34402437614630027,0.6632204237552128,0.9838709677419355,0.8188405797102272,0.3043478260869697,0.9855072463768182,0.9836065573770492
881,26,10,6,False,0.2734903700845954,0.34078313198486254,0.7258064516129032,0.4846153846152314,0.16923076923084832,0.8923076923077442,0.5737704918032787
881,27,23,15,False,0.3158454905842928,0.5627657158046684,0.8709677419354839,0.6521739130434848,0.2753623188403034,1.333333333333636,0.8688524590163934
881,32,25,19,False,0.341025298988214,0.6024772652903946,1.0,0.6690140845071147,0.29577464788734054,1.26760563380314,0.9344262295081968
881,15,4,6,False,0.2119479719782539,0.26977776562901945,0.7580645161290323,0.1891891891892235,0.05405405405402354,0.8108108108106353,0.7213114754098361
881,27,17,5,False,0.20570566033941115,0.29478015365542276,0.8870967741935484,0.18493150684959334,0.10958904109584339,0.8630136986301957,0.8360655737704918
881,19,7,7,False,0.20357221731160086,0.30625450468955934,0.7419354838709677,0.1986301369861446,0.08219178082216863,0.8630136986301957,0.7049180327868853
881,22,11,3,False,0.19433483905003024,0.2593719439959069,0.8870967741935484,0.18749999999967368,0.09722222222202079,0.9305555555551608,0.7540983606557377
881,31,24,10,False,0.241179375849149,0.41316351655027606,0.967741935483871,0.37142857142849894,0.19999999999988066,1.0,0.9508196721311475
881,29,17,2,False,0.21353166707178425,0.2672932018410986,0.9354838709677419,0.18055555555574088,0.09722222222231085,0.8333333333337201,0.8852459016393442
881,13,2,3,False,0.18047022123045933,0.22927665851812754,0.6290322580645161,0.0763888888889171,0.04166666666649746,0.7083333333330675,0.7868852459016393
881,21,11,4,False,0.15166110928608656,0.20931020971005523,0.6774193548387096,0.15714285714276338,0.07142857142837963,0.7428571428572963,0.6885245901639344
881,27,14,2,False,0.23891198679845327,0.30527214557574484,0.9193548387096774,0.1901408450702651,0.09859154929558407,0.8169014084503438,0.8688524590163934
881,30,24,5,False,0.24021601444139057,0.37657660047571984,0.967741935483871,0.3358208955224648,0.23880597014914207,1.1343283582090482,0.9344262295081968
881,29,20,5,False,0.22806645774667766,0.3348374110452304,0.967741935483871,0.2430555555556321,0.1388888888890984,0.9999999999997099,0.9016393442622951
881,34,19,8,False,0.25308217997778876,0.3617065936776833,0.967741935483871,0.3623188405798483,0.1884057971015151,0.9130434782612117,0.8360655737704918
882,1,1,1,True,0.07577438117138885,0.11297933738700108,0.06451612903225806,0.02631578947368294,0.0131578947368412,0.763157894736839,0.6721311475409836
882,4,4,4,False,0.13272941380885656,0.204559676042057,0.22580645161290322,0.08125000000000643,0.03749999999999857,0.8250000000000175,0.5245901639344263
882,1,1,1,True,0.07811473220217571,0.12578492357013893,0.04838709677419355,0.012820512820523119,0.01282051282048965,0.8333333333333166,0.7049180327868853
882,1,1,1,True,0.06156334008400362,0.09406835755759715,0.08064516129032258,0.025641025641013625,0.012820512820506813,0.6282051282051351,0.7049180327868853
882,2,2,2,True,0.11065454430460617,0.17128631787070092,0.14516129032258066,0.02564102564101277,0.012820512820506384,0.8461538461538565,0.5737704918032787
882,1,0,1,True,0.071207459810778,0.12072830284696755,0.04838709677419355,0.012500000000026922,0.01249999999999429,0.7750000000000375,0.6065573770491803
882,2,2,2,True,0.10402519514037252,0.159877949298326,0.11290322580645161,0.037500000000048134,0.012500000000059555,0.8125000000000204,0.7213114754098361
882,0,0,0,True,0.015436816658375367,0.02505629687319575,0.0,0.024999999999954316,0.012499999999993473,0.06250000000003263,0.7213114754098361
882,2,2,2,True,0.10905939504265004,0.1702206469932857,0.11290322580645161,0.03048780487803325,0.012195121951276974,0.8414634146340361,0.7704918032786885
882,0,0,0,True,0.016660490292254283,0.02823895994622884,0.016129032258064516,0.024096385542093642,0.012048192771078273,0.07228915662653256,0.7213114754098361
882,1,1,1,True,0.07052966964822015,0.10861921812362206,0.0967741935483871,0.02380952380951197,0.011904761904755985,0.7261904761906124,0.5409836065573771
882,1,1,1,True,0.06374057772854078,0.09762490073179059,0.08064516129032258,0.029069767441846348,0.011627906976738538,0.651162790697601,0.6065573770491803
882,1,1,1,True,0.07780849573136016,0.11949008500772496,0.06451612903225806,0.03529411764704148,0.011764705882470012,0.7999999999998526,0.6065573770491803
882,1,1,1,True,0.07487126702043645,0.11680564633884435,0.06451612903225806,0.0229885057471154,0.0114942528735577,0.7701149425286059,0.5409836065573771
882,5,2,4,False,0.18482818652774868,0.31000921236194917,0.20967741935483872,0.06741573033704701,0.033707865168523504,1.2022471910112584,0.45901639344262296
882,2,2,2,True,0.09387767361853104,0.14692129540318777,0.12903225806451613,0.0344827586206731,0.0114942528735577,0.7471264367816106,0.4918032786885246
882,3,2,2,True,0.11303626026844762,0.15589651514329317,0.11290322580645161,0.058139534883692695,0.03488372093021561,0.7558139534883692,0.5409836065573771
882,0,0,0,True,0.025467267246656714,0.02334384266971008,0.0,0.036144578313234824,0.012048192771078273,0.10843373493983027,0.5245901639344263
882,0,0,0,True,0.01874404339540655,0.02453725433333821,0.016129032258064516,0.02380952380951197,0.0119047619048803,0.0833333333334162,0.7049180327868853
882,2,2,2,True,0.09922890841832661,0.15137436919583655,0.14516129032258066,0.035294117647168666,0.023529411764697212,0.7529411764708022,0.639344262295082
882,0,0,0,True,0.014247920803582188,0.02374178489068238,0.0,0.012048192771331415,0.012048192770953977,0.060240963855524764,0.7704918032786885
882,2,2,2,True,0.09934003686674098,0.15427252736911556,0.12903225806451613,0.02352941176482006,0.011764705882471457,0.7882352941177251,0.6065573770491803
882,1,1,1,True,0.07201052072112321,0.10829107811618191,0.06451612903225806,0.03614457831311356,0.012048192771205602,0.7228915662647873,0.6721311475409836
882,4,4,4,True,0.12662391236426573,0.19812979184086343,0.22580645161290322,0.05813953488357127,0.03488372093009419,0.8255813953490434,0.4918032786885246
882,1,1,1,True,0.07413611997521027,0.11694934199960566,0.08064516129032258,0.03571428571414364,0.0119047619048803,0.7738095238092634,0.6721311475409836
882,3,3,3,True,0.12627281389253522,0.20275516621887732,0.16129032258064516,0.041176470588271424,0.02352941176469143,0.7999999999997542,0.5245901639344263
882,0,0,0,True,0.014577357208080401,0.024298585389937653,0.0,0.02380952380951197,0.01190476190463167,0.05952380952390424,0.6885245901639344
882,4,4,4,False,0.143842803290315,0.22956028170869708,0.25806451612903225,0.04651162790695415,0.023255813953477075,0.8255813953488005,0.6721311475409836
882,0,0,0,True,0.019255547207869605,0.025830349971539303,0.03225806451612903,0.02352941176469143,0.011764705882468567,0.09411764705876571,0.6885245901639344
882,1,1,1,True,0.07578698445135776,0.11686708877426868,0.08064516129032258,0.02352941176469143,0.011764705882222863,0.7764705882350629,0.7540983606557377
883,2,2,2,True,0.10143917884579252,0.1639492287090308,0.12903225806451613,0.023255813953490533,0.011627906976746216,0.837209302325581,0.6721311475409836
883,2,2,1,True,0.09218775658021193,0.12737175146715388,0.0967741935483871,0.023255813953492608,0.011627906976738715,0.7906976744185968,0.6885245901639344
883,1,1,1,True,0.07252027313010612,0.1076089919354158,0.06451612903225806,0.0344827586206731,0.011494252873572704,0.7241379310345252,0.6229508196721312
883,3,2,2,False,0.13983233169065076,0.19623357070946953,0.14516129032258066,0.04069767441861524,0.023255813953477075,1.1976744186046766,0.7213114754098361
883,2,2,2,True,0.09642761668738925,0.1484036990113045,0.12903225806451613,0.022727272727321272,0.011363636363660636,0.761363636363631,0.6885245901639344
883,3,0,0,True,0.0918871817129726,0.053208793362364774,0.06451612903225806,0.023255813953477075,0.011627906976738538,0.48837209302326146,0.6065573770491803
883,1,0,1,True,0.07517492427263288,0.11082634037624559,0.04838709677419355,0.03448275862073311,0.0229885057471154,0.7586206896552283,0.6557377049180327
883,1,1,1,True,0.08206926093085581,0.12098681416192757,0.06451612903225806,0.05882352941173941,0.02352941176475719,0.7999999999999632,0.6229508196721312
883,2,2,2,True,0.09922479094804484,0.15463860962531728,0.0967741935483871,0.03529411764704148,0.02352941176469432,0.7529411764705868,0.5245901639344263
883,1,1,1,True,0.07435135427839971,0.11384306559038795,0.04838709677419355,0.0344827586206731,0.0229885057471154,0.7586206896552883,0.5081967213114754
883,2,2,2,True,0.1010206939529941,0.1607041978622847,0.11290322580645161,0.03409090909089291,0.011363636363630969,0.7613636363637496,0.5901639344262295
883,0,0,0,True,0.020930046564860756,0.024315813425716117,0.0,0.023809523809636284,0.011904761904755985,0.09523809523804788,0.7868852459016393
883,2,2,2,True,0.07700397143757981,0.11829735638931703,0.0967741935483871,0.03409090909089291,0.022727272727261938,0.7045454545453574,0.6229508196721312
883,0,0,0,True,0.02045195146257678,0.02832435807379764,0.04838709677419355,0.02873563218389425,0.0114942528735577,0.1034482758620193,0.8032786885245902
883,3,3,3,True,0.10554446251107308,0.16249118680331476,0.1935483870967742,0.03977272727270839,0.022727272727261938,0.7613636363637496,0.5081967213114754
883,1,1,1,True,0.07344935481336255,0.11665641836610026,0.04838709677419355,0.022471910112349003,0.011235955056174501,0.7640449438203355,0.639344262295082
883,3,3,2,True,0.11127853716659038,0.16263210905271389,0.12903225806451613,0.033333333333375875,0.02222222222221191,0.7888888888887549,0.4918032786885246
883,0,0,0,True,0.019348102003562365,0.028826115340672163,0.04838709677419355,0.03370786516841013,0.011235955056293151,0.07865168539334808,0.6885245901639344
883,0,0,0,True,0.01774847470746665,0.02924013325608363,0.04838709677419355,0.02247191011235164,0.011235955056293151,0.07865168539358273,0.7868852459016393
883,2,2,2,True,0.1012294411200246,0.1566429992794855,0.16129032258064516,0.027777777777938925,0.011111111111221981,0.7888888888888709,0.6885245901639344
883,1,1,1,True,0.0677209682632166,0.10345528430460023,0.06451612903225806,0.032967032967021616,0.02197802197778491,0.6813186813191353,0.639344262295082
883,1,1,1,True,0.048319679086960686,0.07236375149173169,0.04838709677419355,0.021739130434772738,0.010869565217499873,0.4891304347827271,0.4098360655737705
883,1,1,1,True,0.07292013815091583,0.1171693235783818,0.04838709677419355,0.021739130434999747,0.010869565217499873,0.7608695652172729,0.6721311475409836
883,1,1,1,True,0.06160712552122353,0.09331607232054692,0.0967741935483871,0.02197802197812412,0.010989010989119436,0.6263736263736113,0.6065573770491803
883,3,3,2,True,0.10889679433868553,0.15243912394999548,0.12903225806451613,0.04395604395578923,0.02197802197800937,0.7582417582414379,0.7049180327868853
883,3,3,3,True,0.11962616843990996,0.19271617585042172,0.16129032258064516,0.03763440860207327,0.02150537634407395,0.7741935483871113,0.36065573770491804
883,3,3,3,True,0.11007604044798926,0.1723237617441429,0.1935483870967742,0.03260869565215911,0.021739130434772738,0.7173913043479544,0.4918032786885246
883,1,1,1,True,0.06673329265978083,0.10125002073416708,0.06451612903225806,0.03260869565227261,0.021739130434772738,0.663043478260682,0.5737704918032787
884,2,0,2,True,0.06829483392923072,0.09999621692594332,0.0967741935483871,0.0714285714285719,0.03571428571428613,0.48214285714285404,0.4918032786885246
884,7,0,0,True,0.0736083767146565,0.10178187942282617,0.27419354838709675,0.0925925925925841,0.0370370370370433,0.4629629629629688,0.5737704918032787
884,7,1,5,False,0.13084625695785293,0.1980295922593067,0.3064516129032258,0.058333333333328435,0.01666666666670256,0.7000000000000065,0.4918032786885246
884,2,0,0,True,0.055843165020821185,0.04218432531114056,0.0967741935483871,0.092592592592572,0.03703703703701913,0.24074074074074522,0.6229508196721312
884,2,0,0,True,0.025446096623945556,0.0385354945683222,0.0967741935483871,0.03703703703701913,0.018518518518509566,0.16666666666668278,0.45901639344262296
884,0,0,1,True,0.036100517075118174,0.049303499746384156,0.11290322580645161,0.01851851851855791,0.018518518518509566,0.2962962962962981,0.3770491803278688
884,6,2,2,True,0.09084579292681254,0.12164583036385487,0.22580645161290322,0.05555555555557704,0.03703703703701913,0.6111111111111057,0.5245901639344263
884,10,3,7,False,0.16623683833340028,0.24844602609063837,0.45161290322580644,0.09999999999995648,0.03333333333340585,0.8333333333334929,0.5737704918032787
884,9,1,0,True,0.047975987434706366,0.061606662650840235,0.22580645161290322,0.0555555555555287,0.018518518518606256,0.2962962962963464,0.5737704918032787
884,0,0,0,True,0.024646160211957868,0.0154805272271626,0.0,0.05172413793091652,0.017241379310425537,0.0862068965517676,0.6229508196721312
884,6,0,5,True,0.11499484241475787,0.19345529318188587,0.24193548387096775,0.0655737704917696,0.0327868852458848,0.7213114754097224,0.6229508196721312
884,7,0,3,True,0.11943608958290355,0.16994007223726718,0.27419354838709675,0.12499999999998834,0.035714285714362304,0.7857142857142924,0.5409836065573771
884,4,1,4,True,0.12062274739823448,0.1816847072350622,0.22580645161290322,0.11403508771929181,0.05263157894743591,0.8596491228069902,0.6065573770491803
884,4,0,2,True,0.08110520823434555,0.11723608029544108,0.14516129032258066,0.08620689655178311,0.01724137931051866,0.5517241379311959,0.639344262295082
884,2,2,2,True,0.08211280635284032,0.11942690304251931,0.08064516129032258,0.043859649122882545,0.01754385964929958,0.7368421052630711,0.6557377049180327
884,11,3,5,False,0.18800810438380855,0.24258469466749313,0.46774193548387094,0.1967213114753088,0.1147540983605968,1.1311475409835392,0.6065573770491803
884,7,0,3,True,0.08047975023029784,0.13126477802988623,0.3387096774193548,0.04310344827593657,0.01724137931051866,0.5344827586208573,0.6557377049180327
884,8,2,1,True,0.08735114182204871,0.13545031118501166,0.3064516129032258,0.054545454545233615,0.018181818181807825,0.6909090909090772,0.639344262295082
884,13,3,6,False,0.15922246299764858,0.23509047365068228,0.5,0.14285714285715617,0.053571428571585075,0.8749999999998834,0.7213114754098361
884,11,3,1,True,0.08744088396788788,0.11298829047825172,0.3064516129032258,0.07692307692314644,0.03846153846152301,0.5,0.4426229508196721
884,17,6,9,False,0.18172875190483914,0.27974599925310706,0.6612903225806451,0.23275862068970948,0.051724137931006546,0.7931034482759738,0.5737704918032787
884,8,0,1,True,0.062156477376796165,0.08741812374792243,0.27419354838709675,0.03636363636371058,0.018181818181807825,0.5272727272726168,0.6885245901639344
884,7,0,2,True,0.06906642597638216,0.11569766311265052,0.41935483870967744,0.055555555555426635,0.018518518518701153,0.4814814814813955,0.7377049180327869
884,14,2,4,False,0.17547935252421054,0.22770262724710763,0.532258064516129,0.1296296296296762,0.07407407407404543,0.9629629629631706,0.6885245901639344
884,10,0,8,False,0.12907144729282713,0.21853572482128214,0.41935483870967744,0.05932203389837258,0.033898305084733765,0.7118644067795861,0.6065573770491803
884,13,3,8,False,0.15263495423465023,0.24766402834470386,0.5,0.0714285714285448,0.035714285714458865,0.7857142857145522,0.7540983606557377
884,8,1,4,True,0.09019156795947185,0.16058107833254698,0.3709677419354839,0.02777777777785298,0.018518518518310816,0.5555555555551258,0.5901639344262295
884,10,1,4,True,0.09061074138762812,0.1495344889324543,0.4032258064516129,0.02631578947376135,0.017543859649296365,0.526315789473395,0.6065573770491803
884,11,0,4,True,0.12351352767426729,0.20048550349881442,0.4032258064516129,0.06896551724171456,0.03448275862067724,0.7068965517244236,0.6065573770491803
884,10,0,4,True,0.09748979694726752,0.16105619035256266,0.3870967741935484,0.05357142857122212,0.01785714285732267,0.5535714285714086,0.6065573770491803
884,9,3,2,True,0.09253245816504604,0.121365923382436,0.27419354838709675,0.017857142857509143,0.017857142856949726,0.642857142857276,0.5081967213114754
884,11,0,10,False,0.16103441471277352,0.2693471837753577,0.5161290322580645,0.11666666666675948,0.06666666666627218,0.766666666666481,0.6229508196721312
884,13,1,5,True,0.11088364921494856,0.18945055948566378,0.5645161290322581,0.03508771929859273,0.017543859649296365,0.6666666666666666,0.6721311475409836
884,11,0,8,True,0.10972592449185575,0.1887864738001219,0.532258064516129,0.04464285714293373,0.01785714285732267,0.5000000000001865,0.7049180327868853
884,12,0,4,True,0.08407565591235361,0.1429028770990214,0.3709677419354839,0.05357142857159507,0.01785714285732267,0.5000000000001865,0.6065573770491803
884,9,1,5,True,0.11640185139301851,0.1984858546090078,0.45161290322580644,0.03636363636342579,0.018181818181617963,0.6363636363634637,0.6229508196721312
884,15,1,10,False,0.15982415748925052,0.2509330921112403,0.6129032258064516,0.1052631578948622,0.0526315789475227,0.7192982456141893,0.639344262295082
884,11,2,7,True,0.11125345900967971,0.19032462284166327,0.3709677419354839,0.05357142857122212,0.01785714285732267,0.6071428571430036,0.6721311475409836
884,11,1,3,True,0.0893865308886556,0.1333176614221685,0.3387096774193548,0.08490566037740682,0.03773584905658147,0.5283018867921405,0.4262295081967213
884,10,0,6,False,0.13188093520350463,0.21672401929304586,0.3548387096774194,0.10526315789471756,0.035087719297872785,0.666666666666911,0.6065573770491803
884,10,0,4,True,0.08866109693768165,0.14177660588603924,0.3548387096774194,0.06481481481488643,0.03703703703702271,0.5555555555557274,0.6721311475409836
884,10,0,1,True,0.05812466920513633,0.09753646256197052,0.4032258064516129,0.028301886792545767,0.01886792452810114,0.3584905660378622,0.639344262295082
884,11,2,4,True,0.10416225406709764,0.16490598271119947,0.3870967741935484,0.03773584905658147,0.01886792452848776,0.5849056603768157,0.5737704918032787
884,11,3,6,True,0.12272332605016077,0.1974394749435236,0.3387096774193548,0.07272727272761102,0.054545454545233615,0.6363636363634637,0.6065573770491803
884,16,5,4,False,0.13150534692035973,0.18410585175677086,0.5967741935483871,0.09433962264168787,0.05660377358469748,0.7735849056608161,0.5901639344262295
885,11,10,12,False,0.1621827830081697,0.27901378946070515,0.6935483870967742,0.15131578947368615,0.07894736842105365,0.8157894736842167,0.639344262295082
885,9,9,7,False,0.16191109800144118,0.2268758064441799,0.532258064516129,0.10256410256410718,0.05128205128204313,0.8205128205128156,0.7213114754098361
885,14,12,13,False,0.16141797548427228,0.2692049273845348,0.6774193548387096,0.11038961038960884,0.051948051948061194,1.0259740259739798,0.6557377049180327
885,10,4,10,False,0.2253601327095071,0.3872993951543594,0.46774193548387094,0.10897435897437485,0.06410256410256754,1.0641025641025674,0.6721311475409836
885,14,13,9,False,0.18831270733926286,0.30323625510498414,0.5483870967741935,0.1265822784810367,0.06329113924054314,1.088607594936701,0.6557377049180327
885,14,13,13,False,0.20681140217707855,0.34488449878898103,0.6290322580645161,0.09259259259261528,0.049382716049424895,0.9012345679012791,0.6229508196721312
885,18,16,17,False,0.26445087455180005,0.45433925935592095,0.7903225806451613,0.4096385542169129,0.18072289156629992,1.0602409638553913,0.7213114754098361
885,12,10,11,False,0.2106135695488018,0.3423383425749457,0.5806451612903226,0.07831325301201371,0.0361445783133,1.1084337349397742,0.5901639344262295
885,16,14,14,False,0.21213928620451708,0.33603323030624943,0.7096774193548387,0.23493975903613548,0.048192771084379034,0.8795180722891468,0.6721311475409836
885,12,9,11,False,0.20583091786084398,0.3626004796536049,0.5806451612903226,0.11250000000000653,0.062499999999967366,1.024999999999987,0.6721311475409836
885,17,16,15,False,0.22023884575044733,0.35988158513633417,0.7903225806451613,0.20689655172415863,0.09195402298858163,0.8965517241378607,0.6557377049180327
885,13,12,13,False,0.18601448759096653,0.32502764935046496,0.7741935483870968,0.16265060240964008,0.08433734939743272,0.9036144578313616,0.6557377049180327
885,17,17,17,False,0.2162810602220053,0.3639835680355373,0.8225806451612904,0.26219512195124667,0.14634146341470558,0.7317073170732732,0.639344262295082
885,15,12,11,False,0.2374243358342206,0.3574153997580697,0.6129032258064516,0.23255813953489218,0.04651162790695415,1.1046511627906468,0.6557377049180327
885,15,13,14,False,0.20010842667861076,0.3256219626233017,0.7580645161290323,0.16463414634144322,0.0853658536584931,0.9146341463413795,0.5901639344262295
885,14,11,14,False,0.2035040779403345,0.3590765720306054,0.7258064516129032,0.08974358974360862,0.06410256410252978,0.9871794871793602,0.7213114754098361
885,15,11,13,False,0.23789287677620857,0.41387553405129857,0.7096774193548387,0.16867469879522165,0.08433734939754792,0.9397590361447344,0.6229508196721312
885,9,7,9,False,0.1856847031620532,0.30441861734064224,0.5483870967741935,0.12048192771078274,0.06024096385539137,0.8795180722890914,0.5409836065573771
885,14,9,13,False,0.22978002219906338,0.37684775231670026,0.7580645161290323,0.1812500000001248,0.0875000000002268,1.0250000000001207,0.6229508196721312
885,31,27,6,False,0.3443141666708705,0.38464990548719274,0.7258064516129032,0.5928571428571621,0.2857142857144136,1.1000000000000896,0.639344262295082
885,16,15,15,False,0.20668645180272135,0.3411059498222838,0.8225806451612904,0.23913043478255935,0.09782608695634161,0.891304347825707,0.639344262295082
885,15,14,10,False,0.18857030958484988,0.28068737420119616,0.6774193548387096,0.10215053763443034,0.05376344086008466,0.7741935483872852,0.6065573770491803
885,18,16,17,False,0.22587622744717828,0.37189291075433767,0.8548387096774194,0.2956989247311852,0.12903225806444368,1.1182795698922945,0.639344262295082
885,17,16,15,False,0.20075727091143647,0.31680778547827765,0.8548387096774194,0.22395833333329027,0.08333333333329708,0.7812499999999865,0.6229508196721312
885,17,17,17,False,0.1919494739623662,0.32144751208273403,0.8548387096774194,0.3556701030928301,0.10309278350533665,0.6391752577319676,0.639344262295082
885,11,10,10,False,0.16223911763721227,0.23672849788265357,0.5645161290322581,0.0894736842105321,0.04210526315809144,0.7263157894736147,0.6229508196721312
885,16,15,16,False,0.17489906832738195,0.2966823387300566,0.7741935483870968,0.18279569892474085,0.07526881720414653,0.8602150537631825,0.639344262295082
885,14,14,14,False,0.16107811158274796,0.2690958936946313,0.6774193548387096,0.08947368421055177,0.052631578947241145,0.5368421052633107,0.6229508196721312
885,16,15,16,False,0.18603422727838365,0.31152477890153735,0.7419354838709677,0.1861702127658192,0.08510638297868559,0.9787234042555508,0.639344262295082
885,14,14,13,False,0.14996353729577974,0.25102193910309734,0.6935483870967742,0.07894736842119147,0.04210526315788085,0.5263157894737305,0.6721311475409836
886,0,0,0,True,0.02051437733323452,0.028486765123469537,0.08064516129032258,0.02739726027397291,0.013698630136987014,0.09589041095890742,0.5737704918032787
886,0,0,0,True,0.021922957823931832,0.025913898020882575,0.04838709677419355,0.027027027027018567,0.013513513513524717,0.10810810810810954,0.5081967213114754
886,0,0,0,True,0.02029119487840368,0.02792117537629737,0.0967741935483871,0.027027027027048955,0.013513513513506839,0.09459459459460079,0.4918032786885246
886,0,0,0,True,0.02135936478472623,0.028979448502920804,0.14516129032258066,0.026666666666671075,0.013333333333326836,0.1066666666666843,0.6065573770491803
886,1,0,1,True,0.055057602230644646,0.09322323301632428,0.11290322580645161,0.026315789473671556,0.013157894736835778,0.578947368421049,0.4426229508196721
886,0,0,0,True,0.01769183620764898,0.02691895387306001,0.08064516129032258,0.026666666666653672,0.013333333333326836,0.06666666666670379,0.47540983606557374
886,1,0,1,True,0.05071791836355037,0.08422746827109527,0.12903225806451613,0.026315789473705907,0.013157894736835778,0.5263157894737059,0.3442622950819672
886,0,0,0,True,0.02131593698562295,0.027011486533099194,0.08064516129032258,0.03896103896102047,0.012987012987006823,0.09090909090904775,0.45901639344262296
886,0,0,0,True,0.01846030563672381,0.02529820756928648,0.03225806451612903,0.026315789473671556,0.013157894736835778,0.07894736842108337,0.4426229508196721
886,1,0,1,True,0.05265773476450722,0.08649416864474166,0.16129032258064516,0.0270270270269784,0.013513513513506839,0.5405405405404853,0.6065573770491803
886,1,0,1,True,0.04386712690974266,0.07371517322085724,0.12903225806451613,0.020833333333393763,0.013888888888880832,0.44444444444447667,0.5245901639344263
886,2,0,1,True,0.05826925858710233,0.0982893202690587,0.12903225806451613,0.027777777777761664,0.013888888888880832,0.5416666666664974,0.5573770491803278
886,4,1,2,True,0.06892689321468976,0.09904478374600297,0.1774193548387097,0.028571428571415786,0.014285714285707893,0.4428571428570938,0.5737704918032787
886,4,2,3,True,0.09563193388091736,0.14984072415977204,0.22580645161290322,0.02816901408456815,0.014084507042247306,0.5352112676056918,0.5573770491803278
886,2,1,0,True,0.07537741103792708,0.09863112425149913,0.14516129032258066,0.028985507246363652,0.014492753623181826,0.5072463768115153,0.4098360655737705
886,4,4,4,True,0.1072455162858567,0.15613338677024924,0.3064516129032258,0.057971014492727305,0.028985507246363652,0.5942028985507576,0.5573770491803278
886,2,2,2,True,0.07954496505149677,0.1178972121481019,0.11290322580645161,0.0347222222221346,0.013888888888882846,0.5555555555556039,0.5737704918032787
886,0,0,0,True,0.01918391994747293,0.023582178551162063,0.03225806451612903,0.027397260274099975,0.01369863013712151,0.08219178082172773,0.4262295081967213
886,0,0,0,True,0.019789729585960168,0.027019543570984694,0.06451612903225806,0.027397260273956926,0.01369863013712151,0.09589041095884925,0.5901639344262295
886,0,0,0,True,0.023437500000007588,0.028463188503736043,0.08064516129032258,0.028169014084494612,0.014084507042247306,0.14084507042262015,0.47540983606557374
886,1,0,1,True,0.05048831589646754,0.08035754473680572,0.0967741935483871,0.02941176470594107,0.014705882353085708,0.48529411764706787,0.4262295081967213
886,2,0,0,True,0.0257141971196401,0.03762800853925601,0.12903225806451613,0.029411764705873318,0.014705882353090225,0.14705882352905947,0.5081967213114754
886,1,0,1,True,0.04624042384547156,0.07721608015681447,0.0967741935483871,0.029850746268642758,0.014925373134477237,0.4626865671641186,0.5081967213114754
886,2,1,1,True,0.09654036138108668,0.12492419364069256,0.16129032258064516,0.030303030303011125,0.015151515151663781,0.5757575757575278,0.6885245901639344
886,1,1,1,True,0.059772131363315,0.08641186280362331,0.16129032258064516,0.022058823529481773,0.014705882352783094,0.5735294117649904,0.5573770491803278
886,2,2,2,True,0.08209277532289733,0.11009026686307535,0.16129032258064516,0.02898550724666633,0.014492753623333165,0.5652173913042425,0.5081967213114754
886,7,4,7,False,0.13093288080291085,0.2120072866066479,0.3548387096774194,0.0285714285715607,0.014285714285854938,0.728571428571143,0.6065573770491803
886,1,1,1,True,0.060384331226603374,0.08881863492650241,0.0967741935483871,0.02857142857141152,0.014285714285854938,0.5571428571426739,0.639344262295082
886,2,1,1,True,0.0823346299801727,0.12321932209556856,0.14516129032258066,0.04166666666649746,0.013888888889025865,0.750000000000145,0.5573770491803278
886,1,0,1,True,0.058249578050467155,0.09706182624633118,0.12903225806451613,0.027777777777761664,0.013888888889025865,0.5972222222220208,0.5737704918032787
886,1,0,1,True,0.04182809982286717,0.05812023495302094,0.16129032258064516,0.047297297297213395,0.02702702702673717,0.3378378378378836,0.6229508196721312
886,5,1,4,True,0.10305060107781483,0.17239719161867612,0.22580645161290322,0.025316455696324677,0.01265822784822843,0.7721518987342676,0.7049180327868853
886,1,1,1,True,0.06473386400744253,0.09576223203401514,0.06451612903225806,0.024691358024675442,0.01234567901246664,0.6049382716049351,0.5409836065573771
886,2,2,0,True,0.0842011924513356,0.11789245418878679,0.0967741935483871,0.030487804878096925,0.012195121951340647,0.5609756097560665,0.5901639344262295
887,6,0,6,False,0.16054977663721273,0.27364943143507503,0.2903225806451613,0.06153846153846262,0.03076923076922629,0.8153846153846197,0.5081967213114754
887,12,0,11,False,0.2109679481091883,0.3627911229235197,0.5161290322580645,0.0746268656716354,0.02985074626866195,0.9253731343283647,0.6229508196721312
887,8,0,8,False,0.1678098395479347,0.2887649678427497,0.41935483870967744,0.0642857142857216,0.0285714285714339,0.7714285714285848,0.6721311475409836
887,2,0,0,True,0.07857883412691731,0.06682723197785263,0.06451612903225806,0.06944444444444797,0.04166666666664703,0.4583333333333711,0.4262295081967213
887,12,0,12,False,0.24152813737058304,0.41869418180879214,0.5483870967741935,0.1081081081080938,0.05405405405406454,0.9189189189189209,0.7049180327868853
887,2,0,2,True,0.09709520795240405,0.14819232222634274,0.14516129032258066,0.07971014492753788,0.043478260869545475,0.7826086956522348,0.4426229508196721
887,7,0,6,False,0.15861799414807154,0.2743032492749721,0.2903225806451613,0.029850746268642758,0.014925373134321379,0.8656716417910296,0.4426229508196721
887,12,0,11,False,0.23003732688920062,0.38969945505822856,0.532258064516129,0.1304347826087121,0.05797101449280297,0.8985507246376515,0.5737704918032787
887,2,0,2,True,0.10442713732903075,0.170781720373994,0.0967741935483871,0.041095890411009854,0.027397260273958886,0.8904109589040214,0.4918032786885246
887,11,0,10,False,0.2250795239370648,0.3827400627165812,0.4838709677419355,0.12328767123285075,0.05479452054798929,0.9315068493150312,0.5409836065573771
887,3,0,3,False,0.15789109639782475,0.22675681842537754,0.22580645161290322,0.13709677419360544,0.0645161290323939,0.9677419354838873,0.4426229508196721
887,0,0,0,True,0.025148738182907054,0.020377138717220834,0.0,0.03225806451628659,0.01612903225822751,0.12903225806447266,0.3442622950819672
887,13,4,11,False,0.17927540662179514,0.30315582558148785,0.5645161290322581,0.0819672131147976,0.0491803278688272,0.754098360655864,0.4918032786885246
887,15,2,16,False,0.198669576858721,0.357187093100192,0.7903225806451613,0.3644067796610889,0.1864406779661797,0.711864406779814,0.7377049180327869
887,13,12,12,False,0.1989488293724151,0.3243889314139586,0.5967741935483871,0.0819672131148832,0.03278688524605599,0.8196721311474624,0.5573770491803278
887,5,3,5,True,0.11484510891865586,0.19148799279440432,0.22580645161290322,0.05833333333321586,0.016666666666832006,0.6666666666666666,0.5081967213114754
887,6,4,5,False,0.12946622648639156,0.21721838311705674,0.2903225806451613,0.03571428571435897,0.017857142857132868,0.7857142857144056,0.6885245901639344
887,11,7,8,False,0.13922848957491452,0.2310154122178581,0.45161290322580644,0.0566037735848722,0.01886792452848776,0.5849056603776038,0.7868852459016393
887,16,11,11,False,0.15305765966827664,0.25961878819860296,0.6290322580645161,0.07407407407404543,0.03703703703702271,0.555555555555534,0.6557377049180327
887,14,10,10,False,0.15135331328037144,0.24923103598141594,0.5967741935483871,0.0754716981131778,0.0377358490565889,0.6981132075472888,0.6721311475409836
887,12,7,7,False,0.13857267111324104,0.21969903304377242,0.532258064516129,0.05769230769248534,0.03846153846152301,0.7307692307691381,0.639344262295082
887,12,6,9,False,0.1614533803595549,0.2647348854312229,0.5,0.07272727272734004,0.036363636363622553,0.9272727272727549,0.7049180327868853
887,11,5,8,False,0.15441639918136327,0.2594117924934346,0.5967741935483871,0.05172413793118659,0.03448275862067103,0.6724137931036253,0.6229508196721312
887,5,2,3,True,0.11443908801077837,0.16738776127635724,0.25806451612903225,0.0517241379311959,0.034482758620317154,0.8275862068962537,0.5245901639344263
887,7,3,7,False,0.12773376563866168,0.2153049586512989,0.3548387096774194,0.03636363636361565,0.01818181818199769,0.6727272727270794,0.47540983606557374
887,5,4,5,True,0.09499900437451823,0.16047956155436324,0.25806451612903225,0.03703703703702271,0.018518518518317977,0.5185185185187048,0.4918032786885246
887,11,4,8,False,0.17815079173755866,0.29841432615676977,0.532258064516129,0.0982142857145288,0.05357142857122212,0.8392857142855877,0.5737704918032787
887,6,5,4,True,0.10688004337557168,0.18006388351354555,0.27419354838709675,0.04237288135583621,0.01694915254254687,0.5932203389838308,0.6065573770491803
887,4,1,4,True,0.0955982318318375,0.15970066010703246,0.1935483870967742,0.051724137930835815,0.01724137931051866,0.6896551724135448,0.6557377049180327
887,8,3,5,False,0.13799345388130743,0.2176092489860996,0.3225806451612903,0.03703703703702271,0.018518518518704737,0.8703703703706139,0.639344262295082
887,9,0,9,False,0.15064383413058163,0.25717339069462847,0.3870967741935484,0.07142857142851815,0.035714285714259074,0.8035714285710157,0.7540983606557377
887,11,8,9,False,0.17126984236729123,0.28349087203509493,0.5161290322580645,0.04310344827610109,0.03448275862030474,0.8620689655169806,0.639344262295082
887,10,6,8,False,0.14314858638242406,0.2449328315695341,0.4838709677419355,0.04310344827593657,0.01724137931051866,0.6206896551721903,0.6721311475409836
887,4,2,4,True,0.09202928952754073,0.15624150860548353,0.20967741935483872,0.017543859649302794,0.017543859648936393,0.614035087719369,0.6229508196721312
887,7,0,3,True,0.10204622625924484,0.15291554262778262,0.24193548387096775,0.05555555555534069,0.018518518518704737,0.6666666666664088,0.5245901639344263
887,12,4,9,False,0.13578184988497466,0.22912209196556876,0.5483870967741935,0.08771929824556582,0.03508771929822633,0.614035087719144,0.639344262295082
887,3,2,3,True,0.08970215947310216,0.1433421149419541,0.25806451612903225,0.051724137930835815,0.034482758620317154,0.6379310344827089,0.6229508196721312
887,6,1,4,False,0.15016830714443502,0.2167819033069146,0.3225806451612903,0.08928571428546121,0.035714285714259074,1.017857142857316,0.6065573770491803
887,1,0,0,True,0.03961458492405808,0.03172445330498018,0.08064516129032258,0.03508771929822633,0.017543859649296365,0.210526315789358,0.3442622950819672
887,2,0,0,True,0.04709638559952227,0.06178384556760967,0.14516129032258066,0.0526315789475227,0.017543859649296365,0.315789473684037,0.6557377049180327
887,13,4,9,False,0.16254856423087727,0.27928048770878083,0.5483870967741935,0.08771929824574902,0.052631578947156296,0.7719298245613456,0.6229508196721312
887,6,5,5,True,0.1223560930356296,0.19821371383930037,0.27419354838709675,0.07017543859629517,0.035087719297872785,0.6315789473683053,0.5573770491803278
888,9,6,6,True,0.1118722364142321,0.18464271579427,0.3870967741935484,0.059701492537316596,0.02985074626865708,0.5373134328358177,0.5245901639344263
888,2,1,2,True,0.06286270952235996,0.10274365070397538,0.0967741935483871,0.014084507042260577,0.014084507042246789,0.5211267605633886,0.4918032786885246
888,4,1,3,True,0.0820698786083677,0.13441561571673022,0.1935483870967742,0.04225352112675875,0.014084507042265174,0.6619718309859116,0.5409836065573771
888,1,1,1,True,0.05243143417992813,0.08040989896821578,0.04838709677419355,0.04285714285714073,0.014285714285744653,0.5142857142856887,0.6065573770491803
888,3,1,2,True,0.07375151661132542,0.1225506752030888,0.0967741935483871,0.028169014084511963,0.014084507042246789,0.67605633802814,0.36065573770491804
888,5,3,4,True,0.10654616012965963,0.1846566731832941,0.1774193548387097,0.0405405405404881,0.01351351351357835,0.7702702702702969,0.5409836065573771
888,1,1,1,True,0.04223070102963135,0.06818783344974587,0.04838709677419355,0.026666666666653672,0.013333333333326836,0.44000000000006406,0.4098360655737705
888,6,4,6,True,0.09340138836519754,0.15664663663686565,0.2903225806451613,0.03424657534241284,0.013698630136979443,0.5205479452054333,0.639344262295082
888,4,2,3,True,0.08619745639706028,0.12756514230807917,0.16129032258064516,0.05555555555559987,0.027777777777763676,0.611111111111091,0.5901639344262295
888,2,1,2,True,0.07441374458054077,0.12359354222396576,0.0967741935483871,0.02816901408456608,0.014084507042319809,0.6056338028168838,0.6557377049180327
888,5,4,4,True,0.08853485987044071,0.13820242781123973,0.1935483870967742,0.05555555555563613,0.027777777777836195,0.5000000000000363,0.5901639344262295
888,0,0,0,True,0.018743235059224515,0.016588410228020548,0.0,0.029411764705868804,0.014705882352934402,0.0882352941176064,0.45901639344262296
888,3,0,2,True,0.061317428705095295,0.09513742226539192,0.14516129032258066,0.043478260869545475,0.014492753623333165,0.47826086956530295,0.5245901639344263
888,4,1,3,True,0.08923317634833063,0.14658148956329015,0.16129032258064516,0.04166666666664854,0.02777777777762066,0.6527777777779289,0.5901639344262295
888,2,1,2,True,0.05754086382768264,0.09302330064789954,0.0967741935483871,0.03472222222220712,0.01388888888902788,0.5000000000000725,0.45901639344262296
888,0,0,0,True,0.03495282398512809,0.018946014041911326,0.0,0.04285714285711728,0.028571428571262346,0.15714285714291254,0.5081967213114754
888,5,1,0,True,0.05038228411981726,0.07329960550994138,0.22580645161290322,0.04347826086962115,0.028985507246363652,0.362318840579697,0.5409836065573771
888,4,2,5,True,0.1026828770201355,0.17315846826454287,0.24193548387096775,0.056338028168915685,0.028169014084494612,0.6619718309859176,0.5245901639344263
888,7,5,5,True,0.1020339243359127,0.16964863476300332,0.2903225806451613,0.02142857142863323,0.01428571428570576,0.5428571428571173,0.5737704918032787
888,3,1,2,True,0.06901411256229256,0.11148907660928899,0.14516129032258066,0.03424657534252258,0.01369863013712347,0.5342465753426656,0.6229508196721312
888,6,4,6,True,0.12242001796270258,0.20866547932505702,0.27419354838709675,0.02739726027402845,0.013698630136978463,0.6712328767122308,0.639344262295082
888,3,3,4,True,0.07135158587909467,0.11408008038109485,0.1774193548387097,0.03125000000015297,0.015625000000158065,0.4374999999998572,0.6229508196721312
888,3,3,2,True,0.08719868678584579,0.1332797732901547,0.16129032258064516,0.07936507936487415,0.031746031746347464,0.5714285714286188,0.5901639344262295
888,2,2,3,True,0.0751707500816215,0.1148538343089295,0.14516129032258066,0.053846153846047566,0.015384615384768622,0.5538461538458869,0.6229508196721312
888,8,4,7,True,0.11447480859509108,0.18841487845988492,0.3548387096774194,0.07246376811590913,0.028985507246363652,0.637681159420303,0.6721311475409836
888,3,2,2,True,0.06745049034443669,0.10945944848910517,0.16129032258064516,0.04285714285727925,0.02857142857112169,0.542857142856981,0.5901639344262295
888,1,1,1,True,0.05790120476265182,0.09575943165688568,0.11290322580645161,0.028571428571420046,0.014285714285560846,0.5428571428572793,0.6229508196721312
888,3,2,2,True,0.07118794483113378,0.1143410027034991,0.14516129032258066,0.04285714285726646,0.014285714285854938,0.5428571428571173,0.6229508196721312
888,5,1,2,True,0.06193724354545586,0.10011300772036072,0.0967741935483871,0.029411764705864287,0.014705882353085708,0.5294117647061715,0.5409836065573771
888,1,1,1,True,0.05606945964221824,0.08779548186684408,0.06451612903225806,0.02898550724666633,0.014492753623333165,0.550724637681212,0.5901639344262295
888,2,0,1,True,0.06621888810633512,0.09231705283617346,0.08064516129032258,0.057971014492727305,0.028985507246363652,0.608695652174242,0.5409836065573771
888,0,0,0,True,0.02238175480008147,0.013525658407150823,0.0,0.04285714285696811,0.014285714285556583,0.08571428571453292,0.39344262295081966
888,2,0,1,True,0.03748108511320621,0.06241955167784761,0.08064516129032258,0.021126760563444497,0.01408450704210023,0.3802816901405302,0.6229508196721312
888,1,1,1,True,0.04947147291686422,0.07965809536873622,0.04838709677419355,0.027777777777761664,0.013888888888735797,0.5000000000002901,0.6229508196721312
888,5,3,4,True,0.07515289958692663,0.1241523258651852,0.20967741935483872,0.03521126760569181,0.014084507042394383,0.45070422535220794,0.47540983606557374
888,6,5,5,True,0.1094262492070091,0.18331578602646795,0.27419354838709675,0.04285714285713007,0.02857142857112169,0.6714285714288186,0.5245901639344263
889,15,13,7,False,0.2024232972053823,0.27915830137749287,0.532258064516129,0.12499999999999978,0.06521739130434687,0.9130434782608694,0.5737704918032787
889,2,2,1,True,0.06456758742821812,0.10864475540698187,0.11290322580645161,0.021052631578951275,0.010526315789482507,0.6421052631579108,0.6229508196721312
889,2,1,2,True,0.09831494411898403,0.16432192087568548,0.1935483870967742,0.03157894736841917,0.021052631578909475,0.9789473684210356,0.6721311475409836
889,3,2,2,True,0.11883592722217169,0.1965658913305846,0.16129032258064516,0.021052631578936956,0.010526315789468478,1.05263157894737,0.7213114754098361
889,0,0,0,True,0.016784277471110737,0.026003394310451105,0.06451612903225806,0.021052631578936956,0.010526315789468478,0.09473684210527125,0.7049180327868853
889,5,2,5,False,0.14381195151729945,0.24071799974229344,0.3548387096774194,0.04639175257732403,0.03092783505153141,0.8659793814432563,0.5573770491803278
889,4,2,3,False,0.19421040906307152,0.27750781850548567,0.43548387096774194,0.09574468085102128,0.04255319148939834,1.2021276595744894,0.6557377049180327
889,7,1,6,False,0.20470236675327527,0.34592610547618446,0.3870967741935484,0.037634408602161704,0.021505376344076364,1.1182795698924761,0.6721311475409836
889,16,14,11,False,0.23476084728648577,0.40115203544353834,0.7741935483870968,0.22580645161288873,0.1290322580643314,1.1720430107527038,0.7868852459016393
889,15,15,13,False,0.19179624285519892,0.3449030067322628,0.6774193548387096,0.2727272727271816,0.13131313131306205,0.797979797979799,0.7704918032786885
889,11,7,9,False,0.2057486343954186,0.3467832096192708,0.5483870967741935,0.1546391752577192,0.07216494845357717,1.0515463917527705,0.6721311475409836
889,10,8,6,False,0.17992528614454154,0.2901638325372906,0.532258064516129,0.0638297872340142,0.0319148936170071,1.148936170212922,0.6557377049180327
889,12,9,8,False,0.17939978809550125,0.3044786224682022,0.6290322580645161,0.08988764044938546,0.056179775280865915,1.056179775280866,0.6721311475409836
889,18,17,14,False,0.17004731598570808,0.3051256262862292,0.7258064516129032,0.21195652173912366,0.10869565217373785,0.9891304347825014,0.7213114754098361
889,11,9,4,False,0.13216295230752728,0.225333502630321,0.46774193548387094,0.0591397849462595,0.032258064515998636,1.0107526881719247,0.7868852459016393
889,18,17,17,False,0.21519161932394126,0.40075313964893394,0.6935483870967742,0.3641304347825001,0.18478260869568178,1.1195652173913635,0.7704918032786885
889,11,10,6,False,0.1892606685711328,0.3101450099365665,0.5483870967741935,0.1340206185567654,0.07216494845347729,1.154639175258005,0.6229508196721312
889,7,5,3,False,0.14736513608926027,0.21822628464479152,0.3709677419354839,0.057894736842128404,0.031578947368293774,0.9157894736842568,0.6721311475409836
889,6,2,5,False,0.19571862821793376,0.321932330376735,0.5483870967741935,0.07978723404257328,0.04255319148934279,1.180851063829818,0.6557377049180327
889,4,2,3,False,0.14736984117165208,0.20932138874847625,0.43548387096774194,0.08421052631574319,0.03157894736851362,1.0210526315789359,0.7049180327868853
889,8,0,8,False,0.2260057881181649,0.3797481558249847,0.5645161290322581,0.05434782608681834,0.021739130434772738,1.086956521738864,0.639344262295082
889,10,0,9,False,0.25485890980096376,0.4278394655484535,0.6129032258064516,0.0824175824175925,0.04395604395601874,1.1318681318680561,0.6721311475409836
889,9,0,9,False,0.24653634408867808,0.42130646759820056,0.6290322580645161,0.07142857142848946,0.03296703296713637,1.0000000000002296,0.6229508196721312
889,13,8,6,False,0.20288924559667684,0.32512451577664103,0.6129032258064516,0.19791666666658056,0.10416666666662135,1.0208333333335418,0.6229508196721312
889,9,2,7,False,0.2076683218572518,0.3430847352703849,0.5483870967741935,0.15555555555548337,0.0777777777778577,1.0777777777776256,0.6557377049180327
889,10,0,10,False,0.28838674457243807,0.47616794979573474,0.5967741935483871,0.07777777777760761,0.03333333333365821,1.355555555555308,0.7049180327868853
890,4,0,4,False,0.1418671894121643,0.2445648111787805,0.1935483870967742,0.04054054054053915,0.013513513513515898,0.8243243243243242,0.6721311475409836
890,4,0,3,False,0.15740177597660007,0.24998392708726958,0.20967741935483872,0.02666666666667154,0.01333333333333577,1.0400000000000074,0.45901639344262296
890,4,0,4,False,0.139170798464187,0.23684559843184552,0.25806451612903225,0.02702702702703227,0.013513513513524955,0.8648648648648916,0.639344262295082
890,5,0,4,False,0.17119710941538008,0.2710451600729501,0.22580645161290322,0.07042253521125233,0.028169014084493578,1.0985915492957643,0.5901639344262295
890,4,0,4,False,0.14451109663291917,0.2420706824576714,0.1774193548387097,0.027397260273959865,0.013698630136979932,0.8493150684931849,0.5901639344262295
890,4,0,4,False,0.14843682264708924,0.25353776729854877,0.1774193548387097,0.013513513513577395,0.013513513513506839,0.8648648648647905,0.6557377049180327
890,5,0,5,False,0.16780488768024485,0.29233057414672514,0.25806451612903225,0.027397260273958886,0.013698630136979443,0.863013698630134,0.639344262295082
890,6,5,5,False,0.1464062897818646,0.22422822100997392,0.27419354838709675,0.11111111111112723,0.05555555555552735,0.8749999999999909,0.6229508196721312
890,4,3,0,True,0.11358023698056996,0.15796892839565352,0.16129032258064516,0.02531645569619082,0.01265822784809541,0.4810126582278899,0.5245901639344263
890,0,0,0,True,0.017402555208524358,0.014246866938322418,0.0,0.025641025641078848,0.012820512820505956,0.06410256410259671,0.4918032786885246
890,3,0,3,False,0.12863070249123681,0.22180861009806907,0.14516129032258066,0.03205128205133183,0.012820512820639833,0.8333333333332887,0.639344262295082
890,3,2,3,True,0.08705352058580937,0.14968920217964857,0.14516129032258066,0.02499999999999021,0.012499999999995105,0.8375000000001942,0.7704918032786885
890,3,0,3,False,0.13166182254951395,0.24792248618929025,0.11290322580645161,0.04487179487177084,0.02564102564101191,0.8717948717948065,0.7213114754098361
890,2,0,2,True,0.10815810757558374,0.18554621709220204,0.0967741935483871,0.012500000000058738,0.012499999999993473,0.8750000000000653,0.6065573770491803
890,2,0,2,True,0.1057929451491434,0.180266510123492,0.0967741935483871,0.0506329113923122,0.025316455696056964,0.8227848101265438,0.5901639344262295
890,1,0,1,True,0.0772624634692251,0.1321191038201601,0.04838709677419355,0.024390243902429706,0.012195121951214853,0.8292682926829921,0.5737704918032787
890,1,0,1,True,0.07909080848597114,0.13625745130415298,0.08064516129032258,0.006097560975670323,1.2734700448628925e-13,0.8658536585366537,0.5573770491803278
890,0,0,0,True,0.013126750127226552,0.016427580311067284,0.0,0.024096385542156547,0.012048192771078273,0.060240963855517186,0.5245901639344263
890,1,1,1,True,0.056724223778776235,0.0697283932142294,0.04838709677419355,0.048780487804916874,0.0243902439024266,0.4146341463413796,0.5409836065573771
890,2,2,0,True,0.0708111074082263,0.10464864909376505,0.08064516129032258,0.021126760563518036,0.01408450704210023,0.4225352112674192,0.6065573770491803
890,3,3,2,True,0.06419710724569201,0.09984675956479692,0.16129032258064516,0.013698630137266517,0.013698630136837375,0.4931506849312952,0.4426229508196721
890,6,5,1,True,0.12744691784363593,0.1951295958371519,0.1774193548387097,0.03378378378370369,0.013513513513650814,0.7972972972974957,0.6065573770491803
890,6,6,0,False,0.12933262326848283,0.19256569462938683,0.1935483870967742,0.03378378378370369,0.013513513513650814,0.45945945945961203,0.6065573770491803
890,8,8,0,False,0.14847876145556343,0.221242038494089,0.25806451612903225,0.027397260274103892,0.01369863013712347,0.47945205479474395,0.5245901639344263
890,8,7,1,False,0.16086613679138298,0.2543747149416301,0.27419354838709675,0.020000000000200496,0.013333333333466996,0.8800000000001894,0.5081967213114754
890,11,5,2,False,0.17519743825320563,0.24863873301130243,0.3548387096774194,0.10273972602742469,0.041095890411084315,0.4931506849315813,0.6557377049180327
890,17,16,3,False,0.20702946145374035,0.331472536094295,0.5806451612903226,0.32142857142855014,0.04285714285698089,0.8000000000000597,0.639344262295082
890,15,1,0,False,0.16946074182715068,0.2636823258446241,0.3870967741935484,0.027397260273960847,0.01369863013712347,0.45205479452106917,0.6229508196721312
890,11,5,1,False,0.13588104223631076,0.20632218275338013,0.2903225806451613,0.026666666666655528,0.013333333333466996,0.546666666666856,0.6065573770491803
890,7,1,3,False,0.1613510189239235,0.28525654524841737,0.24193548387096775,0.04000000000012253,0.026666666666655528,0.8399999999997884,0.5081967213114754
890,9,1,1,False,0.1558441937544971,0.2403534307162657,0.3064516129032258,0.04109589041078646,0.013698630137405646,0.8082191780817568,0.5409836065573771
890,5,0,2,False,0.1415946857620131,0.22122272638176896,0.1774193548387097,0.05921052631568823,0.02631578947394455,0.9078947368420185,0.5245901639344263
890,5,3,2,True,0.10531477151209745,0.14243323854234827,0.1935483870967742,0.059999999999888615,0.026666666666369635,0.5333333333332405,0.47540983606557374
891,13,6,8,True,0.11987449403057494,0.198226258120498,0.5161290322580645,0.05000000000000061,0.03333333333332966,0.5166666666666648,0.5901639344262295
891,12,7,9,True,0.11005622959357612,0.1859794084712127,0.5161290322580645,0.05084745762711658,0.0338983050847407,0.508474576271188,0.5737704918032787
891,11,7,7,True,0.11295376936178432,0.1912312119769827,0.43548387096774194,0.06779661016948065,0.03389830508475139,0.5593220338982984,0.5901639344262295
891,9,6,7,True,0.10295348819560858,0.17176849650374618,0.41935483870967744,0.06779661016950578,0.03389830508473076,0.5254237288135923,0.5901639344262295
891,14,7,10,False,0.13198538549978436,0.22102445983208255,0.6451612903225806,0.08474576271184528,0.050847457627093896,0.525423728813569,0.5901639344262295
891,14,6,9,True,0.11515431991607027,0.19809831716703694,0.5483870967741935,0.03389830508477351,0.01694915254240888,0.5084745762711602,0.5245901639344263
891,14,8,10,True,0.12058434381082914,0.2024381997404825,0.7096774193548387,0.1083333333332862,0.04999999999997824,0.5,0.7377049180327869
891,9,3,6,True,0.10157955942521969,0.16650060231348837,0.4032258064516129,0.06666666666671887,0.03333333333331593,0.516666666666658,0.6229508196721312
891,13,10,10,True,0.11243868919921034,0.19629684998110722,0.5645161290322581,0.06896551724143829,0.03448275862067413,0.43103448275860673,0.6557377049180327
891,13,8,8,True,0.11899240510350055,0.20167400643460828,0.5483870967741935,0.06896551724134206,0.034482758620581005,0.5344827586206711,0.6721311475409836
891,14,6,6,True,0.11832062221323056,0.18510695889854814,0.5,0.06451612903227301,0.03225806451611545,0.5483870967742153,0.7377049180327869
891,13,8,8,True,0.11525498466634874,0.19183986400938044,0.46774193548387094,0.05737704918025561,0.03278688524579921,0.540983606557356,0.6721311475409836
891,12,9,9,True,0.12737713838849485,0.21892852904876794,0.532258064516129,0.0491803278689128,0.0327868852458848,0.5081967213114712,0.6557377049180327
891,15,9,11,False,0.1481371357395621,0.2504595469298551,0.6774193548387096,0.0983606557376544,0.0491803278688272,0.7868852459015776,0.6721311475409836
891,13,5,8,True,0.12066428278380428,0.2011492752180487,0.5483870967741935,0.09523809523813076,0.04761904761918969,0.5238095238095949,0.5573770491803278
891,5,3,2,True,0.06503580663108671,0.11063722244175195,0.3064516129032258,0.01724137931051556,0.017241379310335515,0.41379310344841247,0.6065573770491803
891,15,8,7,True,0.09860074062092684,0.17092004704125266,0.532258064516129,0.03389830508481626,0.01694915254236388,0.4406779661016379,0.7213114754098361
891,12,6,9,False,0.13780190729085534,0.22884800409687017,0.5483870967741935,0.0491803278688272,0.0327868852458848,0.6393442622949248,0.6557377049180327
891,14,6,9,False,0.13552719301349742,0.23827944019019692,0.6129032258064516,0.056451612903197286,0.03225806451611273,0.580645161290366,0.639344262295082
891,12,6,10,True,0.12105450942408122,0.21547370964321058,0.5,0.07142857142853591,0.03174603174601596,0.5396825396826028,0.639344262295082
891,15,7,11,False,0.14837589944962212,0.26101190700780835,0.6129032258064516,0.05468750000013639,0.031249999999984703,0.6250000000000204,0.6557377049180327
891,12,7,9,False,0.13809013747669746,0.23809099120086155,0.5161290322580645,0.062499999999969406,0.031249999999984703,0.6406250000000128,0.6885245901639344
891,11,8,9,False,0.13936196330147113,0.22987070663699366,0.5483870967741935,0.04687500000014787,0.03124999999982664,0.6250000000001223,0.639344262295082
891,11,7,10,False,0.1379461895776896,0.2420056486510337,0.5,0.03846153846151992,0.03076923076921594,0.6000000000000322,0.639344262295082
891,12,9,11,False,0.16074538173221603,0.27521096986905785,0.5161290322580645,0.04615384615382391,0.015384615384768622,0.7538461538459512,0.6885245901639344
891,15,6,11,False,0.15442843349014604,0.26980375010227126,0.6612903225806451,0.06250000000012237,0.031249999999979603,0.6249999999999184,0.6557377049180327
891,12,6,10,False,0.13394222744773393,0.23221506405280876,0.532258064516129,0.05468749999990057,0.031249999999989803,0.5781250000003009,0.6557377049180327
891,10,9,9,True,0.12053536724667323,0.20738818670095358,0.5,0.031746031746192234,0.015873015873178995,0.5079365079367553,0.639344262295082
891,9,7,8,True,0.123188504284834,0.21075714434859916,0.41935483870967744,0.03968253968276858,0.015873015873173732,0.587301587301461,0.5245901639344263
891,11,6,8,False,0.13533406757161445,0.22663284815090903,0.4838709677419355,0.07258064516132563,0.032258064516444154,0.5967741935481534,0.639344262295082
891,11,6,10,False,0.1359078088576381,0.24106242987533766,0.46774193548387094,0.04615384615398456,0.03076923076921594,0.6000000000001928,0.6721311475409836
891,13,11,12,False,0.15842912569690148,0.2707479437468105,0.5967741935483871,0.06153846153843188,0.03076923076921594,0.6307692307690874,0.6065573770491803
891,12,7,11,False,0.16053477655874338,0.27302215405976565,0.5483870967741935,0.03906250000005609,0.015625000000152964,0.671875000000051,0.6557377049180327
891,11,9,9,False,0.13992624085020675,0.24487797777837242,0.46774193548387094,0.06249999999981644,0.031249999999989803,0.6874999999997756,0.6721311475409836
891,13,9,11,False,0.16436554066500839,0.2805799069160999,0.5806451612903226,0.030769230769537245,0.015384615384768622,0.6461538461538561,0.6065573770491803
891,9,7,9,False,0.12777189379512852,0.219574515018494,0.45161290322580644,0.07031249999989547,0.031249999999989803,0.5781249999999745,0.639344262295082
891,13,7,11,False,0.1551924701241739,0.27104252865654266,0.5483870967741935,0.0769230769228792,0.03076923076921594,0.6461538461538561,0.7540983606557377
891,7,4,6,True,0.11436795991753028,0.19502553610689194,0.3387096774193548,0.048387096774329376,0.03225806451577044,0.645161290322146,0.6557377049180327
891,14,4,8,False,0.14386695934896881,0.25640257686744394,0.5161290322580645,0.09523809523804788,0.04761904761918969,0.7301587301586986,0.7049180327868853
891,13,5,8,True,0.1148776670100104,0.19312937268619335,0.532258064516129,0.07258064516132563,0.04838709677399252,0.5967741935481534,0.6557377049180327
892,26,17,19,False,0.22746079482150283,0.39669446832675836,0.9032258064516129,0.3809523809523804,0.1428571428571447,0.6825396825396836,0.7049180327868853
892,27,17,20,False,0.2512330250831572,0.4498652947278435,0.967741935483871,0.4140624999999995,0.2031249999999863,0.7656250000000182,0.8032786885245902
892,26,14,21,False,0.2586256939818924,0.4576135882167744,0.9354838709677419,0.452380952380944,0.1904761904762033,0.9682539682539627,0.7868852459016393
892,25,12,17,False,0.22648795898969323,0.4011261259493329,0.8387096774193549,0.3671874999999936,0.1562499999999643,0.7968750000000179,0.7704918032786885
892,27,16,17,False,0.24406737968517603,0.42296681085759685,0.9516129032258065,0.43650793650792663,0.19047619047617864,0.7301587301586986,0.7540983606557377
892,25,14,16,False,0.22988259750133233,0.41104932183900955,0.9193548387096774,0.4193548387096937,0.1774193548387117,0.6935483870967898,0.7377049180327869
892,22,10,11,False,0.18316530328686692,0.31557785028993923,0.9354838709677419,0.2622950819671864,0.13114754098355044,0.7704918032787011,0.8032786885245902
892,24,9,14,False,0.20316595830693232,0.3369354432183245,0.9516129032258065,0.32075471698112185,0.15094339622634073,0.8113207547169755,0.6229508196721312
892,24,12,16,False,0.18732752769335487,0.3232618036143086,0.9032258064516129,0.31818181818185703,0.10909090909095225,0.6727272727271433,0.7213114754098361
892,30,21,17,False,0.22322105153264032,0.3990484921147863,0.9193548387096774,0.4181818181817146,0.16363636363628598,0.6727272727272382,0.7868852459016393
892,22,13,17,False,0.2095296234402652,0.35713457228724615,0.9032258064516129,0.2870370370370433,0.1481481481481732,1.1111111111110574,0.7540983606557377
892,23,15,16,False,0.1688094897525642,0.29720154255259174,0.9193548387096774,0.27777777777769186,0.11111111111115408,0.6296296296296153,0.7540983606557377
892,28,13,13,False,0.19628667264213376,0.3242392361546955,0.9516129032258065,0.3137254901960202,0.1568627450980613,0.7843137254902041,0.7377049180327869
892,22,11,11,False,0.16027451332691386,0.2663620292030017,0.7096774193548387,0.19607843137244865,0.09803921568612195,0.8431372549019387,0.7377049180327869
892,22,9,7,False,0.16011734664677632,0.2535688871981767,0.6774193548387096,0.2000000000001253,0.10000000000016708,0.7400000000001086,0.5737704918032787
892,22,12,13,False,0.16663377485924766,0.29186831687046366,0.9032258064516129,0.2358490566038312,0.1132075471697444,0.5849056603772098,0.7868852459016393
892,27,14,17,False,0.20389163259225604,0.3652823799952007,0.8870967741935484,0.3599999999999833,0.17999999999988722,0.8199999999999039,0.7377049180327869
892,26,12,8,False,0.20110145852907557,0.2930267629184357,0.8225806451612904,0.20588235294119453,0.11764705882327647,0.8823529411765187,0.639344262295082
892,25,14,16,False,0.20432433043118223,0.3607269277446907,0.8548387096774194,0.2818181818182647,0.1272727272728688,0.7999999999998861,0.7540983606557377
892,26,15,12,False,0.22670147667527446,0.37626815303184324,0.9193548387096774,0.3303571428571445,0.1607142857143823,0.8928571428570163,0.6885245901639344
892,18,4,10,False,0.1728837914739377,0.3072031811828573,0.6774193548387096,0.11666666666660576,0.06666666666663186,0.7833333333330984,0.8032786885245902
892,25,15,17,False,0.24900599172275298,0.4633217851023597,0.9193548387096774,0.4083333333333812,0.20000000000006962,0.8166666666667624,0.8688524590163934
892,19,3,9,False,0.13960657508483704,0.24161564559268042,0.8709677419354839,0.1935483870968774,0.08064516129063228,0.6451612903227002,0.7213114754098361
892,21,4,8,False,0.14176566100135268,0.24041411172653154,0.6774193548387096,0.10655737704931503,0.04918032786900681,0.6885245901640411,0.819672131147541
892,17,0,4,False,0.12814189278066007,0.2177625095766256,0.6935483870967742,0.1311475409835392,0.0491803278688272,0.7377049180325792,0.6065573770491803
892,18,0,7,True,0.12336708178558586,0.20945715641828072,0.7580645161290323,0.0967741935483545,0.048387096774345675,0.5967741935483545,0.7213114754098361
892,25,16,20,False,0.23726502337304928,0.41817868978048706,0.8870967741935484,0.46610169491527226,0.22033898305090746,0.7288135593221778,0.7868852459016393
892,28,15,22,False,0.25746070386429587,0.4684854687174164,0.9838709677419355,0.4833333333333391,0.23333333333325212,0.883333333333548,0.8524590163934426
892,31,18,22,False,0.25454135686110635,0.4497511857274905,0.9516129032258065,0.4999999999998288,0.2295081967211936,0.8032786885246912,0.819672131147541
892,27,12,18,False,0.25601422000751717,0.4496985665187197,0.9516129032258065,0.4583333333332608,0.2166666666667653,0.9499999999998434,0.7540983606557377
892,29,14,22,False,0.278080428353777,0.49995433561477026,0.9838709677419355,0.4545454545453107,0.19696969696979286,1.0303030303030207,0.8360655737704918
892,28,14,18,False,0.2335811479624505,0.40036713751198594,0.967741935483871,0.42499999999979116,0.19999999999951268,0.8000000000001393,0.7704918032786885
892,26,14,18,False,0.23504309413584432,0.4057414226479558,0.9354838709677419,0.4193548387093949,0.1935483870966438,0.7419354838708048,0.819672131147541
892,30,14,21,False,0.2592187361641628,0.4567237931139443,0.9516129032258065,0.4833333333333391,0.25000000000008704,0.8166666666669046,0.7704918032786885
892,19,4,12,False,0.15590218584860902,0.2622854761743889,0.7096774193548387,0.1885245901640944,0.0819672131148832,0.672131147541152,0.6885245901639344
892,29,11,23,False,0.26850431677641373,0.4780357792171749,0.967741935483871,0.46774193548405024,0.22580645161282717,0.9838709677421094,0.7868852459016393
892,29,18,18,False,0.25150700982711377,0.4412107174297808,0.9354838709677419,0.47457627118618867,0.22033898305090746,0.847457627118902,0.7377049180327869
892,24,11,21,False,0.2424780650199538,0.43821747046813925,0.967741935483871,0.4833333333333391,0.18333333333344357,0.7333333333334262,0.819672131147541
892,27,14,18,False,0.22932660877887912,0.3916859453790728,0.967741935483871,0.4344262295082304,0.1967213114753088,0.7049180327866944,0.7540983606557377
892,26,9,21,False,0.23337847654223942,0.4283175072299062,1.0,0.4754098360655008,0.21311475409808003,0.7377049180325792,0.819672131147541
892,23,13,16,False,0.20220475983793287,0.3628368292717439,0.8870967741935484,0.3135593220339973,0.15254237288145192,0.7627118644069056,0.7868852459016393
892,23,7,13,False,0.21404476615786666,0.35332956827369005,0.9032258064516129,0.33333333333315013,0.17543859649113164,0.8421052631581647,0.7049180327868853
892,22,8,12,False,0.1977430258471778,0.338209762867238,0.9354838709677419,0.2631578947366107,0.12280701754402035,0.7368421052633893,0.7213114754098361
892,28,11,16,False,0.22592182365714997,0.39554356072622987,1.0,0.4067796610172311,0.1525423728818599,0.7627118644068217,0.8032786885245902
893,6,0,10,False,0.21853959475022092,0.3569968607115033,0.8870967741935484,0.2704918032786838,0.14754098360655246,0.9344262295081932,0.7704918032786885
893,5,0,11,False,0.20582518999092445,0.35579316800752087,0.8225806451612904,0.2049180327868807,0.11475409836066346,0.9344262295081862,0.8032786885245902
893,8,0,9,False,0.25548739401986414,0.42874702284061383,0.7903225806451613,0.2096774193548574,0.09677419354838437,1.241935483870982,0.7540983606557377
893,2,0,13,False,0.17010598466223548,0.28248433457274685,0.8064516129032258,0.21093749999999872,0.10937499999998725,0.8281250000000026,0.819672131147541
893,7,0,14,False,0.2173546672571585,0.3723288180984722,0.8387096774193549,0.26190476190476686,0.12698412698415198,1.1428571428571606,0.8032786885245902
893,10,0,11,False,0.26196944698161034,0.45658539204252585,0.8225806451612904,0.24193548387097183,0.12903225806453514,0.967741935483803,0.8852459016393442
893,10,0,12,False,0.2529183438058888,0.43383203342423615,0.8064516129032258,0.2540983606556928,0.1311475409835392,1.0491803278688272,0.7540983606557377
893,9,0,12,False,0.26327192254944237,0.4520788954655391,0.7419354838709677,0.12096774193551715,0.0645161290322309,1.0322580645162838,0.8688524590163934
893,3,0,8,True,0.12213923248734336,0.2058189905406587,0.6774193548387096,0.09821428571423993,0.053571428571403595,0.6071428571427606,0.5245901639344263
893,3,0,6,False,0.1612924856358018,0.2584734301344823,0.8709677419354839,0.16071428571425742,0.08928571428567267,0.8035714285714269,0.5573770491803278
893,6,0,7,False,0.1979722024590892,0.3281714144622379,0.7580645161290323,0.1465517241379551,0.06896551724143829,0.9310344827586517,0.7540983606557377
893,4,0,10,False,0.19359463643575534,0.31604772288572663,0.8225806451612904,0.15517241379312363,0.06896551724143829,0.9137931034483147,0.7213114754098361
893,5,0,10,False,0.18710146964626043,0.31649850774175553,0.9032258064516129,0.20338983050841083,0.1016949152541833,0.8135593220339973,0.7213114754098361
893,10,0,13,False,0.19690753821377532,0.31663222514105616,0.8064516129032258,0.24576271186436477,0.11864406779654717,0.7796610169490925,0.6721311475409836
893,8,0,12,False,0.28532959814269293,0.4666837577197944,0.8064516129032258,0.28333333333344646,0.15000000000009572,1.8500000000000782,0.7868852459016393
893,9,0,11,False,0.26134667081131896,0.4281745354048218,0.8709677419354839,0.19117647058830078,0.10294117647054081,1.0735294117648255,0.639344262295082
893,5,0,14,False,0.24999304033413378,0.41826399488208205,0.8870967741935484,0.3928571428571322,0.1857142857141749,1.1428571428570575,0.7213114754098361
893,4,0,12,False,0.20533038483058588,0.3581404648150051,0.9193548387096774,0.23529411764710398,0.11764705882362878,0.9411764705882624,0.9016393442622951
893,4,0,9,False,0.19643684497544367,0.3390364121505785,0.7258064516129032,0.12499999999993881,0.06250000000013257,1.046874999999814,0.6229508196721312
893,9,0,9,False,0.23736345154511285,0.3950556948902937,0.6935483870967742,0.1119402985075662,0.059701492537285517,1.119402985074727,0.7213114754098361
893,10,0,10,False,0.26678100387422,0.4493884191439514,0.6774193548387096,0.1029411764706176,0.05882352941173761,1.0735294117648255,0.7377049180327869
893,5,0,5,False,0.1997532247709842,0.3300286804779611,0.7580645161290323,0.1470588235294208,0.07352941176467201,1.073529411764672,0.7049180327868853
893,13,0,13,False,0.2865741570951723,0.4764063752153616,0.7741935483870968,0.1515151515152378,0.0757575757575398,1.06060606060619,0.6557377049180327
893,12,0,12,False,0.2773963097312982,0.4618101186072611,0.6774193548387096,0.0833333333333597,0.045454545454358466,1.0757575757575277,0.639344262295082
893,13,0,11,False,0.27477405924771653,0.44278436670011445,0.8064516129032258,0.32575757575755176,0.15151515151510356,1.0,0.6065573770491803
893,8,0,13,False,0.24769930460625345,0.4301431004966794,0.7258064516129032,0.14179104477613103,0.07462686567145103,1.04477611940312,0.7868852459016393
893,10,0,12,False,0.2741120805711076,0.4619735196176016,0.6612903225806451,0.0820895522385338,0.04477611940280828,0.9701492537316689,0.639344262295082
893,13,0,13,False,0.2761242849791745,0.4620785777109989,0.7419354838709677,0.13846153846147172,0.06153846153843188,0.9692307692311054,0.7213114754098361
893,10,0,11,False,0.2567656080179179,0.43720874180674846,0.6451612903225806,0.11538461538464011,0.0769230769228792,1.0769230769228793,0.6557377049180327
893,14,0,11,False,0.31274107053726596,0.518655484318578,0.6290322580645161,0.059701492537285517,0.029850746268642758,1.4179104477609987,0.7049180327868853
893,12,0,12,False,0.27655299196600275,0.4696755185274009,0.7419354838709677,0.10769230769241644,0.06153846153843188,0.984615384615874,0.639344262295082
893,14,0,16,False,0.301524776049704,0.5181162349767033,0.8225806451612904,0.3076923076924807,0.20000000000006427,1.030769230769216,0.6721311475409836
893,8,0,11,False,0.21740796438248153,0.37396316503172855,0.7258064516129032,0.08064516129009983,0.04838709677399252,0.887096774193456,0.6229508196721312
893,12,0,12,False,0.2543097312117884,0.4292336684055616,0.7903225806451613,0.1384615384616324,0.06153846153843188,0.953846153846658,0.7704918032786885
893,14,0,13,False,0.2751525297079011,0.45742833774485103,0.7419354838709677,0.13281250000015807,0.07812500000011217,0.984374999999847,0.6885245901639344
893,10,0,10,False,0.24443775396736744,0.4119410681726587,0.5483870967741935,0.06249999999997961,0.031249999999989803,1.0468750000001479,0.7540983606557377
893,9,0,15,False,0.2619832640804672,0.45942967802524104,0.8064516129032258,0.21093750000017591,0.12499999999995921,0.9687500000003365,0.8032786885245902
893,10,0,10,False,0.2708002222145069,0.4492779371529954,0.8225806451612904,0.20000000000002985,0.1000000000000895,1.1142857142856462,0.7049180327868853
893,9,0,13,False,0.2699894707608634,0.4510178397957318,0.7741935483870968,0.2352941176469143,0.10294117647067857,1.250000000000307,0.7049180327868853
894,6,3,6,False,0.12993107042796928,0.20855066183964843,0.4032258064516129,0.11111111111111013,0.04166666666666931,0.8194444444444405,0.5409836065573771
894,2,1,2,True,0.08326653311364131,0.1317700948760272,0.1935483870967742,0.05479452054793761,0.027397260273959865,0.6849315068493185,0.5409836065573771
894,5,4,5,True,0.11709536132290978,0.19444093584401892,0.2903225806451613,0.057142857142848086,0.02857142857141472,0.8285714285714371,0.5737704918032787
894,3,2,2,True,0.07262831303607623,0.09943612352936833,0.3225806451612903,0.0733333333333324,0.040000000000015315,0.4266666666666676,0.5409836065573771
894,5,3,5,True,0.11966565063277741,0.18931103827777304,0.4838709677419355,0.07692307692310782,0.038461538461520436,0.7948717948717571,0.5409836065573771
894,3,2,3,True,0.09542613047277496,0.15161783990688218,0.25806451612903225,0.06756756756756947,0.027027027027084236,0.770270270270172,0.47540983606557374
894,1,1,1,True,0.08380479029252416,0.10251314696063736,0.1774193548387097,0.0855263157894669,0.026315789473740255,0.6447368421052966,0.47540983606557374
894,1,0,1,True,0.0641168077476135,0.10211185885886855,0.08064516129032258,0.03424657534241284,0.013698630136979443,0.6438356164383915,0.4918032786885246
894,4,0,3,False,0.1329114773191292,0.21098140588673608,0.25806451612903225,0.07432432432435818,0.04054054054052052,0.7837837837837495,0.4262295081967213
894,3,1,3,True,0.11053964070682401,0.18580671887779013,0.1935483870967742,0.040540540540523376,0.01351351351357835,0.8648648648649221,0.4918032786885246
894,2,1,2,True,0.08426275332301994,0.13821268690164504,0.0967741935483871,0.04109589041094127,0.027397260273817798,0.8356164383562349,0.5245901639344263
894,5,3,5,True,0.11588408083502992,0.18622403513062816,0.2903225806451613,0.07042253521137325,0.04225352112673571,0.6760563380282125,0.5737704918032787
894,5,3,4,True,0.09474105511752019,0.15340027517237909,0.27419354838709675,0.056338028168989224,0.028169014084494612,0.676056338028312,0.5573770491803278
894,3,2,3,True,0.09222802730261356,0.15035212516443094,0.16129032258064516,0.04929577464793911,0.028169014084494612,0.816901408450638,0.45901639344262296
894,3,1,2,True,0.12512593751709253,0.19768226269323444,0.22580645161290322,0.09848484848480174,0.045454545454523876,0.969696969696984,0.5573770491803278
894,1,0,1,True,0.06275531198621145,0.09296025271841665,0.08064516129032258,0.039062499999980876,0.015624999999992352,0.5781250000000433,0.5081967213114754
894,4,2,4,False,0.12850669332925363,0.21564407007354838,0.20967741935483872,0.04225352112674192,0.028169014084494612,0.8450704225352796,0.5901639344262295
894,1,0,1,True,0.07982283833989352,0.1341814040117855,0.11290322580645161,0.04285714285711728,0.014285714285854938,0.8571428571427933,0.5409836065573771
894,3,0,3,True,0.10181705945047424,0.17289881080361882,0.1935483870967742,0.027777777777838207,0.013888888888882846,0.7499999999999637,0.6065573770491803
894,4,3,4,True,0.1043531218372065,0.14912548553009725,0.22580645161290322,0.10447761194032759,0.059701492537285517,0.641791044776131,0.639344262295082
894,5,3,4,True,0.12439121521142556,0.2104233502052897,0.24193548387096775,0.07246376811590913,0.04347826086939414,0.7536231884059089,0.5245901639344263
894,1,0,1,True,0.08053544692614449,0.12585415573342076,0.08064516129032258,0.04687500000014787,0.031249999999989803,0.7812500000000714,0.639344262295082
894,3,1,3,True,0.10757634066734204,0.18015656068174132,0.16129032258064516,0.04545454545451669,0.015151515151663781,0.8030303030305859,0.45901639344262296
894,3,3,1,True,0.0723883633280301,0.08156336788895503,0.1935483870967742,0.08823529411777352,0.029411764705873318,0.3823529411766603,0.5573770491803278
894,7,7,5,True,0.09868597202048611,0.1664570446671536,0.24193548387096775,0.031746031746026485,0.01587301587284749,0.6984126984129142,0.5573770491803278
894,5,4,3,True,0.0900191971064768,0.14854350683052264,0.1774193548387097,0.04838709677417725,0.01612903225822751,0.5806451612904638,0.5245901639344263
894,2,0,2,True,0.054782984086678296,0.08869836315758131,0.12903225806451613,0.024193548387164688,0.01612903225788522,0.4193548387093949,0.639344262295082
894,5,4,4,False,0.1540479365372342,0.24127224330605324,0.25806451612903225,0.03968253968276858,0.015873015873173732,1.1111111111112215,0.639344262295082
894,6,5,4,True,0.08873561558581987,0.13561319313912842,0.27419354838709675,0.05714285714282304,0.02857142857141152,0.5142857142860041,0.5901639344262295
894,5,4,4,True,0.1166076087967713,0.19172075083314227,0.24193548387096775,0.07352941176499043,0.02941176470618045,0.7500000000002304,0.639344262295082
894,4,4,4,True,0.07938283723610255,0.11560491946691473,0.22580645161290322,0.06349206349203192,0.03174603174601596,0.49206349206341315,0.5737704918032787
894,3,1,3,True,0.10308349788435947,0.16101332166332216,0.3064516129032258,0.07352941176483686,0.044117647058656416,0.6176470588236469,0.639344262295082
894,5,4,3,True,0.10520924835873362,0.17635679208046948,0.25806451612903225,0.03623188405803023,0.014492753623333165,0.7391304347830299,0.6229508196721312
894,5,2,5,False,0.12755681004408245,0.22791928800081215,0.1935483870967742,0.06060606060586403,0.030303030303011125,0.9090909090906502,0.5573770491803278
894,3,1,3,True,0.07810573975546092,0.1282274875448117,0.1774193548387097,0.03278688524622718,0.01639344262311359,0.557377049180384,0.5245901639344263
894,2,0,2,True,0.09757527082701963,0.1583935928072078,0.14516129032258066,0.07692307692320051,0.03076923076921594,0.8000000000002571,0.6065573770491803
